 2.00000000e-11 -9.71071875e-07  2.00000000e-11 -5.50089078e-07 
 4.00000000e-11 -9.71102894e-07  4.00000000e-11 -5.50029519e-07 
 8.00000000e-11 -9.71071862e-07  8.00000000e-11 -5.50089113e-07 
 1.60000000e-10 -9.71071817e-07  1.60000000e-10 -5.50089198e-07 
 3.20000000e-10 -9.71071781e-07  3.20000000e-10 -5.50089267e-07 
 6.40000000e-10 -9.71071781e-07  6.40000000e-10 -5.50089267e-07 
 1.28000000e-09 -9.71071781e-07  1.28000000e-09 -5.50089267e-07 
 2.00000000e-09 -9.71071781e-07  2.00000000e-09 -5.50089267e-07 
 2.12800000e-09 -9.71071781e-07  2.12800000e-09 -5.50089267e-07 
 2.38400000e-09 -9.71071781e-07  2.38400000e-09 -5.50089267e-07 
 2.89600000e-09 -9.71071781e-07  2.89600000e-09 -5.50089267e-07 
 3.92000000e-09 -9.71071781e-07  3.92000000e-09 -5.50089267e-07 
 5.92000000e-09 -9.71071781e-07  5.92000000e-09 -5.50089267e-07 
 7.92000000e-09 -9.71071781e-07  7.92000000e-09 -5.50089267e-07 
 9.92000000e-09 -9.71071781e-07  9.92000000e-09 -5.50089267e-07 
 1.19200000e-08 -9.71071781e-07  1.19200000e-08 -5.50089267e-07 
 1.39200000e-08 -9.71071781e-07  1.39200000e-08 -5.50089267e-07 
 1.59200000e-08 -9.71071781e-07  1.59200000e-08 -5.50089267e-07 
 1.79200000e-08 -9.71071781e-07  1.79200000e-08 -5.50089267e-07 
 1.99200000e-08 -9.71071781e-07  1.99200000e-08 -5.50089267e-07 
 2.19200000e-08 -9.71071781e-07  2.19200000e-08 -5.50089267e-07 
 2.39200000e-08 -9.71071781e-07  2.39200000e-08 -5.50089267e-07 
 2.59200000e-08 -9.71071781e-07  2.59200000e-08 -5.50089267e-07 
 2.79200000e-08 -9.71071781e-07  2.79200000e-08 -5.50089267e-07 
 2.99200000e-08 -9.71071781e-07  2.99200000e-08 -5.50089267e-07 
 3.19200000e-08 -9.71071781e-07  3.19200000e-08 -5.50089267e-07 
 3.39200000e-08 -9.71071781e-07  3.39200000e-08 -5.50089267e-07 
 3.59200000e-08 -9.71071781e-07  3.59200000e-08 -5.50089267e-07 
 3.79200000e-08 -9.71071781e-07  3.79200000e-08 -5.50089267e-07 
 3.99200000e-08 -9.71071781e-07  3.99200000e-08 -5.50089267e-07 
 4.19200000e-08 -9.71071781e-07  4.19200000e-08 -5.50089267e-07 
 4.39200000e-08 -9.71071781e-07  4.39200000e-08 -5.50089267e-07 
 4.59200000e-08 -9.71071781e-07  4.59200000e-08 -5.50089267e-07 
 4.69600000e-08 -9.71071781e-07  4.69600000e-08 -5.50089267e-07 
 4.80000000e-08 -9.71071781e-07  4.80000000e-08 -5.50089267e-07 
 4.82000000e-08 -9.60161291e-07  4.82000000e-08 -5.59342735e-07 
 4.86000000e-08 -9.37850316e-07  4.86000000e-08 -5.78840792e-07 
 4.93000000e-08 -8.98156813e-07  4.93000000e-08 -6.14319538e-07 
 5.00000000e-08 -8.57790716e-07  5.00000000e-08 -6.51258377e-07 
 5.01400000e-08 -8.57796800e-07  5.01400000e-08 -6.51243152e-07 
 5.04200000e-08 -8.57786688e-07  5.04200000e-08 -6.51266194e-07 
 5.09800000e-08 -8.57786686e-07  5.09800000e-08 -6.51266197e-07 
 5.21000000e-08 -8.57786682e-07  5.21000000e-08 -6.51266205e-07 
 5.41000000e-08 -8.57786682e-07  5.41000000e-08 -6.51266205e-07 
 5.61000000e-08 -8.57786682e-07  5.61000000e-08 -6.51266205e-07 
 5.81000000e-08 -8.57786682e-07  5.81000000e-08 -6.51266205e-07 
 6.01000000e-08 -8.57786682e-07  6.01000000e-08 -6.51266205e-07 
 6.21000000e-08 -8.57786682e-07  6.21000000e-08 -6.51266205e-07 
 6.41000000e-08 -8.57786682e-07  6.41000000e-08 -6.51266205e-07 
 6.61000000e-08 -8.57786682e-07  6.61000000e-08 -6.51266205e-07 
 6.81000000e-08 -8.57786682e-07  6.81000000e-08 -6.51266205e-07 
 7.01000000e-08 -8.57786682e-07  7.01000000e-08 -6.51266205e-07 
 7.21000000e-08 -8.57786682e-07  7.21000000e-08 -6.51266205e-07 
 7.41000000e-08 -8.57786682e-07  7.41000000e-08 -6.51266205e-07 
 7.61000000e-08 -8.57786682e-07  7.61000000e-08 -6.51266205e-07 
 7.81000000e-08 -8.57786682e-07  7.81000000e-08 -6.51266205e-07 
 8.01000000e-08 -8.57786682e-07  8.01000000e-08 -6.51266205e-07 
 8.21000000e-08 -8.57786682e-07  8.21000000e-08 -6.51266205e-07 
 8.41000000e-08 -8.57786682e-07  8.41000000e-08 -6.51266205e-07 
 8.61000000e-08 -8.57786682e-07  8.61000000e-08 -6.51266205e-07 
 8.81000000e-08 -8.57786682e-07  8.81000000e-08 -6.51266205e-07 
 9.01000000e-08 -8.57786682e-07  9.01000000e-08 -6.51266205e-07 
 9.21000000e-08 -8.57786682e-07  9.21000000e-08 -6.51266205e-07 
 9.41000000e-08 -8.57786682e-07  9.41000000e-08 -6.51266205e-07 
 9.61000000e-08 -8.57786682e-07  9.61000000e-08 -6.51266205e-07 
 9.80000000e-08 -8.57786682e-07  9.80000000e-08 -6.51266205e-07 
 9.82000000e-08 -8.46179933e-07  9.82000000e-08 -6.61987207e-07 
 9.86000000e-08 -8.22816205e-07  9.86000000e-08 -6.83787743e-07 
 9.93000000e-08 -7.93307811e-07  9.93000000e-08 -7.10914970e-07 
 1.00000000e-07 -7.80705275e-07  1.00000000e-07 -7.21577168e-07 
 1.00140000e-07 -7.80634218e-07  1.00140000e-07 -7.21640416e-07 
 1.00420000e-07 -7.80736763e-07  1.00420000e-07 -7.21545697e-07 
 1.00980000e-07 -7.80736948e-07  1.00980000e-07 -7.21545514e-07 
 1.02100000e-07 -7.80737351e-07  1.02100000e-07 -7.21545112e-07 
 1.04100000e-07 -7.80737351e-07  1.04100000e-07 -7.21545112e-07 
 1.06100000e-07 -7.80737351e-07  1.06100000e-07 -7.21545112e-07 
 1.08100000e-07 -7.80737351e-07  1.08100000e-07 -7.21545112e-07 
 1.10100000e-07 -7.80737351e-07  1.10100000e-07 -7.21545112e-07 
 1.12100000e-07 -7.80737351e-07  1.12100000e-07 -7.21545112e-07 
 1.14100000e-07 -7.80737351e-07  1.14100000e-07 -7.21545112e-07 
 1.16100000e-07 -7.80737351e-07  1.16100000e-07 -7.21545112e-07 
 1.18100000e-07 -7.80737351e-07  1.18100000e-07 -7.21545112e-07 
 1.20100000e-07 -7.80737351e-07  1.20100000e-07 -7.21545112e-07 
 1.22100000e-07 -7.80737351e-07  1.22100000e-07 -7.21545112e-07 
 1.24100000e-07 -7.80737351e-07  1.24100000e-07 -7.21545112e-07 
 1.26100000e-07 -7.80737351e-07  1.26100000e-07 -7.21545112e-07 
 1.28100000e-07 -7.80737351e-07  1.28100000e-07 -7.21545112e-07 
 1.30100000e-07 -7.80737351e-07  1.30100000e-07 -7.21545112e-07 
 1.32100000e-07 -7.80737351e-07  1.32100000e-07 -7.21545112e-07 
 1.34100000e-07 -7.80737351e-07  1.34100000e-07 -7.21545112e-07 
 1.36100000e-07 -7.80737351e-07  1.36100000e-07 -7.21545112e-07 
 1.38100000e-07 -7.80737351e-07  1.38100000e-07 -7.21545112e-07 
 1.40100000e-07 -7.80737351e-07  1.40100000e-07 -7.21545112e-07 
 1.42100000e-07 -7.80737351e-07  1.42100000e-07 -7.21545112e-07 
 1.44100000e-07 -7.80737351e-07  1.44100000e-07 -7.21545112e-07 
 1.46100000e-07 -7.80737351e-07  1.46100000e-07 -7.21545112e-07 
 1.48000000e-07 -7.80737351e-07  1.48000000e-07 -7.21545112e-07 
 1.48200000e-07 -7.77909946e-07  1.48200000e-07 -7.23874551e-07 
 1.48600000e-07 -7.73360958e-07  1.48600000e-07 -7.27561736e-07 
 1.49300000e-07 -7.66668354e-07  1.49300000e-07 -7.32986123e-07 
 1.50000000e-07 -7.61185756e-07  1.50000000e-07 -7.37516139e-07 
 1.50140000e-07 -7.61180344e-07  1.50140000e-07 -7.37515855e-07 
 1.50420000e-07 -7.61197368e-07  1.50420000e-07 -7.37504831e-07 
 1.50980000e-07 -7.61197366e-07  1.50980000e-07 -7.37504833e-07 
 1.52100000e-07 -7.61197377e-07  1.52100000e-07 -7.37504823e-07 
 1.54100000e-07 -7.61197377e-07  1.54100000e-07 -7.37504823e-07 
 1.56100000e-07 -7.61197377e-07  1.56100000e-07 -7.37504823e-07 
 1.58100000e-07 -7.61197377e-07  1.58100000e-07 -7.37504823e-07 
 1.60100000e-07 -7.61197377e-07  1.60100000e-07 -7.37504823e-07 
 1.62100000e-07 -7.61197377e-07  1.62100000e-07 -7.37504823e-07 
 1.64100000e-07 -7.61197377e-07  1.64100000e-07 -7.37504823e-07 
 1.66100000e-07 -7.61197377e-07  1.66100000e-07 -7.37504823e-07 
 1.68100000e-07 -7.61197377e-07  1.68100000e-07 -7.37504823e-07 
 1.70100000e-07 -7.61197377e-07  1.70100000e-07 -7.37504823e-07 
 1.72100000e-07 -7.61197377e-07  1.72100000e-07 -7.37504823e-07 
 1.74100000e-07 -7.61197377e-07  1.74100000e-07 -7.37504823e-07 
 1.76100000e-07 -7.61197377e-07  1.76100000e-07 -7.37504823e-07 
 1.78100000e-07 -7.61197377e-07  1.78100000e-07 -7.37504823e-07 
 1.80100000e-07 -7.61197377e-07  1.80100000e-07 -7.37504823e-07 
 1.82100000e-07 -7.61197377e-07  1.82100000e-07 -7.37504823e-07 
 1.84100000e-07 -7.61197377e-07  1.84100000e-07 -7.37504823e-07 
 1.86100000e-07 -7.61197377e-07  1.86100000e-07 -7.37504823e-07 
 1.88100000e-07 -7.61197377e-07  1.88100000e-07 -7.37504823e-07 
 1.90100000e-07 -7.61197377e-07  1.90100000e-07 -7.37504823e-07 
 1.92100000e-07 -7.61197377e-07  1.92100000e-07 -7.37504823e-07 
 1.94100000e-07 -7.61197377e-07  1.94100000e-07 -7.37504823e-07 
 1.96100000e-07 -7.61197377e-07  1.96100000e-07 -7.37504823e-07 
 1.98000000e-07 -7.61197377e-07  1.98000000e-07 -7.37504823e-07 
 1.98200000e-07 -7.59753757e-07  1.98200000e-07 -7.38719328e-07 
 1.98600000e-07 -7.57105331e-07  1.98600000e-07 -7.41016414e-07 
 1.99300000e-07 -7.52792338e-07  1.99300000e-07 -7.44915733e-07 
 2.00000000e-07 -7.48784650e-07  2.00000000e-07 -7.48786314e-07 
 2.00140000e-07 -7.48781939e-07  2.00140000e-07 -7.48783736e-07 
 2.00420000e-07 -7.48785577e-07  2.00420000e-07 -7.48785577e-07 
 2.00980000e-07 -7.48785577e-07  2.00980000e-07 -7.48785577e-07 
 2.02100000e-07 -7.48785577e-07  2.02100000e-07 -7.48785577e-07 
 2.04100000e-07 -7.48785577e-07  2.04100000e-07 -7.48785577e-07 
 2.06100000e-07 -7.48785577e-07  2.06100000e-07 -7.48785577e-07 
 2.08100000e-07 -7.48785577e-07  2.08100000e-07 -7.48785577e-07 
 2.10100000e-07 -7.48785577e-07  2.10100000e-07 -7.48785577e-07 
 2.12100000e-07 -7.48785577e-07  2.12100000e-07 -7.48785577e-07 
 2.14100000e-07 -7.48785577e-07  2.14100000e-07 -7.48785577e-07 
 2.16100000e-07 -7.48785577e-07  2.16100000e-07 -7.48785577e-07 
 2.18100000e-07 -7.48785577e-07  2.18100000e-07 -7.48785577e-07 
 2.20100000e-07 -7.48785577e-07  2.20100000e-07 -7.48785577e-07 
 2.22100000e-07 -7.48785577e-07  2.22100000e-07 -7.48785577e-07 
 2.24100000e-07 -7.48785577e-07  2.24100000e-07 -7.48785577e-07 
 2.26100000e-07 -7.48785577e-07  2.26100000e-07 -7.48785577e-07 
 2.28100000e-07 -7.48785577e-07  2.28100000e-07 -7.48785577e-07 
 2.30100000e-07 -7.48785577e-07  2.30100000e-07 -7.48785577e-07 
 2.32100000e-07 -7.48785577e-07  2.32100000e-07 -7.48785577e-07 
 2.34100000e-07 -7.48785577e-07  2.34100000e-07 -7.48785577e-07 
 2.36100000e-07 -7.48785577e-07  2.36100000e-07 -7.48785577e-07 
 2.38100000e-07 -7.48785577e-07  2.38100000e-07 -7.48785577e-07 
 2.40100000e-07 -7.48785577e-07  2.40100000e-07 -7.48785577e-07 
 2.42100000e-07 -7.48785577e-07  2.42100000e-07 -7.48785577e-07 
 2.44100000e-07 -7.48785577e-07  2.44100000e-07 -7.48785577e-07 
 2.46100000e-07 -7.48785577e-07  2.46100000e-07 -7.48785577e-07 
 2.48000000e-07 -7.48785577e-07  2.48000000e-07 -7.48785577e-07 
 2.48200000e-07 -7.47667707e-07  2.48200000e-07 -7.49903448e-07 
 2.48600000e-07 -7.45465527e-07  2.48600000e-07 -7.52206230e-07 
 2.49300000e-07 -7.41582095e-07  2.49300000e-07 -7.56463327e-07 
 2.50000000e-07 -7.37507436e-07  2.50000000e-07 -7.61194549e-07 
 2.50140000e-07 -7.37512068e-07  2.50140000e-07 -7.61184304e-07 
 2.50420000e-07 -7.37504834e-07  2.50420000e-07 -7.61197365e-07 
 2.50980000e-07 -7.37504830e-07  2.50980000e-07 -7.61197370e-07 
 2.52100000e-07 -7.37504823e-07  2.52100000e-07 -7.61197377e-07 
 2.54100000e-07 -7.37504823e-07  2.54100000e-07 -7.61197377e-07 
 2.56100000e-07 -7.37504823e-07  2.56100000e-07 -7.61197377e-07 
 2.58100000e-07 -7.37504823e-07  2.58100000e-07 -7.61197377e-07 
 2.60100000e-07 -7.37504823e-07  2.60100000e-07 -7.61197377e-07 
 2.62100000e-07 -7.37504823e-07  2.62100000e-07 -7.61197377e-07 
 2.64100000e-07 -7.37504823e-07  2.64100000e-07 -7.61197377e-07 
 2.66100000e-07 -7.37504823e-07  2.66100000e-07 -7.61197377e-07 
 2.68100000e-07 -7.37504823e-07  2.68100000e-07 -7.61197377e-07 
 2.70100000e-07 -7.37504823e-07  2.70100000e-07 -7.61197377e-07 
 2.72100000e-07 -7.37504823e-07  2.72100000e-07 -7.61197377e-07 
 2.74100000e-07 -7.37504823e-07  2.74100000e-07 -7.61197377e-07 
 2.76100000e-07 -7.37504823e-07  2.76100000e-07 -7.61197377e-07 
 2.78100000e-07 -7.37504823e-07  2.78100000e-07 -7.61197377e-07 
 2.80100000e-07 -7.37504823e-07  2.80100000e-07 -7.61197377e-07 
 2.82100000e-07 -7.37504823e-07  2.82100000e-07 -7.61197377e-07 
 2.84100000e-07 -7.37504823e-07  2.84100000e-07 -7.61197377e-07 
 2.86100000e-07 -7.37504823e-07  2.86100000e-07 -7.61197377e-07 
 2.88100000e-07 -7.37504823e-07  2.88100000e-07 -7.61197377e-07 
 2.90100000e-07 -7.37504823e-07  2.90100000e-07 -7.61197377e-07 
 2.92100000e-07 -7.37504823e-07  2.92100000e-07 -7.61197377e-07 
 2.94100000e-07 -7.37504823e-07  2.94100000e-07 -7.61197377e-07 
 2.96100000e-07 -7.37504823e-07  2.96100000e-07 -7.61197377e-07 
 2.98000000e-07 -7.37504823e-07  2.98000000e-07 -7.61197377e-07 
 2.98200000e-07 -7.36290318e-07  2.98200000e-07 -7.62640997e-07 
 2.98600000e-07 -7.33663044e-07  2.98600000e-07 -7.65836749e-07 
 2.99300000e-07 -7.28413804e-07  2.99300000e-07 -7.72307334e-07 
 3.00000000e-07 -7.21586584e-07  3.00000000e-07 -7.80695443e-07 
 3.00140000e-07 -7.21597402e-07  3.00140000e-07 -7.80677741e-07 
 3.00420000e-07 -7.21545214e-07  3.00420000e-07 -7.80737247e-07 
 3.00980000e-07 -7.21545259e-07  3.00980000e-07 -7.80737203e-07 
 3.02100000e-07 -7.21545112e-07  3.02100000e-07 -7.80737351e-07 
 3.04100000e-07 -7.21545112e-07  3.04100000e-07 -7.80737351e-07 
 3.06100000e-07 -7.21545112e-07  3.06100000e-07 -7.80737351e-07 
 3.08100000e-07 -7.21545112e-07  3.08100000e-07 -7.80737351e-07 
 3.10100000e-07 -7.21545112e-07  3.10100000e-07 -7.80737351e-07 
 3.12100000e-07 -7.21545112e-07  3.12100000e-07 -7.80737351e-07 
 3.14100000e-07 -7.21545112e-07  3.14100000e-07 -7.80737351e-07 
 3.16100000e-07 -7.21545112e-07  3.16100000e-07 -7.80737351e-07 
 3.18100000e-07 -7.21545112e-07  3.18100000e-07 -7.80737351e-07 
 3.20100000e-07 -7.21545112e-07  3.20100000e-07 -7.80737351e-07 
 3.22100000e-07 -7.21545112e-07  3.22100000e-07 -7.80737351e-07 
 3.24100000e-07 -7.21545112e-07  3.24100000e-07 -7.80737351e-07 
 3.26100000e-07 -7.21545112e-07  3.26100000e-07 -7.80737351e-07 
 3.28100000e-07 -7.21545112e-07  3.28100000e-07 -7.80737351e-07 
 3.30100000e-07 -7.21545112e-07  3.30100000e-07 -7.80737351e-07 
 3.32100000e-07 -7.21545112e-07  3.32100000e-07 -7.80737351e-07 
 3.34100000e-07 -7.21545112e-07  3.34100000e-07 -7.80737351e-07 
 3.36100000e-07 -7.21545112e-07  3.36100000e-07 -7.80737351e-07 
 3.38100000e-07 -7.21545112e-07  3.38100000e-07 -7.80737351e-07 
 3.40100000e-07 -7.21545112e-07  3.40100000e-07 -7.80737351e-07 
 3.42100000e-07 -7.21545112e-07  3.42100000e-07 -7.80737351e-07 
 3.44100000e-07 -7.21545112e-07  3.44100000e-07 -7.80737351e-07 
 3.46100000e-07 -7.21545112e-07  3.46100000e-07 -7.80737351e-07 
 3.48000000e-07 -7.21545112e-07  3.48000000e-07 -7.80737351e-07 
 3.48200000e-07 -7.19215673e-07  3.48200000e-07 -7.83564756e-07 
 3.48600000e-07 -7.12888394e-07  3.48600000e-07 -7.91031923e-07 
 3.49300000e-07 -6.89272401e-07  3.49300000e-07 -8.16961566e-07 
 3.50000000e-07 -6.51263527e-07  3.50000000e-07 -8.57788026e-07 
 3.50140000e-07 -6.51246589e-07  3.50140000e-07 -8.57794914e-07 
 3.50420000e-07 -6.51266194e-07  3.50420000e-07 -8.57786688e-07 
 3.50980000e-07 -6.51266199e-07  3.50980000e-07 -8.57786685e-07 
 3.52100000e-07 -6.51266205e-07  3.52100000e-07 -8.57786682e-07 
 3.54100000e-07 -6.51266205e-07  3.54100000e-07 -8.57786682e-07 
 3.56100000e-07 -6.51266205e-07  3.56100000e-07 -8.57786682e-07 
 3.58100000e-07 -6.51266205e-07  3.58100000e-07 -8.57786682e-07 
 3.60100000e-07 -6.51266205e-07  3.60100000e-07 -8.57786682e-07 
 3.62100000e-07 -6.51266205e-07  3.62100000e-07 -8.57786682e-07 
 3.64100000e-07 -6.51266205e-07  3.64100000e-07 -8.57786682e-07 
 3.66100000e-07 -6.51266205e-07  3.66100000e-07 -8.57786682e-07 
 3.68100000e-07 -6.51266205e-07  3.68100000e-07 -8.57786682e-07 
 3.70100000e-07 -6.51266205e-07  3.70100000e-07 -8.57786682e-07 
 3.72100000e-07 -6.51266205e-07  3.72100000e-07 -8.57786682e-07 
 3.74100000e-07 -6.51266205e-07  3.74100000e-07 -8.57786682e-07 
 3.76100000e-07 -6.51266205e-07  3.76100000e-07 -8.57786682e-07 
 3.78100000e-07 -6.51266205e-07  3.78100000e-07 -8.57786682e-07 
 3.80100000e-07 -6.51266205e-07  3.80100000e-07 -8.57786682e-07 
 3.82100000e-07 -6.51266205e-07  3.82100000e-07 -8.57786682e-07 
 3.84100000e-07 -6.51266205e-07  3.84100000e-07 -8.57786682e-07 
 3.86100000e-07 -6.51266205e-07  3.86100000e-07 -8.57786682e-07 
 3.88100000e-07 -6.51266205e-07  3.88100000e-07 -8.57786682e-07 
 3.90100000e-07 -6.51266205e-07  3.90100000e-07 -8.57786682e-07 
 3.92100000e-07 -6.51266205e-07  3.92100000e-07 -8.57786682e-07 
 3.94100000e-07 -6.51266205e-07  3.94100000e-07 -8.57786682e-07 
 3.96100000e-07 -6.51266205e-07  3.96100000e-07 -8.57786682e-07 
 3.98000000e-07 -6.51266205e-07  3.98000000e-07 -8.57786682e-07 
 3.98200000e-07 -6.40545202e-07  3.98200000e-07 -8.69393431e-07 
 3.98600000e-07 -6.19525107e-07  3.98600000e-07 -8.92421840e-07 
 3.99300000e-07 -5.83798677e-07  3.99300000e-07 -9.32232339e-07 
 4.00000000e-07 -5.50069121e-07  4.00000000e-07 -9.71082281e-07 
 4.00140000e-07 -5.50035148e-07  4.00140000e-07 -9.71098541e-07 
 4.00420000e-07 -5.50089192e-07  4.00420000e-07 -9.71071820e-07 
 4.00980000e-07 -5.50089209e-07  4.00980000e-07 -9.71071811e-07 
 4.02100000e-07 -5.50089267e-07  4.02100000e-07 -9.71071781e-07 
 4.04100000e-07 -5.50089267e-07  4.04100000e-07 -9.71071781e-07 
 4.06100000e-07 -5.50089267e-07  4.06100000e-07 -9.71071781e-07 
 4.08100000e-07 -5.50089267e-07  4.08100000e-07 -9.71071781e-07 
 4.10100000e-07 -5.50089267e-07  4.10100000e-07 -9.71071781e-07 
 4.12100000e-07 -5.50089267e-07  4.12100000e-07 -9.71071781e-07 
 4.14100000e-07 -5.50089267e-07  4.14100000e-07 -9.71071781e-07 
 4.16100000e-07 -5.50089267e-07  4.16100000e-07 -9.71071781e-07 
 4.18100000e-07 -5.50089267e-07  4.18100000e-07 -9.71071781e-07 
 4.20100000e-07 -5.50089267e-07  4.20100000e-07 -9.71071781e-07 
 4.22100000e-07 -5.50089267e-07  4.22100000e-07 -9.71071781e-07 
 4.24100000e-07 -5.50089267e-07  4.24100000e-07 -9.71071781e-07 
 4.26100000e-07 -5.50089267e-07  4.26100000e-07 -9.71071781e-07 
 4.28100000e-07 -5.50089267e-07  4.28100000e-07 -9.71071781e-07 
 4.30100000e-07 -5.50089267e-07  4.30100000e-07 -9.71071781e-07 
 4.32100000e-07 -5.50089267e-07  4.32100000e-07 -9.71071781e-07 
 4.34100000e-07 -5.50089267e-07  4.34100000e-07 -9.71071781e-07 
 4.36100000e-07 -5.50089267e-07  4.36100000e-07 -9.71071781e-07 
 4.38100000e-07 -5.50089267e-07  4.38100000e-07 -9.71071781e-07 
 4.40100000e-07 -5.50089267e-07  4.40100000e-07 -9.71071781e-07 
 4.42100000e-07 -5.50089267e-07  4.42100000e-07 -9.71071781e-07 
 4.44100000e-07 -5.50089267e-07  4.44100000e-07 -9.71071781e-07 
 4.46100000e-07 -5.50089267e-07  4.46100000e-07 -9.71071781e-07 
 4.48000000e-07 -5.50089267e-07  4.48000000e-07 -9.71071781e-07 
 4.48200000e-07 -6.40815616e-07  4.48200000e-07 -8.80301795e-07 
 4.48600000e-07 -7.47130762e-07  4.48600000e-07 -7.84191527e-07 
 4.49300000e-07 -7.94306358e-07  4.49300000e-07 -7.71631190e-07 
 4.50000000e-07 -9.62789786e-07  4.50000000e-07 -6.60619121e-07 
 4.50140000e-07 -9.62745232e-07  4.50140000e-07 -6.60702107e-07 
 4.50420000e-07 -9.62729376e-07  4.50420000e-07 -6.60731451e-07 
 4.50980000e-07 -9.62729335e-07  4.50980000e-07 -6.60731530e-07 
 4.52100000e-07 -9.62729326e-07  4.52100000e-07 -6.60731548e-07 
 4.54100000e-07 -9.62729326e-07  4.54100000e-07 -6.60731548e-07 
 4.56100000e-07 -9.62729326e-07  4.56100000e-07 -6.60731548e-07 
 4.58100000e-07 -9.62729326e-07  4.58100000e-07 -6.60731548e-07 
 4.60100000e-07 -9.62729326e-07  4.60100000e-07 -6.60731548e-07 
 4.62100000e-07 -9.62729326e-07  4.62100000e-07 -6.60731548e-07 
 4.64100000e-07 -9.62729326e-07  4.64100000e-07 -6.60731548e-07 
 4.66100000e-07 -9.62729326e-07  4.66100000e-07 -6.60731548e-07 
 4.68100000e-07 -9.62729326e-07  4.68100000e-07 -6.60731548e-07 
 4.70100000e-07 -9.62729326e-07  4.70100000e-07 -6.60731548e-07 
 4.72100000e-07 -9.62729326e-07  4.72100000e-07 -6.60731548e-07 
 4.74100000e-07 -9.62729326e-07  4.74100000e-07 -6.60731548e-07 
 4.76100000e-07 -9.62729326e-07  4.76100000e-07 -6.60731548e-07 
 4.78100000e-07 -9.62729326e-07  4.78100000e-07 -6.60731548e-07 
 4.80100000e-07 -9.62729326e-07  4.80100000e-07 -6.60731548e-07 
 4.82100000e-07 -9.62729326e-07  4.82100000e-07 -6.60731548e-07 
 4.84100000e-07 -9.62729326e-07  4.84100000e-07 -6.60731548e-07 
 4.86100000e-07 -9.62729326e-07  4.86100000e-07 -6.60731548e-07 
 4.88100000e-07 -9.62729326e-07  4.88100000e-07 -6.60731548e-07 
 4.90100000e-07 -9.62729326e-07  4.90100000e-07 -6.60731548e-07 
 4.92100000e-07 -9.62729326e-07  4.92100000e-07 -6.60731548e-07 
 4.94100000e-07 -9.62729326e-07  4.94100000e-07 -6.60731548e-07 
 4.96100000e-07 -9.62729326e-07  4.96100000e-07 -6.60731548e-07 
 4.98000000e-07 -9.62729326e-07  4.98000000e-07 -6.60731548e-07 
 4.98200000e-07 -9.51945386e-07  4.98200000e-07 -6.69852233e-07 
 4.98600000e-07 -9.29827361e-07  4.98600000e-07 -6.89164875e-07 
 4.99300000e-07 -8.90403655e-07  4.99300000e-07 -7.24402134e-07 
 5.00000000e-07 -8.52102500e-07  5.00000000e-07 -7.59314269e-07 
 5.00140000e-07 -8.52137703e-07  5.00140000e-07 -7.59283206e-07 
 5.00420000e-07 -8.52159473e-07  5.00420000e-07 -7.59261451e-07 
 5.00980000e-07 -8.52159499e-07  5.00980000e-07 -7.59261425e-07 
 5.02100000e-07 -8.52159533e-07  5.02100000e-07 -7.59261392e-07 
 5.04100000e-07 -8.52159533e-07  5.04100000e-07 -7.59261392e-07 
 5.06100000e-07 -8.52159533e-07  5.06100000e-07 -7.59261392e-07 
 5.08100000e-07 -8.52159533e-07  5.08100000e-07 -7.59261392e-07 
 5.10100000e-07 -8.52159533e-07  5.10100000e-07 -7.59261392e-07 
 5.12100000e-07 -8.52159533e-07  5.12100000e-07 -7.59261392e-07 
 5.14100000e-07 -8.52159533e-07  5.14100000e-07 -7.59261392e-07 
 5.16100000e-07 -8.52159533e-07  5.16100000e-07 -7.59261392e-07 
 5.18100000e-07 -8.52159533e-07  5.18100000e-07 -7.59261392e-07 
 5.20100000e-07 -8.52159533e-07  5.20100000e-07 -7.59261392e-07 
 5.22100000e-07 -8.52159533e-07  5.22100000e-07 -7.59261392e-07 
 5.24100000e-07 -8.52159533e-07  5.24100000e-07 -7.59261392e-07 
 5.26100000e-07 -8.52159533e-07  5.26100000e-07 -7.59261392e-07 
 5.28100000e-07 -8.52159533e-07  5.28100000e-07 -7.59261392e-07 
 5.30100000e-07 -8.52159533e-07  5.30100000e-07 -7.59261392e-07 
 5.32100000e-07 -8.52159533e-07  5.32100000e-07 -7.59261392e-07 
 5.34100000e-07 -8.52159533e-07  5.34100000e-07 -7.59261392e-07 
 5.36100000e-07 -8.52159533e-07  5.36100000e-07 -7.59261392e-07 
 5.38100000e-07 -8.52159533e-07  5.38100000e-07 -7.59261392e-07 
 5.40100000e-07 -8.52159533e-07  5.40100000e-07 -7.59261392e-07 
 5.42100000e-07 -8.52159533e-07  5.42100000e-07 -7.59261392e-07 
 5.44100000e-07 -8.52159533e-07  5.44100000e-07 -7.59261392e-07 
 5.46100000e-07 -8.52159533e-07  5.46100000e-07 -7.59261392e-07 
 5.48000000e-07 -8.52159533e-07  5.48000000e-07 -7.59261392e-07 
 5.48200000e-07 -8.45949323e-07  5.48200000e-07 -7.64624358e-07 
 5.48600000e-07 -8.37315564e-07  5.48600000e-07 -7.71702042e-07 
 5.49300000e-07 -8.27531920e-07  5.49300000e-07 -7.79152528e-07 
 5.50000000e-07 -8.20963110e-07  5.50000000e-07 -7.83817562e-07 
 5.50140000e-07 -8.21007878e-07  5.50140000e-07 -7.83765944e-07 
 5.50420000e-07 -8.21044576e-07  5.50420000e-07 -7.83736947e-07 
 5.50980000e-07 -8.21044535e-07  5.50980000e-07 -7.83736988e-07 
 5.52100000e-07 -8.21044583e-07  5.52100000e-07 -7.83736942e-07 
 5.54100000e-07 -8.21044583e-07  5.54100000e-07 -7.83736942e-07 
 5.56100000e-07 -8.21044583e-07  5.56100000e-07 -7.83736942e-07 
 5.58100000e-07 -8.21044583e-07  5.58100000e-07 -7.83736942e-07 
 5.60100000e-07 -8.21044583e-07  5.60100000e-07 -7.83736942e-07 
 5.62100000e-07 -8.21044583e-07  5.62100000e-07 -7.83736942e-07 
 5.64100000e-07 -8.21044583e-07  5.64100000e-07 -7.83736942e-07 
 5.66100000e-07 -8.21044583e-07  5.66100000e-07 -7.83736942e-07 
 5.68100000e-07 -8.21044583e-07  5.68100000e-07 -7.83736942e-07 
 5.70100000e-07 -8.21044583e-07  5.70100000e-07 -7.83736942e-07 
 5.72100000e-07 -8.21044583e-07  5.72100000e-07 -7.83736942e-07 
 5.74100000e-07 -8.21044583e-07  5.74100000e-07 -7.83736942e-07 
 5.76100000e-07 -8.21044583e-07  5.76100000e-07 -7.83736942e-07 
 5.78100000e-07 -8.21044583e-07  5.78100000e-07 -7.83736942e-07 
 5.80100000e-07 -8.21044583e-07  5.80100000e-07 -7.83736942e-07 
 5.82100000e-07 -8.21044583e-07  5.82100000e-07 -7.83736942e-07 
 5.84100000e-07 -8.21044583e-07  5.84100000e-07 -7.83736942e-07 
 5.86100000e-07 -8.21044583e-07  5.86100000e-07 -7.83736942e-07 
 5.88100000e-07 -8.21044583e-07  5.88100000e-07 -7.83736942e-07 
 5.90100000e-07 -8.21044583e-07  5.90100000e-07 -7.83736942e-07 
 5.92100000e-07 -8.21044583e-07  5.92100000e-07 -7.83736942e-07 
 5.94100000e-07 -8.21044583e-07  5.94100000e-07 -7.83736942e-07 
 5.96100000e-07 -8.21044583e-07  5.96100000e-07 -7.83736942e-07 
 5.98000000e-07 -8.21044583e-07  5.98000000e-07 -7.83736942e-07 
 5.98200000e-07 -8.19381308e-07  5.98200000e-07 -7.84911693e-07 
 5.98600000e-07 -8.16529480e-07  5.98600000e-07 -7.86918343e-07 
 5.99300000e-07 -8.12179041e-07  5.99300000e-07 -7.90025443e-07 
 6.00000000e-07 -8.08498944e-07  6.00000000e-07 -7.92772028e-07 
 6.00140000e-07 -8.08492502e-07  6.00140000e-07 -7.92772883e-07 
 6.00420000e-07 -8.08502680e-07  6.00420000e-07 -7.92768590e-07 
 6.00980000e-07 -8.08502681e-07  6.00980000e-07 -7.92768589e-07 
 6.02100000e-07 -8.08502685e-07  6.02100000e-07 -7.92768585e-07 
 6.04100000e-07 -8.08502685e-07  6.04100000e-07 -7.92768585e-07 
 6.06100000e-07 -8.08502685e-07  6.06100000e-07 -7.92768585e-07 
 6.08100000e-07 -8.08502685e-07  6.08100000e-07 -7.92768585e-07 
 6.10100000e-07 -8.08502685e-07  6.10100000e-07 -7.92768585e-07 
 6.12100000e-07 -8.08502685e-07  6.12100000e-07 -7.92768585e-07 
 6.14100000e-07 -8.08502685e-07  6.14100000e-07 -7.92768585e-07 
 6.16100000e-07 -8.08502685e-07  6.16100000e-07 -7.92768585e-07 
 6.18100000e-07 -8.08502685e-07  6.18100000e-07 -7.92768585e-07 
 6.20100000e-07 -8.08502685e-07  6.20100000e-07 -7.92768585e-07 
 6.22100000e-07 -8.08502685e-07  6.22100000e-07 -7.92768585e-07 
 6.24100000e-07 -8.08502685e-07  6.24100000e-07 -7.92768585e-07 
 6.26100000e-07 -8.08502685e-07  6.26100000e-07 -7.92768585e-07 
 6.28100000e-07 -8.08502685e-07  6.28100000e-07 -7.92768585e-07 
 6.30100000e-07 -8.08502685e-07  6.30100000e-07 -7.92768585e-07 
 6.32100000e-07 -8.08502685e-07  6.32100000e-07 -7.92768585e-07 
 6.34100000e-07 -8.08502685e-07  6.34100000e-07 -7.92768585e-07 
 6.36100000e-07 -8.08502685e-07  6.36100000e-07 -7.92768585e-07 
 6.38100000e-07 -8.08502685e-07  6.38100000e-07 -7.92768585e-07 
 6.40100000e-07 -8.08502685e-07  6.40100000e-07 -7.92768585e-07 
 6.42100000e-07 -8.08502685e-07  6.42100000e-07 -7.92768585e-07 
 6.44100000e-07 -8.08502685e-07  6.44100000e-07 -7.92768585e-07 
 6.46100000e-07 -8.08502685e-07  6.46100000e-07 -7.92768585e-07 
 6.48000000e-07 -8.08502685e-07  6.48000000e-07 -7.92768585e-07 
 6.48200000e-07 -8.07525232e-07  6.48200000e-07 -7.93521550e-07 
 6.48600000e-07 -8.05722212e-07  6.48600000e-07 -7.94980387e-07 
 6.49300000e-07 -8.02787425e-07  6.49300000e-07 -7.97509972e-07 
 6.50000000e-07 -8.00081196e-07  6.50000000e-07 -8.00081916e-07 
 6.50140000e-07 -8.00078466e-07  6.50140000e-07 -8.00079465e-07 
 6.50420000e-07 -8.00081648e-07  6.50420000e-07 -8.00081649e-07 
 6.50980000e-07 -8.00081648e-07  6.50980000e-07 -8.00081649e-07 
 6.52100000e-07 -8.00081649e-07  6.52100000e-07 -8.00081649e-07 
 6.54100000e-07 -8.00081649e-07  6.54100000e-07 -8.00081649e-07 
 6.56100000e-07 -8.00081649e-07  6.56100000e-07 -8.00081649e-07 
 6.58100000e-07 -8.00081649e-07  6.58100000e-07 -8.00081649e-07 
 6.60100000e-07 -8.00081649e-07  6.60100000e-07 -8.00081649e-07 
 6.62100000e-07 -8.00081649e-07  6.62100000e-07 -8.00081649e-07 
 6.64100000e-07 -8.00081649e-07  6.64100000e-07 -8.00081649e-07 
 6.66100000e-07 -8.00081649e-07  6.66100000e-07 -8.00081649e-07 
 6.68100000e-07 -8.00081649e-07  6.68100000e-07 -8.00081649e-07 
 6.70100000e-07 -8.00081649e-07  6.70100000e-07 -8.00081649e-07 
 6.72100000e-07 -8.00081649e-07  6.72100000e-07 -8.00081649e-07 
 6.74100000e-07 -8.00081649e-07  6.74100000e-07 -8.00081649e-07 
 6.76100000e-07 -8.00081649e-07  6.76100000e-07 -8.00081649e-07 
 6.78100000e-07 -8.00081649e-07  6.78100000e-07 -8.00081649e-07 
 6.80100000e-07 -8.00081649e-07  6.80100000e-07 -8.00081649e-07 
 6.82100000e-07 -8.00081649e-07  6.82100000e-07 -8.00081649e-07 
 6.84100000e-07 -8.00081649e-07  6.84100000e-07 -8.00081649e-07 
 6.86100000e-07 -8.00081649e-07  6.86100000e-07 -8.00081649e-07 
 6.88100000e-07 -8.00081649e-07  6.88100000e-07 -8.00081649e-07 
 6.90100000e-07 -8.00081649e-07  6.90100000e-07 -8.00081649e-07 
 6.92100000e-07 -8.00081649e-07  6.92100000e-07 -8.00081649e-07 
 6.94100000e-07 -8.00081649e-07  6.94100000e-07 -8.00081649e-07 
 6.96100000e-07 -8.00081649e-07  6.96100000e-07 -8.00081649e-07 
 6.98000000e-07 -8.00081649e-07  6.98000000e-07 -8.00081649e-07 
 6.98200000e-07 -7.99331907e-07  6.98200000e-07 -8.00831390e-07 
 6.98600000e-07 -7.97872261e-07  6.98600000e-07 -8.02389568e-07 
 6.99300000e-07 -7.95342862e-07  6.99300000e-07 -8.05284972e-07 
 7.00000000e-07 -7.92769577e-07  7.00000000e-07 -8.08501484e-07 
 7.00140000e-07 -7.92771187e-07  7.00140000e-07 -8.08494371e-07 
 7.00420000e-07 -7.92768590e-07  7.00420000e-07 -8.08502680e-07 
 7.00980000e-07 -7.92768588e-07  7.00980000e-07 -8.08502682e-07 
 7.02100000e-07 -7.92768585e-07  7.02100000e-07 -8.08502685e-07 
 7.04100000e-07 -7.92768585e-07  7.04100000e-07 -8.08502685e-07 
 7.06100000e-07 -7.92768585e-07  7.06100000e-07 -8.08502685e-07 
 7.08100000e-07 -7.92768585e-07  7.08100000e-07 -8.08502685e-07 
 7.10100000e-07 -7.92768585e-07  7.10100000e-07 -8.08502685e-07 
 7.12100000e-07 -7.92768585e-07  7.12100000e-07 -8.08502685e-07 
 7.14100000e-07 -7.92768585e-07  7.14100000e-07 -8.08502685e-07 
 7.16100000e-07 -7.92768585e-07  7.16100000e-07 -8.08502685e-07 
 7.18100000e-07 -7.92768585e-07  7.18100000e-07 -8.08502685e-07 
 7.20100000e-07 -7.92768585e-07  7.20100000e-07 -8.08502685e-07 
 7.22100000e-07 -7.92768585e-07  7.22100000e-07 -8.08502685e-07 
 7.24100000e-07 -7.92768585e-07  7.24100000e-07 -8.08502685e-07 
 7.26100000e-07 -7.92768585e-07  7.26100000e-07 -8.08502685e-07 
 7.28100000e-07 -7.92768585e-07  7.28100000e-07 -8.08502685e-07 
 7.30100000e-07 -7.92768585e-07  7.30100000e-07 -8.08502685e-07 
 7.32100000e-07 -7.92768585e-07  7.32100000e-07 -8.08502685e-07 
 7.34100000e-07 -7.92768585e-07  7.34100000e-07 -8.08502685e-07 
 7.36100000e-07 -7.92768585e-07  7.36100000e-07 -8.08502685e-07 
 7.38100000e-07 -7.92768585e-07  7.38100000e-07 -8.08502685e-07 
 7.40100000e-07 -7.92768585e-07  7.40100000e-07 -8.08502685e-07 
 7.42100000e-07 -7.92768585e-07  7.42100000e-07 -8.08502685e-07 
 7.44100000e-07 -7.92768585e-07  7.44100000e-07 -8.08502685e-07 
 7.46100000e-07 -7.92768585e-07  7.46100000e-07 -8.08502685e-07 
 7.48000000e-07 -7.92768585e-07  7.48000000e-07 -8.08502685e-07 
 7.48200000e-07 -7.92015621e-07  7.48200000e-07 -8.09480138e-07 
 7.48600000e-07 -7.90431567e-07  7.48600000e-07 -8.11621305e-07 
 7.49300000e-07 -7.87394261e-07  7.49300000e-07 -8.15855919e-07 
 7.50000000e-07 -7.83745946e-07  7.50000000e-07 -8.21035160e-07 
 7.50140000e-07 -7.83755683e-07  7.50140000e-07 -8.21018644e-07 
 7.50420000e-07 -7.83736976e-07  7.50420000e-07 -8.21044547e-07 
 7.50980000e-07 -7.83736967e-07  7.50980000e-07 -8.21044557e-07 
 7.52100000e-07 -7.83736942e-07  7.52100000e-07 -8.21044583e-07 
 7.54100000e-07 -7.83736942e-07  7.54100000e-07 -8.21044583e-07 
 7.56100000e-07 -7.83736942e-07  7.56100000e-07 -8.21044583e-07 
 7.58100000e-07 -7.83736942e-07  7.58100000e-07 -8.21044583e-07 
 7.60100000e-07 -7.83736942e-07  7.60100000e-07 -8.21044583e-07 
 7.62100000e-07 -7.83736942e-07  7.62100000e-07 -8.21044583e-07 
 7.64100000e-07 -7.83736942e-07  7.64100000e-07 -8.21044583e-07 
 7.66100000e-07 -7.83736942e-07  7.66100000e-07 -8.21044583e-07 
 7.68100000e-07 -7.83736942e-07  7.68100000e-07 -8.21044583e-07 
 7.70100000e-07 -7.83736942e-07  7.70100000e-07 -8.21044583e-07 
 7.72100000e-07 -7.83736942e-07  7.72100000e-07 -8.21044583e-07 
 7.74100000e-07 -7.83736942e-07  7.74100000e-07 -8.21044583e-07 
 7.76100000e-07 -7.83736942e-07  7.76100000e-07 -8.21044583e-07 
 7.78100000e-07 -7.83736942e-07  7.78100000e-07 -8.21044583e-07 
 7.80100000e-07 -7.83736942e-07  7.80100000e-07 -8.21044583e-07 
 7.82100000e-07 -7.83736942e-07  7.82100000e-07 -8.21044583e-07 
 7.84100000e-07 -7.83736942e-07  7.84100000e-07 -8.21044583e-07 
 7.86100000e-07 -7.83736942e-07  7.86100000e-07 -8.21044583e-07 
 7.88100000e-07 -7.83736942e-07  7.88100000e-07 -8.21044583e-07 
 7.90100000e-07 -7.83736942e-07  7.90100000e-07 -8.21044583e-07 
 7.92100000e-07 -7.83736942e-07  7.92100000e-07 -8.21044583e-07 
 7.94100000e-07 -7.83736942e-07  7.94100000e-07 -8.21044583e-07 
 7.96100000e-07 -7.83736942e-07  7.96100000e-07 -8.21044583e-07 
 7.98000000e-07 -7.83736942e-07  7.98000000e-07 -8.21044583e-07 
 7.98200000e-07 -7.82562190e-07  7.98200000e-07 -8.22707857e-07 
 7.98600000e-07 -7.79711236e-07  7.98600000e-07 -8.26677347e-07 
 7.99300000e-07 -7.72917440e-07  7.99300000e-07 -8.35737647e-07 
 8.00000000e-07 -7.59273686e-07  8.00000000e-07 -8.52147231e-07 
 8.00140000e-07 -7.59703000e-07  8.00140000e-07 -8.51706222e-07 
 8.00420000e-07 -7.59292690e-07  8.00420000e-07 -8.52128207e-07 
 8.00980000e-07 -7.59273955e-07  8.00980000e-07 -8.52146958e-07 
 8.02100000e-07 -7.59261403e-07  8.02100000e-07 -8.52159522e-07 
 8.04100000e-07 -7.59261401e-07  8.04100000e-07 -8.52159524e-07 
 8.06100000e-07 -7.59261392e-07  8.06100000e-07 -8.52159533e-07 
 8.08100000e-07 -7.59261392e-07  8.08100000e-07 -8.52159533e-07 
 8.10100000e-07 -7.59261392e-07  8.10100000e-07 -8.52159533e-07 
 8.12100000e-07 -7.59261392e-07  8.12100000e-07 -8.52159533e-07 
 8.14100000e-07 -7.59261392e-07  8.14100000e-07 -8.52159533e-07 
 8.16100000e-07 -7.59261392e-07  8.16100000e-07 -8.52159533e-07 
 8.18100000e-07 -7.59261392e-07  8.18100000e-07 -8.52159533e-07 
 8.20100000e-07 -7.59261392e-07  8.20100000e-07 -8.52159533e-07 
 8.22100000e-07 -7.59261392e-07  8.22100000e-07 -8.52159533e-07 
 8.24100000e-07 -7.59261392e-07  8.24100000e-07 -8.52159533e-07 
 8.26100000e-07 -7.59261392e-07  8.26100000e-07 -8.52159533e-07 
 8.28100000e-07 -7.59261392e-07  8.28100000e-07 -8.52159533e-07 
 8.30100000e-07 -7.59261392e-07  8.30100000e-07 -8.52159533e-07 
 8.32100000e-07 -7.59261392e-07  8.32100000e-07 -8.52159533e-07 
 8.34100000e-07 -7.59261392e-07  8.34100000e-07 -8.52159533e-07 
 8.36100000e-07 -7.59261392e-07  8.36100000e-07 -8.52159533e-07 
 8.38100000e-07 -7.59261392e-07  8.38100000e-07 -8.52159533e-07 
 8.40100000e-07 -7.59261392e-07  8.40100000e-07 -8.52159533e-07 
 8.42100000e-07 -7.59261392e-07  8.42100000e-07 -8.52159533e-07 
 8.44100000e-07 -7.59261392e-07  8.44100000e-07 -8.52159533e-07 
 8.46100000e-07 -7.59261392e-07  8.46100000e-07 -8.52159533e-07 
 8.48000000e-07 -7.59261392e-07  8.48000000e-07 -8.52159533e-07 
 8.48200000e-07 -7.50547650e-07  8.48200000e-07 -8.61772066e-07 
 8.48600000e-07 -7.29581672e-07  8.48600000e-07 -8.84700308e-07 
 8.49300000e-07 -6.94081188e-07  8.49300000e-07 -9.24253620e-07 
 8.50000000e-07 -6.60707706e-07  8.50000000e-07 -9.62742194e-07 
 8.50140000e-07 -6.60673101e-07  8.50140000e-07 -9.62759344e-07 
 8.50420000e-07 -6.60731463e-07  8.50420000e-07 -9.62729371e-07 
 8.50980000e-07 -6.60731477e-07  8.50980000e-07 -9.62729364e-07 
 8.52100000e-07 -6.60731548e-07  8.52100000e-07 -9.62729326e-07 
 8.54100000e-07 -6.60731548e-07  8.54100000e-07 -9.62729326e-07 
 8.56100000e-07 -6.60731548e-07  8.56100000e-07 -9.62729326e-07 
 8.58100000e-07 -6.60731548e-07  8.58100000e-07 -9.62729326e-07 
 8.60100000e-07 -6.60731548e-07  8.60100000e-07 -9.62729326e-07 
 8.62100000e-07 -6.60731548e-07  8.62100000e-07 -9.62729326e-07 
 8.64100000e-07 -6.60731548e-07  8.64100000e-07 -9.62729326e-07 
 8.66100000e-07 -6.60731548e-07  8.66100000e-07 -9.62729326e-07 
 8.68100000e-07 -6.60731548e-07  8.68100000e-07 -9.62729326e-07 
 8.70100000e-07 -6.60731548e-07  8.70100000e-07 -9.62729326e-07 
 8.72100000e-07 -6.60731548e-07  8.72100000e-07 -9.62729326e-07 
 8.74100000e-07 -6.60731548e-07  8.74100000e-07 -9.62729326e-07 
 8.76100000e-07 -6.60731548e-07  8.76100000e-07 -9.62729326e-07 
 8.78100000e-07 -6.60731548e-07  8.78100000e-07 -9.62729326e-07 
 8.80100000e-07 -6.60731548e-07  8.80100000e-07 -9.62729326e-07 
 8.82100000e-07 -6.60731548e-07  8.82100000e-07 -9.62729326e-07 
 8.84100000e-07 -6.60731548e-07  8.84100000e-07 -9.62729326e-07 
 8.86100000e-07 -6.60731548e-07  8.86100000e-07 -9.62729326e-07 
 8.88100000e-07 -6.60731548e-07  8.88100000e-07 -9.62729326e-07 
 8.90100000e-07 -6.60731548e-07  8.90100000e-07 -9.62729326e-07 
 8.92100000e-07 -6.60731548e-07  8.92100000e-07 -9.62729326e-07 
 8.94100000e-07 -6.60731548e-07  8.94100000e-07 -9.62729326e-07 
 8.96100000e-07 -6.60731548e-07  8.96100000e-07 -9.62729326e-07 
 8.98000000e-07 -6.60731548e-07  8.98000000e-07 -9.62729326e-07 
 8.98200000e-07 -7.50931681e-07  8.98200000e-07 -8.72451681e-07 
 8.98600000e-07 -8.05217948e-07  8.98600000e-07 -8.28388934e-07 
 8.99300000e-07 -8.41457574e-07  8.99300000e-07 -8.26236753e-07 
 9.00000000e-07 -9.51520807e-07  9.00000000e-07 -7.72168944e-07 
 9.00140000e-07 -9.51458149e-07  9.00140000e-07 -7.72278502e-07 
 9.00420000e-07 -9.51436546e-07  9.00420000e-07 -7.72316258e-07 
 9.00980000e-07 -9.51436461e-07  9.00980000e-07 -7.72316408e-07 
 9.02100000e-07 -9.51436443e-07  9.02100000e-07 -7.72316439e-07 
 9.04100000e-07 -9.51436443e-07  9.04100000e-07 -7.72316439e-07 
 9.06100000e-07 -9.51436443e-07  9.06100000e-07 -7.72316439e-07 
 9.08100000e-07 -9.51436443e-07  9.08100000e-07 -7.72316439e-07 
 9.10100000e-07 -9.51436443e-07  9.10100000e-07 -7.72316439e-07 
 9.12100000e-07 -9.51436443e-07  9.12100000e-07 -7.72316439e-07 
 9.14100000e-07 -9.51436443e-07  9.14100000e-07 -7.72316439e-07 
 9.16100000e-07 -9.51436443e-07  9.16100000e-07 -7.72316439e-07 
 9.18100000e-07 -9.51436443e-07  9.18100000e-07 -7.72316439e-07 
 9.20100000e-07 -9.51436443e-07  9.20100000e-07 -7.72316439e-07 
 9.22100000e-07 -9.51436443e-07  9.22100000e-07 -7.72316439e-07 
 9.24100000e-07 -9.51436443e-07  9.24100000e-07 -7.72316439e-07 
 9.26100000e-07 -9.51436443e-07  9.26100000e-07 -7.72316439e-07 
 9.28100000e-07 -9.51436443e-07  9.28100000e-07 -7.72316439e-07 
 9.30100000e-07 -9.51436443e-07  9.30100000e-07 -7.72316439e-07 
 9.32100000e-07 -9.51436443e-07  9.32100000e-07 -7.72316439e-07 
 9.34100000e-07 -9.51436443e-07  9.34100000e-07 -7.72316439e-07 
 9.36100000e-07 -9.51436443e-07  9.36100000e-07 -7.72316439e-07 
 9.38100000e-07 -9.51436443e-07  9.38100000e-07 -7.72316439e-07 
 9.40100000e-07 -9.51436443e-07  9.40100000e-07 -7.72316439e-07 
 9.42100000e-07 -9.51436443e-07  9.42100000e-07 -7.72316439e-07 
 9.44100000e-07 -9.51436443e-07  9.44100000e-07 -7.72316439e-07 
 9.46100000e-07 -9.51436443e-07  9.46100000e-07 -7.72316439e-07 
 9.48000000e-07 -9.51436443e-07  9.48000000e-07 -7.72316439e-07 
 9.48200000e-07 -9.40853574e-07  9.48200000e-07 -7.81242933e-07 
 9.48600000e-07 -9.19035429e-07  9.48600000e-07 -8.00294569e-07 
 9.49300000e-07 -8.89636400e-07  9.49300000e-07 -8.25601012e-07 
 9.50000000e-07 -8.78417621e-07  9.50000000e-07 -8.33536680e-07 
 9.50140000e-07 -8.78351315e-07  9.50140000e-07 -8.33590121e-07 
 9.50420000e-07 -8.78460967e-07  9.50420000e-07 -8.33493356e-07 
 9.50980000e-07 -8.78461123e-07  9.50980000e-07 -8.33493205e-07 
 9.52100000e-07 -8.78461633e-07  9.52100000e-07 -8.33492700e-07 
 9.54100000e-07 -8.78461632e-07  9.54100000e-07 -8.33492700e-07 
 9.56100000e-07 -8.78461633e-07  9.56100000e-07 -8.33492700e-07 
 9.58100000e-07 -8.78461633e-07  9.58100000e-07 -8.33492700e-07 
 9.60100000e-07 -8.78461633e-07  9.60100000e-07 -8.33492700e-07 
 9.62100000e-07 -8.78461633e-07  9.62100000e-07 -8.33492700e-07 
 9.64100000e-07 -8.78461633e-07  9.64100000e-07 -8.33492700e-07 
 9.66100000e-07 -8.78461633e-07  9.66100000e-07 -8.33492700e-07 
 9.68100000e-07 -8.78461633e-07  9.68100000e-07 -8.33492700e-07 
 9.70100000e-07 -8.78461633e-07  9.70100000e-07 -8.33492700e-07 
 9.72100000e-07 -8.78461633e-07  9.72100000e-07 -8.33492700e-07 
 9.74100000e-07 -8.78461633e-07  9.74100000e-07 -8.33492700e-07 
 9.76100000e-07 -8.78461633e-07  9.76100000e-07 -8.33492700e-07 
 9.78100000e-07 -8.78461633e-07  9.78100000e-07 -8.33492700e-07 
 9.80100000e-07 -8.78461633e-07  9.80100000e-07 -8.33492700e-07 
 9.82100000e-07 -8.78461633e-07  9.82100000e-07 -8.33492700e-07 
 9.84100000e-07 -8.78461633e-07  9.84100000e-07 -8.33492700e-07 
 9.86100000e-07 -8.78461633e-07  9.86100000e-07 -8.33492700e-07 
 9.88100000e-07 -8.78461633e-07  9.88100000e-07 -8.33492700e-07 
 9.90100000e-07 -8.78461633e-07  9.90100000e-07 -8.33492700e-07 
 9.92100000e-07 -8.78461633e-07  9.92100000e-07 -8.33492700e-07 
 9.94100000e-07 -8.78461633e-07  9.94100000e-07 -8.33492700e-07 
 9.96100000e-07 -8.78461633e-07  9.96100000e-07 -8.33492700e-07 
 9.98000000e-07 -8.78461633e-07  9.98000000e-07 -8.33492700e-07 
 9.98200000e-07 -8.76086903e-07  9.98200000e-07 -8.35023142e-07 
 9.98600000e-07 -8.72455730e-07  9.98600000e-07 -8.37171798e-07 
 9.99300000e-07 -8.67347634e-07  9.99300000e-07 -8.40024273e-07 
 1.00000000e-06 -8.63426237e-07  1.00000000e-06 -8.42107292e-07 
 1.00014000e-06 -8.63421788e-07  1.00014000e-06 -8.42105080e-07 
 1.00042000e-06 -8.63438768e-07  1.00042000e-06 -8.42095574e-07 
 1.00098000e-06 -8.63438766e-07  1.00098000e-06 -8.42095578e-07 
 1.00210000e-06 -8.63438777e-07  1.00210000e-06 -8.42095568e-07 
 1.00410000e-06 -8.63438777e-07  1.00410000e-06 -8.42095568e-07 
 1.00610000e-06 -8.63438777e-07  1.00610000e-06 -8.42095568e-07 
 1.00810000e-06 -8.63438777e-07  1.00810000e-06 -8.42095568e-07 
 1.01010000e-06 -8.63438777e-07  1.01010000e-06 -8.42095568e-07 
 1.01210000e-06 -8.63438777e-07  1.01210000e-06 -8.42095568e-07 
 1.01410000e-06 -8.63438777e-07  1.01410000e-06 -8.42095568e-07 
 1.01610000e-06 -8.63438777e-07  1.01610000e-06 -8.42095568e-07 
 1.01810000e-06 -8.63438777e-07  1.01810000e-06 -8.42095568e-07 
 1.02010000e-06 -8.63438777e-07  1.02010000e-06 -8.42095568e-07 
 1.02210000e-06 -8.63438777e-07  1.02210000e-06 -8.42095568e-07 
 1.02410000e-06 -8.63438777e-07  1.02410000e-06 -8.42095568e-07 
 1.02610000e-06 -8.63438777e-07  1.02610000e-06 -8.42095568e-07 
 1.02810000e-06 -8.63438777e-07  1.02810000e-06 -8.42095568e-07 
 1.03010000e-06 -8.63438777e-07  1.03010000e-06 -8.42095568e-07 
 1.03210000e-06 -8.63438777e-07  1.03210000e-06 -8.42095568e-07 
 1.03410000e-06 -8.63438777e-07  1.03410000e-06 -8.42095568e-07 
 1.03610000e-06 -8.63438777e-07  1.03610000e-06 -8.42095568e-07 
 1.03810000e-06 -8.63438777e-07  1.03810000e-06 -8.42095568e-07 
 1.04010000e-06 -8.63438777e-07  1.04010000e-06 -8.42095568e-07 
 1.04210000e-06 -8.63438777e-07  1.04210000e-06 -8.42095568e-07 
 1.04410000e-06 -8.63438777e-07  1.04410000e-06 -8.42095568e-07 
 1.04610000e-06 -8.63438777e-07  1.04610000e-06 -8.42095568e-07 
 1.04800000e-06 -8.63438777e-07  1.04800000e-06 -8.42095568e-07 
 1.04820000e-06 -8.62440374e-07  1.04820000e-06 -8.42622589e-07 
 1.04860000e-06 -8.60689369e-07  1.04860000e-06 -8.43558606e-07 
 1.04930000e-06 -8.57986605e-07  1.04930000e-06 -8.45063072e-07 
 1.05000000e-06 -8.55686464e-07  1.05000000e-06 -8.46464063e-07 
 1.05014000e-06 -8.55681435e-07  1.05014000e-06 -8.46463702e-07 
 1.05042000e-06 -8.55687925e-07  1.05042000e-06 -8.46462887e-07 
 1.05098000e-06 -8.55687926e-07  1.05098000e-06 -8.46462886e-07 
 1.05210000e-06 -8.55687928e-07  1.05210000e-06 -8.46462885e-07 
 1.05410000e-06 -8.55687928e-07  1.05410000e-06 -8.46462885e-07 
 1.05610000e-06 -8.55687928e-07  1.05610000e-06 -8.46462885e-07 
 1.05810000e-06 -8.55687928e-07  1.05810000e-06 -8.46462885e-07 
 1.06010000e-06 -8.55687928e-07  1.06010000e-06 -8.46462885e-07 
 1.06210000e-06 -8.55687928e-07  1.06210000e-06 -8.46462885e-07 
 1.06410000e-06 -8.55687928e-07  1.06410000e-06 -8.46462885e-07 
 1.06610000e-06 -8.55687928e-07  1.06610000e-06 -8.46462885e-07 
 1.06810000e-06 -8.55687928e-07  1.06810000e-06 -8.46462885e-07 
 1.07010000e-06 -8.55687928e-07  1.07010000e-06 -8.46462885e-07 
 1.07210000e-06 -8.55687928e-07  1.07210000e-06 -8.46462885e-07 
 1.07410000e-06 -8.55687928e-07  1.07410000e-06 -8.46462885e-07 
 1.07610000e-06 -8.55687928e-07  1.07610000e-06 -8.46462885e-07 
 1.07810000e-06 -8.55687928e-07  1.07810000e-06 -8.46462885e-07 
 1.08010000e-06 -8.55687928e-07  1.08010000e-06 -8.46462885e-07 
 1.08210000e-06 -8.55687928e-07  1.08210000e-06 -8.46462885e-07 
 1.08410000e-06 -8.55687928e-07  1.08410000e-06 -8.46462885e-07 
 1.08610000e-06 -8.55687928e-07  1.08610000e-06 -8.46462885e-07 
 1.08810000e-06 -8.55687928e-07  1.08810000e-06 -8.46462885e-07 
 1.09010000e-06 -8.55687928e-07  1.09010000e-06 -8.46462885e-07 
 1.09210000e-06 -8.55687928e-07  1.09210000e-06 -8.46462885e-07 
 1.09410000e-06 -8.55687928e-07  1.09410000e-06 -8.46462885e-07 
 1.09610000e-06 -8.55687928e-07  1.09610000e-06 -8.46462885e-07 
 1.09800000e-06 -8.55687928e-07  1.09800000e-06 -8.46462885e-07 
 1.09820000e-06 -8.55077876e-07  1.09820000e-06 -8.46856765e-07 
 1.09860000e-06 -8.53959490e-07  1.09860000e-06 -8.47643796e-07 
 1.09930000e-06 -8.52160978e-07  1.09930000e-06 -8.49052268e-07 
 1.10000000e-06 -8.50541845e-07  1.10000000e-06 -8.50542159e-07 
 1.10014000e-06 -8.50539245e-07  1.10014000e-06 -8.50539769e-07 
 1.10042000e-06 -8.50542089e-07  1.10042000e-06 -8.50542089e-07 
 1.10098000e-06 -8.50542089e-07  1.10098000e-06 -8.50542089e-07 
 1.10210000e-06 -8.50542090e-07  1.10210000e-06 -8.50542090e-07 
 1.10410000e-06 -8.50542090e-07  1.10410000e-06 -8.50542090e-07 
 1.10610000e-06 -8.50542090e-07  1.10610000e-06 -8.50542090e-07 
 1.10810000e-06 -8.50542090e-07  1.10810000e-06 -8.50542090e-07 
 1.11010000e-06 -8.50542090e-07  1.11010000e-06 -8.50542090e-07 
 1.11210000e-06 -8.50542090e-07  1.11210000e-06 -8.50542090e-07 
 1.11410000e-06 -8.50542090e-07  1.11410000e-06 -8.50542090e-07 
 1.11610000e-06 -8.50542090e-07  1.11610000e-06 -8.50542090e-07 
 1.11810000e-06 -8.50542090e-07  1.11810000e-06 -8.50542090e-07 
 1.12010000e-06 -8.50542090e-07  1.12010000e-06 -8.50542090e-07 
 1.12210000e-06 -8.50542090e-07  1.12210000e-06 -8.50542090e-07 
 1.12410000e-06 -8.50542090e-07  1.12410000e-06 -8.50542090e-07 
 1.12610000e-06 -8.50542090e-07  1.12610000e-06 -8.50542090e-07 
 1.12810000e-06 -8.50542090e-07  1.12810000e-06 -8.50542090e-07 
 1.13010000e-06 -8.50542090e-07  1.13010000e-06 -8.50542090e-07 
 1.13210000e-06 -8.50542090e-07  1.13210000e-06 -8.50542090e-07 
 1.13410000e-06 -8.50542090e-07  1.13410000e-06 -8.50542090e-07 
 1.13610000e-06 -8.50542090e-07  1.13610000e-06 -8.50542090e-07 
 1.13810000e-06 -8.50542090e-07  1.13810000e-06 -8.50542090e-07 
 1.14010000e-06 -8.50542090e-07  1.14010000e-06 -8.50542090e-07 
 1.14210000e-06 -8.50542090e-07  1.14210000e-06 -8.50542090e-07 
 1.14410000e-06 -8.50542090e-07  1.14410000e-06 -8.50542090e-07 
 1.14610000e-06 -8.50542090e-07  1.14610000e-06 -8.50542090e-07 
 1.14800000e-06 -8.50542090e-07  1.14800000e-06 -8.50542090e-07 
 1.14820000e-06 -8.50100211e-07  1.14820000e-06 -8.50983968e-07 
 1.14860000e-06 -8.49258879e-07  1.14860000e-06 -8.51920133e-07 
 1.14930000e-06 -8.47841877e-07  1.14930000e-06 -8.53689437e-07 
 1.15000000e-06 -8.46463246e-07  1.15000000e-06 -8.55687368e-07 
 1.15014000e-06 -8.46462943e-07  1.15014000e-06 -8.55682364e-07 
 1.15042000e-06 -8.46462886e-07  1.15042000e-06 -8.55687926e-07 
 1.15098000e-06 -8.46462886e-07  1.15098000e-06 -8.55687927e-07 
 1.15210000e-06 -8.46462885e-07  1.15210000e-06 -8.55687928e-07 
 1.15410000e-06 -8.46462885e-07  1.15410000e-06 -8.55687928e-07 
 1.15610000e-06 -8.46462885e-07  1.15610000e-06 -8.55687928e-07 
 1.15810000e-06 -8.46462885e-07  1.15810000e-06 -8.55687928e-07 
 1.16010000e-06 -8.46462885e-07  1.16010000e-06 -8.55687928e-07 
 1.16210000e-06 -8.46462885e-07  1.16210000e-06 -8.55687928e-07 
 1.16410000e-06 -8.46462885e-07  1.16410000e-06 -8.55687928e-07 
 1.16610000e-06 -8.46462885e-07  1.16610000e-06 -8.55687928e-07 
 1.16810000e-06 -8.46462885e-07  1.16810000e-06 -8.55687928e-07 
 1.17010000e-06 -8.46462885e-07  1.17010000e-06 -8.55687928e-07 
 1.17210000e-06 -8.46462885e-07  1.17210000e-06 -8.55687928e-07 
 1.17410000e-06 -8.46462885e-07  1.17410000e-06 -8.55687928e-07 
 1.17610000e-06 -8.46462885e-07  1.17610000e-06 -8.55687928e-07 
 1.17810000e-06 -8.46462885e-07  1.17810000e-06 -8.55687928e-07 
 1.18010000e-06 -8.46462885e-07  1.18010000e-06 -8.55687928e-07 
 1.18210000e-06 -8.46462885e-07  1.18210000e-06 -8.55687928e-07 
 1.18410000e-06 -8.46462885e-07  1.18410000e-06 -8.55687928e-07 
 1.18610000e-06 -8.46462885e-07  1.18610000e-06 -8.55687928e-07 
 1.18810000e-06 -8.46462885e-07  1.18810000e-06 -8.55687928e-07 
 1.19010000e-06 -8.46462885e-07  1.19010000e-06 -8.55687928e-07 
 1.19210000e-06 -8.46462885e-07  1.19210000e-06 -8.55687928e-07 
 1.19410000e-06 -8.46462885e-07  1.19410000e-06 -8.55687928e-07 
 1.19610000e-06 -8.46462885e-07  1.19610000e-06 -8.55687928e-07 
 1.19800000e-06 -8.46462885e-07  1.19800000e-06 -8.55687928e-07 
 1.19820000e-06 -8.46069005e-07  1.19820000e-06 -8.56297980e-07 
 1.19860000e-06 -8.45266376e-07  1.19860000e-06 -8.57637241e-07 
 1.19930000e-06 -8.43784038e-07  1.19930000e-06 -8.60273397e-07 
 1.20000000e-06 -8.42098241e-07  1.20000000e-06 -8.63435695e-07 
 1.20014000e-06 -8.42102044e-07  1.20014000e-06 -8.63425326e-07 
 1.20042000e-06 -8.42095579e-07  1.20042000e-06 -8.63438764e-07 
 1.20098000e-06 -8.42095574e-07  1.20098000e-06 -8.63438769e-07 
 1.20210000e-06 -8.42095568e-07  1.20210000e-06 -8.63438777e-07 
 1.20410000e-06 -8.42095568e-07  1.20410000e-06 -8.63438777e-07 
 1.20610000e-06 -8.42095568e-07  1.20610000e-06 -8.63438777e-07 
 1.20810000e-06 -8.42095568e-07  1.20810000e-06 -8.63438777e-07 
 1.21010000e-06 -8.42095568e-07  1.21010000e-06 -8.63438777e-07 
 1.21210000e-06 -8.42095568e-07  1.21210000e-06 -8.63438777e-07 
 1.21410000e-06 -8.42095568e-07  1.21410000e-06 -8.63438777e-07 
 1.21610000e-06 -8.42095568e-07  1.21610000e-06 -8.63438777e-07 
 1.21810000e-06 -8.42095568e-07  1.21810000e-06 -8.63438777e-07 
 1.22010000e-06 -8.42095568e-07  1.22010000e-06 -8.63438777e-07 
 1.22210000e-06 -8.42095568e-07  1.22210000e-06 -8.63438777e-07 
 1.22410000e-06 -8.42095568e-07  1.22410000e-06 -8.63438777e-07 
 1.22610000e-06 -8.42095568e-07  1.22610000e-06 -8.63438777e-07 
 1.22810000e-06 -8.42095568e-07  1.22810000e-06 -8.63438777e-07 
 1.23010000e-06 -8.42095568e-07  1.23010000e-06 -8.63438777e-07 
 1.23210000e-06 -8.42095568e-07  1.23210000e-06 -8.63438777e-07 
 1.23410000e-06 -8.42095568e-07  1.23410000e-06 -8.63438777e-07 
 1.23610000e-06 -8.42095568e-07  1.23610000e-06 -8.63438777e-07 
 1.23810000e-06 -8.42095568e-07  1.23810000e-06 -8.63438777e-07 
 1.24010000e-06 -8.42095568e-07  1.24010000e-06 -8.63438777e-07 
 1.24210000e-06 -8.42095568e-07  1.24210000e-06 -8.63438777e-07 
 1.24410000e-06 -8.42095568e-07  1.24410000e-06 -8.63438777e-07 
 1.24610000e-06 -8.42095568e-07  1.24610000e-06 -8.63438777e-07 
 1.24800000e-06 -8.42095568e-07  1.24800000e-06 -8.63438777e-07 
 1.24820000e-06 -8.41568546e-07  1.24820000e-06 -8.64437179e-07 
 1.24860000e-06 -8.40344616e-07  1.24860000e-06 -8.66741211e-07 
 1.24930000e-06 -8.37645360e-07  1.24930000e-06 -8.71631480e-07 
 1.25000000e-06 -8.33538257e-07  1.25000000e-06 -8.78414603e-07 
 1.25014000e-06 -8.33541538e-07  1.25014000e-06 -8.78401531e-07 
 1.25042000e-06 -8.33492804e-07  1.25042000e-06 -8.78461523e-07 
 1.25098000e-06 -8.33492869e-07  1.25098000e-06 -8.78461461e-07 
 1.25210000e-06 -8.33492700e-07  1.25210000e-06 -8.78461633e-07 
 1.25410000e-06 -8.33492700e-07  1.25410000e-06 -8.78461633e-07 
 1.25610000e-06 -8.33492700e-07  1.25610000e-06 -8.78461633e-07 
 1.25810000e-06 -8.33492700e-07  1.25810000e-06 -8.78461633e-07 
 1.26010000e-06 -8.33492700e-07  1.26010000e-06 -8.78461633e-07 
 1.26210000e-06 -8.33492700e-07  1.26210000e-06 -8.78461633e-07 
 1.26410000e-06 -8.33492700e-07  1.26410000e-06 -8.78461633e-07 
 1.26610000e-06 -8.33492700e-07  1.26610000e-06 -8.78461633e-07 
 1.26810000e-06 -8.33492700e-07  1.26810000e-06 -8.78461633e-07 
 1.27010000e-06 -8.33492700e-07  1.27010000e-06 -8.78461633e-07 
 1.27210000e-06 -8.33492700e-07  1.27210000e-06 -8.78461633e-07 
 1.27410000e-06 -8.33492700e-07  1.27410000e-06 -8.78461633e-07 
 1.27610000e-06 -8.33492700e-07  1.27610000e-06 -8.78461633e-07 
 1.27810000e-06 -8.33492700e-07  1.27810000e-06 -8.78461633e-07 
 1.28010000e-06 -8.33492700e-07  1.28010000e-06 -8.78461633e-07 
 1.28210000e-06 -8.33492700e-07  1.28210000e-06 -8.78461633e-07 
 1.28410000e-06 -8.33492700e-07  1.28410000e-06 -8.78461633e-07 
 1.28610000e-06 -8.33492700e-07  1.28610000e-06 -8.78461633e-07 
 1.28810000e-06 -8.33492700e-07  1.28810000e-06 -8.78461633e-07 
 1.29010000e-06 -8.33492700e-07  1.29010000e-06 -8.78461633e-07 
 1.29210000e-06 -8.33492700e-07  1.29210000e-06 -8.78461633e-07 
 1.29410000e-06 -8.33492700e-07  1.29410000e-06 -8.78461633e-07 
 1.29610000e-06 -8.33492700e-07  1.29610000e-06 -8.78461633e-07 
 1.29800000e-06 -8.33492700e-07  1.29800000e-06 -8.78461633e-07 
 1.29820000e-06 -8.31962259e-07  1.29820000e-06 -8.80836362e-07 
 1.29860000e-06 -8.27229782e-07  1.29860000e-06 -8.87494663e-07 
 1.29930000e-06 -8.05162138e-07  1.29930000e-06 -9.13524828e-07 
 1.30000000e-06 -7.72286517e-07  1.30000000e-06 -9.51453510e-07 
 1.30014000e-06 -7.72251201e-07  1.30014000e-06 -9.51471950e-07 
 1.30042000e-06 -7.72316336e-07  1.30042000e-06 -9.51436501e-07 
 1.30098000e-06 -7.72316345e-07  1.30098000e-06 -9.51436496e-07 
 1.30210000e-06 -7.72316439e-07  1.30210000e-06 -9.51436443e-07 
 1.30410000e-06 -7.72316439e-07  1.30410000e-06 -9.51436443e-07 
 1.30610000e-06 -7.72316439e-07  1.30610000e-06 -9.51436443e-07 
 1.30810000e-06 -7.72316439e-07  1.30810000e-06 -9.51436443e-07 
 1.31010000e-06 -7.72316439e-07  1.31010000e-06 -9.51436443e-07 
 1.31210000e-06 -7.72316439e-07  1.31210000e-06 -9.51436443e-07 
 1.31410000e-06 -7.72316439e-07  1.31410000e-06 -9.51436443e-07 
 1.31610000e-06 -7.72316439e-07  1.31610000e-06 -9.51436443e-07 
 1.31810000e-06 -7.72316439e-07  1.31810000e-06 -9.51436443e-07 
 1.32010000e-06 -7.72316439e-07  1.32010000e-06 -9.51436443e-07 
 1.32210000e-06 -7.72316439e-07  1.32210000e-06 -9.51436443e-07 
 1.32410000e-06 -7.72316439e-07  1.32410000e-06 -9.51436443e-07 
 1.32610000e-06 -7.72316439e-07  1.32610000e-06 -9.51436443e-07 
 1.32810000e-06 -7.72316439e-07  1.32810000e-06 -9.51436443e-07 
 1.33010000e-06 -7.72316439e-07  1.33010000e-06 -9.51436443e-07 
 1.33210000e-06 -7.72316439e-07  1.33210000e-06 -9.51436443e-07 
 1.33410000e-06 -7.72316439e-07  1.33410000e-06 -9.51436443e-07 
 1.33610000e-06 -7.72316439e-07  1.33610000e-06 -9.51436443e-07 
 1.33810000e-06 -7.72316439e-07  1.33810000e-06 -9.51436443e-07 
 1.34010000e-06 -7.72316439e-07  1.34010000e-06 -9.51436443e-07 
 1.34210000e-06 -7.72316439e-07  1.34210000e-06 -9.51436443e-07 
 1.34410000e-06 -7.72316439e-07  1.34410000e-06 -9.51436443e-07 
 1.34610000e-06 -7.72316439e-07  1.34610000e-06 -9.51436443e-07 
 1.34800000e-06 -7.72316439e-07  1.34800000e-06 -9.51436443e-07 
 1.34820000e-06 -8.36929622e-07  1.34820000e-06 -8.86639214e-07 
 1.34860000e-06 -8.60328563e-07  1.34860000e-06 -8.72990051e-07 
 1.34930000e-06 -8.86257344e-07  1.34930000e-06 -8.79462215e-07 
 1.35000000e-06 -9.35391993e-07  1.35000000e-06 -8.82718692e-07 
 1.35014000e-06 -9.35620205e-07  1.35014000e-06 -8.82468196e-07 
 1.35042000e-06 -9.35596648e-07  1.35042000e-06 -8.82514275e-07 
 1.35098000e-06 -9.35599071e-07  1.35098000e-06 -8.82511897e-07 
 1.35210000e-06 -9.35599028e-07  1.35210000e-06 -8.82511974e-07 
 1.35410000e-06 -9.35599028e-07  1.35410000e-06 -8.82511974e-07 
 1.35610000e-06 -9.35599028e-07  1.35610000e-06 -8.82511974e-07 
 1.35810000e-06 -9.35599028e-07  1.35810000e-06 -8.82511974e-07 
 1.36010000e-06 -9.35599028e-07  1.36010000e-06 -8.82511974e-07 
 1.36210000e-06 -9.35599028e-07  1.36210000e-06 -8.82511974e-07 
 1.36410000e-06 -9.35599028e-07  1.36410000e-06 -8.82511974e-07 
 1.36610000e-06 -9.35599028e-07  1.36610000e-06 -8.82511974e-07 
 1.36810000e-06 -9.35599028e-07  1.36810000e-06 -8.82511974e-07 
 1.37010000e-06 -9.35599028e-07  1.37010000e-06 -8.82511974e-07 
 1.37210000e-06 -9.35599028e-07  1.37210000e-06 -8.82511974e-07 
 1.37410000e-06 -9.35599028e-07  1.37410000e-06 -8.82511974e-07 
 1.37610000e-06 -9.35599028e-07  1.37610000e-06 -8.82511974e-07 
 1.37810000e-06 -9.35599028e-07  1.37810000e-06 -8.82511974e-07 
 1.38010000e-06 -9.35599028e-07  1.38010000e-06 -8.82511974e-07 
 1.38210000e-06 -9.35599028e-07  1.38210000e-06 -8.82511974e-07 
 1.38410000e-06 -9.35599028e-07  1.38410000e-06 -8.82511974e-07 
 1.38610000e-06 -9.35599028e-07  1.38610000e-06 -8.82511974e-07 
 1.38810000e-06 -9.35599028e-07  1.38810000e-06 -8.82511974e-07 
 1.39010000e-06 -9.35599028e-07  1.39010000e-06 -8.82511974e-07 
 1.39210000e-06 -9.35599028e-07  1.39210000e-06 -8.82511974e-07 
 1.39410000e-06 -9.35599028e-07  1.39410000e-06 -8.82511974e-07 
 1.39610000e-06 -9.35599028e-07  1.39610000e-06 -8.82511974e-07 
 1.39800000e-06 -9.35599028e-07  1.39800000e-06 -8.82511974e-07 
 1.39820000e-06 -9.29941670e-07  1.39820000e-06 -8.86635595e-07 
 1.39860000e-06 -9.22912327e-07  1.39860000e-06 -8.90963694e-07 
 1.39930000e-06 -9.15776660e-07  1.39930000e-06 -8.93889428e-07 
 1.40000000e-06 -9.11399167e-07  1.40000000e-06 -8.94674360e-07 
 1.40014000e-06 -9.11454354e-07  1.40014000e-06 -8.94596125e-07 
 1.40042000e-06 -9.11483486e-07  1.40042000e-06 -8.94578933e-07 
 1.40098000e-06 -9.11483461e-07  1.40098000e-06 -8.94578962e-07 
 1.40210000e-06 -9.11483503e-07  1.40210000e-06 -8.94578915e-07 
 1.40410000e-06 -9.11483503e-07  1.40410000e-06 -8.94578915e-07 
 1.40610000e-06 -9.11483503e-07  1.40610000e-06 -8.94578915e-07 
 1.40810000e-06 -9.11483503e-07  1.40810000e-06 -8.94578915e-07 
 1.41010000e-06 -9.11483503e-07  1.41010000e-06 -8.94578915e-07 
 1.41210000e-06 -9.11483503e-07  1.41210000e-06 -8.94578915e-07 
 1.41410000e-06 -9.11483503e-07  1.41410000e-06 -8.94578915e-07 
 1.41610000e-06 -9.11483503e-07  1.41610000e-06 -8.94578915e-07 
 1.41810000e-06 -9.11483503e-07  1.41810000e-06 -8.94578915e-07 
 1.42010000e-06 -9.11483503e-07  1.42010000e-06 -8.94578915e-07 
 1.42210000e-06 -9.11483503e-07  1.42210000e-06 -8.94578915e-07 
 1.42410000e-06 -9.11483503e-07  1.42410000e-06 -8.94578915e-07 
 1.42610000e-06 -9.11483503e-07  1.42610000e-06 -8.94578915e-07 
 1.42810000e-06 -9.11483503e-07  1.42810000e-06 -8.94578915e-07 
 1.43010000e-06 -9.11483503e-07  1.43010000e-06 -8.94578915e-07 
 1.43210000e-06 -9.11483503e-07  1.43210000e-06 -8.94578915e-07 
 1.43410000e-06 -9.11483503e-07  1.43410000e-06 -8.94578915e-07 
 1.43610000e-06 -9.11483503e-07  1.43610000e-06 -8.94578915e-07 
 1.43810000e-06 -9.11483503e-07  1.43810000e-06 -8.94578915e-07 
 1.44010000e-06 -9.11483503e-07  1.44010000e-06 -8.94578915e-07 
 1.44210000e-06 -9.11483503e-07  1.44210000e-06 -8.94578915e-07 
 1.44410000e-06 -9.11483503e-07  1.44410000e-06 -8.94578915e-07 
 1.44610000e-06 -9.11483503e-07  1.44610000e-06 -8.94578915e-07 
 1.44800000e-06 -9.11483503e-07  1.44800000e-06 -8.94578915e-07 
 1.44820000e-06 -9.10375602e-07  1.44820000e-06 -8.94755224e-07 
 1.44860000e-06 -9.08527467e-07  1.44860000e-06 -8.94941915e-07 
 1.44930000e-06 -9.05792035e-07  1.44930000e-06 -8.95117869e-07 
 1.45000000e-06 -9.03594363e-07  1.45000000e-06 -8.95199044e-07 
 1.45014000e-06 -9.03588408e-07  1.45014000e-06 -8.95196559e-07 
 1.45042000e-06 -9.03596984e-07  1.45042000e-06 -8.95196144e-07 
 1.45098000e-06 -9.03596985e-07  1.45098000e-06 -8.95196144e-07 
 1.45210000e-06 -9.03596987e-07  1.45210000e-06 -8.95196141e-07 
 1.45410000e-06 -9.03596987e-07  1.45410000e-06 -8.95196141e-07 
 1.45610000e-06 -9.03596987e-07  1.45610000e-06 -8.95196141e-07 
 1.45810000e-06 -9.03596987e-07  1.45810000e-06 -8.95196141e-07 
 1.46010000e-06 -9.03596987e-07  1.46010000e-06 -8.95196141e-07 
 1.46210000e-06 -9.03596987e-07  1.46210000e-06 -8.95196141e-07 
 1.46410000e-06 -9.03596987e-07  1.46410000e-06 -8.95196141e-07 
 1.46610000e-06 -9.03596987e-07  1.46610000e-06 -8.95196141e-07 
 1.46810000e-06 -9.03596987e-07  1.46810000e-06 -8.95196141e-07 
 1.47010000e-06 -9.03596987e-07  1.47010000e-06 -8.95196141e-07 
 1.47210000e-06 -9.03596987e-07  1.47210000e-06 -8.95196141e-07 
 1.47410000e-06 -9.03596987e-07  1.47410000e-06 -8.95196141e-07 
 1.47610000e-06 -9.03596987e-07  1.47610000e-06 -8.95196141e-07 
 1.47810000e-06 -9.03596987e-07  1.47810000e-06 -8.95196141e-07 
 1.48010000e-06 -9.03596987e-07  1.48010000e-06 -8.95196141e-07 
 1.48210000e-06 -9.03596987e-07  1.48210000e-06 -8.95196141e-07 
 1.48410000e-06 -9.03596987e-07  1.48410000e-06 -8.95196141e-07 
 1.48610000e-06 -9.03596987e-07  1.48610000e-06 -8.95196141e-07 
 1.48810000e-06 -9.03596987e-07  1.48810000e-06 -8.95196141e-07 
 1.49010000e-06 -9.03596987e-07  1.49010000e-06 -8.95196141e-07 
 1.49210000e-06 -9.03596987e-07  1.49210000e-06 -8.95196141e-07 
 1.49410000e-06 -9.03596987e-07  1.49410000e-06 -8.95196141e-07 
 1.49610000e-06 -9.03596987e-07  1.49610000e-06 -8.95196141e-07 
 1.49800000e-06 -9.03596987e-07  1.49800000e-06 -8.95196141e-07 
 1.49820000e-06 -9.03031048e-07  1.49820000e-06 -8.95215987e-07 
 1.49860000e-06 -9.02034235e-07  1.49860000e-06 -8.95262588e-07 
 1.49930000e-06 -9.00508600e-07  1.49930000e-06 -8.95383654e-07 
 1.50000000e-06 -8.99248126e-07  1.50000000e-06 -8.95583596e-07 
 1.50014000e-06 -8.99243805e-07  1.50014000e-06 -8.95581178e-07 
 1.50042000e-06 -8.99248473e-07  1.50042000e-06 -8.95583120e-07 
 1.50098000e-06 -8.99248473e-07  1.50098000e-06 -8.95583119e-07 
 1.50210000e-06 -8.99248474e-07  1.50210000e-06 -8.95583119e-07 
 1.50410000e-06 -8.99248474e-07  1.50410000e-06 -8.95583119e-07 
 1.50610000e-06 -8.99248474e-07  1.50610000e-06 -8.95583119e-07 
 1.50810000e-06 -8.99248474e-07  1.50810000e-06 -8.95583119e-07 
 1.51010000e-06 -8.99248474e-07  1.51010000e-06 -8.95583119e-07 
 1.51210000e-06 -8.99248474e-07  1.51210000e-06 -8.95583119e-07 
 1.51410000e-06 -8.99248474e-07  1.51410000e-06 -8.95583119e-07 
 1.51610000e-06 -8.99248474e-07  1.51610000e-06 -8.95583119e-07 
 1.51810000e-06 -8.99248474e-07  1.51810000e-06 -8.95583119e-07 
 1.52010000e-06 -8.99248474e-07  1.52010000e-06 -8.95583119e-07 
 1.52210000e-06 -8.99248474e-07  1.52210000e-06 -8.95583119e-07 
 1.52410000e-06 -8.99248474e-07  1.52410000e-06 -8.95583119e-07 
 1.52610000e-06 -8.99248474e-07  1.52610000e-06 -8.95583119e-07 
 1.52810000e-06 -8.99248474e-07  1.52810000e-06 -8.95583119e-07 
 1.53010000e-06 -8.99248474e-07  1.53010000e-06 -8.95583119e-07 
 1.53210000e-06 -8.99248474e-07  1.53210000e-06 -8.95583119e-07 
 1.53410000e-06 -8.99248474e-07  1.53410000e-06 -8.95583119e-07 
 1.53610000e-06 -8.99248474e-07  1.53610000e-06 -8.95583119e-07 
 1.53810000e-06 -8.99248474e-07  1.53810000e-06 -8.95583119e-07 
 1.54010000e-06 -8.99248474e-07  1.54010000e-06 -8.95583119e-07 
 1.54210000e-06 -8.99248474e-07  1.54210000e-06 -8.95583119e-07 
 1.54410000e-06 -8.99248474e-07  1.54410000e-06 -8.95583119e-07 
 1.54610000e-06 -8.99248474e-07  1.54610000e-06 -8.95583119e-07 
 1.54800000e-06 -8.99248474e-07  1.54800000e-06 -8.95583119e-07 
 1.54820000e-06 -8.98921987e-07  1.54820000e-06 -8.95653917e-07 
 1.54860000e-06 -8.98347527e-07  1.54860000e-06 -8.95835474e-07 
 1.54930000e-06 -8.97478579e-07  1.54930000e-06 -8.96241228e-07 
 1.55000000e-06 -8.96783052e-07  1.55000000e-06 -8.96783156e-07 
 1.55014000e-06 -8.96779874e-07  1.55014000e-06 -8.96780074e-07 
 1.55042000e-06 -8.96783047e-07  1.55042000e-06 -8.96783047e-07 
 1.55098000e-06 -8.96783047e-07  1.55098000e-06 -8.96783047e-07 
 1.55210000e-06 -8.96783047e-07  1.55210000e-06 -8.96783047e-07 
 1.55410000e-06 -8.96783047e-07  1.55410000e-06 -8.96783047e-07 
 1.55610000e-06 -8.96783047e-07  1.55610000e-06 -8.96783047e-07 
 1.55810000e-06 -8.96783047e-07  1.55810000e-06 -8.96783047e-07 
 1.56010000e-06 -8.96783047e-07  1.56010000e-06 -8.96783047e-07 
 1.56210000e-06 -8.96783047e-07  1.56210000e-06 -8.96783047e-07 
 1.56410000e-06 -8.96783047e-07  1.56410000e-06 -8.96783047e-07 
 1.56610000e-06 -8.96783047e-07  1.56610000e-06 -8.96783047e-07 
 1.56810000e-06 -8.96783047e-07  1.56810000e-06 -8.96783047e-07 
 1.57010000e-06 -8.96783047e-07  1.57010000e-06 -8.96783047e-07 
 1.57210000e-06 -8.96783047e-07  1.57210000e-06 -8.96783047e-07 
 1.57410000e-06 -8.96783047e-07  1.57410000e-06 -8.96783047e-07 
 1.57610000e-06 -8.96783047e-07  1.57610000e-06 -8.96783047e-07 
 1.57810000e-06 -8.96783047e-07  1.57810000e-06 -8.96783047e-07 
 1.58010000e-06 -8.96783047e-07  1.58010000e-06 -8.96783047e-07 
 1.58210000e-06 -8.96783047e-07  1.58210000e-06 -8.96783047e-07 
 1.58410000e-06 -8.96783047e-07  1.58410000e-06 -8.96783047e-07 
 1.58610000e-06 -8.96783047e-07  1.58610000e-06 -8.96783047e-07 
 1.58810000e-06 -8.96783047e-07  1.58810000e-06 -8.96783047e-07 
 1.59010000e-06 -8.96783047e-07  1.59010000e-06 -8.96783047e-07 
 1.59210000e-06 -8.96783047e-07  1.59210000e-06 -8.96783047e-07 
 1.59410000e-06 -8.96783047e-07  1.59410000e-06 -8.96783047e-07 
 1.59610000e-06 -8.96783047e-07  1.59610000e-06 -8.96783047e-07 
 1.59800000e-06 -8.96783047e-07  1.59800000e-06 -8.96783047e-07 
 1.59820000e-06 -8.96607132e-07  1.59820000e-06 -8.96958962e-07 
 1.59860000e-06 -8.96309833e-07  1.59860000e-06 -8.97369128e-07 
 1.59930000e-06 -8.95885770e-07  1.59930000e-06 -8.98211930e-07 
 1.60000000e-06 -8.95583330e-07  1.60000000e-06 -8.99248371e-07 
 1.60014000e-06 -8.95580948e-07  1.60014000e-06 -8.99244188e-07 
 1.60042000e-06 -8.95583119e-07  1.60042000e-06 -8.99248473e-07 
 1.60098000e-06 -8.95583119e-07  1.60098000e-06 -8.99248473e-07 
 1.60210000e-06 -8.95583119e-07  1.60210000e-06 -8.99248474e-07 
 1.60410000e-06 -8.95583119e-07  1.60410000e-06 -8.99248474e-07 
 1.60610000e-06 -8.95583119e-07  1.60610000e-06 -8.99248474e-07 
 1.60810000e-06 -8.95583119e-07  1.60810000e-06 -8.99248474e-07 
 1.61010000e-06 -8.95583119e-07  1.61010000e-06 -8.99248474e-07 
 1.61210000e-06 -8.95583119e-07  1.61210000e-06 -8.99248474e-07 
 1.61410000e-06 -8.95583119e-07  1.61410000e-06 -8.99248474e-07 
 1.61610000e-06 -8.95583119e-07  1.61610000e-06 -8.99248474e-07 
 1.61810000e-06 -8.95583119e-07  1.61810000e-06 -8.99248474e-07 
 1.62010000e-06 -8.95583119e-07  1.62010000e-06 -8.99248474e-07 
 1.62210000e-06 -8.95583119e-07  1.62210000e-06 -8.99248474e-07 
 1.62410000e-06 -8.95583119e-07  1.62410000e-06 -8.99248474e-07 
 1.62610000e-06 -8.95583119e-07  1.62610000e-06 -8.99248474e-07 
 1.62810000e-06 -8.95583119e-07  1.62810000e-06 -8.99248474e-07 
 1.63010000e-06 -8.95583119e-07  1.63010000e-06 -8.99248474e-07 
 1.63210000e-06 -8.95583119e-07  1.63210000e-06 -8.99248474e-07 
 1.63410000e-06 -8.95583119e-07  1.63410000e-06 -8.99248474e-07 
 1.63610000e-06 -8.95583119e-07  1.63610000e-06 -8.99248474e-07 
 1.63810000e-06 -8.95583119e-07  1.63810000e-06 -8.99248474e-07 
 1.64010000e-06 -8.95583119e-07  1.64010000e-06 -8.99248474e-07 
 1.64210000e-06 -8.95583119e-07  1.64210000e-06 -8.99248474e-07 
 1.64410000e-06 -8.95583119e-07  1.64410000e-06 -8.99248474e-07 
 1.64610000e-06 -8.95583119e-07  1.64610000e-06 -8.99248474e-07 
 1.64800000e-06 -8.95583119e-07  1.64800000e-06 -8.99248474e-07 
 1.64820000e-06 -8.95512321e-07  1.64820000e-06 -8.99574960e-07 
 1.64860000e-06 -8.95406413e-07  1.64860000e-06 -9.00313689e-07 
 1.64930000e-06 -8.95276284e-07  1.64930000e-06 -9.01798004e-07 
 1.65000000e-06 -8.95197034e-07  1.65000000e-06 -9.03596203e-07 
 1.65014000e-06 -8.95195780e-07  1.65014000e-06 -9.03589606e-07 
 1.65042000e-06 -8.95196144e-07  1.65042000e-06 -9.03596984e-07 
 1.65098000e-06 -8.95196143e-07  1.65098000e-06 -9.03596985e-07 
 1.65210000e-06 -8.95196141e-07  1.65210000e-06 -9.03596987e-07 
 1.65410000e-06 -8.95196141e-07  1.65410000e-06 -9.03596987e-07 
 1.65610000e-06 -8.95196141e-07  1.65610000e-06 -9.03596987e-07 
 1.65810000e-06 -8.95196141e-07  1.65810000e-06 -9.03596987e-07 
 1.66010000e-06 -8.95196141e-07  1.66010000e-06 -9.03596987e-07 
 1.66210000e-06 -8.95196141e-07  1.66210000e-06 -9.03596987e-07 
 1.66410000e-06 -8.95196141e-07  1.66410000e-06 -9.03596987e-07 
 1.66610000e-06 -8.95196141e-07  1.66610000e-06 -9.03596987e-07 
 1.66810000e-06 -8.95196141e-07  1.66810000e-06 -9.03596987e-07 
 1.67010000e-06 -8.95196141e-07  1.67010000e-06 -9.03596987e-07 
 1.67210000e-06 -8.95196141e-07  1.67210000e-06 -9.03596987e-07 
 1.67410000e-06 -8.95196141e-07  1.67410000e-06 -9.03596987e-07 
 1.67610000e-06 -8.95196141e-07  1.67610000e-06 -9.03596987e-07 
 1.67810000e-06 -8.95196141e-07  1.67810000e-06 -9.03596987e-07 
 1.68010000e-06 -8.95196141e-07  1.68010000e-06 -9.03596987e-07 
 1.68210000e-06 -8.95196141e-07  1.68210000e-06 -9.03596987e-07 
 1.68410000e-06 -8.95196141e-07  1.68410000e-06 -9.03596987e-07 
 1.68610000e-06 -8.95196141e-07  1.68610000e-06 -9.03596987e-07 
 1.68810000e-06 -8.95196141e-07  1.68810000e-06 -9.03596987e-07 
 1.69010000e-06 -8.95196141e-07  1.69010000e-06 -9.03596987e-07 
 1.69210000e-06 -8.95196141e-07  1.69210000e-06 -9.03596987e-07 
 1.69410000e-06 -8.95196141e-07  1.69410000e-06 -9.03596987e-07 
 1.69610000e-06 -8.95196141e-07  1.69610000e-06 -9.03596987e-07 
 1.69800000e-06 -8.95196141e-07  1.69800000e-06 -9.03596987e-07 
 1.69820000e-06 -8.95176295e-07  1.69820000e-06 -9.04162927e-07 
 1.69860000e-06 -8.95129832e-07  1.69860000e-06 -9.05451594e-07 
 1.69930000e-06 -8.94978284e-07  1.69930000e-06 -9.08096143e-07 
 1.70000000e-06 -8.94586798e-07  1.70000000e-06 -9.11476042e-07 
 1.70014000e-06 -8.94587960e-07  1.70014000e-06 -9.11463449e-07 
 1.70042000e-06 -8.94578943e-07  1.70042000e-06 -9.11483476e-07 
 1.70098000e-06 -8.94578938e-07  1.70098000e-06 -9.11483482e-07 
 1.70210000e-06 -8.94578915e-07  1.70210000e-06 -9.11483503e-07 
 1.70410000e-06 -8.94578915e-07  1.70410000e-06 -9.11483503e-07 
 1.70610000e-06 -8.94578915e-07  1.70610000e-06 -9.11483503e-07 
 1.70810000e-06 -8.94578915e-07  1.70810000e-06 -9.11483503e-07 
 1.71010000e-06 -8.94578915e-07  1.71010000e-06 -9.11483503e-07 
 1.71210000e-06 -8.94578915e-07  1.71210000e-06 -9.11483503e-07 
 1.71410000e-06 -8.94578915e-07  1.71410000e-06 -9.11483503e-07 
 1.71610000e-06 -8.94578915e-07  1.71610000e-06 -9.11483503e-07 
 1.71810000e-06 -8.94578915e-07  1.71810000e-06 -9.11483503e-07 
 1.72010000e-06 -8.94578915e-07  1.72010000e-06 -9.11483503e-07 
 1.72210000e-06 -8.94578915e-07  1.72210000e-06 -9.11483503e-07 
 1.72410000e-06 -8.94578915e-07  1.72410000e-06 -9.11483503e-07 
 1.72610000e-06 -8.94578915e-07  1.72610000e-06 -9.11483503e-07 
 1.72810000e-06 -8.94578915e-07  1.72810000e-06 -9.11483503e-07 
 1.73010000e-06 -8.94578915e-07  1.73010000e-06 -9.11483503e-07 
 1.73210000e-06 -8.94578915e-07  1.73210000e-06 -9.11483503e-07 
 1.73410000e-06 -8.94578915e-07  1.73410000e-06 -9.11483503e-07 
 1.73610000e-06 -8.94578915e-07  1.73610000e-06 -9.11483503e-07 
 1.73810000e-06 -8.94578915e-07  1.73810000e-06 -9.11483503e-07 
 1.74010000e-06 -8.94578915e-07  1.74010000e-06 -9.11483503e-07 
 1.74210000e-06 -8.94578915e-07  1.74210000e-06 -9.11483503e-07 
 1.74410000e-06 -8.94578915e-07  1.74410000e-06 -9.11483503e-07 
 1.74610000e-06 -8.94578915e-07  1.74610000e-06 -9.11483503e-07 
 1.74800000e-06 -8.94578915e-07  1.74800000e-06 -9.11483503e-07 
 1.74820000e-06 -8.94402606e-07  1.74820000e-06 -9.12591404e-07 
 1.74860000e-06 -8.93766514e-07  1.74860000e-06 -9.15311588e-07 
 1.74930000e-06 -8.91394794e-07  1.74930000e-06 -9.21814284e-07 
 1.75000000e-06 -8.82537593e-07  1.75000000e-06 -9.35573384e-07 
 1.75014000e-06 -8.83042625e-07  1.75014000e-06 -9.35035722e-07 
 1.75042000e-06 -8.82568486e-07  1.75042000e-06 -9.35542338e-07 
 1.75098000e-06 -8.82533856e-07  1.75098000e-06 -9.35577070e-07 
 1.75210000e-06 -8.82512017e-07  1.75210000e-06 -9.35598985e-07 
 1.75410000e-06 -8.82512003e-07  1.75410000e-06 -9.35598999e-07 
 1.75610000e-06 -8.82511974e-07  1.75610000e-06 -9.35599028e-07 
 1.75810000e-06 -8.82511974e-07  1.75810000e-06 -9.35599028e-07 
 1.76010000e-06 -8.82511974e-07  1.76010000e-06 -9.35599028e-07 
 1.76210000e-06 -8.82511974e-07  1.76210000e-06 -9.35599028e-07 
 1.76410000e-06 -8.82511974e-07  1.76410000e-06 -9.35599028e-07 
 1.76610000e-06 -8.82511974e-07  1.76610000e-06 -9.35599028e-07 
 1.76810000e-06 -8.82511974e-07  1.76810000e-06 -9.35599028e-07 
 1.77010000e-06 -8.82511974e-07  1.77010000e-06 -9.35599028e-07 
 1.77210000e-06 -8.82511974e-07  1.77210000e-06 -9.35599028e-07 
 1.77410000e-06 -8.82511974e-07  1.77410000e-06 -9.35599028e-07 
 1.77610000e-06 -8.82511974e-07  1.77610000e-06 -9.35599028e-07 
 1.77810000e-06 -8.82511974e-07  1.77810000e-06 -9.35599028e-07 
 1.78010000e-06 -8.82511974e-07  1.78010000e-06 -9.35599028e-07 
 1.78210000e-06 -8.82511974e-07  1.78210000e-06 -9.35599028e-07 
 1.78410000e-06 -8.82511974e-07  1.78410000e-06 -9.35599028e-07 
 1.78610000e-06 -8.82511974e-07  1.78610000e-06 -9.35599028e-07 
 1.78810000e-06 -8.82511974e-07  1.78810000e-06 -9.35599028e-07 
 1.79010000e-06 -8.82511974e-07  1.79010000e-06 -9.35599028e-07 
 1.79210000e-06 -8.82511974e-07  1.79210000e-06 -9.35599028e-07 
 1.79410000e-06 -8.82511974e-07  1.79410000e-06 -9.35599028e-07 
 1.79610000e-06 -8.82511974e-07  1.79610000e-06 -9.35599028e-07 
 1.79800000e-06 -8.82511974e-07  1.79800000e-06 -9.35599028e-07 
 1.79820000e-06 -8.99523128e-07  1.79820000e-06 -9.15906994e-07 
 1.79860000e-06 -9.05075666e-07  1.79860000e-06 -9.08826081e-07 
 1.79930000e-06 -9.12444222e-07  1.79930000e-06 -9.11016330e-07 
 1.80000000e-06 -9.29846409e-07  1.80000000e-06 -9.29775514e-07 
 1.80014000e-06 -9.29912782e-07  1.80014000e-06 -9.29868121e-07 
 1.80042000e-06 -9.29919084e-07  1.80042000e-06 -9.29919042e-07 
 1.80098000e-06 -9.29919799e-07  1.80098000e-06 -9.29919461e-07 
 1.80210000e-06 -9.29919737e-07  1.80210000e-06 -9.29919737e-07 
 1.80410000e-06 -9.29919738e-07  1.80410000e-06 -9.29919737e-07 
 1.80610000e-06 -9.29919738e-07  1.80610000e-06 -9.29919738e-07 
 1.80810000e-06 -9.29919738e-07  1.80810000e-06 -9.29919738e-07 
 1.81010000e-06 -9.29919738e-07  1.81010000e-06 -9.29919738e-07 
 1.81210000e-06 -9.29919738e-07  1.81210000e-06 -9.29919738e-07 
 1.81410000e-06 -9.29919738e-07  1.81410000e-06 -9.29919738e-07 
 1.81610000e-06 -9.29919738e-07  1.81610000e-06 -9.29919738e-07 
 1.81810000e-06 -9.29919738e-07  1.81810000e-06 -9.29919738e-07 
 1.82010000e-06 -9.29919738e-07  1.82010000e-06 -9.29919738e-07 
 1.82210000e-06 -9.29919738e-07  1.82210000e-06 -9.29919738e-07 
 1.82410000e-06 -9.29919738e-07  1.82410000e-06 -9.29919738e-07 
 1.82610000e-06 -9.29919738e-07  1.82610000e-06 -9.29919738e-07 
 1.82810000e-06 -9.29919738e-07  1.82810000e-06 -9.29919738e-07 
 1.83010000e-06 -9.29919738e-07  1.83010000e-06 -9.29919738e-07 
 1.83210000e-06 -9.29919738e-07  1.83210000e-06 -9.29919738e-07 
 1.83410000e-06 -9.29919738e-07  1.83410000e-06 -9.29919738e-07 
 1.83610000e-06 -9.29919738e-07  1.83610000e-06 -9.29919738e-07 
 1.83810000e-06 -9.29919738e-07  1.83810000e-06 -9.29919738e-07 
 1.84010000e-06 -9.29919738e-07  1.84010000e-06 -9.29919738e-07 
 1.84210000e-06 -9.29919738e-07  1.84210000e-06 -9.29919738e-07 
 1.84410000e-06 -9.29919738e-07  1.84410000e-06 -9.29919738e-07 
 1.84610000e-06 -9.29919738e-07  1.84610000e-06 -9.29919738e-07 
 1.84800000e-06 -9.29919738e-07  1.84800000e-06 -9.29919738e-07 
 1.84820000e-06 -9.28519263e-07  1.84820000e-06 -9.28519263e-07 
 1.84860000e-06 -9.26302414e-07  1.84860000e-06 -9.26302414e-07 
 1.84930000e-06 -9.23099200e-07  1.84930000e-06 -9.23099200e-07 
 1.85000000e-06 -9.20579549e-07  1.85000000e-06 -9.20579549e-07 
 1.85014000e-06 -9.20574265e-07  1.85014000e-06 -9.20574265e-07 
 1.85042000e-06 -9.20584812e-07  1.85042000e-06 -9.20584812e-07 
 1.85098000e-06 -9.20584810e-07  1.85098000e-06 -9.20584810e-07 
 1.85210000e-06 -9.20584815e-07  1.85210000e-06 -9.20584815e-07 
 1.85410000e-06 -9.20584815e-07  1.85410000e-06 -9.20584815e-07 
 1.85610000e-06 -9.20584815e-07  1.85610000e-06 -9.20584815e-07 
 1.85810000e-06 -9.20584815e-07  1.85810000e-06 -9.20584815e-07 
 1.86010000e-06 -9.20584815e-07  1.86010000e-06 -9.20584815e-07 
 1.86210000e-06 -9.20584815e-07  1.86210000e-06 -9.20584815e-07 
 1.86410000e-06 -9.20584815e-07  1.86410000e-06 -9.20584815e-07 
 1.86610000e-06 -9.20584815e-07  1.86610000e-06 -9.20584815e-07 
 1.86810000e-06 -9.20584815e-07  1.86810000e-06 -9.20584815e-07 
 1.87010000e-06 -9.20584815e-07  1.87010000e-06 -9.20584815e-07 
 1.87210000e-06 -9.20584815e-07  1.87210000e-06 -9.20584815e-07 
 1.87410000e-06 -9.20584815e-07  1.87410000e-06 -9.20584815e-07 
 1.87610000e-06 -9.20584815e-07  1.87610000e-06 -9.20584815e-07 
 1.87810000e-06 -9.20584815e-07  1.87810000e-06 -9.20584815e-07 
 1.88010000e-06 -9.20584815e-07  1.88010000e-06 -9.20584815e-07 
 1.88210000e-06 -9.20584815e-07  1.88210000e-06 -9.20584815e-07 
 1.88410000e-06 -9.20584815e-07  1.88410000e-06 -9.20584815e-07 
 1.88610000e-06 -9.20584815e-07  1.88610000e-06 -9.20584815e-07 
 1.88810000e-06 -9.20584815e-07  1.88810000e-06 -9.20584815e-07 
 1.89010000e-06 -9.20584815e-07  1.89010000e-06 -9.20584815e-07 
 1.89210000e-06 -9.20584815e-07  1.89210000e-06 -9.20584815e-07 
 1.89410000e-06 -9.20584815e-07  1.89410000e-06 -9.20584815e-07 
 1.89610000e-06 -9.20584815e-07  1.89610000e-06 -9.20584815e-07 
 1.89800000e-06 -9.20584815e-07  1.89800000e-06 -9.20584815e-07 
 1.89820000e-06 -9.19940415e-07  1.89820000e-06 -9.19940415e-07 
 1.89860000e-06 -9.18814595e-07  1.89860000e-06 -9.18814595e-07 
 1.89930000e-06 -9.17107126e-07  1.89930000e-06 -9.17107126e-07 
 1.90000000e-06 -9.15719711e-07  1.90000000e-06 -9.15719711e-07 
 1.90014000e-06 -9.15714583e-07  1.90014000e-06 -9.15714583e-07 
 1.90042000e-06 -9.15720274e-07  1.90042000e-06 -9.15720274e-07 
 1.90098000e-06 -9.15720275e-07  1.90098000e-06 -9.15720275e-07 
 1.90210000e-06 -9.15720275e-07  1.90210000e-06 -9.15720275e-07 
 1.90410000e-06 -9.15720275e-07  1.90410000e-06 -9.15720275e-07 
 1.90610000e-06 -9.15720275e-07  1.90610000e-06 -9.15720275e-07 
 1.90810000e-06 -9.15720275e-07  1.90810000e-06 -9.15720275e-07 
 1.91010000e-06 -9.15720275e-07  1.91010000e-06 -9.15720275e-07 
 1.91210000e-06 -9.15720275e-07  1.91210000e-06 -9.15720275e-07 
 1.91410000e-06 -9.15720275e-07  1.91410000e-06 -9.15720275e-07 
 1.91610000e-06 -9.15720275e-07  1.91610000e-06 -9.15720275e-07 
 1.91810000e-06 -9.15720275e-07  1.91810000e-06 -9.15720275e-07 
 1.92010000e-06 -9.15720275e-07  1.92010000e-06 -9.15720275e-07 
 1.92210000e-06 -9.15720275e-07  1.92210000e-06 -9.15720275e-07 
 1.92410000e-06 -9.15720275e-07  1.92410000e-06 -9.15720275e-07 
 1.92610000e-06 -9.15720275e-07  1.92610000e-06 -9.15720275e-07 
 1.92810000e-06 -9.15720275e-07  1.92810000e-06 -9.15720275e-07 
 1.93010000e-06 -9.15720275e-07  1.93010000e-06 -9.15720275e-07 
 1.93210000e-06 -9.15720275e-07  1.93210000e-06 -9.15720275e-07 
 1.93410000e-06 -9.15720275e-07  1.93410000e-06 -9.15720275e-07 
 1.93610000e-06 -9.15720275e-07  1.93610000e-06 -9.15720275e-07 
 1.93810000e-06 -9.15720275e-07  1.93810000e-06 -9.15720275e-07 
 1.94010000e-06 -9.15720275e-07  1.94010000e-06 -9.15720275e-07 
 1.94210000e-06 -9.15720275e-07  1.94210000e-06 -9.15720275e-07 
 1.94410000e-06 -9.15720275e-07  1.94410000e-06 -9.15720275e-07 
 1.94610000e-06 -9.15720275e-07  1.94610000e-06 -9.15720275e-07 
 1.94800000e-06 -9.15720275e-07  1.94800000e-06 -9.15720275e-07 
 1.94820000e-06 -9.15364865e-07  1.94820000e-06 -9.15364865e-07 
 1.94860000e-06 -9.14750906e-07  1.94860000e-06 -9.14750906e-07 
 1.94930000e-06 -9.13848647e-07  1.94930000e-06 -9.13848647e-07 
 1.95000000e-06 -9.13171941e-07  1.95000000e-06 -9.13171941e-07 
 1.95014000e-06 -9.13167805e-07  1.95014000e-06 -9.13167805e-07 
 1.95042000e-06 -9.13172080e-07  1.95042000e-06 -9.13172080e-07 
 1.95098000e-06 -9.13172080e-07  1.95098000e-06 -9.13172080e-07 
 1.95210000e-06 -9.13172080e-07  1.95210000e-06 -9.13172080e-07 
 1.95410000e-06 -9.13172080e-07  1.95410000e-06 -9.13172080e-07 
 1.95610000e-06 -9.13172080e-07  1.95610000e-06 -9.13172080e-07 
 1.95810000e-06 -9.13172080e-07  1.95810000e-06 -9.13172080e-07 
 1.96010000e-06 -9.13172080e-07  1.96010000e-06 -9.13172080e-07 
 1.96210000e-06 -9.13172080e-07  1.96210000e-06 -9.13172080e-07 
 1.96410000e-06 -9.13172080e-07  1.96410000e-06 -9.13172080e-07 
 1.96610000e-06 -9.13172080e-07  1.96610000e-06 -9.13172080e-07 
 1.96810000e-06 -9.13172080e-07  1.96810000e-06 -9.13172080e-07 
 1.97010000e-06 -9.13172080e-07  1.97010000e-06 -9.13172080e-07 
 1.97210000e-06 -9.13172080e-07  1.97210000e-06 -9.13172080e-07 
 1.97410000e-06 -9.13172080e-07  1.97410000e-06 -9.13172080e-07 
 1.97610000e-06 -9.13172080e-07  1.97610000e-06 -9.13172080e-07 
 1.97810000e-06 -9.13172080e-07  1.97810000e-06 -9.13172080e-07 
 1.98010000e-06 -9.13172080e-07  1.98010000e-06 -9.13172080e-07 
 1.98210000e-06 -9.13172080e-07  1.98210000e-06 -9.13172080e-07 
 1.98410000e-06 -9.13172080e-07  1.98410000e-06 -9.13172080e-07 
 1.98610000e-06 -9.13172080e-07  1.98610000e-06 -9.13172080e-07 
 1.98810000e-06 -9.13172080e-07  1.98810000e-06 -9.13172080e-07 
 1.99010000e-06 -9.13172080e-07  1.99010000e-06 -9.13172080e-07 
 1.99210000e-06 -9.13172080e-07  1.99210000e-06 -9.13172080e-07 
 1.99410000e-06 -9.13172080e-07  1.99410000e-06 -9.13172080e-07 
 1.99610000e-06 -9.13172080e-07  1.99610000e-06 -9.13172080e-07 
 1.99800000e-06 -9.13172080e-07  1.99800000e-06 -9.13172080e-07 
 1.99820000e-06 -9.13009400e-07  1.99820000e-06 -9.13009400e-07 
 1.99860000e-06 -9.12760071e-07  1.99860000e-06 -9.12760071e-07 
 1.99930000e-06 -9.12466610e-07  1.99930000e-06 -9.12466610e-07 
 2.00000000e-06 -9.12369396e-07  2.00000000e-06 -9.12369396e-07 
 2.00014000e-06 -9.12365573e-07  2.00014000e-06 -9.12365573e-07 
 2.00042000e-06 -9.12369460e-07  2.00042000e-06 -9.12369460e-07 
 2.00098000e-06 -9.12369460e-07  2.00098000e-06 -9.12369460e-07 
 2.00210000e-06 -9.12369460e-07  2.00210000e-06 -9.12369460e-07 
 2.00410000e-06 -9.12369460e-07  2.00410000e-06 -9.12369460e-07 
 2.00610000e-06 -9.12369460e-07  2.00610000e-06 -9.12369460e-07 
 2.00810000e-06 -9.12369460e-07  2.00810000e-06 -9.12369460e-07 
 2.01010000e-06 -9.12369460e-07  2.01010000e-06 -9.12369460e-07 
 2.01210000e-06 -9.12369460e-07  2.01210000e-06 -9.12369460e-07 
 2.01410000e-06 -9.12369460e-07  2.01410000e-06 -9.12369460e-07 
 2.01610000e-06 -9.12369460e-07  2.01610000e-06 -9.12369460e-07 
 2.01810000e-06 -9.12369460e-07  2.01810000e-06 -9.12369460e-07 
 2.02010000e-06 -9.12369460e-07  2.02010000e-06 -9.12369460e-07 
 2.02210000e-06 -9.12369460e-07  2.02210000e-06 -9.12369460e-07 
 2.02410000e-06 -9.12369460e-07  2.02410000e-06 -9.12369460e-07 
 2.02610000e-06 -9.12369460e-07  2.02610000e-06 -9.12369460e-07 
 2.02810000e-06 -9.12369460e-07  2.02810000e-06 -9.12369460e-07 
 2.03010000e-06 -9.12369460e-07  2.03010000e-06 -9.12369460e-07 
 2.03210000e-06 -9.12369460e-07  2.03210000e-06 -9.12369460e-07 
 2.03410000e-06 -9.12369460e-07  2.03410000e-06 -9.12369460e-07 
 2.03610000e-06 -9.12369460e-07  2.03610000e-06 -9.12369460e-07 
 2.03810000e-06 -9.12369460e-07  2.03810000e-06 -9.12369460e-07 
 2.04010000e-06 -9.12369460e-07  2.04010000e-06 -9.12369460e-07 
 2.04210000e-06 -9.12369460e-07  2.04210000e-06 -9.12369460e-07 
 2.04410000e-06 -9.12369460e-07  2.04410000e-06 -9.12369460e-07 
 2.04610000e-06 -9.12369460e-07  2.04610000e-06 -9.12369460e-07 
 2.04800000e-06 -9.12369460e-07  2.04800000e-06 -9.12369460e-07 
 2.04820000e-06 -9.12369460e-07  2.04820000e-06 -9.12369460e-07 
 2.04860000e-06 -9.12440824e-07  2.04860000e-06 -9.12440824e-07 
 2.04930000e-06 -9.12705940e-07  2.04930000e-06 -9.12705940e-07 
 2.05000000e-06 -9.13171999e-07  2.05000000e-06 -9.13171999e-07 
 2.05014000e-06 -9.13167936e-07  2.05014000e-06 -9.13167936e-07 
 2.05042000e-06 -9.13172080e-07  2.05042000e-06 -9.13172080e-07 
 2.05098000e-06 -9.13172080e-07  2.05098000e-06 -9.13172080e-07 
 2.05210000e-06 -9.13172080e-07  2.05210000e-06 -9.13172080e-07 
 2.05410000e-06 -9.13172080e-07  2.05410000e-06 -9.13172080e-07 
 2.05610000e-06 -9.13172080e-07  2.05610000e-06 -9.13172080e-07 
 2.05810000e-06 -9.13172080e-07  2.05810000e-06 -9.13172080e-07 
 2.06010000e-06 -9.13172080e-07  2.06010000e-06 -9.13172080e-07 
 2.06210000e-06 -9.13172080e-07  2.06210000e-06 -9.13172080e-07 
 2.06410000e-06 -9.13172080e-07  2.06410000e-06 -9.13172080e-07 
 2.06610000e-06 -9.13172080e-07  2.06610000e-06 -9.13172080e-07 
 2.06810000e-06 -9.13172080e-07  2.06810000e-06 -9.13172080e-07 
 2.07010000e-06 -9.13172080e-07  2.07010000e-06 -9.13172080e-07 
 2.07210000e-06 -9.13172080e-07  2.07210000e-06 -9.13172080e-07 
 2.07410000e-06 -9.13172080e-07  2.07410000e-06 -9.13172080e-07 
 2.07610000e-06 -9.13172080e-07  2.07610000e-06 -9.13172080e-07 
 2.07810000e-06 -9.13172080e-07  2.07810000e-06 -9.13172080e-07 
 2.08010000e-06 -9.13172080e-07  2.08010000e-06 -9.13172080e-07 
 2.08210000e-06 -9.13172080e-07  2.08210000e-06 -9.13172080e-07 
 2.08410000e-06 -9.13172080e-07  2.08410000e-06 -9.13172080e-07 
 2.08610000e-06 -9.13172080e-07  2.08610000e-06 -9.13172080e-07 
 2.08810000e-06 -9.13172080e-07  2.08810000e-06 -9.13172080e-07 
 2.09010000e-06 -9.13172080e-07  2.09010000e-06 -9.13172080e-07 
 2.09210000e-06 -9.13172080e-07  2.09210000e-06 -9.13172080e-07 
 2.09410000e-06 -9.13172080e-07  2.09410000e-06 -9.13172080e-07 
 2.09610000e-06 -9.13172080e-07  2.09610000e-06 -9.13172080e-07 
 2.09800000e-06 -9.13172080e-07  2.09800000e-06 -9.13172080e-07 
 2.09820000e-06 -9.13334761e-07  2.09820000e-06 -9.13334761e-07 
 2.09860000e-06 -9.13738672e-07  2.09860000e-06 -9.13738672e-07 
 2.09930000e-06 -9.14607422e-07  2.09930000e-06 -9.14607422e-07 
 2.10000000e-06 -9.15720039e-07  2.10000000e-06 -9.15720039e-07 
 2.10014000e-06 -9.15714989e-07  2.10014000e-06 -9.15714989e-07 
 2.10042000e-06 -9.15720274e-07  2.10042000e-06 -9.15720274e-07 
 2.10098000e-06 -9.15720275e-07  2.10098000e-06 -9.15720275e-07 
 2.10210000e-06 -9.15720275e-07  2.10210000e-06 -9.15720275e-07 
 2.10410000e-06 -9.15720275e-07  2.10410000e-06 -9.15720275e-07 
 2.10610000e-06 -9.15720275e-07  2.10610000e-06 -9.15720275e-07 
 2.10810000e-06 -9.15720275e-07  2.10810000e-06 -9.15720275e-07 
 2.11010000e-06 -9.15720275e-07  2.11010000e-06 -9.15720275e-07 
 2.11210000e-06 -9.15720275e-07  2.11210000e-06 -9.15720275e-07 
 2.11410000e-06 -9.15720275e-07  2.11410000e-06 -9.15720275e-07 
 2.11610000e-06 -9.15720275e-07  2.11610000e-06 -9.15720275e-07 
 2.11810000e-06 -9.15720275e-07  2.11810000e-06 -9.15720275e-07 
 2.12010000e-06 -9.15720275e-07  2.12010000e-06 -9.15720275e-07 
 2.12210000e-06 -9.15720275e-07  2.12210000e-06 -9.15720275e-07 
 2.12410000e-06 -9.15720275e-07  2.12410000e-06 -9.15720275e-07 
 2.12610000e-06 -9.15720275e-07  2.12610000e-06 -9.15720275e-07 
 2.12810000e-06 -9.15720275e-07  2.12810000e-06 -9.15720275e-07 
 2.13010000e-06 -9.15720275e-07  2.13010000e-06 -9.15720275e-07 
 2.13210000e-06 -9.15720275e-07  2.13210000e-06 -9.15720275e-07 
 2.13410000e-06 -9.15720275e-07  2.13410000e-06 -9.15720275e-07 
 2.13610000e-06 -9.15720275e-07  2.13610000e-06 -9.15720275e-07 
 2.13810000e-06 -9.15720275e-07  2.13810000e-06 -9.15720275e-07 
 2.14010000e-06 -9.15720275e-07  2.14010000e-06 -9.15720275e-07 
 2.14210000e-06 -9.15720275e-07  2.14210000e-06 -9.15720275e-07 
 2.14410000e-06 -9.15720275e-07  2.14410000e-06 -9.15720275e-07 
 2.14610000e-06 -9.15720275e-07  2.14610000e-06 -9.15720275e-07 
 2.14800000e-06 -9.15720275e-07  2.14800000e-06 -9.15720275e-07 
 2.14820000e-06 -9.16075686e-07  2.14820000e-06 -9.16075686e-07 
 2.14860000e-06 -9.16891024e-07  2.14860000e-06 -9.16891024e-07 
 2.14930000e-06 -9.18548692e-07  2.14930000e-06 -9.18548692e-07 
 2.15000000e-06 -9.20583596e-07  2.15000000e-06 -9.20583596e-07 
 2.15014000e-06 -9.20575909e-07  2.15014000e-06 -9.20575909e-07 
 2.15042000e-06 -9.20584810e-07  2.15042000e-06 -9.20584810e-07 
 2.15098000e-06 -9.20584812e-07  2.15098000e-06 -9.20584812e-07 
 2.15210000e-06 -9.20584815e-07  2.15210000e-06 -9.20584815e-07 
 2.15410000e-06 -9.20584815e-07  2.15410000e-06 -9.20584815e-07 
 2.15610000e-06 -9.20584815e-07  2.15610000e-06 -9.20584815e-07 
 2.15810000e-06 -9.20584815e-07  2.15810000e-06 -9.20584815e-07 
 2.16010000e-06 -9.20584815e-07  2.16010000e-06 -9.20584815e-07 
 2.16210000e-06 -9.20584815e-07  2.16210000e-06 -9.20584815e-07 
 2.16410000e-06 -9.20584815e-07  2.16410000e-06 -9.20584815e-07 
 2.16610000e-06 -9.20584815e-07  2.16610000e-06 -9.20584815e-07 
 2.16810000e-06 -9.20584815e-07  2.16810000e-06 -9.20584815e-07 
 2.17010000e-06 -9.20584815e-07  2.17010000e-06 -9.20584815e-07 
 2.17210000e-06 -9.20584815e-07  2.17210000e-06 -9.20584815e-07 
 2.17410000e-06 -9.20584815e-07  2.17410000e-06 -9.20584815e-07 
 2.17610000e-06 -9.20584815e-07  2.17610000e-06 -9.20584815e-07 
 2.17810000e-06 -9.20584815e-07  2.17810000e-06 -9.20584815e-07 
 2.18010000e-06 -9.20584815e-07  2.18010000e-06 -9.20584815e-07 
 2.18210000e-06 -9.20584815e-07  2.18210000e-06 -9.20584815e-07 
 2.18410000e-06 -9.20584815e-07  2.18410000e-06 -9.20584815e-07 
 2.18610000e-06 -9.20584815e-07  2.18610000e-06 -9.20584815e-07 
 2.18810000e-06 -9.20584815e-07  2.18810000e-06 -9.20584815e-07 
 2.19010000e-06 -9.20584815e-07  2.19010000e-06 -9.20584815e-07 
 2.19210000e-06 -9.20584815e-07  2.19210000e-06 -9.20584815e-07 
 2.19410000e-06 -9.20584815e-07  2.19410000e-06 -9.20584815e-07 
 2.19610000e-06 -9.20584815e-07  2.19610000e-06 -9.20584815e-07 
 2.19800000e-06 -9.20584815e-07  2.19800000e-06 -9.20584815e-07 
 2.19820000e-06 -9.21229215e-07  2.19820000e-06 -9.21229215e-07 
 2.19860000e-06 -9.22709527e-07  2.19860000e-06 -9.22709527e-07 
 2.19930000e-06 -9.25793663e-07  2.19930000e-06 -9.25793663e-07 
 2.20000000e-06 -9.29896222e-07  2.20000000e-06 -9.29896222e-07 
 2.20014000e-06 -9.29888609e-07  2.20014000e-06 -9.29888609e-07 
 2.20042000e-06 -9.29919699e-07  2.20042000e-06 -9.29919699e-07 
 2.20098000e-06 -9.29919642e-07  2.20098000e-06 -9.29919642e-07 
 2.20210000e-06 -9.29919738e-07  2.20210000e-06 -9.29919738e-07 
 2.20410000e-06 -9.29919738e-07  2.20410000e-06 -9.29919738e-07 
 2.20610000e-06 -9.29919738e-07  2.20610000e-06 -9.29919738e-07 
 2.20810000e-06 -9.29919738e-07  2.20810000e-06 -9.29919738e-07 
 2.21010000e-06 -9.29919738e-07  2.21010000e-06 -9.29919738e-07 
 2.21210000e-06 -9.29919738e-07  2.21210000e-06 -9.29919738e-07 
 2.21410000e-06 -9.29919738e-07  2.21410000e-06 -9.29919738e-07 
 2.21610000e-06 -9.29919738e-07  2.21610000e-06 -9.29919738e-07 
 2.21810000e-06 -9.29919738e-07  2.21810000e-06 -9.29919738e-07 
 2.22010000e-06 -9.29919738e-07  2.22010000e-06 -9.29919738e-07 
 2.22210000e-06 -9.29919738e-07  2.22210000e-06 -9.29919738e-07 
 2.22410000e-06 -9.29919738e-07  2.22410000e-06 -9.29919738e-07 
 2.22610000e-06 -9.29919738e-07  2.22610000e-06 -9.29919738e-07 
 2.22810000e-06 -9.29919738e-07  2.22810000e-06 -9.29919738e-07 
 2.23010000e-06 -9.29919738e-07  2.23010000e-06 -9.29919738e-07 
 2.23210000e-06 -9.29919738e-07  2.23210000e-06 -9.29919738e-07 
 2.23410000e-06 -9.29919738e-07  2.23410000e-06 -9.29919738e-07 
 2.23610000e-06 -9.29919738e-07  2.23610000e-06 -9.29919738e-07 
 2.23810000e-06 -9.29919738e-07  2.23810000e-06 -9.29919738e-07 
 2.24010000e-06 -9.29919738e-07  2.24010000e-06 -9.29919738e-07 
 2.24210000e-06 -9.29919738e-07  2.24210000e-06 -9.29919738e-07 
 2.24410000e-06 -9.29919738e-07  2.24410000e-06 -9.29919738e-07 
 2.24610000e-06 -9.29919738e-07  2.24610000e-06 -9.29919738e-07 
 2.24800000e-06 -9.29919738e-07  2.24800000e-06 -9.29919738e-07 
 2.24820000e-06 -9.22595517e-07  2.24820000e-06 -9.20723798e-07 
 2.24860000e-06 -9.13973704e-07  2.24860000e-06 -9.12284146e-07 
 2.24930000e-06 -9.05801386e-07  2.24930000e-06 -9.08515560e-07 
 2.25000000e-06 -8.82768883e-07  2.25000000e-06 -9.35341759e-07 
 2.25014000e-06 -8.82473684e-07  2.25014000e-06 -9.35617037e-07 
 2.25042000e-06 -8.82516020e-07  2.25042000e-06 -9.35594918e-07 
 2.25098000e-06 -8.82511910e-07  2.25098000e-06 -9.35599066e-07 
 2.25210000e-06 -8.82511975e-07  2.25210000e-06 -9.35599027e-07 
 2.25410000e-06 -8.82511974e-07  2.25410000e-06 -9.35599028e-07 
 2.25610000e-06 -8.82511974e-07  2.25610000e-06 -9.35599028e-07 
 2.25810000e-06 -8.82511974e-07  2.25810000e-06 -9.35599028e-07 
 2.26010000e-06 -8.82511974e-07  2.26010000e-06 -9.35599028e-07 
 2.26210000e-06 -8.82511974e-07  2.26210000e-06 -9.35599028e-07 
 2.26410000e-06 -8.82511974e-07  2.26410000e-06 -9.35599028e-07 
 2.26610000e-06 -8.82511974e-07  2.26610000e-06 -9.35599028e-07 
 2.26810000e-06 -8.82511974e-07  2.26810000e-06 -9.35599028e-07 
 2.27010000e-06 -8.82511974e-07  2.27010000e-06 -9.35599028e-07 
 2.27210000e-06 -8.82511974e-07  2.27210000e-06 -9.35599028e-07 
 2.27410000e-06 -8.82511974e-07  2.27410000e-06 -9.35599028e-07 
 2.27610000e-06 -8.82511974e-07  2.27610000e-06 -9.35599028e-07 
 2.27810000e-06 -8.82511974e-07  2.27810000e-06 -9.35599028e-07 
 2.28010000e-06 -8.82511974e-07  2.28010000e-06 -9.35599028e-07 
 2.28210000e-06 -8.82511974e-07  2.28210000e-06 -9.35599028e-07 
 2.28410000e-06 -8.82511974e-07  2.28410000e-06 -9.35599028e-07 
 2.28610000e-06 -8.82511974e-07  2.28610000e-06 -9.35599028e-07 
 2.28810000e-06 -8.82511974e-07  2.28810000e-06 -9.35599028e-07 
 2.29010000e-06 -8.82511974e-07  2.29010000e-06 -9.35599028e-07 
 2.29210000e-06 -8.82511974e-07  2.29210000e-06 -9.35599028e-07 
 2.29410000e-06 -8.82511974e-07  2.29410000e-06 -9.35599028e-07 
 2.29610000e-06 -8.82511974e-07  2.29610000e-06 -9.35599028e-07 
 2.29800000e-06 -8.82511974e-07  2.29800000e-06 -9.35599028e-07 
 2.29820000e-06 -8.86635595e-07  2.29820000e-06 -9.29941670e-07 
 2.29860000e-06 -8.90963694e-07  2.29860000e-06 -9.22912327e-07 
 2.29930000e-06 -8.93889428e-07  2.29930000e-06 -9.15776660e-07 
 2.30000000e-06 -8.94674360e-07  2.30000000e-06 -9.11399167e-07 
 2.30014000e-06 -8.94596125e-07  2.30014000e-06 -9.11454354e-07 
 2.30042000e-06 -8.94578933e-07  2.30042000e-06 -9.11483486e-07 
 2.30098000e-06 -8.94578962e-07  2.30098000e-06 -9.11483461e-07 
 2.30210000e-06 -8.94578915e-07  2.30210000e-06 -9.11483503e-07 
 2.30410000e-06 -8.94578915e-07  2.30410000e-06 -9.11483503e-07 
 2.30610000e-06 -8.94578915e-07  2.30610000e-06 -9.11483503e-07 
 2.30810000e-06 -8.94578915e-07  2.30810000e-06 -9.11483503e-07 
 2.31010000e-06 -8.94578915e-07  2.31010000e-06 -9.11483503e-07 
 2.31210000e-06 -8.94578915e-07  2.31210000e-06 -9.11483503e-07 
 2.31410000e-06 -8.94578915e-07  2.31410000e-06 -9.11483503e-07 
 2.31610000e-06 -8.94578915e-07  2.31610000e-06 -9.11483503e-07 
 2.31810000e-06 -8.94578915e-07  2.31810000e-06 -9.11483503e-07 
 2.32010000e-06 -8.94578915e-07  2.32010000e-06 -9.11483503e-07 
 2.32210000e-06 -8.94578915e-07  2.32210000e-06 -9.11483503e-07 
 2.32410000e-06 -8.94578915e-07  2.32410000e-06 -9.11483503e-07 
 2.32610000e-06 -8.94578915e-07  2.32610000e-06 -9.11483503e-07 
 2.32810000e-06 -8.94578915e-07  2.32810000e-06 -9.11483503e-07 
 2.33010000e-06 -8.94578915e-07  2.33010000e-06 -9.11483503e-07 
 2.33210000e-06 -8.94578915e-07  2.33210000e-06 -9.11483503e-07 
 2.33410000e-06 -8.94578915e-07  2.33410000e-06 -9.11483503e-07 
 2.33610000e-06 -8.94578915e-07  2.33610000e-06 -9.11483503e-07 
 2.33810000e-06 -8.94578915e-07  2.33810000e-06 -9.11483503e-07 
 2.34010000e-06 -8.94578915e-07  2.34010000e-06 -9.11483503e-07 
 2.34210000e-06 -8.94578915e-07  2.34210000e-06 -9.11483503e-07 
 2.34410000e-06 -8.94578915e-07  2.34410000e-06 -9.11483503e-07 
 2.34610000e-06 -8.94578915e-07  2.34610000e-06 -9.11483503e-07 
 2.34800000e-06 -8.94578915e-07  2.34800000e-06 -9.11483503e-07 
 2.34820000e-06 -8.94755224e-07  2.34820000e-06 -9.10375602e-07 
 2.34860000e-06 -8.94941915e-07  2.34860000e-06 -9.08527467e-07 
 2.34930000e-06 -8.95117869e-07  2.34930000e-06 -9.05792035e-07 
 2.35000000e-06 -8.95199044e-07  2.35000000e-06 -9.03594363e-07 
 2.35014000e-06 -8.95196559e-07  2.35014000e-06 -9.03588408e-07 
 2.35042000e-06 -8.95196144e-07  2.35042000e-06 -9.03596984e-07 
 2.35098000e-06 -8.95196144e-07  2.35098000e-06 -9.03596985e-07 
 2.35210000e-06 -8.95196141e-07  2.35210000e-06 -9.03596987e-07 
 2.35410000e-06 -8.95196141e-07  2.35410000e-06 -9.03596987e-07 
 2.35610000e-06 -8.95196141e-07  2.35610000e-06 -9.03596987e-07 
 2.35810000e-06 -8.95196141e-07  2.35810000e-06 -9.03596987e-07 
 2.36010000e-06 -8.95196141e-07  2.36010000e-06 -9.03596987e-07 
 2.36210000e-06 -8.95196141e-07  2.36210000e-06 -9.03596987e-07 
 2.36410000e-06 -8.95196141e-07  2.36410000e-06 -9.03596987e-07 
 2.36610000e-06 -8.95196141e-07  2.36610000e-06 -9.03596987e-07 
 2.36810000e-06 -8.95196141e-07  2.36810000e-06 -9.03596987e-07 
 2.37010000e-06 -8.95196141e-07  2.37010000e-06 -9.03596987e-07 
 2.37210000e-06 -8.95196141e-07  2.37210000e-06 -9.03596987e-07 
 2.37410000e-06 -8.95196141e-07  2.37410000e-06 -9.03596987e-07 
 2.37610000e-06 -8.95196141e-07  2.37610000e-06 -9.03596987e-07 
 2.37810000e-06 -8.95196141e-07  2.37810000e-06 -9.03596987e-07 
 2.38010000e-06 -8.95196141e-07  2.38010000e-06 -9.03596987e-07 
 2.38210000e-06 -8.95196141e-07  2.38210000e-06 -9.03596987e-07 
 2.38410000e-06 -8.95196141e-07  2.38410000e-06 -9.03596987e-07 
 2.38610000e-06 -8.95196141e-07  2.38610000e-06 -9.03596987e-07 
 2.38810000e-06 -8.95196141e-07  2.38810000e-06 -9.03596987e-07 
 2.39010000e-06 -8.95196141e-07  2.39010000e-06 -9.03596987e-07 
 2.39210000e-06 -8.95196141e-07  2.39210000e-06 -9.03596987e-07 
 2.39410000e-06 -8.95196141e-07  2.39410000e-06 -9.03596987e-07 
 2.39610000e-06 -8.95196141e-07  2.39610000e-06 -9.03596987e-07 
 2.39800000e-06 -8.95196141e-07  2.39800000e-06 -9.03596987e-07 
 2.39820000e-06 -8.95215987e-07  2.39820000e-06 -9.03031048e-07 
 2.39860000e-06 -8.95262588e-07  2.39860000e-06 -9.02034235e-07 
 2.39930000e-06 -8.95383654e-07  2.39930000e-06 -9.00508600e-07 
 2.40000000e-06 -8.95583596e-07  2.40000000e-06 -8.99248126e-07 
 2.40014000e-06 -8.95581178e-07  2.40014000e-06 -8.99243805e-07 
 2.40042000e-06 -8.95583120e-07  2.40042000e-06 -8.99248473e-07 
 2.40098000e-06 -8.95583119e-07  2.40098000e-06 -8.99248473e-07 
 2.40210000e-06 -8.95583119e-07  2.40210000e-06 -8.99248474e-07 
 2.40410000e-06 -8.95583119e-07  2.40410000e-06 -8.99248474e-07 
 2.40610000e-06 -8.95583119e-07  2.40610000e-06 -8.99248474e-07 
 2.40810000e-06 -8.95583119e-07  2.40810000e-06 -8.99248474e-07 
 2.41010000e-06 -8.95583119e-07  2.41010000e-06 -8.99248474e-07 
 2.41210000e-06 -8.95583119e-07  2.41210000e-06 -8.99248474e-07 
 2.41410000e-06 -8.95583119e-07  2.41410000e-06 -8.99248474e-07 
 2.41610000e-06 -8.95583119e-07  2.41610000e-06 -8.99248474e-07 
 2.41810000e-06 -8.95583119e-07  2.41810000e-06 -8.99248474e-07 
 2.42010000e-06 -8.95583119e-07  2.42010000e-06 -8.99248474e-07 
 2.42210000e-06 -8.95583119e-07  2.42210000e-06 -8.99248474e-07 
 2.42410000e-06 -8.95583119e-07  2.42410000e-06 -8.99248474e-07 
 2.42610000e-06 -8.95583119e-07  2.42610000e-06 -8.99248474e-07 
 2.42810000e-06 -8.95583119e-07  2.42810000e-06 -8.99248474e-07 
 2.43010000e-06 -8.95583119e-07  2.43010000e-06 -8.99248474e-07 
 2.43210000e-06 -8.95583119e-07  2.43210000e-06 -8.99248474e-07 
 2.43410000e-06 -8.95583119e-07  2.43410000e-06 -8.99248474e-07 
 2.43610000e-06 -8.95583119e-07  2.43610000e-06 -8.99248474e-07 
 2.43810000e-06 -8.95583119e-07  2.43810000e-06 -8.99248474e-07 
 2.44010000e-06 -8.95583119e-07  2.44010000e-06 -8.99248474e-07 
 2.44210000e-06 -8.95583119e-07  2.44210000e-06 -8.99248474e-07 
 2.44410000e-06 -8.95583119e-07  2.44410000e-06 -8.99248474e-07 
 2.44610000e-06 -8.95583119e-07  2.44610000e-06 -8.99248474e-07 
 2.44800000e-06 -8.95583119e-07  2.44800000e-06 -8.99248474e-07 
 2.44820000e-06 -8.95653917e-07  2.44820000e-06 -8.98921987e-07 
 2.44860000e-06 -8.95835474e-07  2.44860000e-06 -8.98347527e-07 
 2.44930000e-06 -8.96241228e-07  2.44930000e-06 -8.97478579e-07 
 2.45000000e-06 -8.96783156e-07  2.45000000e-06 -8.96783052e-07 
 2.45014000e-06 -8.96780074e-07  2.45014000e-06 -8.96779874e-07 
 2.45042000e-06 -8.96783047e-07  2.45042000e-06 -8.96783047e-07 
 2.45098000e-06 -8.96783047e-07  2.45098000e-06 -8.96783047e-07 
 2.45210000e-06 -8.96783047e-07  2.45210000e-06 -8.96783047e-07 
 2.45410000e-06 -8.96783047e-07  2.45410000e-06 -8.96783047e-07 
 2.45610000e-06 -8.96783047e-07  2.45610000e-06 -8.96783047e-07 
 2.45810000e-06 -8.96783047e-07  2.45810000e-06 -8.96783047e-07 
 2.46010000e-06 -8.96783047e-07  2.46010000e-06 -8.96783047e-07 
 2.46210000e-06 -8.96783047e-07  2.46210000e-06 -8.96783047e-07 
 2.46410000e-06 -8.96783047e-07  2.46410000e-06 -8.96783047e-07 
 2.46610000e-06 -8.96783047e-07  2.46610000e-06 -8.96783047e-07 
 2.46810000e-06 -8.96783047e-07  2.46810000e-06 -8.96783047e-07 
 2.47010000e-06 -8.96783047e-07  2.47010000e-06 -8.96783047e-07 
 2.47210000e-06 -8.96783047e-07  2.47210000e-06 -8.96783047e-07 
 2.47410000e-06 -8.96783047e-07  2.47410000e-06 -8.96783047e-07 
 2.47610000e-06 -8.96783047e-07  2.47610000e-06 -8.96783047e-07 
 2.47810000e-06 -8.96783047e-07  2.47810000e-06 -8.96783047e-07 
 2.48010000e-06 -8.96783047e-07  2.48010000e-06 -8.96783047e-07 
 2.48210000e-06 -8.96783047e-07  2.48210000e-06 -8.96783047e-07 
 2.48410000e-06 -8.96783047e-07  2.48410000e-06 -8.96783047e-07 
 2.48610000e-06 -8.96783047e-07  2.48610000e-06 -8.96783047e-07 
 2.48810000e-06 -8.96783047e-07  2.48810000e-06 -8.96783047e-07 
 2.49010000e-06 -8.96783047e-07  2.49010000e-06 -8.96783047e-07 
 2.49210000e-06 -8.96783047e-07  2.49210000e-06 -8.96783047e-07 
 2.49410000e-06 -8.96783047e-07  2.49410000e-06 -8.96783047e-07 
 2.49610000e-06 -8.96783047e-07  2.49610000e-06 -8.96783047e-07 
 2.49800000e-06 -8.96783047e-07  2.49800000e-06 -8.96783047e-07 
 2.49820000e-06 -8.96958962e-07  2.49820000e-06 -8.96607132e-07 
 2.49860000e-06 -8.97369128e-07  2.49860000e-06 -8.96309833e-07 
 2.49930000e-06 -8.98211930e-07  2.49930000e-06 -8.95885770e-07 
 2.50000000e-06 -8.99248371e-07  2.50000000e-06 -8.95583330e-07 
 2.50014000e-06 -8.99244188e-07  2.50014000e-06 -8.95580948e-07 
 2.50042000e-06 -8.99248473e-07  2.50042000e-06 -8.95583119e-07 
 2.50098000e-06 -8.99248473e-07  2.50098000e-06 -8.95583119e-07 
 2.50210000e-06 -8.99248474e-07  2.50210000e-06 -8.95583119e-07 
 2.50410000e-06 -8.99248474e-07  2.50410000e-06 -8.95583119e-07 
 2.50610000e-06 -8.99248474e-07  2.50610000e-06 -8.95583119e-07 
 2.50810000e-06 -8.99248474e-07  2.50810000e-06 -8.95583119e-07 
 2.51010000e-06 -8.99248474e-07  2.51010000e-06 -8.95583119e-07 
 2.51210000e-06 -8.99248474e-07  2.51210000e-06 -8.95583119e-07 
 2.51410000e-06 -8.99248474e-07  2.51410000e-06 -8.95583119e-07 
 2.51610000e-06 -8.99248474e-07  2.51610000e-06 -8.95583119e-07 
 2.51810000e-06 -8.99248474e-07  2.51810000e-06 -8.95583119e-07 
 2.52010000e-06 -8.99248474e-07  2.52010000e-06 -8.95583119e-07 
 2.52210000e-06 -8.99248474e-07  2.52210000e-06 -8.95583119e-07 
 2.52410000e-06 -8.99248474e-07  2.52410000e-06 -8.95583119e-07 
 2.52610000e-06 -8.99248474e-07  2.52610000e-06 -8.95583119e-07 
 2.52810000e-06 -8.99248474e-07  2.52810000e-06 -8.95583119e-07 
 2.53010000e-06 -8.99248474e-07  2.53010000e-06 -8.95583119e-07 
 2.53210000e-06 -8.99248474e-07  2.53210000e-06 -8.95583119e-07 
 2.53410000e-06 -8.99248474e-07  2.53410000e-06 -8.95583119e-07 
 2.53610000e-06 -8.99248474e-07  2.53610000e-06 -8.95583119e-07 
 2.53810000e-06 -8.99248474e-07  2.53810000e-06 -8.95583119e-07 
 2.54010000e-06 -8.99248474e-07  2.54010000e-06 -8.95583119e-07 
 2.54210000e-06 -8.99248474e-07  2.54210000e-06 -8.95583119e-07 
 2.54410000e-06 -8.99248474e-07  2.54410000e-06 -8.95583119e-07 
 2.54610000e-06 -8.99248474e-07  2.54610000e-06 -8.95583119e-07 
 2.54800000e-06 -8.99248474e-07  2.54800000e-06 -8.95583119e-07 
 2.54820000e-06 -8.99574960e-07  2.54820000e-06 -8.95512321e-07 
 2.54860000e-06 -9.00313689e-07  2.54860000e-06 -8.95406413e-07 
 2.54930000e-06 -9.01798004e-07  2.54930000e-06 -8.95276284e-07 
 2.55000000e-06 -9.03596203e-07  2.55000000e-06 -8.95197034e-07 
 2.55014000e-06 -9.03589606e-07  2.55014000e-06 -8.95195780e-07 
 2.55042000e-06 -9.03596984e-07  2.55042000e-06 -8.95196144e-07 
 2.55098000e-06 -9.03596985e-07  2.55098000e-06 -8.95196143e-07 
 2.55210000e-06 -9.03596987e-07  2.55210000e-06 -8.95196141e-07 
 2.55410000e-06 -9.03596987e-07  2.55410000e-06 -8.95196141e-07 
 2.55610000e-06 -9.03596987e-07  2.55610000e-06 -8.95196141e-07 
 2.55810000e-06 -9.03596987e-07  2.55810000e-06 -8.95196141e-07 
 2.56010000e-06 -9.03596987e-07  2.56010000e-06 -8.95196141e-07 
 2.56210000e-06 -9.03596987e-07  2.56210000e-06 -8.95196141e-07 
 2.56410000e-06 -9.03596987e-07  2.56410000e-06 -8.95196141e-07 
 2.56610000e-06 -9.03596987e-07  2.56610000e-06 -8.95196141e-07 
 2.56810000e-06 -9.03596987e-07  2.56810000e-06 -8.95196141e-07 
 2.57010000e-06 -9.03596987e-07  2.57010000e-06 -8.95196141e-07 
 2.57210000e-06 -9.03596987e-07  2.57210000e-06 -8.95196141e-07 
 2.57410000e-06 -9.03596987e-07  2.57410000e-06 -8.95196141e-07 
 2.57610000e-06 -9.03596987e-07  2.57610000e-06 -8.95196141e-07 
 2.57810000e-06 -9.03596987e-07  2.57810000e-06 -8.95196141e-07 
 2.58010000e-06 -9.03596987e-07  2.58010000e-06 -8.95196141e-07 
 2.58210000e-06 -9.03596987e-07  2.58210000e-06 -8.95196141e-07 
 2.58410000e-06 -9.03596987e-07  2.58410000e-06 -8.95196141e-07 
 2.58610000e-06 -9.03596987e-07  2.58610000e-06 -8.95196141e-07 
 2.58810000e-06 -9.03596987e-07  2.58810000e-06 -8.95196141e-07 
 2.59010000e-06 -9.03596987e-07  2.59010000e-06 -8.95196141e-07 
 2.59210000e-06 -9.03596987e-07  2.59210000e-06 -8.95196141e-07 
 2.59410000e-06 -9.03596987e-07  2.59410000e-06 -8.95196141e-07 
 2.59610000e-06 -9.03596987e-07  2.59610000e-06 -8.95196141e-07 
 2.59800000e-06 -9.03596987e-07  2.59800000e-06 -8.95196141e-07 
 2.59820000e-06 -9.04162927e-07  2.59820000e-06 -8.95176295e-07 
 2.59860000e-06 -9.05451594e-07  2.59860000e-06 -8.95129832e-07 
 2.59930000e-06 -9.08096143e-07  2.59930000e-06 -8.94978284e-07 
 2.60000000e-06 -9.11476042e-07  2.60000000e-06 -8.94586798e-07 
 2.60014000e-06 -9.11463449e-07  2.60014000e-06 -8.94587960e-07 
 2.60042000e-06 -9.11483476e-07  2.60042000e-06 -8.94578943e-07 
 2.60098000e-06 -9.11483482e-07  2.60098000e-06 -8.94578938e-07 
 2.60210000e-06 -9.11483503e-07  2.60210000e-06 -8.94578915e-07 
 2.60410000e-06 -9.11483503e-07  2.60410000e-06 -8.94578915e-07 
 2.60610000e-06 -9.11483503e-07  2.60610000e-06 -8.94578915e-07 
 2.60810000e-06 -9.11483503e-07  2.60810000e-06 -8.94578915e-07 
 2.61010000e-06 -9.11483503e-07  2.61010000e-06 -8.94578915e-07 
 2.61210000e-06 -9.11483503e-07  2.61210000e-06 -8.94578915e-07 
 2.61410000e-06 -9.11483503e-07  2.61410000e-06 -8.94578915e-07 
 2.61610000e-06 -9.11483503e-07  2.61610000e-06 -8.94578915e-07 
 2.61810000e-06 -9.11483503e-07  2.61810000e-06 -8.94578915e-07 
 2.62010000e-06 -9.11483503e-07  2.62010000e-06 -8.94578915e-07 
 2.62210000e-06 -9.11483503e-07  2.62210000e-06 -8.94578915e-07 
 2.62410000e-06 -9.11483503e-07  2.62410000e-06 -8.94578915e-07 
 2.62610000e-06 -9.11483503e-07  2.62610000e-06 -8.94578915e-07 
 2.62810000e-06 -9.11483503e-07  2.62810000e-06 -8.94578915e-07 
 2.63010000e-06 -9.11483503e-07  2.63010000e-06 -8.94578915e-07 
 2.63210000e-06 -9.11483503e-07  2.63210000e-06 -8.94578915e-07 
 2.63410000e-06 -9.11483503e-07  2.63410000e-06 -8.94578915e-07 
 2.63610000e-06 -9.11483503e-07  2.63610000e-06 -8.94578915e-07 
 2.63810000e-06 -9.11483503e-07  2.63810000e-06 -8.94578915e-07 
 2.64010000e-06 -9.11483503e-07  2.64010000e-06 -8.94578915e-07 
 2.64210000e-06 -9.11483503e-07  2.64210000e-06 -8.94578915e-07 
 2.64410000e-06 -9.11483503e-07  2.64410000e-06 -8.94578915e-07 
 2.64610000e-06 -9.11483503e-07  2.64610000e-06 -8.94578915e-07 
 2.64800000e-06 -9.11483503e-07  2.64800000e-06 -8.94578915e-07 
 2.64820000e-06 -9.12591404e-07  2.64820000e-06 -8.94402606e-07 
 2.64860000e-06 -9.15311588e-07  2.64860000e-06 -8.93766514e-07 
 2.64930000e-06 -9.21814284e-07  2.64930000e-06 -8.91394794e-07 
 2.65000000e-06 -9.35573384e-07  2.65000000e-06 -8.82537593e-07 
 2.65014000e-06 -9.35035722e-07  2.65014000e-06 -8.83042625e-07 
 2.65042000e-06 -9.35542338e-07  2.65042000e-06 -8.82568486e-07 
 2.65098000e-06 -9.35577070e-07  2.65098000e-06 -8.82533856e-07 
 2.65210000e-06 -9.35598985e-07  2.65210000e-06 -8.82512017e-07 
 2.65410000e-06 -9.35598999e-07  2.65410000e-06 -8.82512003e-07 
 2.65610000e-06 -9.35599028e-07  2.65610000e-06 -8.82511974e-07 
 2.65810000e-06 -9.35599028e-07  2.65810000e-06 -8.82511974e-07 
 2.66010000e-06 -9.35599028e-07  2.66010000e-06 -8.82511974e-07 
 2.66210000e-06 -9.35599028e-07  2.66210000e-06 -8.82511974e-07 
 2.66410000e-06 -9.35599028e-07  2.66410000e-06 -8.82511974e-07 
 2.66610000e-06 -9.35599028e-07  2.66610000e-06 -8.82511974e-07 
 2.66810000e-06 -9.35599028e-07  2.66810000e-06 -8.82511974e-07 
 2.67010000e-06 -9.35599028e-07  2.67010000e-06 -8.82511974e-07 
 2.67210000e-06 -9.35599028e-07  2.67210000e-06 -8.82511974e-07 
 2.67410000e-06 -9.35599028e-07  2.67410000e-06 -8.82511974e-07 
 2.67610000e-06 -9.35599028e-07  2.67610000e-06 -8.82511974e-07 
 2.67810000e-06 -9.35599028e-07  2.67810000e-06 -8.82511974e-07 
 2.68010000e-06 -9.35599028e-07  2.68010000e-06 -8.82511974e-07 
 2.68210000e-06 -9.35599028e-07  2.68210000e-06 -8.82511974e-07 
 2.68410000e-06 -9.35599028e-07  2.68410000e-06 -8.82511974e-07 
 2.68610000e-06 -9.35599028e-07  2.68610000e-06 -8.82511974e-07 
 2.68810000e-06 -9.35599028e-07  2.68810000e-06 -8.82511974e-07 
 2.69010000e-06 -9.35599028e-07  2.69010000e-06 -8.82511974e-07 
 2.69210000e-06 -9.35599028e-07  2.69210000e-06 -8.82511974e-07 
 2.69410000e-06 -9.35599028e-07  2.69410000e-06 -8.82511974e-07 
 2.69610000e-06 -9.35599028e-07  2.69610000e-06 -8.82511974e-07 
 2.69800000e-06 -9.35599028e-07  2.69800000e-06 -8.82511974e-07 
 2.69820000e-06 -9.10824833e-07  2.69820000e-06 -8.88793769e-07 
 2.69860000e-06 -8.90128569e-07  2.69860000e-06 -8.81505120e-07 
 2.69930000e-06 -8.64084356e-07  2.69930000e-06 -8.72868177e-07 
 2.70000000e-06 -7.72176696e-07  2.70000000e-06 -9.51516392e-07 
 2.70014000e-06 -7.72281385e-07  2.70014000e-06 -9.51456402e-07 
 2.70042000e-06 -7.72316271e-07  2.70042000e-06 -9.51436539e-07 
 2.70098000e-06 -7.72316413e-07  2.70098000e-06 -9.51436458e-07 
 2.70210000e-06 -7.72316439e-07  2.70210000e-06 -9.51436443e-07 
 2.70410000e-06 -7.72316439e-07  2.70410000e-06 -9.51436443e-07 
 2.70610000e-06 -7.72316439e-07  2.70610000e-06 -9.51436443e-07 
 2.70810000e-06 -7.72316439e-07  2.70810000e-06 -9.51436443e-07 
 2.71010000e-06 -7.72316439e-07  2.71010000e-06 -9.51436443e-07 
 2.71210000e-06 -7.72316439e-07  2.71210000e-06 -9.51436443e-07 
 2.71410000e-06 -7.72316439e-07  2.71410000e-06 -9.51436443e-07 
 2.71610000e-06 -7.72316439e-07  2.71610000e-06 -9.51436443e-07 
 2.71810000e-06 -7.72316439e-07  2.71810000e-06 -9.51436443e-07 
 2.72010000e-06 -7.72316439e-07  2.72010000e-06 -9.51436443e-07 
 2.72210000e-06 -7.72316439e-07  2.72210000e-06 -9.51436443e-07 
 2.72410000e-06 -7.72316439e-07  2.72410000e-06 -9.51436443e-07 
 2.72610000e-06 -7.72316439e-07  2.72610000e-06 -9.51436443e-07 
 2.72810000e-06 -7.72316439e-07  2.72810000e-06 -9.51436443e-07 
 2.73010000e-06 -7.72316439e-07  2.73010000e-06 -9.51436443e-07 
 2.73210000e-06 -7.72316439e-07  2.73210000e-06 -9.51436443e-07 
 2.73410000e-06 -7.72316439e-07  2.73410000e-06 -9.51436443e-07 
 2.73610000e-06 -7.72316439e-07  2.73610000e-06 -9.51436443e-07 
 2.73810000e-06 -7.72316439e-07  2.73810000e-06 -9.51436443e-07 
 2.74010000e-06 -7.72316439e-07  2.74010000e-06 -9.51436443e-07 
 2.74210000e-06 -7.72316439e-07  2.74210000e-06 -9.51436443e-07 
 2.74410000e-06 -7.72316439e-07  2.74410000e-06 -9.51436443e-07 
 2.74610000e-06 -7.72316439e-07  2.74610000e-06 -9.51436443e-07 
 2.74800000e-06 -7.72316439e-07  2.74800000e-06 -9.51436443e-07 
 2.74820000e-06 -7.81242933e-07  2.74820000e-06 -9.40853574e-07 
 2.74860000e-06 -8.00294569e-07  2.74860000e-06 -9.19035429e-07 
 2.74930000e-06 -8.25601012e-07  2.74930000e-06 -8.89636400e-07 
 2.75000000e-06 -8.33536680e-07  2.75000000e-06 -8.78417621e-07 
 2.75014000e-06 -8.33590121e-07  2.75014000e-06 -8.78351315e-07 
 2.75042000e-06 -8.33493356e-07  2.75042000e-06 -8.78460967e-07 
 2.75098000e-06 -8.33493205e-07  2.75098000e-06 -8.78461123e-07 
 2.75210000e-06 -8.33492700e-07  2.75210000e-06 -8.78461633e-07 
 2.75410000e-06 -8.33492700e-07  2.75410000e-06 -8.78461632e-07 
 2.75610000e-06 -8.33492700e-07  2.75610000e-06 -8.78461633e-07 
 2.75810000e-06 -8.33492700e-07  2.75810000e-06 -8.78461633e-07 
 2.76010000e-06 -8.33492700e-07  2.76010000e-06 -8.78461633e-07 
 2.76210000e-06 -8.33492700e-07  2.76210000e-06 -8.78461633e-07 
 2.76410000e-06 -8.33492700e-07  2.76410000e-06 -8.78461633e-07 
 2.76610000e-06 -8.33492700e-07  2.76610000e-06 -8.78461633e-07 
 2.76810000e-06 -8.33492700e-07  2.76810000e-06 -8.78461633e-07 
 2.77010000e-06 -8.33492700e-07  2.77010000e-06 -8.78461633e-07 
 2.77210000e-06 -8.33492700e-07  2.77210000e-06 -8.78461633e-07 
 2.77410000e-06 -8.33492700e-07  2.77410000e-06 -8.78461633e-07 
 2.77610000e-06 -8.33492700e-07  2.77610000e-06 -8.78461633e-07 
 2.77810000e-06 -8.33492700e-07  2.77810000e-06 -8.78461633e-07 
 2.78010000e-06 -8.33492700e-07  2.78010000e-06 -8.78461633e-07 
 2.78210000e-06 -8.33492700e-07  2.78210000e-06 -8.78461633e-07 
 2.78410000e-06 -8.33492700e-07  2.78410000e-06 -8.78461633e-07 
 2.78610000e-06 -8.33492700e-07  2.78610000e-06 -8.78461633e-07 
 2.78810000e-06 -8.33492700e-07  2.78810000e-06 -8.78461633e-07 
 2.79010000e-06 -8.33492700e-07  2.79010000e-06 -8.78461633e-07 
 2.79210000e-06 -8.33492700e-07  2.79210000e-06 -8.78461633e-07 
 2.79410000e-06 -8.33492700e-07  2.79410000e-06 -8.78461633e-07 
 2.79610000e-06 -8.33492700e-07  2.79610000e-06 -8.78461633e-07 
 2.79800000e-06 -8.33492700e-07  2.79800000e-06 -8.78461633e-07 
 2.79820000e-06 -8.35023142e-07  2.79820000e-06 -8.76086903e-07 
 2.79860000e-06 -8.37171798e-07  2.79860000e-06 -8.72455730e-07 
 2.79930000e-06 -8.40024273e-07  2.79930000e-06 -8.67347634e-07 
 2.80000000e-06 -8.42107292e-07  2.80000000e-06 -8.63426237e-07 
 2.80014000e-06 -8.42105080e-07  2.80014000e-06 -8.63421788e-07 
 2.80042000e-06 -8.42095574e-07  2.80042000e-06 -8.63438768e-07 
 2.80098000e-06 -8.42095578e-07  2.80098000e-06 -8.63438766e-07 
 2.80210000e-06 -8.42095568e-07  2.80210000e-06 -8.63438777e-07 
 2.80410000e-06 -8.42095568e-07  2.80410000e-06 -8.63438777e-07 
 2.80610000e-06 -8.42095568e-07  2.80610000e-06 -8.63438777e-07 
 2.80810000e-06 -8.42095568e-07  2.80810000e-06 -8.63438777e-07 
 2.81010000e-06 -8.42095568e-07  2.81010000e-06 -8.63438777e-07 
 2.81210000e-06 -8.42095568e-07  2.81210000e-06 -8.63438777e-07 
 2.81410000e-06 -8.42095568e-07  2.81410000e-06 -8.63438777e-07 
 2.81610000e-06 -8.42095568e-07  2.81610000e-06 -8.63438777e-07 
 2.81810000e-06 -8.42095568e-07  2.81810000e-06 -8.63438777e-07 
 2.82010000e-06 -8.42095568e-07  2.82010000e-06 -8.63438777e-07 
 2.82210000e-06 -8.42095568e-07  2.82210000e-06 -8.63438777e-07 
 2.82410000e-06 -8.42095568e-07  2.82410000e-06 -8.63438777e-07 
 2.82610000e-06 -8.42095568e-07  2.82610000e-06 -8.63438777e-07 
 2.82810000e-06 -8.42095568e-07  2.82810000e-06 -8.63438777e-07 
 2.83010000e-06 -8.42095568e-07  2.83010000e-06 -8.63438777e-07 
 2.83210000e-06 -8.42095568e-07  2.83210000e-06 -8.63438777e-07 
 2.83410000e-06 -8.42095568e-07  2.83410000e-06 -8.63438777e-07 
 2.83610000e-06 -8.42095568e-07  2.83610000e-06 -8.63438777e-07 
 2.83810000e-06 -8.42095568e-07  2.83810000e-06 -8.63438777e-07 
 2.84010000e-06 -8.42095568e-07  2.84010000e-06 -8.63438777e-07 
 2.84210000e-06 -8.42095568e-07  2.84210000e-06 -8.63438777e-07 
 2.84410000e-06 -8.42095568e-07  2.84410000e-06 -8.63438777e-07 
 2.84610000e-06 -8.42095568e-07  2.84610000e-06 -8.63438777e-07 
 2.84800000e-06 -8.42095568e-07  2.84800000e-06 -8.63438777e-07 
 2.84820000e-06 -8.42622589e-07  2.84820000e-06 -8.62440374e-07 
 2.84860000e-06 -8.43558606e-07  2.84860000e-06 -8.60689369e-07 
 2.84930000e-06 -8.45063072e-07  2.84930000e-06 -8.57986605e-07 
 2.85000000e-06 -8.46464063e-07  2.85000000e-06 -8.55686464e-07 
 2.85014000e-06 -8.46463702e-07  2.85014000e-06 -8.55681435e-07 
 2.85042000e-06 -8.46462887e-07  2.85042000e-06 -8.55687925e-07 
 2.85098000e-06 -8.46462886e-07  2.85098000e-06 -8.55687926e-07 
 2.85210000e-06 -8.46462885e-07  2.85210000e-06 -8.55687928e-07 
 2.85410000e-06 -8.46462885e-07  2.85410000e-06 -8.55687928e-07 
 2.85610000e-06 -8.46462885e-07  2.85610000e-06 -8.55687928e-07 
 2.85810000e-06 -8.46462885e-07  2.85810000e-06 -8.55687928e-07 
 2.86010000e-06 -8.46462885e-07  2.86010000e-06 -8.55687928e-07 
 2.86210000e-06 -8.46462885e-07  2.86210000e-06 -8.55687928e-07 
 2.86410000e-06 -8.46462885e-07  2.86410000e-06 -8.55687928e-07 
 2.86610000e-06 -8.46462885e-07  2.86610000e-06 -8.55687928e-07 
 2.86810000e-06 -8.46462885e-07  2.86810000e-06 -8.55687928e-07 
 2.87010000e-06 -8.46462885e-07  2.87010000e-06 -8.55687928e-07 
 2.87210000e-06 -8.46462885e-07  2.87210000e-06 -8.55687928e-07 
 2.87410000e-06 -8.46462885e-07  2.87410000e-06 -8.55687928e-07 
 2.87610000e-06 -8.46462885e-07  2.87610000e-06 -8.55687928e-07 
 2.87810000e-06 -8.46462885e-07  2.87810000e-06 -8.55687928e-07 
 2.88010000e-06 -8.46462885e-07  2.88010000e-06 -8.55687928e-07 
 2.88210000e-06 -8.46462885e-07  2.88210000e-06 -8.55687928e-07 
 2.88410000e-06 -8.46462885e-07  2.88410000e-06 -8.55687928e-07 
 2.88610000e-06 -8.46462885e-07  2.88610000e-06 -8.55687928e-07 
 2.88810000e-06 -8.46462885e-07  2.88810000e-06 -8.55687928e-07 
 2.89010000e-06 -8.46462885e-07  2.89010000e-06 -8.55687928e-07 
 2.89210000e-06 -8.46462885e-07  2.89210000e-06 -8.55687928e-07 
 2.89410000e-06 -8.46462885e-07  2.89410000e-06 -8.55687928e-07 
 2.89610000e-06 -8.46462885e-07  2.89610000e-06 -8.55687928e-07 
 2.89800000e-06 -8.46462885e-07  2.89800000e-06 -8.55687928e-07 
 2.89820000e-06 -8.46856765e-07  2.89820000e-06 -8.55077876e-07 
 2.89860000e-06 -8.47643796e-07  2.89860000e-06 -8.53959490e-07 
 2.89930000e-06 -8.49052268e-07  2.89930000e-06 -8.52160978e-07 
 2.90000000e-06 -8.50542159e-07  2.90000000e-06 -8.50541845e-07 
 2.90014000e-06 -8.50539769e-07  2.90014000e-06 -8.50539245e-07 
 2.90042000e-06 -8.50542089e-07  2.90042000e-06 -8.50542089e-07 
 2.90098000e-06 -8.50542089e-07  2.90098000e-06 -8.50542089e-07 
 2.90210000e-06 -8.50542090e-07  2.90210000e-06 -8.50542090e-07 
 2.90410000e-06 -8.50542090e-07  2.90410000e-06 -8.50542090e-07 
 2.90610000e-06 -8.50542090e-07  2.90610000e-06 -8.50542090e-07 
 2.90810000e-06 -8.50542090e-07  2.90810000e-06 -8.50542090e-07 
 2.91010000e-06 -8.50542090e-07  2.91010000e-06 -8.50542090e-07 
 2.91210000e-06 -8.50542090e-07  2.91210000e-06 -8.50542090e-07 
 2.91410000e-06 -8.50542090e-07  2.91410000e-06 -8.50542090e-07 
 2.91610000e-06 -8.50542090e-07  2.91610000e-06 -8.50542090e-07 
 2.91810000e-06 -8.50542090e-07  2.91810000e-06 -8.50542090e-07 
 2.92010000e-06 -8.50542090e-07  2.92010000e-06 -8.50542090e-07 
 2.92210000e-06 -8.50542090e-07  2.92210000e-06 -8.50542090e-07 
 2.92410000e-06 -8.50542090e-07  2.92410000e-06 -8.50542090e-07 
 2.92610000e-06 -8.50542090e-07  2.92610000e-06 -8.50542090e-07 
 2.92810000e-06 -8.50542090e-07  2.92810000e-06 -8.50542090e-07 
 2.93010000e-06 -8.50542090e-07  2.93010000e-06 -8.50542090e-07 
 2.93210000e-06 -8.50542090e-07  2.93210000e-06 -8.50542090e-07 
 2.93410000e-06 -8.50542090e-07  2.93410000e-06 -8.50542090e-07 
 2.93610000e-06 -8.50542090e-07  2.93610000e-06 -8.50542090e-07 
 2.93810000e-06 -8.50542090e-07  2.93810000e-06 -8.50542090e-07 
 2.94010000e-06 -8.50542090e-07  2.94010000e-06 -8.50542090e-07 
 2.94210000e-06 -8.50542090e-07  2.94210000e-06 -8.50542090e-07 
 2.94410000e-06 -8.50542090e-07  2.94410000e-06 -8.50542090e-07 
 2.94610000e-06 -8.50542090e-07  2.94610000e-06 -8.50542090e-07 
 2.94800000e-06 -8.50542090e-07  2.94800000e-06 -8.50542090e-07 
 2.94820000e-06 -8.50983968e-07  2.94820000e-06 -8.50100211e-07 
 2.94860000e-06 -8.51920133e-07  2.94860000e-06 -8.49258879e-07 
 2.94930000e-06 -8.53689437e-07  2.94930000e-06 -8.47841877e-07 
 2.95000000e-06 -8.55687368e-07  2.95000000e-06 -8.46463246e-07 
 2.95014000e-06 -8.55682364e-07  2.95014000e-06 -8.46462943e-07 
 2.95042000e-06 -8.55687926e-07  2.95042000e-06 -8.46462886e-07 
 2.95098000e-06 -8.55687927e-07  2.95098000e-06 -8.46462886e-07 
 2.95210000e-06 -8.55687928e-07  2.95210000e-06 -8.46462885e-07 
 2.95410000e-06 -8.55687928e-07  2.95410000e-06 -8.46462885e-07 
 2.95610000e-06 -8.55687928e-07  2.95610000e-06 -8.46462885e-07 
 2.95810000e-06 -8.55687928e-07  2.95810000e-06 -8.46462885e-07 
 2.96010000e-06 -8.55687928e-07  2.96010000e-06 -8.46462885e-07 
 2.96210000e-06 -8.55687928e-07  2.96210000e-06 -8.46462885e-07 
 2.96410000e-06 -8.55687928e-07  2.96410000e-06 -8.46462885e-07 
 2.96610000e-06 -8.55687928e-07  2.96610000e-06 -8.46462885e-07 
 2.96810000e-06 -8.55687928e-07  2.96810000e-06 -8.46462885e-07 
 2.97010000e-06 -8.55687928e-07  2.97010000e-06 -8.46462885e-07 
 2.97210000e-06 -8.55687928e-07  2.97210000e-06 -8.46462885e-07 
 2.97410000e-06 -8.55687928e-07  2.97410000e-06 -8.46462885e-07 
 2.97610000e-06 -8.55687928e-07  2.97610000e-06 -8.46462885e-07 
 2.97810000e-06 -8.55687928e-07  2.97810000e-06 -8.46462885e-07 
 2.98010000e-06 -8.55687928e-07  2.98010000e-06 -8.46462885e-07 
 2.98210000e-06 -8.55687928e-07  2.98210000e-06 -8.46462885e-07 
 2.98410000e-06 -8.55687928e-07  2.98410000e-06 -8.46462885e-07 
 2.98610000e-06 -8.55687928e-07  2.98610000e-06 -8.46462885e-07 
 2.98810000e-06 -8.55687928e-07  2.98810000e-06 -8.46462885e-07 
 2.99010000e-06 -8.55687928e-07  2.99010000e-06 -8.46462885e-07 
 2.99210000e-06 -8.55687928e-07  2.99210000e-06 -8.46462885e-07 
 2.99410000e-06 -8.55687928e-07  2.99410000e-06 -8.46462885e-07 
 2.99610000e-06 -8.55687928e-07  2.99610000e-06 -8.46462885e-07 
 2.99800000e-06 -8.55687928e-07  2.99800000e-06 -8.46462885e-07 
 2.99820000e-06 -8.56297980e-07  2.99820000e-06 -8.46069005e-07 
 2.99860000e-06 -8.57637241e-07  2.99860000e-06 -8.45266376e-07 
 2.99930000e-06 -8.60273397e-07  2.99930000e-06 -8.43784038e-07 
 3.00000000e-06 -8.63435695e-07  3.00000000e-06 -8.42098241e-07 
 3.00014000e-06 -8.63425326e-07  3.00014000e-06 -8.42102044e-07 
 3.00042000e-06 -8.63438764e-07  3.00042000e-06 -8.42095579e-07 
 3.00098000e-06 -8.63438769e-07  3.00098000e-06 -8.42095574e-07 
 3.00210000e-06 -8.63438777e-07  3.00210000e-06 -8.42095568e-07 
 3.00410000e-06 -8.63438777e-07  3.00410000e-06 -8.42095568e-07 
 3.00610000e-06 -8.63438777e-07  3.00610000e-06 -8.42095568e-07 
 3.00810000e-06 -8.63438777e-07  3.00810000e-06 -8.42095568e-07 
 3.01010000e-06 -8.63438777e-07  3.01010000e-06 -8.42095568e-07 
 3.01210000e-06 -8.63438777e-07  3.01210000e-06 -8.42095568e-07 
 3.01410000e-06 -8.63438777e-07  3.01410000e-06 -8.42095568e-07 
 3.01610000e-06 -8.63438777e-07  3.01610000e-06 -8.42095568e-07 
 3.01810000e-06 -8.63438777e-07  3.01810000e-06 -8.42095568e-07 
 3.02010000e-06 -8.63438777e-07  3.02010000e-06 -8.42095568e-07 
 3.02210000e-06 -8.63438777e-07  3.02210000e-06 -8.42095568e-07 
 3.02410000e-06 -8.63438777e-07  3.02410000e-06 -8.42095568e-07 
 3.02610000e-06 -8.63438777e-07  3.02610000e-06 -8.42095568e-07 
 3.02810000e-06 -8.63438777e-07  3.02810000e-06 -8.42095568e-07 
 3.03010000e-06 -8.63438777e-07  3.03010000e-06 -8.42095568e-07 
 3.03210000e-06 -8.63438777e-07  3.03210000e-06 -8.42095568e-07 
 3.03410000e-06 -8.63438777e-07  3.03410000e-06 -8.42095568e-07 
 3.03610000e-06 -8.63438777e-07  3.03610000e-06 -8.42095568e-07 
 3.03810000e-06 -8.63438777e-07  3.03810000e-06 -8.42095568e-07 
 3.04010000e-06 -8.63438777e-07  3.04010000e-06 -8.42095568e-07 
 3.04210000e-06 -8.63438777e-07  3.04210000e-06 -8.42095568e-07 
 3.04410000e-06 -8.63438777e-07  3.04410000e-06 -8.42095568e-07 
 3.04610000e-06 -8.63438777e-07  3.04610000e-06 -8.42095568e-07 
 3.04800000e-06 -8.63438777e-07  3.04800000e-06 -8.42095568e-07 
 3.04820000e-06 -8.64437179e-07  3.04820000e-06 -8.41568546e-07 
 3.04860000e-06 -8.66741211e-07  3.04860000e-06 -8.40344616e-07 
 3.04930000e-06 -8.71631480e-07  3.04930000e-06 -8.37645360e-07 
 3.05000000e-06 -8.78414603e-07  3.05000000e-06 -8.33538257e-07 
 3.05014000e-06 -8.78401531e-07  3.05014000e-06 -8.33541538e-07 
 3.05042000e-06 -8.78461523e-07  3.05042000e-06 -8.33492804e-07 
 3.05098000e-06 -8.78461461e-07  3.05098000e-06 -8.33492869e-07 
 3.05210000e-06 -8.78461633e-07  3.05210000e-06 -8.33492700e-07 
 3.05410000e-06 -8.78461633e-07  3.05410000e-06 -8.33492700e-07 
 3.05610000e-06 -8.78461633e-07  3.05610000e-06 -8.33492700e-07 
 3.05810000e-06 -8.78461633e-07  3.05810000e-06 -8.33492700e-07 
 3.06010000e-06 -8.78461633e-07  3.06010000e-06 -8.33492700e-07 
 3.06210000e-06 -8.78461633e-07  3.06210000e-06 -8.33492700e-07 
 3.06410000e-06 -8.78461633e-07  3.06410000e-06 -8.33492700e-07 
 3.06610000e-06 -8.78461633e-07  3.06610000e-06 -8.33492700e-07 
 3.06810000e-06 -8.78461633e-07  3.06810000e-06 -8.33492700e-07 
 3.07010000e-06 -8.78461633e-07  3.07010000e-06 -8.33492700e-07 
 3.07210000e-06 -8.78461633e-07  3.07210000e-06 -8.33492700e-07 
 3.07410000e-06 -8.78461633e-07  3.07410000e-06 -8.33492700e-07 
 3.07610000e-06 -8.78461633e-07  3.07610000e-06 -8.33492700e-07 
 3.07810000e-06 -8.78461633e-07  3.07810000e-06 -8.33492700e-07 
 3.08010000e-06 -8.78461633e-07  3.08010000e-06 -8.33492700e-07 
 3.08210000e-06 -8.78461633e-07  3.08210000e-06 -8.33492700e-07 
 3.08410000e-06 -8.78461633e-07  3.08410000e-06 -8.33492700e-07 
 3.08610000e-06 -8.78461633e-07  3.08610000e-06 -8.33492700e-07 
 3.08810000e-06 -8.78461633e-07  3.08810000e-06 -8.33492700e-07 
 3.09010000e-06 -8.78461633e-07  3.09010000e-06 -8.33492700e-07 
 3.09210000e-06 -8.78461633e-07  3.09210000e-06 -8.33492700e-07 
 3.09410000e-06 -8.78461633e-07  3.09410000e-06 -8.33492700e-07 
 3.09610000e-06 -8.78461633e-07  3.09610000e-06 -8.33492700e-07 
 3.09800000e-06 -8.78461633e-07  3.09800000e-06 -8.33492700e-07 
 3.09820000e-06 -8.80836362e-07  3.09820000e-06 -8.31962259e-07 
 3.09860000e-06 -8.87494663e-07  3.09860000e-06 -8.27229782e-07 
 3.09930000e-06 -9.13524828e-07  3.09930000e-06 -8.05162138e-07 
 3.10000000e-06 -9.51453510e-07  3.10000000e-06 -7.72286517e-07 
 3.10014000e-06 -9.51471950e-07  3.10014000e-06 -7.72251201e-07 
 3.10042000e-06 -9.51436501e-07  3.10042000e-06 -7.72316336e-07 
 3.10098000e-06 -9.51436496e-07  3.10098000e-06 -7.72316345e-07 
 3.10210000e-06 -9.51436443e-07  3.10210000e-06 -7.72316439e-07 
 3.10410000e-06 -9.51436443e-07  3.10410000e-06 -7.72316439e-07 
 3.10610000e-06 -9.51436443e-07  3.10610000e-06 -7.72316439e-07 
 3.10810000e-06 -9.51436443e-07  3.10810000e-06 -7.72316439e-07 
 3.11010000e-06 -9.51436443e-07  3.11010000e-06 -7.72316439e-07 
 3.11210000e-06 -9.51436443e-07  3.11210000e-06 -7.72316439e-07 
 3.11410000e-06 -9.51436443e-07  3.11410000e-06 -7.72316439e-07 
 3.11610000e-06 -9.51436443e-07  3.11610000e-06 -7.72316439e-07 
 3.11810000e-06 -9.51436443e-07  3.11810000e-06 -7.72316439e-07 
 3.12010000e-06 -9.51436443e-07  3.12010000e-06 -7.72316439e-07 
 3.12210000e-06 -9.51436443e-07  3.12210000e-06 -7.72316439e-07 
 3.12410000e-06 -9.51436443e-07  3.12410000e-06 -7.72316439e-07 
 3.12610000e-06 -9.51436443e-07  3.12610000e-06 -7.72316439e-07 
 3.12810000e-06 -9.51436443e-07  3.12810000e-06 -7.72316439e-07 
 3.13010000e-06 -9.51436443e-07  3.13010000e-06 -7.72316439e-07 
 3.13210000e-06 -9.51436443e-07  3.13210000e-06 -7.72316439e-07 
 3.13410000e-06 -9.51436443e-07  3.13410000e-06 -7.72316439e-07 
 3.13610000e-06 -9.51436443e-07  3.13610000e-06 -7.72316439e-07 
 3.13810000e-06 -9.51436443e-07  3.13810000e-06 -7.72316439e-07 
 3.14010000e-06 -9.51436443e-07  3.14010000e-06 -7.72316439e-07 
 3.14210000e-06 -9.51436443e-07  3.14210000e-06 -7.72316439e-07 
 3.14410000e-06 -9.51436443e-07  3.14410000e-06 -7.72316439e-07 
 3.14610000e-06 -9.51436443e-07  3.14610000e-06 -7.72316439e-07 
 3.14800000e-06 -9.51436443e-07  3.14800000e-06 -7.72316439e-07 
 3.14820000e-06 -8.81231075e-07  3.14820000e-06 -8.22638252e-07 
 3.14860000e-06 -8.46461492e-07  3.14860000e-06 -8.27517380e-07 
 3.14930000e-06 -8.10484642e-07  3.14930000e-06 -8.26914311e-07 
 3.15000000e-06 -6.60623772e-07  3.15000000e-06 -9.62787250e-07 
 3.15014000e-06 -6.60703732e-07  3.15014000e-06 -9.62744308e-07 
 3.15042000e-06 -6.60731457e-07  3.15042000e-06 -9.62729373e-07 
 3.15098000e-06 -6.60731532e-07  3.15098000e-06 -9.62729334e-07 
 3.15210000e-06 -6.60731548e-07  3.15210000e-06 -9.62729326e-07 
 3.15410000e-06 -6.60731548e-07  3.15410000e-06 -9.62729326e-07 
 3.15610000e-06 -6.60731548e-07  3.15610000e-06 -9.62729326e-07 
 3.15810000e-06 -6.60731548e-07  3.15810000e-06 -9.62729326e-07 
 3.16010000e-06 -6.60731548e-07  3.16010000e-06 -9.62729326e-07 
 3.16210000e-06 -6.60731548e-07  3.16210000e-06 -9.62729326e-07 
 3.16410000e-06 -6.60731548e-07  3.16410000e-06 -9.62729326e-07 
 3.16610000e-06 -6.60731548e-07  3.16610000e-06 -9.62729326e-07 
 3.16810000e-06 -6.60731548e-07  3.16810000e-06 -9.62729326e-07 
 3.17010000e-06 -6.60731548e-07  3.17010000e-06 -9.62729326e-07 
 3.17210000e-06 -6.60731548e-07  3.17210000e-06 -9.62729326e-07 
 3.17410000e-06 -6.60731548e-07  3.17410000e-06 -9.62729326e-07 
 3.17610000e-06 -6.60731548e-07  3.17610000e-06 -9.62729326e-07 
 3.17810000e-06 -6.60731548e-07  3.17810000e-06 -9.62729326e-07 
 3.18010000e-06 -6.60731548e-07  3.18010000e-06 -9.62729326e-07 
 3.18210000e-06 -6.60731548e-07  3.18210000e-06 -9.62729326e-07 
 3.18410000e-06 -6.60731548e-07  3.18410000e-06 -9.62729326e-07 
 3.18610000e-06 -6.60731548e-07  3.18610000e-06 -9.62729326e-07 
 3.18810000e-06 -6.60731548e-07  3.18810000e-06 -9.62729326e-07 
 3.19010000e-06 -6.60731548e-07  3.19010000e-06 -9.62729326e-07 
 3.19210000e-06 -6.60731548e-07  3.19210000e-06 -9.62729326e-07 
 3.19410000e-06 -6.60731548e-07  3.19410000e-06 -9.62729326e-07 
 3.19610000e-06 -6.60731548e-07  3.19610000e-06 -9.62729326e-07 
 3.19800000e-06 -6.60731548e-07  3.19800000e-06 -9.62729326e-07 
 3.19820000e-06 -6.69852233e-07  3.19820000e-06 -9.51945386e-07 
 3.19860000e-06 -6.89164875e-07  3.19860000e-06 -9.29827361e-07 
 3.19930000e-06 -7.24402134e-07  3.19930000e-06 -8.90403655e-07 
 3.20000000e-06 -7.59314269e-07  3.20000000e-06 -8.52102500e-07 
 3.20014000e-06 -7.59283206e-07  3.20014000e-06 -8.52137703e-07 
 3.20042000e-06 -7.59261451e-07  3.20042000e-06 -8.52159473e-07 
 3.20098000e-06 -7.59261425e-07  3.20098000e-06 -8.52159499e-07 
 3.20210000e-06 -7.59261392e-07  3.20210000e-06 -8.52159533e-07 
 3.20410000e-06 -7.59261392e-07  3.20410000e-06 -8.52159533e-07 
 3.20610000e-06 -7.59261392e-07  3.20610000e-06 -8.52159533e-07 
 3.20810000e-06 -7.59261392e-07  3.20810000e-06 -8.52159533e-07 
 3.21010000e-06 -7.59261392e-07  3.21010000e-06 -8.52159533e-07 
 3.21210000e-06 -7.59261392e-07  3.21210000e-06 -8.52159533e-07 
 3.21410000e-06 -7.59261392e-07  3.21410000e-06 -8.52159533e-07 
 3.21610000e-06 -7.59261392e-07  3.21610000e-06 -8.52159533e-07 
 3.21810000e-06 -7.59261392e-07  3.21810000e-06 -8.52159533e-07 
 3.22010000e-06 -7.59261392e-07  3.22010000e-06 -8.52159533e-07 
 3.22210000e-06 -7.59261392e-07  3.22210000e-06 -8.52159533e-07 
 3.22410000e-06 -7.59261392e-07  3.22410000e-06 -8.52159533e-07 
 3.22610000e-06 -7.59261392e-07  3.22610000e-06 -8.52159533e-07 
 3.22810000e-06 -7.59261392e-07  3.22810000e-06 -8.52159533e-07 
 3.23010000e-06 -7.59261392e-07  3.23010000e-06 -8.52159533e-07 
 3.23210000e-06 -7.59261392e-07  3.23210000e-06 -8.52159533e-07 
 3.23410000e-06 -7.59261392e-07  3.23410000e-06 -8.52159533e-07 
 3.23610000e-06 -7.59261392e-07  3.23610000e-06 -8.52159533e-07 
 3.23810000e-06 -7.59261392e-07  3.23810000e-06 -8.52159533e-07 
 3.24010000e-06 -7.59261392e-07  3.24010000e-06 -8.52159533e-07 
 3.24210000e-06 -7.59261392e-07  3.24210000e-06 -8.52159533e-07 
 3.24410000e-06 -7.59261392e-07  3.24410000e-06 -8.52159533e-07 
 3.24610000e-06 -7.59261392e-07  3.24610000e-06 -8.52159533e-07 
 3.24800000e-06 -7.59261392e-07  3.24800000e-06 -8.52159533e-07 
 3.24820000e-06 -7.64624358e-07  3.24820000e-06 -8.45949323e-07 
 3.24860000e-06 -7.71702042e-07  3.24860000e-06 -8.37315564e-07 
 3.24930000e-06 -7.79152528e-07  3.24930000e-06 -8.27531920e-07 
 3.25000000e-06 -7.83817562e-07  3.25000000e-06 -8.20963110e-07 
 3.25014000e-06 -7.83765944e-07  3.25014000e-06 -8.21007878e-07 
 3.25042000e-06 -7.83736947e-07  3.25042000e-06 -8.21044576e-07 
 3.25098000e-06 -7.83736988e-07  3.25098000e-06 -8.21044535e-07 
 3.25210000e-06 -7.83736942e-07  3.25210000e-06 -8.21044583e-07 
 3.25410000e-06 -7.83736942e-07  3.25410000e-06 -8.21044583e-07 
 3.25610000e-06 -7.83736942e-07  3.25610000e-06 -8.21044583e-07 
 3.25810000e-06 -7.83736942e-07  3.25810000e-06 -8.21044583e-07 
 3.26010000e-06 -7.83736942e-07  3.26010000e-06 -8.21044583e-07 
 3.26210000e-06 -7.83736942e-07  3.26210000e-06 -8.21044583e-07 
 3.26410000e-06 -7.83736942e-07  3.26410000e-06 -8.21044583e-07 
 3.26610000e-06 -7.83736942e-07  3.26610000e-06 -8.21044583e-07 
 3.26810000e-06 -7.83736942e-07  3.26810000e-06 -8.21044583e-07 
 3.27010000e-06 -7.83736942e-07  3.27010000e-06 -8.21044583e-07 
 3.27210000e-06 -7.83736942e-07  3.27210000e-06 -8.21044583e-07 
 3.27410000e-06 -7.83736942e-07  3.27410000e-06 -8.21044583e-07 
 3.27610000e-06 -7.83736942e-07  3.27610000e-06 -8.21044583e-07 
 3.27810000e-06 -7.83736942e-07  3.27810000e-06 -8.21044583e-07 
 3.28010000e-06 -7.83736942e-07  3.28010000e-06 -8.21044583e-07 
 3.28210000e-06 -7.83736942e-07  3.28210000e-06 -8.21044583e-07 
 3.28410000e-06 -7.83736942e-07  3.28410000e-06 -8.21044583e-07 
 3.28610000e-06 -7.83736942e-07  3.28610000e-06 -8.21044583e-07 
 3.28810000e-06 -7.83736942e-07  3.28810000e-06 -8.21044583e-07 
 3.29010000e-06 -7.83736942e-07  3.29010000e-06 -8.21044583e-07 
 3.29210000e-06 -7.83736942e-07  3.29210000e-06 -8.21044583e-07 
 3.29410000e-06 -7.83736942e-07  3.29410000e-06 -8.21044583e-07 
 3.29610000e-06 -7.83736942e-07  3.29610000e-06 -8.21044583e-07 
 3.29800000e-06 -7.83736942e-07  3.29800000e-06 -8.21044583e-07 
 3.29820000e-06 -7.84911693e-07  3.29820000e-06 -8.19381308e-07 
 3.29860000e-06 -7.86918343e-07  3.29860000e-06 -8.16529480e-07 
 3.29930000e-06 -7.90025443e-07  3.29930000e-06 -8.12179041e-07 
 3.30000000e-06 -7.92772028e-07  3.30000000e-06 -8.08498944e-07 
 3.30014000e-06 -7.92772883e-07  3.30014000e-06 -8.08492502e-07 
 3.30042000e-06 -7.92768590e-07  3.30042000e-06 -8.08502680e-07 
 3.30098000e-06 -7.92768589e-07  3.30098000e-06 -8.08502681e-07 
 3.30210000e-06 -7.92768585e-07  3.30210000e-06 -8.08502685e-07 
 3.30410000e-06 -7.92768585e-07  3.30410000e-06 -8.08502685e-07 
 3.30610000e-06 -7.92768585e-07  3.30610000e-06 -8.08502685e-07 
 3.30810000e-06 -7.92768585e-07  3.30810000e-06 -8.08502685e-07 
 3.31010000e-06 -7.92768585e-07  3.31010000e-06 -8.08502685e-07 
 3.31210000e-06 -7.92768585e-07  3.31210000e-06 -8.08502685e-07 
 3.31410000e-06 -7.92768585e-07  3.31410000e-06 -8.08502685e-07 
 3.31610000e-06 -7.92768585e-07  3.31610000e-06 -8.08502685e-07 
 3.31810000e-06 -7.92768585e-07  3.31810000e-06 -8.08502685e-07 
 3.32010000e-06 -7.92768585e-07  3.32010000e-06 -8.08502685e-07 
 3.32210000e-06 -7.92768585e-07  3.32210000e-06 -8.08502685e-07 
 3.32410000e-06 -7.92768585e-07  3.32410000e-06 -8.08502685e-07 
 3.32610000e-06 -7.92768585e-07  3.32610000e-06 -8.08502685e-07 
 3.32810000e-06 -7.92768585e-07  3.32810000e-06 -8.08502685e-07 
 3.33010000e-06 -7.92768585e-07  3.33010000e-06 -8.08502685e-07 
 3.33210000e-06 -7.92768585e-07  3.33210000e-06 -8.08502685e-07 
 3.33410000e-06 -7.92768585e-07  3.33410000e-06 -8.08502685e-07 
 3.33610000e-06 -7.92768585e-07  3.33610000e-06 -8.08502685e-07 
 3.33810000e-06 -7.92768585e-07  3.33810000e-06 -8.08502685e-07 
 3.34010000e-06 -7.92768585e-07  3.34010000e-06 -8.08502685e-07 
 3.34210000e-06 -7.92768585e-07  3.34210000e-06 -8.08502685e-07 
 3.34410000e-06 -7.92768585e-07  3.34410000e-06 -8.08502685e-07 
 3.34610000e-06 -7.92768585e-07  3.34610000e-06 -8.08502685e-07 
 3.34800000e-06 -7.92768585e-07  3.34800000e-06 -8.08502685e-07 
 3.34820000e-06 -7.93521550e-07  3.34820000e-06 -8.07525232e-07 
 3.34860000e-06 -7.94980387e-07  3.34860000e-06 -8.05722212e-07 
 3.34930000e-06 -7.97509972e-07  3.34930000e-06 -8.02787425e-07 
 3.35000000e-06 -8.00081916e-07  3.35000000e-06 -8.00081196e-07 
 3.35014000e-06 -8.00079465e-07  3.35014000e-06 -8.00078466e-07 
 3.35042000e-06 -8.00081649e-07  3.35042000e-06 -8.00081648e-07 
 3.35098000e-06 -8.00081649e-07  3.35098000e-06 -8.00081648e-07 
 3.35210000e-06 -8.00081649e-07  3.35210000e-06 -8.00081649e-07 
 3.35410000e-06 -8.00081649e-07  3.35410000e-06 -8.00081649e-07 
 3.35610000e-06 -8.00081649e-07  3.35610000e-06 -8.00081649e-07 
 3.35810000e-06 -8.00081649e-07  3.35810000e-06 -8.00081649e-07 
 3.36010000e-06 -8.00081649e-07  3.36010000e-06 -8.00081649e-07 
 3.36210000e-06 -8.00081649e-07  3.36210000e-06 -8.00081649e-07 
 3.36410000e-06 -8.00081649e-07  3.36410000e-06 -8.00081649e-07 
 3.36610000e-06 -8.00081649e-07  3.36610000e-06 -8.00081649e-07 
 3.36810000e-06 -8.00081649e-07  3.36810000e-06 -8.00081649e-07 
 3.37010000e-06 -8.00081649e-07  3.37010000e-06 -8.00081649e-07 
 3.37210000e-06 -8.00081649e-07  3.37210000e-06 -8.00081649e-07 
 3.37410000e-06 -8.00081649e-07  3.37410000e-06 -8.00081649e-07 
 3.37610000e-06 -8.00081649e-07  3.37610000e-06 -8.00081649e-07 
 3.37810000e-06 -8.00081649e-07  3.37810000e-06 -8.00081649e-07 
 3.38010000e-06 -8.00081649e-07  3.38010000e-06 -8.00081649e-07 
 3.38210000e-06 -8.00081649e-07  3.38210000e-06 -8.00081649e-07 
 3.38410000e-06 -8.00081649e-07  3.38410000e-06 -8.00081649e-07 
 3.38610000e-06 -8.00081649e-07  3.38610000e-06 -8.00081649e-07 
 3.38810000e-06 -8.00081649e-07  3.38810000e-06 -8.00081649e-07 
 3.39010000e-06 -8.00081649e-07  3.39010000e-06 -8.00081649e-07 
 3.39210000e-06 -8.00081649e-07  3.39210000e-06 -8.00081649e-07 
 3.39410000e-06 -8.00081649e-07  3.39410000e-06 -8.00081649e-07 
 3.39610000e-06 -8.00081649e-07  3.39610000e-06 -8.00081649e-07 
 3.39800000e-06 -8.00081649e-07  3.39800000e-06 -8.00081649e-07 
 3.39820000e-06 -8.00831390e-07  3.39820000e-06 -7.99331907e-07 
 3.39860000e-06 -8.02389568e-07  3.39860000e-06 -7.97872261e-07 
 3.39930000e-06 -8.05284972e-07  3.39930000e-06 -7.95342862e-07 
 3.40000000e-06 -8.08501484e-07  3.40000000e-06 -7.92769577e-07 
 3.40014000e-06 -8.08494371e-07  3.40014000e-06 -7.92771187e-07 
 3.40042000e-06 -8.08502680e-07  3.40042000e-06 -7.92768590e-07 
 3.40098000e-06 -8.08502682e-07  3.40098000e-06 -7.92768588e-07 
 3.40210000e-06 -8.08502685e-07  3.40210000e-06 -7.92768585e-07 
 3.40410000e-06 -8.08502685e-07  3.40410000e-06 -7.92768585e-07 
 3.40610000e-06 -8.08502685e-07  3.40610000e-06 -7.92768585e-07 
 3.40810000e-06 -8.08502685e-07  3.40810000e-06 -7.92768585e-07 
 3.41010000e-06 -8.08502685e-07  3.41010000e-06 -7.92768585e-07 
 3.41210000e-06 -8.08502685e-07  3.41210000e-06 -7.92768585e-07 
 3.41410000e-06 -8.08502685e-07  3.41410000e-06 -7.92768585e-07 
 3.41610000e-06 -8.08502685e-07  3.41610000e-06 -7.92768585e-07 
 3.41810000e-06 -8.08502685e-07  3.41810000e-06 -7.92768585e-07 
 3.42010000e-06 -8.08502685e-07  3.42010000e-06 -7.92768585e-07 
 3.42210000e-06 -8.08502685e-07  3.42210000e-06 -7.92768585e-07 
 3.42410000e-06 -8.08502685e-07  3.42410000e-06 -7.92768585e-07 
 3.42610000e-06 -8.08502685e-07  3.42610000e-06 -7.92768585e-07 
 3.42810000e-06 -8.08502685e-07  3.42810000e-06 -7.92768585e-07 
 3.43010000e-06 -8.08502685e-07  3.43010000e-06 -7.92768585e-07 
 3.43210000e-06 -8.08502685e-07  3.43210000e-06 -7.92768585e-07 
 3.43410000e-06 -8.08502685e-07  3.43410000e-06 -7.92768585e-07 
 3.43610000e-06 -8.08502685e-07  3.43610000e-06 -7.92768585e-07 
 3.43810000e-06 -8.08502685e-07  3.43810000e-06 -7.92768585e-07 
 3.44010000e-06 -8.08502685e-07  3.44010000e-06 -7.92768585e-07 
 3.44210000e-06 -8.08502685e-07  3.44210000e-06 -7.92768585e-07 
 3.44410000e-06 -8.08502685e-07  3.44410000e-06 -7.92768585e-07 
 3.44610000e-06 -8.08502685e-07  3.44610000e-06 -7.92768585e-07 
 3.44800000e-06 -8.08502685e-07  3.44800000e-06 -7.92768585e-07 
 3.44820000e-06 -8.09480138e-07  3.44820000e-06 -7.92015621e-07 
 3.44860000e-06 -8.11621305e-07  3.44860000e-06 -7.90431567e-07 
 3.44930000e-06 -8.15855919e-07  3.44930000e-06 -7.87394261e-07 
 3.45000000e-06 -8.21035160e-07  3.45000000e-06 -7.83745946e-07 
 3.45014000e-06 -8.21018644e-07  3.45014000e-06 -7.83755683e-07 
 3.45042000e-06 -8.21044547e-07  3.45042000e-06 -7.83736976e-07 
 3.45098000e-06 -8.21044557e-07  3.45098000e-06 -7.83736967e-07 
 3.45210000e-06 -8.21044583e-07  3.45210000e-06 -7.83736942e-07 
 3.45410000e-06 -8.21044583e-07  3.45410000e-06 -7.83736942e-07 
 3.45610000e-06 -8.21044583e-07  3.45610000e-06 -7.83736942e-07 
 3.45810000e-06 -8.21044583e-07  3.45810000e-06 -7.83736942e-07 
 3.46010000e-06 -8.21044583e-07  3.46010000e-06 -7.83736942e-07 
 3.46210000e-06 -8.21044583e-07  3.46210000e-06 -7.83736942e-07 
 3.46410000e-06 -8.21044583e-07  3.46410000e-06 -7.83736942e-07 
 3.46610000e-06 -8.21044583e-07  3.46610000e-06 -7.83736942e-07 
 3.46810000e-06 -8.21044583e-07  3.46810000e-06 -7.83736942e-07 
 3.47010000e-06 -8.21044583e-07  3.47010000e-06 -7.83736942e-07 
 3.47210000e-06 -8.21044583e-07  3.47210000e-06 -7.83736942e-07 
 3.47410000e-06 -8.21044583e-07  3.47410000e-06 -7.83736942e-07 
 3.47610000e-06 -8.21044583e-07  3.47610000e-06 -7.83736942e-07 
 3.47810000e-06 -8.21044583e-07  3.47810000e-06 -7.83736942e-07 
 3.48010000e-06 -8.21044583e-07  3.48010000e-06 -7.83736942e-07 
 3.48210000e-06 -8.21044583e-07  3.48210000e-06 -7.83736942e-07 
 3.48410000e-06 -8.21044583e-07  3.48410000e-06 -7.83736942e-07 
 3.48610000e-06 -8.21044583e-07  3.48610000e-06 -7.83736942e-07 
 3.48810000e-06 -8.21044583e-07  3.48810000e-06 -7.83736942e-07 
 3.49010000e-06 -8.21044583e-07  3.49010000e-06 -7.83736942e-07 
 3.49210000e-06 -8.21044583e-07  3.49210000e-06 -7.83736942e-07 
 3.49410000e-06 -8.21044583e-07  3.49410000e-06 -7.83736942e-07 
 3.49610000e-06 -8.21044583e-07  3.49610000e-06 -7.83736942e-07 
 3.49800000e-06 -8.21044583e-07  3.49800000e-06 -7.83736942e-07 
 3.49820000e-06 -8.22707857e-07  3.49820000e-06 -7.82562190e-07 
 3.49860000e-06 -8.26677347e-07  3.49860000e-06 -7.79711236e-07 
 3.49930000e-06 -8.35737647e-07  3.49930000e-06 -7.72917440e-07 
 3.50000000e-06 -8.52147231e-07  3.50000000e-06 -7.59273686e-07 
 3.50014000e-06 -8.51706222e-07  3.50014000e-06 -7.59703000e-07 
 3.50042000e-06 -8.52128207e-07  3.50042000e-06 -7.59292690e-07 
 3.50098000e-06 -8.52146958e-07  3.50098000e-06 -7.59273955e-07 
 3.50210000e-06 -8.52159522e-07  3.50210000e-06 -7.59261403e-07 
 3.50410000e-06 -8.52159524e-07  3.50410000e-06 -7.59261401e-07 
 3.50610000e-06 -8.52159533e-07  3.50610000e-06 -7.59261392e-07 
 3.50810000e-06 -8.52159533e-07  3.50810000e-06 -7.59261392e-07 
 3.51010000e-06 -8.52159533e-07  3.51010000e-06 -7.59261392e-07 
 3.51210000e-06 -8.52159533e-07  3.51210000e-06 -7.59261392e-07 
 3.51410000e-06 -8.52159533e-07  3.51410000e-06 -7.59261392e-07 
 3.51610000e-06 -8.52159533e-07  3.51610000e-06 -7.59261392e-07 
 3.51810000e-06 -8.52159533e-07  3.51810000e-06 -7.59261392e-07 
 3.52010000e-06 -8.52159533e-07  3.52010000e-06 -7.59261392e-07 
 3.52210000e-06 -8.52159533e-07  3.52210000e-06 -7.59261392e-07 
 3.52410000e-06 -8.52159533e-07  3.52410000e-06 -7.59261392e-07 
 3.52610000e-06 -8.52159533e-07  3.52610000e-06 -7.59261392e-07 
 3.52810000e-06 -8.52159533e-07  3.52810000e-06 -7.59261392e-07 
 3.53010000e-06 -8.52159533e-07  3.53010000e-06 -7.59261392e-07 
 3.53210000e-06 -8.52159533e-07  3.53210000e-06 -7.59261392e-07 
 3.53410000e-06 -8.52159533e-07  3.53410000e-06 -7.59261392e-07 
 3.53610000e-06 -8.52159533e-07  3.53610000e-06 -7.59261392e-07 
 3.53810000e-06 -8.52159533e-07  3.53810000e-06 -7.59261392e-07 
 3.54010000e-06 -8.52159533e-07  3.54010000e-06 -7.59261392e-07 
 3.54210000e-06 -8.52159533e-07  3.54210000e-06 -7.59261392e-07 
 3.54410000e-06 -8.52159533e-07  3.54410000e-06 -7.59261392e-07 
 3.54610000e-06 -8.52159533e-07  3.54610000e-06 -7.59261392e-07 
 3.54800000e-06 -8.52159533e-07  3.54800000e-06 -7.59261392e-07 
 3.54820000e-06 -8.61772066e-07  3.54820000e-06 -7.50547650e-07 
 3.54860000e-06 -8.84700308e-07  3.54860000e-06 -7.29581672e-07 
 3.54930000e-06 -9.24253620e-07  3.54930000e-06 -6.94081188e-07 
 3.55000000e-06 -9.62742194e-07  3.55000000e-06 -6.60707706e-07 
 3.55014000e-06 -9.62759344e-07  3.55014000e-06 -6.60673101e-07 
 3.55042000e-06 -9.62729371e-07  3.55042000e-06 -6.60731463e-07 
 3.55098000e-06 -9.62729364e-07  3.55098000e-06 -6.60731477e-07 
 3.55210000e-06 -9.62729326e-07  3.55210000e-06 -6.60731548e-07 
 3.55410000e-06 -9.62729326e-07  3.55410000e-06 -6.60731548e-07 
 3.55610000e-06 -9.62729326e-07  3.55610000e-06 -6.60731548e-07 
 3.55810000e-06 -9.62729326e-07  3.55810000e-06 -6.60731548e-07 
 3.56010000e-06 -9.62729326e-07  3.56010000e-06 -6.60731548e-07 
 3.56210000e-06 -9.62729326e-07  3.56210000e-06 -6.60731548e-07 
 3.56410000e-06 -9.62729326e-07  3.56410000e-06 -6.60731548e-07 
 3.56610000e-06 -9.62729326e-07  3.56610000e-06 -6.60731548e-07 
 3.56810000e-06 -9.62729326e-07  3.56810000e-06 -6.60731548e-07 
 3.57010000e-06 -9.62729326e-07  3.57010000e-06 -6.60731548e-07 
 3.57210000e-06 -9.62729326e-07  3.57210000e-06 -6.60731548e-07 
 3.57410000e-06 -9.62729326e-07  3.57410000e-06 -6.60731548e-07 
 3.57610000e-06 -9.62729326e-07  3.57610000e-06 -6.60731548e-07 
 3.57810000e-06 -9.62729326e-07  3.57810000e-06 -6.60731548e-07 
 3.58010000e-06 -9.62729326e-07  3.58010000e-06 -6.60731548e-07 
 3.58210000e-06 -9.62729326e-07  3.58210000e-06 -6.60731548e-07 
 3.58410000e-06 -9.62729326e-07  3.58410000e-06 -6.60731548e-07 
 3.58610000e-06 -9.62729326e-07  3.58610000e-06 -6.60731548e-07 
 3.58810000e-06 -9.62729326e-07  3.58810000e-06 -6.60731548e-07 
 3.59010000e-06 -9.62729326e-07  3.59010000e-06 -6.60731548e-07 
 3.59210000e-06 -9.62729326e-07  3.59210000e-06 -6.60731548e-07 
 3.59410000e-06 -9.62729326e-07  3.59410000e-06 -6.60731548e-07 
 3.59610000e-06 -9.62729326e-07  3.59610000e-06 -6.60731548e-07 
 3.59800000e-06 -9.62729326e-07  3.59800000e-06 -6.60731548e-07 
 3.59820000e-06 -8.74202661e-07  3.59820000e-06 -7.28806294e-07 
 3.59860000e-06 -8.01735928e-07  3.59860000e-06 -7.70629294e-07 
 3.59930000e-06 -7.54834983e-07  3.59930000e-06 -7.80310864e-07 
 3.60000000e-06 -5.49999588e-07  3.60000000e-06 -9.71118115e-07 
 3.60014000e-06 -5.50065572e-07  3.60014000e-06 -9.71084102e-07 
 3.60042000e-06 -5.50089205e-07  3.60042000e-06 -9.71071811e-07 
 3.60098000e-06 -5.50089256e-07  3.60098000e-06 -9.71071787e-07 
 3.60210000e-06 -5.50089267e-07  3.60210000e-06 -9.71071781e-07 
 3.60410000e-06 -5.50089267e-07  3.60410000e-06 -9.71071781e-07 
 3.60610000e-06 -5.50089267e-07  3.60610000e-06 -9.71071781e-07 
 3.60810000e-06 -5.50089267e-07  3.60810000e-06 -9.71071781e-07 
 3.61010000e-06 -5.50089267e-07  3.61010000e-06 -9.71071781e-07 
 3.61210000e-06 -5.50089267e-07  3.61210000e-06 -9.71071781e-07 
 3.61410000e-06 -5.50089267e-07  3.61410000e-06 -9.71071781e-07 
 3.61610000e-06 -5.50089267e-07  3.61610000e-06 -9.71071781e-07 
 3.61810000e-06 -5.50089267e-07  3.61810000e-06 -9.71071781e-07 
 3.62010000e-06 -5.50089267e-07  3.62010000e-06 -9.71071781e-07 
 3.62210000e-06 -5.50089267e-07  3.62210000e-06 -9.71071781e-07 
 3.62410000e-06 -5.50089267e-07  3.62410000e-06 -9.71071781e-07 
 3.62610000e-06 -5.50089267e-07  3.62610000e-06 -9.71071781e-07 
 3.62810000e-06 -5.50089267e-07  3.62810000e-06 -9.71071781e-07 
 3.63010000e-06 -5.50089267e-07  3.63010000e-06 -9.71071781e-07 
 3.63210000e-06 -5.50089267e-07  3.63210000e-06 -9.71071781e-07 
 3.63410000e-06 -5.50089267e-07  3.63410000e-06 -9.71071781e-07 
 3.63610000e-06 -5.50089267e-07  3.63610000e-06 -9.71071781e-07 
 3.63810000e-06 -5.50089267e-07  3.63810000e-06 -9.71071781e-07 
 3.64010000e-06 -5.50089267e-07  3.64010000e-06 -9.71071781e-07 
 3.64210000e-06 -5.50089267e-07  3.64210000e-06 -9.71071781e-07 
 3.64410000e-06 -5.50089267e-07  3.64410000e-06 -9.71071781e-07 
 3.64610000e-06 -5.50089267e-07  3.64610000e-06 -9.71071781e-07 
 3.64800000e-06 -5.50089267e-07  3.64800000e-06 -9.71071781e-07 
 3.64820000e-06 -5.59342735e-07  3.64820000e-06 -9.60161291e-07 
 3.64860000e-06 -5.78840792e-07  3.64860000e-06 -9.37850316e-07 
 3.64930000e-06 -6.14319538e-07  3.64930000e-06 -8.98156813e-07 
 3.65000000e-06 -6.51258377e-07  3.65000000e-06 -8.57790716e-07 
 3.65014000e-06 -6.51243152e-07  3.65014000e-06 -8.57796800e-07 
 3.65042000e-06 -6.51266194e-07  3.65042000e-06 -8.57786688e-07 
 3.65098000e-06 -6.51266197e-07  3.65098000e-06 -8.57786686e-07 
 3.65210000e-06 -6.51266205e-07  3.65210000e-06 -8.57786682e-07 
 3.65410000e-06 -6.51266205e-07  3.65410000e-06 -8.57786682e-07 
 3.65610000e-06 -6.51266205e-07  3.65610000e-06 -8.57786682e-07 
 3.65810000e-06 -6.51266205e-07  3.65810000e-06 -8.57786682e-07 
 3.66010000e-06 -6.51266205e-07  3.66010000e-06 -8.57786682e-07 
 3.66210000e-06 -6.51266205e-07  3.66210000e-06 -8.57786682e-07 
 3.66410000e-06 -6.51266205e-07  3.66410000e-06 -8.57786682e-07 
 3.66610000e-06 -6.51266205e-07  3.66610000e-06 -8.57786682e-07 
 3.66810000e-06 -6.51266205e-07  3.66810000e-06 -8.57786682e-07 
 3.67010000e-06 -6.51266205e-07  3.67010000e-06 -8.57786682e-07 
 3.67210000e-06 -6.51266205e-07  3.67210000e-06 -8.57786682e-07 
 3.67410000e-06 -6.51266205e-07  3.67410000e-06 -8.57786682e-07 
 3.67610000e-06 -6.51266205e-07  3.67610000e-06 -8.57786682e-07 
 3.67810000e-06 -6.51266205e-07  3.67810000e-06 -8.57786682e-07 
 3.68010000e-06 -6.51266205e-07  3.68010000e-06 -8.57786682e-07 
 3.68210000e-06 -6.51266205e-07  3.68210000e-06 -8.57786682e-07 
 3.68410000e-06 -6.51266205e-07  3.68410000e-06 -8.57786682e-07 
 3.68610000e-06 -6.51266205e-07  3.68610000e-06 -8.57786682e-07 
 3.68810000e-06 -6.51266205e-07  3.68810000e-06 -8.57786682e-07 
 3.69010000e-06 -6.51266205e-07  3.69010000e-06 -8.57786682e-07 
 3.69210000e-06 -6.51266205e-07  3.69210000e-06 -8.57786682e-07 
 3.69410000e-06 -6.51266205e-07  3.69410000e-06 -8.57786682e-07 
 3.69610000e-06 -6.51266205e-07  3.69610000e-06 -8.57786682e-07 
 3.69800000e-06 -6.51266205e-07  3.69800000e-06 -8.57786682e-07 
 3.69820000e-06 -6.61987207e-07  3.69820000e-06 -8.46179933e-07 
 3.69860000e-06 -6.83787743e-07  3.69860000e-06 -8.22816205e-07 
 3.69930000e-06 -7.10914970e-07  3.69930000e-06 -7.93307811e-07 
 3.70000000e-06 -7.21577168e-07  3.70000000e-06 -7.80705275e-07 
 3.70014000e-06 -7.21640416e-07  3.70014000e-06 -7.80634218e-07 
 3.70042000e-06 -7.21545697e-07  3.70042000e-06 -7.80736763e-07 
 3.70098000e-06 -7.21545514e-07  3.70098000e-06 -7.80736948e-07 
 3.70210000e-06 -7.21545112e-07  3.70210000e-06 -7.80737351e-07 
 3.70410000e-06 -7.21545112e-07  3.70410000e-06 -7.80737351e-07 
 3.70610000e-06 -7.21545112e-07  3.70610000e-06 -7.80737351e-07 
 3.70810000e-06 -7.21545112e-07  3.70810000e-06 -7.80737351e-07 
 3.71010000e-06 -7.21545112e-07  3.71010000e-06 -7.80737351e-07 
 3.71210000e-06 -7.21545112e-07  3.71210000e-06 -7.80737351e-07 
 3.71410000e-06 -7.21545112e-07  3.71410000e-06 -7.80737351e-07 
 3.71610000e-06 -7.21545112e-07  3.71610000e-06 -7.80737351e-07 
 3.71810000e-06 -7.21545112e-07  3.71810000e-06 -7.80737351e-07 
 3.72010000e-06 -7.21545112e-07  3.72010000e-06 -7.80737351e-07 
 3.72210000e-06 -7.21545112e-07  3.72210000e-06 -7.80737351e-07 
 3.72410000e-06 -7.21545112e-07  3.72410000e-06 -7.80737351e-07 
 3.72610000e-06 -7.21545112e-07  3.72610000e-06 -7.80737351e-07 
 3.72810000e-06 -7.21545112e-07  3.72810000e-06 -7.80737351e-07 
 3.73010000e-06 -7.21545112e-07  3.73010000e-06 -7.80737351e-07 
 3.73210000e-06 -7.21545112e-07  3.73210000e-06 -7.80737351e-07 
 3.73410000e-06 -7.21545112e-07  3.73410000e-06 -7.80737351e-07 
 3.73610000e-06 -7.21545112e-07  3.73610000e-06 -7.80737351e-07 
 3.73810000e-06 -7.21545112e-07  3.73810000e-06 -7.80737351e-07 
 3.74010000e-06 -7.21545112e-07  3.74010000e-06 -7.80737351e-07 
 3.74210000e-06 -7.21545112e-07  3.74210000e-06 -7.80737351e-07 
 3.74410000e-06 -7.21545112e-07  3.74410000e-06 -7.80737351e-07 
 3.74610000e-06 -7.21545112e-07  3.74610000e-06 -7.80737351e-07 
 3.74800000e-06 -7.21545112e-07  3.74800000e-06 -7.80737351e-07 
 3.74820000e-06 -7.23874551e-07  3.74820000e-06 -7.77909946e-07 
 3.74860000e-06 -7.27561736e-07  3.74860000e-06 -7.73360958e-07 
 3.74930000e-06 -7.32986123e-07  3.74930000e-06 -7.66668354e-07 
 3.75000000e-06 -7.37516139e-07  3.75000000e-06 -7.61185756e-07 
 3.75014000e-06 -7.37515855e-07  3.75014000e-06 -7.61180344e-07 
 3.75042000e-06 -7.37504831e-07  3.75042000e-06 -7.61197368e-07 
 3.75098000e-06 -7.37504833e-07  3.75098000e-06 -7.61197366e-07 
 3.75210000e-06 -7.37504823e-07  3.75210000e-06 -7.61197377e-07 
 3.75410000e-06 -7.37504823e-07  3.75410000e-06 -7.61197377e-07 
 3.75610000e-06 -7.37504823e-07  3.75610000e-06 -7.61197377e-07 
 3.75810000e-06 -7.37504823e-07  3.75810000e-06 -7.61197377e-07 
 3.76010000e-06 -7.37504823e-07  3.76010000e-06 -7.61197377e-07 
 3.76210000e-06 -7.37504823e-07  3.76210000e-06 -7.61197377e-07 
 3.76410000e-06 -7.37504823e-07  3.76410000e-06 -7.61197377e-07 
 3.76610000e-06 -7.37504823e-07  3.76610000e-06 -7.61197377e-07 
 3.76810000e-06 -7.37504823e-07  3.76810000e-06 -7.61197377e-07 
 3.77010000e-06 -7.37504823e-07  3.77010000e-06 -7.61197377e-07 
 3.77210000e-06 -7.37504823e-07  3.77210000e-06 -7.61197377e-07 
 3.77410000e-06 -7.37504823e-07  3.77410000e-06 -7.61197377e-07 
 3.77610000e-06 -7.37504823e-07  3.77610000e-06 -7.61197377e-07 
 3.77810000e-06 -7.37504823e-07  3.77810000e-06 -7.61197377e-07 
 3.78010000e-06 -7.37504823e-07  3.78010000e-06 -7.61197377e-07 
 3.78210000e-06 -7.37504823e-07  3.78210000e-06 -7.61197377e-07 
 3.78410000e-06 -7.37504823e-07  3.78410000e-06 -7.61197377e-07 
 3.78610000e-06 -7.37504823e-07  3.78610000e-06 -7.61197377e-07 
 3.78810000e-06 -7.37504823e-07  3.78810000e-06 -7.61197377e-07 
 3.79010000e-06 -7.37504823e-07  3.79010000e-06 -7.61197377e-07 
 3.79210000e-06 -7.37504823e-07  3.79210000e-06 -7.61197377e-07 
 3.79410000e-06 -7.37504823e-07  3.79410000e-06 -7.61197377e-07 
 3.79610000e-06 -7.37504823e-07  3.79610000e-06 -7.61197377e-07 
 3.79800000e-06 -7.37504823e-07  3.79800000e-06 -7.61197377e-07 
 3.79820000e-06 -7.38719328e-07  3.79820000e-06 -7.59753757e-07 
 3.79860000e-06 -7.41016414e-07  3.79860000e-06 -7.57105331e-07 
 3.79930000e-06 -7.44915733e-07  3.79930000e-06 -7.52792338e-07 
 3.80000000e-06 -7.48786314e-07  3.80000000e-06 -7.48784650e-07 
 3.80014000e-06 -7.48783736e-07  3.80014000e-06 -7.48781939e-07 
 3.80042000e-06 -7.48785577e-07  3.80042000e-06 -7.48785577e-07 
 3.80098000e-06 -7.48785577e-07  3.80098000e-06 -7.48785577e-07 
 3.80210000e-06 -7.48785577e-07  3.80210000e-06 -7.48785577e-07 
 3.80410000e-06 -7.48785577e-07  3.80410000e-06 -7.48785577e-07 
 3.80610000e-06 -7.48785577e-07  3.80610000e-06 -7.48785577e-07 
 3.80810000e-06 -7.48785577e-07  3.80810000e-06 -7.48785577e-07 
 3.81010000e-06 -7.48785577e-07  3.81010000e-06 -7.48785577e-07 
 3.81210000e-06 -7.48785577e-07  3.81210000e-06 -7.48785577e-07 
 3.81410000e-06 -7.48785577e-07  3.81410000e-06 -7.48785577e-07 
 3.81610000e-06 -7.48785577e-07  3.81610000e-06 -7.48785577e-07 
 3.81810000e-06 -7.48785577e-07  3.81810000e-06 -7.48785577e-07 
 3.82010000e-06 -7.48785577e-07  3.82010000e-06 -7.48785577e-07 
 3.82210000e-06 -7.48785577e-07  3.82210000e-06 -7.48785577e-07 
 3.82410000e-06 -7.48785577e-07  3.82410000e-06 -7.48785577e-07 
 3.82610000e-06 -7.48785577e-07  3.82610000e-06 -7.48785577e-07 
 3.82810000e-06 -7.48785577e-07  3.82810000e-06 -7.48785577e-07 
 3.83010000e-06 -7.48785577e-07  3.83010000e-06 -7.48785577e-07 
 3.83210000e-06 -7.48785577e-07  3.83210000e-06 -7.48785577e-07 
 3.83410000e-06 -7.48785577e-07  3.83410000e-06 -7.48785577e-07 
 3.83610000e-06 -7.48785577e-07  3.83610000e-06 -7.48785577e-07 
 3.83810000e-06 -7.48785577e-07  3.83810000e-06 -7.48785577e-07 
 3.84010000e-06 -7.48785577e-07  3.84010000e-06 -7.48785577e-07 
 3.84210000e-06 -7.48785577e-07  3.84210000e-06 -7.48785577e-07 
 3.84410000e-06 -7.48785577e-07  3.84410000e-06 -7.48785577e-07 
 3.84610000e-06 -7.48785577e-07  3.84610000e-06 -7.48785577e-07 
 3.84800000e-06 -7.48785577e-07  3.84800000e-06 -7.48785577e-07 
 3.84820000e-06 -7.49903448e-07  3.84820000e-06 -7.47667707e-07 
 3.84860000e-06 -7.52206230e-07  3.84860000e-06 -7.45465527e-07 
 3.84930000e-06 -7.56463327e-07  3.84930000e-06 -7.41582095e-07 
 3.85000000e-06 -7.61194549e-07  3.85000000e-06 -7.37507436e-07 
 3.85014000e-06 -7.61184304e-07  3.85014000e-06 -7.37512068e-07 
 3.85042000e-06 -7.61197365e-07  3.85042000e-06 -7.37504834e-07 
 3.85098000e-06 -7.61197370e-07  3.85098000e-06 -7.37504830e-07 
 3.85210000e-06 -7.61197377e-07  3.85210000e-06 -7.37504823e-07 
 3.85410000e-06 -7.61197377e-07  3.85410000e-06 -7.37504823e-07 
 3.85610000e-06 -7.61197377e-07  3.85610000e-06 -7.37504823e-07 
 3.85810000e-06 -7.61197377e-07  3.85810000e-06 -7.37504823e-07 
 3.86010000e-06 -7.61197377e-07  3.86010000e-06 -7.37504823e-07 
 3.86210000e-06 -7.61197377e-07  3.86210000e-06 -7.37504823e-07 
 3.86410000e-06 -7.61197377e-07  3.86410000e-06 -7.37504823e-07 
 3.86610000e-06 -7.61197377e-07  3.86610000e-06 -7.37504823e-07 
 3.86810000e-06 -7.61197377e-07  3.86810000e-06 -7.37504823e-07 
 3.87010000e-06 -7.61197377e-07  3.87010000e-06 -7.37504823e-07 
 3.87210000e-06 -7.61197377e-07  3.87210000e-06 -7.37504823e-07 
 3.87410000e-06 -7.61197377e-07  3.87410000e-06 -7.37504823e-07 
 3.87610000e-06 -7.61197377e-07  3.87610000e-06 -7.37504823e-07 
 3.87810000e-06 -7.61197377e-07  3.87810000e-06 -7.37504823e-07 
 3.88010000e-06 -7.61197377e-07  3.88010000e-06 -7.37504823e-07 
 3.88210000e-06 -7.61197377e-07  3.88210000e-06 -7.37504823e-07 
 3.88410000e-06 -7.61197377e-07  3.88410000e-06 -7.37504823e-07 
 3.88610000e-06 -7.61197377e-07  3.88610000e-06 -7.37504823e-07 
 3.88810000e-06 -7.61197377e-07  3.88810000e-06 -7.37504823e-07 
 3.89010000e-06 -7.61197377e-07  3.89010000e-06 -7.37504823e-07 
 3.89210000e-06 -7.61197377e-07  3.89210000e-06 -7.37504823e-07 
 3.89410000e-06 -7.61197377e-07  3.89410000e-06 -7.37504823e-07 
 3.89610000e-06 -7.61197377e-07  3.89610000e-06 -7.37504823e-07 
 3.89800000e-06 -7.61197377e-07  3.89800000e-06 -7.37504823e-07 
 3.89820000e-06 -7.62640997e-07  3.89820000e-06 -7.36290318e-07 
 3.89860000e-06 -7.65836749e-07  3.89860000e-06 -7.33663044e-07 
 3.89930000e-06 -7.72307334e-07  3.89930000e-06 -7.28413804e-07 
 3.90000000e-06 -7.80695443e-07  3.90000000e-06 -7.21586584e-07 
 3.90014000e-06 -7.80677741e-07  3.90014000e-06 -7.21597402e-07 
 3.90042000e-06 -7.80737247e-07  3.90042000e-06 -7.21545214e-07 
 3.90098000e-06 -7.80737203e-07  3.90098000e-06 -7.21545259e-07 
 3.90210000e-06 -7.80737351e-07  3.90210000e-06 -7.21545112e-07 
 3.90410000e-06 -7.80737351e-07  3.90410000e-06 -7.21545112e-07 
 3.90610000e-06 -7.80737351e-07  3.90610000e-06 -7.21545112e-07 
 3.90810000e-06 -7.80737351e-07  3.90810000e-06 -7.21545112e-07 
 3.91010000e-06 -7.80737351e-07  3.91010000e-06 -7.21545112e-07 
 3.91210000e-06 -7.80737351e-07  3.91210000e-06 -7.21545112e-07 
 3.91410000e-06 -7.80737351e-07  3.91410000e-06 -7.21545112e-07 
 3.91610000e-06 -7.80737351e-07  3.91610000e-06 -7.21545112e-07 
 3.91810000e-06 -7.80737351e-07  3.91810000e-06 -7.21545112e-07 
 3.92010000e-06 -7.80737351e-07  3.92010000e-06 -7.21545112e-07 
 3.92210000e-06 -7.80737351e-07  3.92210000e-06 -7.21545112e-07 
 3.92410000e-06 -7.80737351e-07  3.92410000e-06 -7.21545112e-07 
 3.92610000e-06 -7.80737351e-07  3.92610000e-06 -7.21545112e-07 
 3.92810000e-06 -7.80737351e-07  3.92810000e-06 -7.21545112e-07 
 3.93010000e-06 -7.80737351e-07  3.93010000e-06 -7.21545112e-07 
 3.93210000e-06 -7.80737351e-07  3.93210000e-06 -7.21545112e-07 
 3.93410000e-06 -7.80737351e-07  3.93410000e-06 -7.21545112e-07 
 3.93610000e-06 -7.80737351e-07  3.93610000e-06 -7.21545112e-07 
 3.93810000e-06 -7.80737351e-07  3.93810000e-06 -7.21545112e-07 
 3.94010000e-06 -7.80737351e-07  3.94010000e-06 -7.21545112e-07 
 3.94210000e-06 -7.80737351e-07  3.94210000e-06 -7.21545112e-07 
 3.94410000e-06 -7.80737351e-07  3.94410000e-06 -7.21545112e-07 
 3.94610000e-06 -7.80737351e-07  3.94610000e-06 -7.21545112e-07 
 3.94800000e-06 -7.80737351e-07  3.94800000e-06 -7.21545112e-07 
 3.94820000e-06 -7.83564756e-07  3.94820000e-06 -7.19215673e-07 
 3.94860000e-06 -7.91031923e-07  3.94860000e-06 -7.12888394e-07 
 3.94930000e-06 -8.16961566e-07  3.94930000e-06 -6.89272401e-07 
 3.95000000e-06 -8.57788026e-07  3.95000000e-06 -6.51263527e-07 
 3.95014000e-06 -8.57794914e-07  3.95014000e-06 -6.51246589e-07 
 3.95042000e-06 -8.57786688e-07  3.95042000e-06 -6.51266194e-07 
 3.95098000e-06 -8.57786685e-07  3.95098000e-06 -6.51266199e-07 
 3.95210000e-06 -8.57786682e-07  3.95210000e-06 -6.51266205e-07 
 3.95410000e-06 -8.57786682e-07  3.95410000e-06 -6.51266205e-07 
 3.95610000e-06 -8.57786682e-07  3.95610000e-06 -6.51266205e-07 
 3.95810000e-06 -8.57786682e-07  3.95810000e-06 -6.51266205e-07 
 3.96010000e-06 -8.57786682e-07  3.96010000e-06 -6.51266205e-07 
 3.96210000e-06 -8.57786682e-07  3.96210000e-06 -6.51266205e-07 
 3.96410000e-06 -8.57786682e-07  3.96410000e-06 -6.51266205e-07 
 3.96610000e-06 -8.57786682e-07  3.96610000e-06 -6.51266205e-07 
 3.96810000e-06 -8.57786682e-07  3.96810000e-06 -6.51266205e-07 
 3.97010000e-06 -8.57786682e-07  3.97010000e-06 -6.51266205e-07 
 3.97210000e-06 -8.57786682e-07  3.97210000e-06 -6.51266205e-07 
 3.97410000e-06 -8.57786682e-07  3.97410000e-06 -6.51266205e-07 
 3.97610000e-06 -8.57786682e-07  3.97610000e-06 -6.51266205e-07 
 3.97810000e-06 -8.57786682e-07  3.97810000e-06 -6.51266205e-07 
 3.98010000e-06 -8.57786682e-07  3.98010000e-06 -6.51266205e-07 
 3.98210000e-06 -8.57786682e-07  3.98210000e-06 -6.51266205e-07 
 3.98410000e-06 -8.57786682e-07  3.98410000e-06 -6.51266205e-07 
 3.98610000e-06 -8.57786682e-07  3.98610000e-06 -6.51266205e-07 
 3.98810000e-06 -8.57786682e-07  3.98810000e-06 -6.51266205e-07 
 3.99010000e-06 -8.57786682e-07  3.99010000e-06 -6.51266205e-07 
 3.99210000e-06 -8.57786682e-07  3.99210000e-06 -6.51266205e-07 
 3.99410000e-06 -8.57786682e-07  3.99410000e-06 -6.51266205e-07 
 3.99610000e-06 -8.57786682e-07  3.99610000e-06 -6.51266205e-07 
 3.99800000e-06 -8.57786682e-07  3.99800000e-06 -6.51266205e-07 
 3.99820000e-06 -8.69393431e-07  3.99820000e-06 -6.40545202e-07 
 3.99860000e-06 -8.92421840e-07  3.99860000e-06 -6.19525107e-07 
 3.99930000e-06 -9.32232339e-07  3.99930000e-06 -5.83798677e-07 
 4.00000000e-06 -9.71082281e-07  4.00000000e-06 -5.50069121e-07 
 4.00014000e-06 -9.71098541e-07  4.00014000e-06 -5.50035148e-07 
 4.00042000e-06 -9.71071820e-07  4.00042000e-06 -5.50089192e-07 
 4.00098000e-06 -9.71071811e-07  4.00098000e-06 -5.50089209e-07 
 4.00210000e-06 -9.71071781e-07  4.00210000e-06 -5.50089267e-07 
 4.00410000e-06 -9.71071781e-07  4.00410000e-06 -5.50089267e-07 
 4.00610000e-06 -9.71071781e-07  4.00610000e-06 -5.50089267e-07 
 4.00810000e-06 -9.71071781e-07  4.00810000e-06 -5.50089267e-07 
 4.01010000e-06 -9.71071781e-07  4.01010000e-06 -5.50089267e-07 
 4.01210000e-06 -9.71071781e-07  4.01210000e-06 -5.50089267e-07 
 4.01410000e-06 -9.71071781e-07  4.01410000e-06 -5.50089267e-07 
 4.01610000e-06 -9.71071781e-07  4.01610000e-06 -5.50089267e-07 
 4.01810000e-06 -9.71071781e-07  4.01810000e-06 -5.50089267e-07 
 4.02010000e-06 -9.71071781e-07  4.02010000e-06 -5.50089267e-07 
 4.02210000e-06 -9.71071781e-07  4.02210000e-06 -5.50089267e-07 
 4.02410000e-06 -9.71071781e-07  4.02410000e-06 -5.50089267e-07 
 4.02610000e-06 -9.71071781e-07  4.02610000e-06 -5.50089267e-07 
 4.02810000e-06 -9.71071781e-07  4.02810000e-06 -5.50089267e-07 
 4.03010000e-06 -9.71071781e-07  4.03010000e-06 -5.50089267e-07 
 4.03210000e-06 -9.71071781e-07  4.03210000e-06 -5.50089267e-07 
 4.03410000e-06 -9.71071781e-07  4.03410000e-06 -5.50089267e-07 
 4.03610000e-06 -9.71071781e-07  4.03610000e-06 -5.50089267e-07 
 4.03810000e-06 -9.71071781e-07  4.03810000e-06 -5.50089267e-07 
 4.04010000e-06 -9.71071781e-07  4.04010000e-06 -5.50089267e-07 
 4.04210000e-06 -9.71071781e-07  4.04210000e-06 -5.50089267e-07 
 4.04410000e-06 -9.71071781e-07  4.04410000e-06 -5.50089267e-07 
 4.04610000e-06 -9.71071781e-07  4.04610000e-06 -5.50089267e-07 
 4.04800000e-06 -9.71071781e-07  4.04800000e-06 -5.50089267e-07 
 4.04820000e-06 -9.71071781e-07  4.04820000e-06 -5.50089267e-07 
 4.04860000e-06 -9.71071781e-07  4.04860000e-06 -5.50089267e-07 
 4.04930000e-06 -9.71071781e-07  4.04930000e-06 -5.50089267e-07 
 4.05000000e-06 -9.71071781e-07  4.05000000e-06 -5.50089267e-07 
