 5.00000000e-10  2.00000000e-01  5.00000000e-10  4.99875031e-05 
 1.00000000e-09  2.00000000e-01  1.00000000e-09  9.99625125e-05 
 2.00000000e-09  2.00000000e-01  2.00000000e-09  1.99887550e-04 
 4.00000000e-09  2.00000000e-01  4.00000000e-09  3.99587812e-04 
 8.00000000e-09  2.00000000e-01  8.00000000e-09  7.98389835e-04 
 1.60000000e-08  2.00000000e-01  1.60000000e-08  1.59360584e-03 
 3.20000000e-08  2.00000000e-01  3.20000000e-08  3.17453329e-03 
 5.00000000e-08  2.00000000e-01  5.00000000e-08  4.93802677e-03 
 5.32000000e-08  2.00000000e-01  5.32000000e-08  5.24962736e-03 
 5.96000000e-08  2.00000000e-01  5.96000000e-08  5.87183303e-03 
 7.24000000e-08  2.00000000e-01  7.24000000e-08  7.11029023e-03 
 9.80000000e-08  2.00000000e-01  9.80000000e-08  9.56357748e-03 
 1.48000000e-07  2.00000000e-01  1.48000000e-07  1.42657114e-02 
 1.98000000e-07  2.00000000e-01  1.98000000e-07  1.88517432e-02 
 2.48000000e-07  2.00000000e-01  2.48000000e-07  2.33245397e-02 
 2.98000000e-07  2.00000000e-01  2.98000000e-07  2.76868967e-02 
 3.48000000e-07  2.00000000e-01  3.48000000e-07  3.19415412e-02 
 3.98000000e-07  2.00000000e-01  3.98000000e-07  3.60911328e-02 
 4.48000000e-07  2.00000000e-01  4.48000000e-07  4.01382653e-02 
 4.98000000e-07  2.00000000e-01  4.98000000e-07  4.40854686e-02 
 5.48000000e-07  2.00000000e-01  5.48000000e-07  4.79352102e-02 
 5.98000000e-07  2.00000000e-01  5.98000000e-07  5.16898963e-02 
 6.48000000e-07  2.00000000e-01  6.48000000e-07  5.53518742e-02 
 6.98000000e-07  2.00000000e-01  6.98000000e-07  5.89234329e-02 
 7.48000000e-07  2.00000000e-01  7.48000000e-07  6.24068049e-02 
 7.98000000e-07  2.00000000e-01  7.98000000e-07  6.58041677e-02 
 8.48000000e-07  2.00000000e-01  8.48000000e-07  6.91176451e-02 
 8.98000000e-07  2.00000000e-01  8.98000000e-07  7.23493082e-02 
 9.48000000e-07  2.00000000e-01  9.48000000e-07  7.55011771e-02 
 9.98000000e-07  2.00000000e-01  9.98000000e-07  7.85752221e-02 
 1.04800000e-06  2.00000000e-01  1.04800000e-06  8.15733648e-02 
 1.09800000e-06  2.00000000e-01  1.09800000e-06  8.44974792e-02 
 1.14800000e-06  2.00000000e-01  1.14800000e-06  8.73493933e-02 
 1.19800000e-06  2.00000000e-01  1.19800000e-06  9.01308898e-02 
 1.24800000e-06  2.00000000e-01  1.24800000e-06  9.28437073e-02 
 1.29800000e-06  2.00000000e-01  1.29800000e-06  9.54895417e-02 
 1.34800000e-06  2.00000000e-01  1.34800000e-06  9.80700468e-02 
 1.39800000e-06  2.00000000e-01  1.39800000e-06  1.00586836e-01 
 1.44800000e-06  2.00000000e-01  1.44800000e-06  1.03041482e-01 
 1.49800000e-06  2.00000000e-01  1.49800000e-06  1.05435519e-01 
 1.54800000e-06  2.00000000e-01  1.54800000e-06  1.07770445e-01 
 1.59800000e-06  2.00000000e-01  1.59800000e-06  1.10047718e-01 
 1.64800000e-06  2.00000000e-01  1.64800000e-06  1.12268762e-01 
 1.69800000e-06  2.00000000e-01  1.69800000e-06  1.14434965e-01 
 1.74800000e-06  2.00000000e-01  1.74800000e-06  1.16547682e-01 
 1.79800000e-06  2.00000000e-01  1.79800000e-06  1.18608233e-01 
 1.84800000e-06  2.00000000e-01  1.84800000e-06  1.20617906e-01 
 1.89800000e-06  2.00000000e-01  1.89800000e-06  1.22577958e-01 
 1.94800000e-06  2.00000000e-01  1.94800000e-06  1.24489613e-01 
 1.99800000e-06  2.00000000e-01  1.99800000e-06  1.26354067e-01 
 2.04800000e-06  2.00000000e-01  2.04800000e-06  1.28172486e-01 
 2.09800000e-06  2.00000000e-01  2.09800000e-06  1.29946004e-01 
 2.14800000e-06  2.00000000e-01  2.14800000e-06  1.31675733e-01 
 2.19800000e-06  2.00000000e-01  2.19800000e-06  1.33362752e-01 
 2.24800000e-06  2.00000000e-01  2.24800000e-06  1.35008116e-01 
 2.29800000e-06  2.00000000e-01  2.29800000e-06  1.36612854e-01 
 2.34800000e-06  2.00000000e-01  2.34800000e-06  1.38177968e-01 
 2.39800000e-06  2.00000000e-01  2.39800000e-06  1.39704438e-01 
 2.44800000e-06  2.00000000e-01  2.44800000e-06  1.41193218e-01 
 2.49800000e-06  2.00000000e-01  2.49800000e-06  1.42645237e-01 
 2.54800000e-06  2.00000000e-01  2.54800000e-06  1.44061404e-01 
 2.59800000e-06  2.00000000e-01  2.59800000e-06  1.45442604e-01 
 2.64800000e-06  2.00000000e-01  2.64800000e-06  1.46789700e-01 
 2.69800000e-06  2.00000000e-01  2.69800000e-06  1.48103535e-01 
 2.74800000e-06  2.00000000e-01  2.74800000e-06  1.49384929e-01 
 2.79800000e-06  2.00000000e-01  2.79800000e-06  1.50634684e-01 
 2.84800000e-06  2.00000000e-01  2.84800000e-06  1.51853580e-01 
 2.89800000e-06  2.00000000e-01  2.89800000e-06  1.53042381e-01 
 2.94800000e-06  2.00000000e-01  2.94800000e-06  1.54201828e-01 
 2.99800000e-06  2.00000000e-01  2.99800000e-06  1.55332647e-01 
 3.04800000e-06  2.00000000e-01  3.04800000e-06  1.56435545e-01 
 3.09800000e-06  2.00000000e-01  3.09800000e-06  1.57511210e-01 
 3.14800000e-06  2.00000000e-01  3.14800000e-06  1.58560316e-01 
 3.19800000e-06  2.00000000e-01  3.19800000e-06  1.59583518e-01 
 3.24800000e-06  2.00000000e-01  3.24800000e-06  1.60581456e-01 
 3.29800000e-06  2.00000000e-01  3.29800000e-06  1.61554754e-01 
 3.34800000e-06  2.00000000e-01  3.34800000e-06  1.62504019e-01 
 3.39800000e-06  2.00000000e-01  3.39800000e-06  1.63429846e-01 
 3.44800000e-06  2.00000000e-01  3.44800000e-06  1.64332812e-01 
 3.49800000e-06  2.00000000e-01  3.49800000e-06  1.65213484e-01 
 3.54800000e-06  2.00000000e-01  3.54800000e-06  1.66072410e-01 
 3.59800000e-06  2.00000000e-01  3.59800000e-06  1.66910128e-01 
 3.64800000e-06  2.00000000e-01  3.64800000e-06  1.67727162e-01 
 3.69800000e-06  2.00000000e-01  3.69800000e-06  1.68524022e-01 
 3.74800000e-06  2.00000000e-01  3.74800000e-06  1.69301207e-01 
 3.79800000e-06  2.00000000e-01  3.79800000e-06  1.70059202e-01 
 3.84800000e-06  2.00000000e-01  3.84800000e-06  1.70798481e-01 
 3.89800000e-06  2.00000000e-01  3.89800000e-06  1.71519506e-01 
 3.94800000e-06  2.00000000e-01  3.94800000e-06  1.72222728e-01 
 3.99800000e-06  2.00000000e-01  3.99800000e-06  1.72908587e-01 
 4.04800000e-06  2.00000000e-01  4.04800000e-06  1.73577510e-01 
 4.09800000e-06  2.00000000e-01  4.09800000e-06  1.74229918e-01 
 4.14800000e-06  2.00000000e-01  4.14800000e-06  1.74866216e-01 
 4.19800000e-06  2.00000000e-01  4.19800000e-06  1.75486803e-01 
 4.24800000e-06  2.00000000e-01  4.24800000e-06  1.76092067e-01 
 4.29800000e-06  2.00000000e-01  4.29800000e-06  1.76682387e-01 
 4.34800000e-06  2.00000000e-01  4.34800000e-06  1.77258130e-01 
 4.39800000e-06  2.00000000e-01  4.39800000e-06  1.77819658e-01 
 4.44800000e-06  2.00000000e-01  4.44800000e-06  1.78367321e-01 
 4.49800000e-06  2.00000000e-01  4.49800000e-06  1.78901461e-01 
 4.54800000e-06  2.00000000e-01  4.54800000e-06  1.79422412e-01 
 4.59800000e-06  2.00000000e-01  4.59800000e-06  1.79930501e-01 
 4.64800000e-06  2.00000000e-01  4.64800000e-06  1.80426044e-01 
 4.69800000e-06  2.00000000e-01  4.69800000e-06  1.80909352e-01 
 4.74800000e-06  2.00000000e-01  4.74800000e-06  1.81380726e-01 
 4.79800000e-06  2.00000000e-01  4.79800000e-06  1.81840461e-01 
 4.84800000e-06  2.00000000e-01  4.84800000e-06  1.82288845e-01 
 4.89800000e-06  2.00000000e-01  4.89800000e-06  1.82726157e-01 
 4.94800000e-06  2.00000000e-01  4.94800000e-06  1.83152672e-01 
 4.99800000e-06  2.00000000e-01  4.99800000e-06  1.83568655e-01 
 5.04800000e-06  2.00000000e-01  5.04800000e-06  1.83974367e-01 
 5.09800000e-06  2.00000000e-01  5.09800000e-06  1.84370062e-01 
 5.14800000e-06  2.00000000e-01  5.14800000e-06  1.84755986e-01 
 5.19800000e-06  2.00000000e-01  5.19800000e-06  1.85132382e-01 
 5.24800000e-06  2.00000000e-01  5.24800000e-06  1.85499483e-01 
 5.29800000e-06  2.00000000e-01  5.29800000e-06  1.85857521e-01 
 5.34800000e-06  2.00000000e-01  5.34800000e-06  1.86206718e-01 
 5.39800000e-06  2.00000000e-01  5.39800000e-06  1.86547293e-01 
 5.44800000e-06  2.00000000e-01  5.44800000e-06  1.86879458e-01 
 5.49800000e-06  2.00000000e-01  5.49800000e-06  1.87203422e-01 
 5.54800000e-06  2.00000000e-01  5.54800000e-06  1.87519387e-01 
 5.59800000e-06  2.00000000e-01  5.59800000e-06  1.87827551e-01 
 5.64800000e-06  2.00000000e-01  5.64800000e-06  1.88128105e-01 
 5.69800000e-06  2.00000000e-01  5.69800000e-06  1.88421238e-01 
 5.74800000e-06  2.00000000e-01  5.74800000e-06  1.88707133e-01 
 5.79800000e-06  2.00000000e-01  5.79800000e-06  1.88985970e-01 
 5.84800000e-06  2.00000000e-01  5.84800000e-06  1.89257921e-01 
 5.89800000e-06  2.00000000e-01  5.89800000e-06  1.89523158e-01 
 5.94800000e-06  2.00000000e-01  5.94800000e-06  1.89781845e-01 
 5.99800000e-06  2.00000000e-01  5.99800000e-06  1.90034145e-01 
 6.04800000e-06  2.00000000e-01  6.04800000e-06  1.90280216e-01 
 6.09800000e-06  2.00000000e-01  6.09800000e-06  1.90520210e-01 
 6.14800000e-06  2.00000000e-01  6.14800000e-06  1.90754279e-01 
 6.19800000e-06  2.00000000e-01  6.19800000e-06  1.90982569e-01 
 6.24800000e-06  2.00000000e-01  6.24800000e-06  1.91205221e-01 
 6.29800000e-06  2.00000000e-01  6.29800000e-06  1.91422376e-01 
 6.34800000e-06  2.00000000e-01  6.34800000e-06  1.91634169e-01 
 6.39800000e-06  2.00000000e-01  6.39800000e-06  1.91840733e-01 
 6.44800000e-06  2.00000000e-01  6.44800000e-06  1.92042197e-01 
 6.49800000e-06  2.00000000e-01  6.49800000e-06  1.92238685e-01 
 6.54800000e-06  2.00000000e-01  6.54800000e-06  1.92430323e-01 
 6.59800000e-06  2.00000000e-01  6.59800000e-06  1.92617228e-01 
 6.64800000e-06  2.00000000e-01  6.64800000e-06  1.92799519e-01 
 6.69800000e-06  2.00000000e-01  6.69800000e-06  1.92977309e-01 
 6.74800000e-06  2.00000000e-01  6.74800000e-06  1.93150709e-01 
 6.79800000e-06  2.00000000e-01  6.79800000e-06  1.93319827e-01 
 6.84800000e-06  2.00000000e-01  6.84800000e-06  1.93484769e-01 
 6.89800000e-06  2.00000000e-01  6.89800000e-06  1.93645639e-01 
 6.94800000e-06  2.00000000e-01  6.94800000e-06  1.93802537e-01 
 6.99800000e-06  2.00000000e-01  6.99800000e-06  1.93955561e-01 
 7.04800000e-06  2.00000000e-01  7.04800000e-06  1.94104806e-01 
 7.09800000e-06  2.00000000e-01  7.09800000e-06  1.94250367e-01 
 7.14800000e-06  2.00000000e-01  7.14800000e-06  1.94392333e-01 
 7.19800000e-06  2.00000000e-01  7.19800000e-06  1.94530794e-01 
 7.24800000e-06  2.00000000e-01  7.24800000e-06  1.94665836e-01 
 7.29800000e-06  2.00000000e-01  7.29800000e-06  1.94797544e-01 
 7.34800000e-06  2.00000000e-01  7.34800000e-06  1.94925999e-01 
 7.39800000e-06  2.00000000e-01  7.39800000e-06  1.95051283e-01 
 7.44800000e-06  2.00000000e-01  7.44800000e-06  1.95173474e-01 
 7.49800000e-06  2.00000000e-01  7.49800000e-06  1.95292647e-01 
 7.54800000e-06  2.00000000e-01  7.54800000e-06  1.95408878e-01 
 7.59800000e-06  2.00000000e-01  7.59800000e-06  1.95522239e-01 
 7.64800000e-06  2.00000000e-01  7.64800000e-06  1.95632801e-01 
 7.69800000e-06  2.00000000e-01  7.69800000e-06  1.95740633e-01 
 7.74800000e-06  2.00000000e-01  7.74800000e-06  1.95845803e-01 
 7.79800000e-06  2.00000000e-01  7.79800000e-06  1.95948376e-01 
 7.84800000e-06  2.00000000e-01  7.84800000e-06  1.96048416e-01 
 7.89800000e-06  2.00000000e-01  7.89800000e-06  1.96145986e-01 
 7.94800000e-06  2.00000000e-01  7.94800000e-06  1.96241147e-01 
 7.99800000e-06  2.00000000e-01  7.99800000e-06  1.96333958e-01 
 8.04800000e-06  2.00000000e-01  8.04800000e-06  1.96424477e-01 
 8.09800000e-06  2.00000000e-01  8.09800000e-06  1.96512762e-01 
 8.14800000e-06  2.00000000e-01  8.14800000e-06  1.96598867e-01 
 8.19800000e-06  2.00000000e-01  8.19800000e-06  1.96682845e-01 
 8.24800000e-06  2.00000000e-01  8.24800000e-06  1.96764750e-01 
 8.29800000e-06  2.00000000e-01  8.29800000e-06  1.96844633e-01 
 8.34800000e-06  2.00000000e-01  8.34800000e-06  1.96922543e-01 
 8.39800000e-06  2.00000000e-01  8.39800000e-06  1.96998530e-01 
 8.44800000e-06  2.00000000e-01  8.44800000e-06  1.97072640e-01 
 8.49800000e-06  2.00000000e-01  8.49800000e-06  1.97144921e-01 
 8.54800000e-06  2.00000000e-01  8.54800000e-06  1.97215416e-01 
 8.59800000e-06  2.00000000e-01  8.59800000e-06  1.97284172e-01 
 8.64800000e-06  2.00000000e-01  8.64800000e-06  1.97351229e-01 
 8.69800000e-06  2.00000000e-01  8.69800000e-06  1.97416631e-01 
 8.74800000e-06  2.00000000e-01  8.74800000e-06  1.97480418e-01 
 8.79800000e-06  2.00000000e-01  8.79800000e-06  1.97542630e-01 
 8.84800000e-06  2.00000000e-01  8.84800000e-06  1.97603305e-01 
 8.89800000e-06  2.00000000e-01  8.89800000e-06  1.97662483e-01 
 8.94800000e-06  2.00000000e-01  8.94800000e-06  1.97720200e-01 
 8.99800000e-06  2.00000000e-01  8.99800000e-06  1.97776491e-01 
 9.04800000e-06  2.00000000e-01  9.04800000e-06  1.97831392e-01 
 9.09800000e-06  2.00000000e-01  9.09800000e-06  1.97884938e-01 
 9.14800000e-06  2.00000000e-01  9.14800000e-06  1.97937162e-01 
 9.19800000e-06  2.00000000e-01  9.19800000e-06  1.97988096e-01 
 9.24800000e-06  2.00000000e-01  9.24800000e-06  1.98037773e-01 
 9.29800000e-06  2.00000000e-01  9.29800000e-06  1.98086223e-01 
 9.34800000e-06  2.00000000e-01  9.34800000e-06  1.98133477e-01 
 9.39800000e-06  2.00000000e-01  9.39800000e-06  1.98179564e-01 
 9.44800000e-06  2.00000000e-01  9.44800000e-06  1.98224513e-01 
 9.49800000e-06  2.00000000e-01  9.49800000e-06  1.98268352e-01 
 9.54800000e-06  2.00000000e-01  9.54800000e-06  1.98311109e-01 
 9.59800000e-06  2.00000000e-01  9.59800000e-06  1.98352810e-01 
 9.64800000e-06  2.00000000e-01  9.64800000e-06  1.98393481e-01 
 9.69800000e-06  2.00000000e-01  9.69800000e-06  1.98433148e-01 
 9.74800000e-06  2.00000000e-01  9.74800000e-06  1.98471836e-01 
 9.79800000e-06  2.00000000e-01  9.79800000e-06  1.98509568e-01 
 9.84800000e-06  2.00000000e-01  9.84800000e-06  1.98546369e-01 
 9.89800000e-06  2.00000000e-01  9.89800000e-06  1.98582261e-01 
 9.94800000e-06  2.00000000e-01  9.94800000e-06  1.98617267e-01 
 9.99800000e-06  2.00000000e-01  9.99800000e-06  1.98651409e-01 
 1.00480000e-05  2.00000000e-01  1.00480000e-05  1.98684707e-01 
 1.00980000e-05  2.00000000e-01  1.00980000e-05  1.98717184e-01 
 1.01480000e-05  2.00000000e-01  1.01480000e-05  1.98748858e-01 
 1.01980000e-05  2.00000000e-01  1.01980000e-05  1.98779750e-01 
 1.02480000e-05  2.00000000e-01  1.02480000e-05  1.98809880e-01 
 1.02980000e-05  2.00000000e-01  1.02980000e-05  1.98839266e-01 
 1.03480000e-05  2.00000000e-01  1.03480000e-05  1.98867926e-01 
 1.03980000e-05  2.00000000e-01  1.03980000e-05  1.98895878e-01 
 1.04480000e-05  2.00000000e-01  1.04480000e-05  1.98923141e-01 
 1.04980000e-05  2.00000000e-01  1.04980000e-05  1.98949730e-01 
 1.05480000e-05  2.00000000e-01  1.05480000e-05  1.98975662e-01 
 1.05980000e-05  2.00000000e-01  1.05980000e-05  1.99000955e-01 
 1.06480000e-05  2.00000000e-01  1.06480000e-05  1.99025622e-01 
 1.06980000e-05  2.00000000e-01  1.06980000e-05  1.99049681e-01 
 1.07480000e-05  2.00000000e-01  1.07480000e-05  1.99073146e-01 
 1.07980000e-05  2.00000000e-01  1.07980000e-05  1.99096031e-01 
 1.08480000e-05  2.00000000e-01  1.08480000e-05  1.99118351e-01 
 1.08980000e-05  2.00000000e-01  1.08980000e-05  1.99140120e-01 
 1.09480000e-05  2.00000000e-01  1.09480000e-05  1.99161352e-01 
 1.09980000e-05  2.00000000e-01  1.09980000e-05  1.99182059e-01 
 1.10480000e-05  2.00000000e-01  1.10480000e-05  1.99202255e-01 
 1.10980000e-05  2.00000000e-01  1.10980000e-05  1.99221953e-01 
 1.11480000e-05  2.00000000e-01  1.11480000e-05  1.99241164e-01 
 1.11980000e-05  2.00000000e-01  1.11980000e-05  1.99259901e-01 
 1.12480000e-05  2.00000000e-01  1.12480000e-05  1.99278175e-01 
 1.12980000e-05  2.00000000e-01  1.12980000e-05  1.99295997e-01 
 1.13480000e-05  2.00000000e-01  1.13480000e-05  1.99313380e-01 
 1.13980000e-05  2.00000000e-01  1.13980000e-05  1.99330334e-01 
 1.14480000e-05  2.00000000e-01  1.14480000e-05  1.99346869e-01 
 1.14980000e-05  2.00000000e-01  1.14980000e-05  1.99362995e-01 
 1.15480000e-05  2.00000000e-01  1.15480000e-05  1.99378724e-01 
 1.15980000e-05  2.00000000e-01  1.15980000e-05  1.99394064e-01 
 1.16480000e-05  2.00000000e-01  1.16480000e-05  1.99409026e-01 
 1.16980000e-05  2.00000000e-01  1.16980000e-05  1.99423617e-01 
 1.17480000e-05  2.00000000e-01  1.17480000e-05  1.99437849e-01 
 1.17980000e-05  2.00000000e-01  1.17980000e-05  1.99451729e-01 
 1.18480000e-05  2.00000000e-01  1.18480000e-05  1.99465267e-01 
 1.18980000e-05  2.00000000e-01  1.18980000e-05  1.99478470e-01 
 1.19480000e-05  2.00000000e-01  1.19480000e-05  1.99491348e-01 
 1.19980000e-05  2.00000000e-01  1.19980000e-05  1.99503907e-01 
 1.20480000e-05  2.00000000e-01  1.20480000e-05  1.99516156e-01 
 1.20980000e-05  2.00000000e-01  1.20980000e-05  1.99528103e-01 
 1.21480000e-05  2.00000000e-01  1.21480000e-05  1.99539755e-01 
 1.21980000e-05  2.00000000e-01  1.21980000e-05  1.99551119e-01 
 1.22480000e-05  2.00000000e-01  1.22480000e-05  1.99562202e-01 
 1.22980000e-05  2.00000000e-01  1.22980000e-05  1.99573012e-01 
 1.23480000e-05  2.00000000e-01  1.23480000e-05  1.99583555e-01 
 1.23980000e-05  2.00000000e-01  1.23980000e-05  1.99593837e-01 
 1.24480000e-05  2.00000000e-01  1.24480000e-05  1.99603866e-01 
 1.24980000e-05  2.00000000e-01  1.24980000e-05  1.99613647e-01 
 1.25480000e-05  2.00000000e-01  1.25480000e-05  1.99623187e-01 
 1.25980000e-05  2.00000000e-01  1.25980000e-05  1.99632491e-01 
 1.26480000e-05  2.00000000e-01  1.26480000e-05  1.99641565e-01 
 1.26980000e-05  2.00000000e-01  1.26980000e-05  1.99650415e-01 
 1.27480000e-05  2.00000000e-01  1.27480000e-05  1.99659047e-01 
 1.27980000e-05  2.00000000e-01  1.27980000e-05  1.99667466e-01 
 1.28480000e-05  2.00000000e-01  1.28480000e-05  1.99675676e-01 
 1.28980000e-05  2.00000000e-01  1.28980000e-05  1.99683684e-01 
 1.29480000e-05  2.00000000e-01  1.29480000e-05  1.99691495e-01 
 1.29980000e-05  2.00000000e-01  1.29980000e-05  1.99699112e-01 
 1.30480000e-05  2.00000000e-01  1.30480000e-05  1.99706541e-01 
 1.30980000e-05  2.00000000e-01  1.30980000e-05  1.99713787e-01 
 1.31480000e-05  2.00000000e-01  1.31480000e-05  1.99720854e-01 
 1.31980000e-05  2.00000000e-01  1.31980000e-05  1.99727747e-01 
 1.32480000e-05  2.00000000e-01  1.32480000e-05  1.99734469e-01 
 1.32980000e-05  2.00000000e-01  1.32980000e-05  1.99741025e-01 
 1.33480000e-05  2.00000000e-01  1.33480000e-05  1.99747420e-01 
 1.33980000e-05  2.00000000e-01  1.33980000e-05  1.99753656e-01 
 1.34480000e-05  2.00000000e-01  1.34480000e-05  1.99759739e-01 
 1.34980000e-05  2.00000000e-01  1.34980000e-05  1.99765671e-01 
 1.35480000e-05  2.00000000e-01  1.35480000e-05  1.99771457e-01 
 1.35980000e-05  2.00000000e-01  1.35980000e-05  1.99777100e-01 
 1.36480000e-05  2.00000000e-01  1.36480000e-05  1.99782604e-01 
 1.36980000e-05  2.00000000e-01  1.36980000e-05  1.99787972e-01 
 1.37480000e-05  2.00000000e-01  1.37480000e-05  1.99793207e-01 
 1.37980000e-05  2.00000000e-01  1.37980000e-05  1.99798313e-01 
 1.38480000e-05  2.00000000e-01  1.38480000e-05  1.99803293e-01 
 1.38980000e-05  2.00000000e-01  1.38980000e-05  1.99808150e-01 
 1.39480000e-05  2.00000000e-01  1.39480000e-05  1.99812887e-01 
 1.39980000e-05  2.00000000e-01  1.39980000e-05  1.99817507e-01 
 1.40480000e-05  2.00000000e-01  1.40480000e-05  1.99822013e-01 
 1.40980000e-05  2.00000000e-01  1.40980000e-05  1.99826408e-01 
 1.41480000e-05  2.00000000e-01  1.41480000e-05  1.99830694e-01 
 1.41980000e-05  2.00000000e-01  1.41980000e-05  1.99834874e-01 
 1.42480000e-05  2.00000000e-01  1.42480000e-05  1.99838952e-01 
 1.42980000e-05  2.00000000e-01  1.42980000e-05  1.99842928e-01 
 1.43480000e-05  2.00000000e-01  1.43480000e-05  1.99846806e-01 
 1.43980000e-05  2.00000000e-01  1.43980000e-05  1.99850589e-01 
 1.44480000e-05  2.00000000e-01  1.44480000e-05  1.99854278e-01 
 1.44980000e-05  2.00000000e-01  1.44980000e-05  1.99857876e-01 
 1.45480000e-05  2.00000000e-01  1.45480000e-05  1.99861385e-01 
 1.45980000e-05  2.00000000e-01  1.45980000e-05  1.99864808e-01 
 1.46480000e-05  2.00000000e-01  1.46480000e-05  1.99868146e-01 
 1.46980000e-05  2.00000000e-01  1.46980000e-05  1.99871402e-01 
 1.47480000e-05  2.00000000e-01  1.47480000e-05  1.99874577e-01 
 1.47980000e-05  2.00000000e-01  1.47980000e-05  1.99877674e-01 
 1.48480000e-05  2.00000000e-01  1.48480000e-05  1.99880694e-01 
 1.48980000e-05  2.00000000e-01  1.48980000e-05  1.99883640e-01 
 1.49480000e-05  2.00000000e-01  1.49480000e-05  1.99886513e-01 
 1.49980000e-05  2.00000000e-01  1.49980000e-05  1.99889315e-01 
 1.50480000e-05  2.00000000e-01  1.50480000e-05  1.99892048e-01 
 1.50980000e-05  2.00000000e-01  1.50980000e-05  1.99894714e-01 
 1.51480000e-05  2.00000000e-01  1.51480000e-05  1.99897313e-01 
 1.51980000e-05  2.00000000e-01  1.51980000e-05  1.99899849e-01 
 1.52480000e-05  2.00000000e-01  1.52480000e-05  1.99902322e-01 
 1.52980000e-05  2.00000000e-01  1.52980000e-05  1.99904734e-01 
 1.53480000e-05  2.00000000e-01  1.53480000e-05  1.99907086e-01 
 1.53980000e-05  2.00000000e-01  1.53980000e-05  1.99909380e-01 
 1.54480000e-05  2.00000000e-01  1.54480000e-05  1.99911618e-01 
 1.54980000e-05  2.00000000e-01  1.54980000e-05  1.99913800e-01 
 1.55480000e-05  2.00000000e-01  1.55480000e-05  1.99915928e-01 
 1.55980000e-05  2.00000000e-01  1.55980000e-05  1.99918004e-01 
 1.56480000e-05  2.00000000e-01  1.56480000e-05  1.99920029e-01 
 1.56980000e-05  2.00000000e-01  1.56980000e-05  1.99922003e-01 
 1.57480000e-05  2.00000000e-01  1.57480000e-05  1.99923929e-01 
 1.57980000e-05  2.00000000e-01  1.57980000e-05  1.99925807e-01 
 1.58480000e-05  2.00000000e-01  1.58480000e-05  1.99927639e-01 
 1.58980000e-05  2.00000000e-01  1.58980000e-05  1.99929426e-01 
 1.59480000e-05  2.00000000e-01  1.59480000e-05  1.99931169e-01 
 1.59980000e-05  2.00000000e-01  1.59980000e-05  1.99932868e-01 
 1.60480000e-05  2.00000000e-01  1.60480000e-05  1.99934526e-01 
 1.60980000e-05  2.00000000e-01  1.60980000e-05  1.99936142e-01 
 1.61480000e-05  2.00000000e-01  1.61480000e-05  1.99937719e-01 
 1.61980000e-05  2.00000000e-01  1.61980000e-05  1.99939257e-01 
 1.62480000e-05  2.00000000e-01  1.62480000e-05  1.99940757e-01 
 1.62980000e-05  2.00000000e-01  1.62980000e-05  1.99942219e-01 
 1.63480000e-05  2.00000000e-01  1.63480000e-05  1.99943646e-01 
 1.63980000e-05  2.00000000e-01  1.63980000e-05  1.99945038e-01 
 1.64480000e-05  2.00000000e-01  1.64480000e-05  1.99946395e-01 
 1.64980000e-05  2.00000000e-01  1.64980000e-05  1.99947718e-01 
 1.65480000e-05  2.00000000e-01  1.65480000e-05  1.99949009e-01 
 1.65980000e-05  2.00000000e-01  1.65980000e-05  1.99950268e-01 
 1.66480000e-05  2.00000000e-01  1.66480000e-05  1.99951496e-01 
 1.66980000e-05  2.00000000e-01  1.66980000e-05  1.99952694e-01 
 1.67480000e-05  2.00000000e-01  1.67480000e-05  1.99953862e-01 
 1.67980000e-05  2.00000000e-01  1.67980000e-05  1.99955001e-01 
 1.68480000e-05  2.00000000e-01  1.68480000e-05  1.99956112e-01 
 1.68980000e-05  2.00000000e-01  1.68980000e-05  1.99957196e-01 
 1.69480000e-05  2.00000000e-01  1.69480000e-05  1.99958253e-01 
 1.69980000e-05  2.00000000e-01  1.69980000e-05  1.99959283e-01 
 1.70480000e-05  2.00000000e-01  1.70480000e-05  1.99960289e-01 
 1.70980000e-05  2.00000000e-01  1.70980000e-05  1.99961269e-01 
 1.71480000e-05  2.00000000e-01  1.71480000e-05  1.99962226e-01 
 1.71980000e-05  2.00000000e-01  1.71980000e-05  1.99963158e-01 
 1.72480000e-05  2.00000000e-01  1.72480000e-05  1.99964068e-01 
 1.72980000e-05  2.00000000e-01  1.72980000e-05  1.99964955e-01 
 1.73480000e-05  2.00000000e-01  1.73480000e-05  1.99965821e-01 
 1.73980000e-05  2.00000000e-01  1.73980000e-05  1.99966664e-01 
 1.74480000e-05  2.00000000e-01  1.74480000e-05  1.99967488e-01 
 1.74980000e-05  2.00000000e-01  1.74980000e-05  1.99968290e-01 
 1.75480000e-05  2.00000000e-01  1.75480000e-05  1.99969073e-01 
 1.75980000e-05  2.00000000e-01  1.75980000e-05  1.99969837e-01 
 1.76480000e-05  2.00000000e-01  1.76480000e-05  1.99970582e-01 
 1.76980000e-05  2.00000000e-01  1.76980000e-05  1.99971308e-01 
 1.77480000e-05  2.00000000e-01  1.77480000e-05  1.99972017e-01 
 1.77980000e-05  2.00000000e-01  1.77980000e-05  1.99972707e-01 
 1.78480000e-05  2.00000000e-01  1.78480000e-05  1.99973381e-01 
 1.78980000e-05  2.00000000e-01  1.78980000e-05  1.99974039e-01 
 1.79480000e-05  2.00000000e-01  1.79480000e-05  1.99974680e-01 
 1.79980000e-05  2.00000000e-01  1.79980000e-05  1.99975305e-01 
 1.80480000e-05  2.00000000e-01  1.80480000e-05  1.99975915e-01 
 1.80980000e-05  2.00000000e-01  1.80980000e-05  1.99976509e-01 
 1.81480000e-05  2.00000000e-01  1.81480000e-05  1.99977089e-01 
 1.81980000e-05  2.00000000e-01  1.81980000e-05  1.99977655e-01 
 1.82480000e-05  2.00000000e-01  1.82480000e-05  1.99978207e-01 
 1.82980000e-05  2.00000000e-01  1.82980000e-05  1.99978745e-01 
 1.83480000e-05  2.00000000e-01  1.83480000e-05  1.99979270e-01 
 1.83980000e-05  2.00000000e-01  1.83980000e-05  1.99979782e-01 
 1.84480000e-05  2.00000000e-01  1.84480000e-05  1.99980281e-01 
 1.84980000e-05  2.00000000e-01  1.84980000e-05  1.99980768e-01 
 1.85480000e-05  2.00000000e-01  1.85480000e-05  1.99981243e-01 
 1.85980000e-05  2.00000000e-01  1.85980000e-05  1.99981706e-01 
 1.86480000e-05  2.00000000e-01  1.86480000e-05  1.99982157e-01 
 1.86980000e-05  2.00000000e-01  1.86980000e-05  1.99982598e-01 
 1.87480000e-05  2.00000000e-01  1.87480000e-05  1.99983028e-01 
 1.87980000e-05  2.00000000e-01  1.87980000e-05  1.99983447e-01 
 1.88480000e-05  2.00000000e-01  1.88480000e-05  1.99983855e-01 
 1.88980000e-05  2.00000000e-01  1.88980000e-05  1.99984254e-01 
 1.89480000e-05  2.00000000e-01  1.89480000e-05  1.99984643e-01 
 1.89980000e-05  2.00000000e-01  1.89980000e-05  1.99985022e-01 
 1.90480000e-05  2.00000000e-01  1.90480000e-05  1.99985392e-01 
 1.90980000e-05  2.00000000e-01  1.90980000e-05  1.99985753e-01 
 1.91480000e-05  2.00000000e-01  1.91480000e-05  1.99986104e-01 
 1.91980000e-05  2.00000000e-01  1.91980000e-05  1.99986447e-01 
 1.92480000e-05  2.00000000e-01  1.92480000e-05  1.99986782e-01 
 1.92980000e-05  2.00000000e-01  1.92980000e-05  1.99987108e-01 
 1.93480000e-05  2.00000000e-01  1.93480000e-05  1.99987427e-01 
 1.93980000e-05  2.00000000e-01  1.93980000e-05  1.99987737e-01 
 1.94480000e-05  2.00000000e-01  1.94480000e-05  1.99988040e-01 
 1.94980000e-05  2.00000000e-01  1.94980000e-05  1.99988335e-01 
 1.95480000e-05  2.00000000e-01  1.95480000e-05  1.99988623e-01 
 1.95980000e-05  2.00000000e-01  1.95980000e-05  1.99988904e-01 
 1.96480000e-05  2.00000000e-01  1.96480000e-05  1.99989178e-01 
 1.96980000e-05  2.00000000e-01  1.96980000e-05  1.99989445e-01 
 1.97480000e-05  2.00000000e-01  1.97480000e-05  1.99989706e-01 
 1.97980000e-05  2.00000000e-01  1.97980000e-05  1.99989960e-01 
 1.98480000e-05  2.00000000e-01  1.98480000e-05  1.99990208e-01 
 1.98980000e-05  2.00000000e-01  1.98980000e-05  1.99990450e-01 
 1.99480000e-05  2.00000000e-01  1.99480000e-05  1.99990686e-01 
 1.99980000e-05  2.00000000e-01  1.99980000e-05  1.99990916e-01 
 2.00480000e-05  2.00000000e-01  2.00480000e-05  1.99991140e-01 
 2.00980000e-05  2.00000000e-01  2.00980000e-05  1.99991359e-01 
 2.01480000e-05  2.00000000e-01  2.01480000e-05  1.99991572e-01 
 2.01980000e-05  2.00000000e-01  2.01980000e-05  1.99991780e-01 
 2.02480000e-05  2.00000000e-01  2.02480000e-05  1.99991983e-01 
 2.02980000e-05  2.00000000e-01  2.02980000e-05  1.99992181e-01 
 2.03480000e-05  2.00000000e-01  2.03480000e-05  1.99992374e-01 
 2.03980000e-05  2.00000000e-01  2.03980000e-05  1.99992562e-01 
 2.04480000e-05  2.00000000e-01  2.04480000e-05  1.99992746e-01 
 2.04980000e-05  2.00000000e-01  2.04980000e-05  1.99992925e-01 
 2.05480000e-05  2.00000000e-01  2.05480000e-05  1.99993100e-01 
 2.05980000e-05  2.00000000e-01  2.05980000e-05  1.99993270e-01 
 2.06480000e-05  2.00000000e-01  2.06480000e-05  1.99993436e-01 
 2.06980000e-05  2.00000000e-01  2.06980000e-05  1.99993598e-01 
 2.07480000e-05  2.00000000e-01  2.07480000e-05  1.99993757e-01 
 2.07980000e-05  2.00000000e-01  2.07980000e-05  1.99993911e-01 
 2.08480000e-05  2.00000000e-01  2.08480000e-05  1.99994061e-01 
 2.08980000e-05  2.00000000e-01  2.08980000e-05  1.99994208e-01 
 2.09480000e-05  2.00000000e-01  2.09480000e-05  1.99994351e-01 
 2.09980000e-05  2.00000000e-01  2.09980000e-05  1.99994490e-01 
 2.10480000e-05  2.00000000e-01  2.10480000e-05  1.99994626e-01 
 2.10980000e-05  2.00000000e-01  2.10980000e-05  1.99994759e-01 
 2.11480000e-05  2.00000000e-01  2.11480000e-05  1.99994888e-01 
 2.11980000e-05  2.00000000e-01  2.11980000e-05  1.99995015e-01 
 2.12480000e-05  2.00000000e-01  2.12480000e-05  1.99995138e-01 
 2.12980000e-05  2.00000000e-01  2.12980000e-05  1.99995258e-01 
 2.13480000e-05  2.00000000e-01  2.13480000e-05  1.99995375e-01 
 2.13980000e-05  2.00000000e-01  2.13980000e-05  1.99995489e-01 
 2.14480000e-05  2.00000000e-01  2.14480000e-05  1.99995600e-01 
 2.14980000e-05  2.00000000e-01  2.14980000e-05  1.99995709e-01 
 2.15480000e-05  2.00000000e-01  2.15480000e-05  1.99995815e-01 
 2.15980000e-05  2.00000000e-01  2.15980000e-05  1.99995918e-01 
 2.16480000e-05  2.00000000e-01  2.16480000e-05  1.99996019e-01 
 2.16980000e-05  2.00000000e-01  2.16980000e-05  1.99996117e-01 
 2.17480000e-05  2.00000000e-01  2.17480000e-05  1.99996213e-01 
 2.17980000e-05  2.00000000e-01  2.17980000e-05  1.99996307e-01 
 2.18480000e-05  2.00000000e-01  2.18480000e-05  1.99996398e-01 
 2.18980000e-05  2.00000000e-01  2.18980000e-05  1.99996487e-01 
 2.19480000e-05  2.00000000e-01  2.19480000e-05  1.99996574e-01 
 2.19980000e-05  2.00000000e-01  2.19980000e-05  1.99996658e-01 
 2.20480000e-05  2.00000000e-01  2.20480000e-05  1.99996741e-01 
 2.20980000e-05  2.00000000e-01  2.20980000e-05  1.99996821e-01 
 2.21480000e-05  2.00000000e-01  2.21480000e-05  1.99996900e-01 
 2.21980000e-05  2.00000000e-01  2.21980000e-05  1.99996976e-01 
 2.22480000e-05  2.00000000e-01  2.22480000e-05  1.99997051e-01 
 2.22980000e-05  2.00000000e-01  2.22980000e-05  1.99997124e-01 
 2.23480000e-05  2.00000000e-01  2.23480000e-05  1.99997195e-01 
 2.23980000e-05  2.00000000e-01  2.23980000e-05  1.99997264e-01 
 2.24480000e-05  2.00000000e-01  2.24480000e-05  1.99997332e-01 
 2.24980000e-05  2.00000000e-01  2.24980000e-05  1.99997397e-01 
 2.25480000e-05  2.00000000e-01  2.25480000e-05  1.99997462e-01 
 2.25980000e-05  2.00000000e-01  2.25980000e-05  1.99997524e-01 
 2.26480000e-05  2.00000000e-01  2.26480000e-05  1.99997586e-01 
 2.26980000e-05  2.00000000e-01  2.26980000e-05  1.99997645e-01 
 2.27480000e-05  2.00000000e-01  2.27480000e-05  1.99997703e-01 
 2.27980000e-05  2.00000000e-01  2.27980000e-05  1.99997760e-01 
 2.28480000e-05  2.00000000e-01  2.28480000e-05  1.99997815e-01 
 2.28980000e-05  2.00000000e-01  2.28980000e-05  1.99997869e-01 
 2.29480000e-05  2.00000000e-01  2.29480000e-05  1.99997922e-01 
 2.29980000e-05  2.00000000e-01  2.29980000e-05  1.99997973e-01 
 2.30480000e-05  2.00000000e-01  2.30480000e-05  1.99998023e-01 
 2.30980000e-05  2.00000000e-01  2.30980000e-05  1.99998072e-01 
 2.31480000e-05  2.00000000e-01  2.31480000e-05  1.99998120e-01 
 2.31980000e-05  2.00000000e-01  2.31980000e-05  1.99998166e-01 
 2.32480000e-05  2.00000000e-01  2.32480000e-05  1.99998211e-01 
 2.32980000e-05  2.00000000e-01  2.32980000e-05  1.99998255e-01 
 2.33480000e-05  2.00000000e-01  2.33480000e-05  1.99998299e-01 
 2.33980000e-05  2.00000000e-01  2.33980000e-05  1.99998341e-01 
 2.34480000e-05  2.00000000e-01  2.34480000e-05  1.99998382e-01 
 2.34980000e-05  2.00000000e-01  2.34980000e-05  1.99998422e-01 
 2.35480000e-05  2.00000000e-01  2.35480000e-05  1.99998460e-01 
 2.35980000e-05  2.00000000e-01  2.35980000e-05  1.99998499e-01 
 2.36480000e-05  2.00000000e-01  2.36480000e-05  1.99998536e-01 
 2.36980000e-05  2.00000000e-01  2.36980000e-05  1.99998572e-01 
 2.37480000e-05  2.00000000e-01  2.37480000e-05  1.99998607e-01 
 2.37980000e-05  2.00000000e-01  2.37980000e-05  1.99998641e-01 
 2.38480000e-05  2.00000000e-01  2.38480000e-05  1.99998675e-01 
 2.38980000e-05  2.00000000e-01  2.38980000e-05  1.99998708e-01 
 2.39480000e-05  2.00000000e-01  2.39480000e-05  1.99998740e-01 
 2.39980000e-05  2.00000000e-01  2.39980000e-05  1.99998771e-01 
 2.40480000e-05  2.00000000e-01  2.40480000e-05  1.99998801e-01 
 2.40980000e-05  2.00000000e-01  2.40980000e-05  1.99998831e-01 
 2.41480000e-05  2.00000000e-01  2.41480000e-05  1.99998860e-01 
 2.41980000e-05  2.00000000e-01  2.41980000e-05  1.99998888e-01 
 2.42480000e-05  2.00000000e-01  2.42480000e-05  1.99998915e-01 
 2.42980000e-05  2.00000000e-01  2.42980000e-05  1.99998942e-01 
 2.43480000e-05  2.00000000e-01  2.43480000e-05  1.99998968e-01 
 2.43980000e-05  2.00000000e-01  2.43980000e-05  1.99998994e-01 
 2.44480000e-05  2.00000000e-01  2.44480000e-05  1.99999018e-01 
 2.44980000e-05  2.00000000e-01  2.44980000e-05  1.99999043e-01 
 2.45480000e-05  2.00000000e-01  2.45480000e-05  1.99999066e-01 
 2.45980000e-05  2.00000000e-01  2.45980000e-05  1.99999089e-01 
 2.46480000e-05  2.00000000e-01  2.46480000e-05  1.99999112e-01 
 2.46980000e-05  2.00000000e-01  2.46980000e-05  1.99999134e-01 
 2.47480000e-05  2.00000000e-01  2.47480000e-05  1.99999155e-01 
 2.47980000e-05  2.00000000e-01  2.47980000e-05  1.99999176e-01 
 2.48480000e-05  2.00000000e-01  2.48480000e-05  1.99999196e-01 
 2.48980000e-05  2.00000000e-01  2.48980000e-05  1.99999216e-01 
 2.49480000e-05  2.00000000e-01  2.49480000e-05  1.99999236e-01 
 2.49980000e-05  2.00000000e-01  2.49980000e-05  1.99999254e-01 
 2.50480000e-05  2.00000000e-01  2.50480000e-05  1.99999273e-01 
 2.50980000e-05  2.00000000e-01  2.50980000e-05  1.99999291e-01 
 2.51480000e-05  2.00000000e-01  2.51480000e-05  1.99999308e-01 
 2.51980000e-05  2.00000000e-01  2.51980000e-05  1.99999325e-01 
 2.52480000e-05  2.00000000e-01  2.52480000e-05  1.99999342e-01 
 2.52980000e-05  2.00000000e-01  2.52980000e-05  1.99999358e-01 
 2.53480000e-05  2.00000000e-01  2.53480000e-05  1.99999374e-01 
 2.53980000e-05  2.00000000e-01  2.53980000e-05  1.99999390e-01 
 2.54480000e-05  2.00000000e-01  2.54480000e-05  1.99999405e-01 
 2.54980000e-05  2.00000000e-01  2.54980000e-05  1.99999419e-01 
 2.55480000e-05  2.00000000e-01  2.55480000e-05  1.99999434e-01 
 2.55980000e-05  2.00000000e-01  2.55980000e-05  1.99999448e-01 
 2.56480000e-05  2.00000000e-01  2.56480000e-05  1.99999461e-01 
 2.56980000e-05  2.00000000e-01  2.56980000e-05  1.99999475e-01 
 2.57480000e-05  2.00000000e-01  2.57480000e-05  1.99999488e-01 
 2.57980000e-05  2.00000000e-01  2.57980000e-05  1.99999500e-01 
 2.58480000e-05  2.00000000e-01  2.58480000e-05  1.99999513e-01 
 2.58980000e-05  2.00000000e-01  2.58980000e-05  1.99999525e-01 
 2.59480000e-05  2.00000000e-01  2.59480000e-05  1.99999536e-01 
 2.59980000e-05  2.00000000e-01  2.59980000e-05  1.99999548e-01 
 2.60480000e-05  2.00000000e-01  2.60480000e-05  1.99999559e-01 
 2.60980000e-05  2.00000000e-01  2.60980000e-05  1.99999570e-01 
 2.61480000e-05  2.00000000e-01  2.61480000e-05  1.99999580e-01 
 2.61980000e-05  2.00000000e-01  2.61980000e-05  1.99999591e-01 
 2.62480000e-05  2.00000000e-01  2.62480000e-05  1.99999601e-01 
 2.62980000e-05  2.00000000e-01  2.62980000e-05  1.99999611e-01 
 2.63480000e-05  2.00000000e-01  2.63480000e-05  1.99999620e-01 
 2.63980000e-05  2.00000000e-01  2.63980000e-05  1.99999630e-01 
 2.64480000e-05  2.00000000e-01  2.64480000e-05  1.99999639e-01 
 2.64980000e-05  2.00000000e-01  2.64980000e-05  1.99999648e-01 
 2.65480000e-05  2.00000000e-01  2.65480000e-05  1.99999657e-01 
 2.65980000e-05  2.00000000e-01  2.65980000e-05  1.99999665e-01 
 2.66480000e-05  2.00000000e-01  2.66480000e-05  1.99999673e-01 
 2.66980000e-05  2.00000000e-01  2.66980000e-05  1.99999681e-01 
 2.67480000e-05  2.00000000e-01  2.67480000e-05  1.99999689e-01 
 2.67980000e-05  2.00000000e-01  2.67980000e-05  1.99999697e-01 
 2.68480000e-05  2.00000000e-01  2.68480000e-05  1.99999704e-01 
 2.68980000e-05  2.00000000e-01  2.68980000e-05  1.99999712e-01 
 2.69480000e-05  2.00000000e-01  2.69480000e-05  1.99999719e-01 
 2.69980000e-05  2.00000000e-01  2.69980000e-05  1.99999726e-01 
 2.70480000e-05  2.00000000e-01  2.70480000e-05  1.99999732e-01 
 2.70980000e-05  2.00000000e-01  2.70980000e-05  1.99999739e-01 
 2.71480000e-05  2.00000000e-01  2.71480000e-05  1.99999746e-01 
 2.71980000e-05  2.00000000e-01  2.71980000e-05  1.99999752e-01 
 2.72480000e-05  2.00000000e-01  2.72480000e-05  1.99999758e-01 
 2.72980000e-05  2.00000000e-01  2.72980000e-05  1.99999764e-01 
 2.73480000e-05  2.00000000e-01  2.73480000e-05  1.99999770e-01 
 2.73980000e-05  2.00000000e-01  2.73980000e-05  1.99999775e-01 
 2.74480000e-05  2.00000000e-01  2.74480000e-05  1.99999781e-01 
 2.74980000e-05  2.00000000e-01  2.74980000e-05  1.99999786e-01 
 2.75480000e-05  2.00000000e-01  2.75480000e-05  1.99999792e-01 
 2.75980000e-05  2.00000000e-01  2.75980000e-05  1.99999797e-01 
 2.76480000e-05  2.00000000e-01  2.76480000e-05  1.99999802e-01 
 2.76980000e-05  2.00000000e-01  2.76980000e-05  1.99999807e-01 
 2.77480000e-05  2.00000000e-01  2.77480000e-05  1.99999811e-01 
 2.77980000e-05  2.00000000e-01  2.77980000e-05  1.99999816e-01 
 2.78480000e-05  2.00000000e-01  2.78480000e-05  1.99999821e-01 
 2.78980000e-05  2.00000000e-01  2.78980000e-05  1.99999825e-01 
 2.79480000e-05  2.00000000e-01  2.79480000e-05  1.99999829e-01 
 2.79980000e-05  2.00000000e-01  2.79980000e-05  1.99999834e-01 
 2.80480000e-05  2.00000000e-01  2.80480000e-05  1.99999838e-01 
 2.80980000e-05  2.00000000e-01  2.80980000e-05  1.99999842e-01 
 2.81480000e-05  2.00000000e-01  2.81480000e-05  1.99999846e-01 
 2.81980000e-05  2.00000000e-01  2.81980000e-05  1.99999849e-01 
 2.82480000e-05  2.00000000e-01  2.82480000e-05  1.99999853e-01 
 2.82980000e-05  2.00000000e-01  2.82980000e-05  1.99999857e-01 
 2.83480000e-05  2.00000000e-01  2.83480000e-05  1.99999860e-01 
 2.83980000e-05  2.00000000e-01  2.83980000e-05  1.99999864e-01 
 2.84480000e-05  2.00000000e-01  2.84480000e-05  1.99999867e-01 
 2.84980000e-05  2.00000000e-01  2.84980000e-05  1.99999870e-01 
 2.85480000e-05  2.00000000e-01  2.85480000e-05  1.99999874e-01 
 2.85980000e-05  2.00000000e-01  2.85980000e-05  1.99999877e-01 
 2.86480000e-05  2.00000000e-01  2.86480000e-05  1.99999880e-01 
 2.86980000e-05  2.00000000e-01  2.86980000e-05  1.99999883e-01 
 2.87480000e-05  2.00000000e-01  2.87480000e-05  1.99999886e-01 
 2.87980000e-05  2.00000000e-01  2.87980000e-05  1.99999888e-01 
 2.88480000e-05  2.00000000e-01  2.88480000e-05  1.99999891e-01 
 2.88980000e-05  2.00000000e-01  2.88980000e-05  1.99999894e-01 
 2.89480000e-05  2.00000000e-01  2.89480000e-05  1.99999897e-01 
 2.89980000e-05  2.00000000e-01  2.89980000e-05  1.99999899e-01 
 2.90480000e-05  2.00000000e-01  2.90480000e-05  1.99999902e-01 
 2.90980000e-05  2.00000000e-01  2.90980000e-05  1.99999904e-01 
 2.91480000e-05  2.00000000e-01  2.91480000e-05  1.99999906e-01 
 2.91980000e-05  2.00000000e-01  2.91980000e-05  1.99999909e-01 
 2.92480000e-05  2.00000000e-01  2.92480000e-05  1.99999911e-01 
 2.92980000e-05  2.00000000e-01  2.92980000e-05  1.99999913e-01 
 2.93480000e-05  2.00000000e-01  2.93480000e-05  1.99999915e-01 
 2.93980000e-05  2.00000000e-01  2.93980000e-05  1.99999917e-01 
 2.94480000e-05  2.00000000e-01  2.94480000e-05  1.99999919e-01 
 2.94980000e-05  2.00000000e-01  2.94980000e-05  1.99999921e-01 
 2.95480000e-05  2.00000000e-01  2.95480000e-05  1.99999923e-01 
 2.95980000e-05  2.00000000e-01  2.95980000e-05  1.99999925e-01 
 2.96480000e-05  2.00000000e-01  2.96480000e-05  1.99999927e-01 
 2.96980000e-05  2.00000000e-01  2.96980000e-05  1.99999929e-01 
 2.97480000e-05  2.00000000e-01  2.97480000e-05  1.99999931e-01 
 2.97980000e-05  2.00000000e-01  2.97980000e-05  1.99999932e-01 
 2.98480000e-05  2.00000000e-01  2.98480000e-05  1.99999934e-01 
 2.98980000e-05  2.00000000e-01  2.98980000e-05  1.99999936e-01 
 2.99480000e-05  2.00000000e-01  2.99480000e-05  1.99999937e-01 
 2.99740000e-05  2.00000000e-01  2.99740000e-05  1.99999938e-01 
 3.00000000e-05  2.00000000e-01  3.00000000e-05  1.99999939e-01 
 3.00050000e-05  2.00000000e-01  3.00050000e-05  1.99999939e-01 
 3.00150000e-05  1.00000000e+00  3.00150000e-05  2.01994952e-01 
 3.00350000e-05  1.00000000e+00  3.00350000e-05  2.09935301e-01 
 3.00750000e-05  1.00000000e+00  3.00750000e-05  2.25580146e-01 
 3.01250000e-05  1.00000000e+00  3.01250000e-05  2.44701624e-01 
 3.01750000e-05  1.00000000e+00  3.01750000e-05  2.63350967e-01 
 3.02250000e-05  1.00000000e+00  3.02250000e-05  2.81539832e-01 
 3.02750000e-05  1.00000000e+00  3.02750000e-05  2.99279589e-01 
 3.03250000e-05  1.00000000e+00  3.03250000e-05  3.16581327e-01 
 3.03750000e-05  1.00000000e+00  3.03750000e-05  3.33455863e-01 
 3.04250000e-05  1.00000000e+00  3.04250000e-05  3.49913742e-01 
 3.04750000e-05  1.00000000e+00  3.04750000e-05  3.65965255e-01 
 3.05250000e-05  1.00000000e+00  3.05250000e-05  3.81620434e-01 
 3.05750000e-05  1.00000000e+00  3.05750000e-05  3.96889065e-01 
 3.06250000e-05  1.00000000e+00  3.06250000e-05  4.11780693e-01 
 3.06750000e-05  1.00000000e+00  3.06750000e-05  4.26304627e-01 
 3.07250000e-05  1.00000000e+00  3.07250000e-05  4.40469945e-01 
 3.07750000e-05  1.00000000e+00  3.07750000e-05  4.54285501e-01 
 3.08250000e-05  1.00000000e+00  3.08250000e-05  4.67759933e-01 
 3.08750000e-05  1.00000000e+00  3.08750000e-05  4.80901664e-01 
 3.09250000e-05  1.00000000e+00  3.09250000e-05  4.93718906e-01 
 3.09750000e-05  1.00000000e+00  3.09750000e-05  5.06219674e-01 
 3.10250000e-05  1.00000000e+00  3.10250000e-05  5.18411781e-01 
 3.10750000e-05  1.00000000e+00  3.10750000e-05  5.30302848e-01 
 3.11250000e-05  1.00000000e+00  3.11250000e-05  5.41900309e-01 
 3.11750000e-05  1.00000000e+00  3.11750000e-05  5.53211412e-01 
 3.12250000e-05  1.00000000e+00  3.12250000e-05  5.64243229e-01 
 3.12750000e-05  1.00000000e+00  3.12750000e-05  5.75002656e-01 
 3.13250000e-05  1.00000000e+00  3.13250000e-05  5.85496417e-01 
 3.13750000e-05  1.00000000e+00  3.13750000e-05  5.95731074e-01 
 3.14250000e-05  1.00000000e+00  3.14250000e-05  6.05713022e-01 
 3.14750000e-05  1.00000000e+00  3.14750000e-05  6.15448503e-01 
 3.15250000e-05  1.00000000e+00  3.15250000e-05  6.24943602e-01 
 3.15750000e-05  1.00000000e+00  3.15750000e-05  6.34204254e-01 
 3.16250000e-05  1.00000000e+00  3.16250000e-05  6.43236247e-01 
 3.16750000e-05  1.00000000e+00  3.16750000e-05  6.52045229e-01 
 3.17250000e-05  1.00000000e+00  3.17250000e-05  6.60636705e-01 
 3.17750000e-05  1.00000000e+00  3.17750000e-05  6.69016045e-01 
 3.18250000e-05  1.00000000e+00  3.18250000e-05  6.77188489e-01 
 3.18750000e-05  1.00000000e+00  3.18750000e-05  6.85159143e-01 
 3.19250000e-05  1.00000000e+00  3.19250000e-05  6.92932992e-01 
 3.19750000e-05  1.00000000e+00  3.19750000e-05  7.00514893e-01 
 3.20250000e-05  1.00000000e+00  3.20250000e-05  7.07909587e-01 
 3.20750000e-05  1.00000000e+00  3.20750000e-05  7.15121696e-01 
 3.21250000e-05  1.00000000e+00  3.21250000e-05  7.22155728e-01 
 3.21750000e-05  1.00000000e+00  3.21750000e-05  7.29016081e-01 
 3.22250000e-05  1.00000000e+00  3.22250000e-05  7.35707042e-01 
 3.22750000e-05  1.00000000e+00  3.22750000e-05  7.42232794e-01 
 3.23250000e-05  1.00000000e+00  3.23250000e-05  7.48597416e-01 
 3.23750000e-05  1.00000000e+00  3.23750000e-05  7.54804887e-01 
 3.24250000e-05  1.00000000e+00  3.24250000e-05  7.60859088e-01 
 3.24750000e-05  1.00000000e+00  3.24750000e-05  7.66763801e-01 
 3.25250000e-05  1.00000000e+00  3.25250000e-05  7.72522720e-01 
 3.25750000e-05  1.00000000e+00  3.25750000e-05  7.78139443e-01 
 3.26250000e-05  1.00000000e+00  3.26250000e-05  7.83617481e-01 
 3.26750000e-05  1.00000000e+00  3.26750000e-05  7.88960260e-01 
 3.27250000e-05  1.00000000e+00  3.27250000e-05  7.94171117e-01 
 3.27750000e-05  1.00000000e+00  3.27750000e-05  7.99253312e-01 
 3.28250000e-05  1.00000000e+00  3.28250000e-05  8.04210020e-01 
 3.28750000e-05  1.00000000e+00  3.28750000e-05  8.09044341e-01 
 3.29250000e-05  1.00000000e+00  3.29250000e-05  8.13759295e-01 
 3.29750000e-05  1.00000000e+00  3.29750000e-05  8.18357831e-01 
 3.30250000e-05  1.00000000e+00  3.30250000e-05  8.22842823e-01 
 3.30750000e-05  1.00000000e+00  3.30750000e-05  8.27217074e-01 
 3.31250000e-05  1.00000000e+00  3.31250000e-05  8.31483320e-01 
 3.31750000e-05  1.00000000e+00  3.31750000e-05  8.35644225e-01 
 3.32250000e-05  1.00000000e+00  3.32250000e-05  8.39702392e-01 
 3.32750000e-05  1.00000000e+00  3.32750000e-05  8.43660358e-01 
 3.33250000e-05  1.00000000e+00  3.33250000e-05  8.47520596e-01 
 3.33750000e-05  1.00000000e+00  3.33750000e-05  8.51285520e-01 
 3.34250000e-05  1.00000000e+00  3.34250000e-05  8.54957482e-01 
 3.34750000e-05  1.00000000e+00  3.34750000e-05  8.58538779e-01 
 3.35250000e-05  1.00000000e+00  3.35250000e-05  8.62031649e-01 
 3.35750000e-05  1.00000000e+00  3.35750000e-05  8.65438275e-01 
 3.36250000e-05  1.00000000e+00  3.36250000e-05  8.68760786e-01 
 3.36750000e-05  1.00000000e+00  3.36750000e-05  8.72001261e-01 
 3.37250000e-05  1.00000000e+00  3.37250000e-05  8.75161723e-01 
 3.37750000e-05  1.00000000e+00  3.37750000e-05  8.78244150e-01 
 3.38250000e-05  1.00000000e+00  3.38250000e-05  8.81250467e-01 
 3.38750000e-05  1.00000000e+00  3.38750000e-05  8.84182554e-01 
 3.39250000e-05  1.00000000e+00  3.39250000e-05  8.87042245e-01 
 3.39750000e-05  1.00000000e+00  3.39750000e-05  8.89831325e-01 
 3.40250000e-05  1.00000000e+00  3.40250000e-05  8.92551539e-01 
 3.40750000e-05  1.00000000e+00  3.40750000e-05  8.95204588e-01 
 3.41250000e-05  1.00000000e+00  3.41250000e-05  8.97792129e-01 
 3.41750000e-05  1.00000000e+00  3.41750000e-05  9.00315780e-01 
 3.42250000e-05  1.00000000e+00  3.42250000e-05  9.02777118e-01 
 3.42750000e-05  1.00000000e+00  3.42750000e-05  9.05177683e-01 
 3.43250000e-05  1.00000000e+00  3.43250000e-05  9.07518975e-01 
 3.43750000e-05  1.00000000e+00  3.43750000e-05  9.09802457e-01 
 3.44250000e-05  1.00000000e+00  3.44250000e-05  9.12029557e-01 
 3.44750000e-05  1.00000000e+00  3.44750000e-05  9.14201667e-01 
 3.45250000e-05  1.00000000e+00  3.45250000e-05  9.16320144e-01 
 3.45750000e-05  1.00000000e+00  3.45750000e-05  9.18386313e-01 
 3.46250000e-05  1.00000000e+00  3.46250000e-05  9.20401466e-01 
 3.46750000e-05  1.00000000e+00  3.46750000e-05  9.22366862e-01 
 3.47250000e-05  1.00000000e+00  3.47250000e-05  9.24283730e-01 
 3.47750000e-05  1.00000000e+00  3.47750000e-05  9.26153267e-01 
 3.48250000e-05  1.00000000e+00  3.48250000e-05  9.27976643e-01 
 3.48750000e-05  1.00000000e+00  3.48750000e-05  9.29754998e-01 
 3.49250000e-05  1.00000000e+00  3.49250000e-05  9.31489442e-01 
 3.49750000e-05  1.00000000e+00  3.49750000e-05  9.33181061e-01 
 3.50250000e-05  1.00000000e+00  3.50250000e-05  9.34830911e-01 
 3.50750000e-05  1.00000000e+00  3.50750000e-05  9.36440025e-01 
 3.51250000e-05  1.00000000e+00  3.51250000e-05  9.38009407e-01 
 3.51750000e-05  1.00000000e+00  3.51750000e-05  9.39540039e-01 
 3.52250000e-05  1.00000000e+00  3.52250000e-05  9.41032877e-01 
 3.52750000e-05  1.00000000e+00  3.52750000e-05  9.42488856e-01 
 3.53250000e-05  1.00000000e+00  3.53250000e-05  9.43908884e-01 
 3.53750000e-05  1.00000000e+00  3.53750000e-05  9.45293850e-01 
 3.54250000e-05  1.00000000e+00  3.54250000e-05  9.46644619e-01 
 3.54750000e-05  1.00000000e+00  3.54750000e-05  9.47962036e-01 
 3.55250000e-05  1.00000000e+00  3.55250000e-05  9.49246924e-01 
 3.55750000e-05  1.00000000e+00  3.55750000e-05  9.50500086e-01 
 3.56250000e-05  1.00000000e+00  3.56250000e-05  9.51722306e-01 
 3.56750000e-05  1.00000000e+00  3.56750000e-05  9.52914348e-01 
 3.57250000e-05  1.00000000e+00  3.57250000e-05  9.54076957e-01 
 3.57750000e-05  1.00000000e+00  3.57750000e-05  9.55210859e-01 
 3.58250000e-05  1.00000000e+00  3.58250000e-05  9.56316764e-01 
 3.58750000e-05  1.00000000e+00  3.58750000e-05  9.57395362e-01 
 3.59250000e-05  1.00000000e+00  3.59250000e-05  9.58447328e-01 
 3.59750000e-05  1.00000000e+00  3.59750000e-05  9.59473320e-01 
 3.60250000e-05  1.00000000e+00  3.60250000e-05  9.60473979e-01 
 3.60750000e-05  1.00000000e+00  3.60750000e-05  9.61449930e-01 
 3.61250000e-05  1.00000000e+00  3.61250000e-05  9.62401784e-01 
 3.61750000e-05  1.00000000e+00  3.61750000e-05  9.63330135e-01 
 3.62250000e-05  1.00000000e+00  3.62250000e-05  9.64235564e-01 
 3.62750000e-05  1.00000000e+00  3.62750000e-05  9.65118636e-01 
 3.63250000e-05  1.00000000e+00  3.63250000e-05  9.65979904e-01 
 3.63750000e-05  1.00000000e+00  3.63750000e-05  9.66819907e-01 
 3.64250000e-05  1.00000000e+00  3.64250000e-05  9.67639168e-01 
 3.64750000e-05  1.00000000e+00  3.64750000e-05  9.68438201e-01 
 3.65250000e-05  1.00000000e+00  3.65250000e-05  9.69217505e-01 
 3.65750000e-05  1.00000000e+00  3.65750000e-05  9.69977566e-01 
 3.66250000e-05  1.00000000e+00  3.66250000e-05  9.70718861e-01 
 3.66750000e-05  1.00000000e+00  3.66750000e-05  9.71441852e-01 
 3.67250000e-05  1.00000000e+00  3.67250000e-05  9.72146992e-01 
 3.67750000e-05  1.00000000e+00  3.67750000e-05  9.72834720e-01 
 3.68250000e-05  1.00000000e+00  3.68250000e-05  9.73505468e-01 
 3.68750000e-05  1.00000000e+00  3.68750000e-05  9.74159654e-01 
 3.69250000e-05  1.00000000e+00  3.69250000e-05  9.74797687e-01 
 3.69750000e-05  1.00000000e+00  3.69750000e-05  9.75419966e-01 
 3.70250000e-05  1.00000000e+00  3.70250000e-05  9.76026881e-01 
 3.70750000e-05  1.00000000e+00  3.70750000e-05  9.76618810e-01 
 3.71250000e-05  1.00000000e+00  3.71250000e-05  9.77196123e-01 
 3.71750000e-05  1.00000000e+00  3.71750000e-05  9.77759182e-01 
 3.72250000e-05  1.00000000e+00  3.72250000e-05  9.78308338e-01 
 3.72750000e-05  1.00000000e+00  3.72750000e-05  9.78843934e-01 
 3.73250000e-05  1.00000000e+00  3.73250000e-05  9.79366306e-01 
 3.73750000e-05  1.00000000e+00  3.73750000e-05  9.79875780e-01 
 3.74250000e-05  1.00000000e+00  3.74250000e-05  9.80372675e-01 
 3.74750000e-05  1.00000000e+00  3.74750000e-05  9.80857300e-01 
 3.75250000e-05  1.00000000e+00  3.75250000e-05  9.81329959e-01 
 3.75750000e-05  1.00000000e+00  3.75750000e-05  9.81790948e-01 
 3.76250000e-05  1.00000000e+00  3.76250000e-05  9.82240554e-01 
 3.76750000e-05  1.00000000e+00  3.76750000e-05  9.82679059e-01 
 3.77250000e-05  1.00000000e+00  3.77250000e-05  9.83106736e-01 
 3.77750000e-05  1.00000000e+00  3.77750000e-05  9.83523854e-01 
 3.78250000e-05  1.00000000e+00  3.78250000e-05  9.83930672e-01 
 3.78750000e-05  1.00000000e+00  3.78750000e-05  9.84327446e-01 
 3.79250000e-05  1.00000000e+00  3.79250000e-05  9.84714423e-01 
 3.79750000e-05  1.00000000e+00  3.79750000e-05  9.85091844e-01 
 3.80250000e-05  1.00000000e+00  3.80250000e-05  9.85459947e-01 
 3.80750000e-05  1.00000000e+00  3.80750000e-05  9.85818961e-01 
 3.81250000e-05  1.00000000e+00  3.81250000e-05  9.86169110e-01 
 3.81750000e-05  1.00000000e+00  3.81750000e-05  9.86510613e-01 
 3.82250000e-05  1.00000000e+00  3.82250000e-05  9.86843684e-01 
 3.82750000e-05  1.00000000e+00  3.82750000e-05  9.87168532e-01 
 3.83250000e-05  1.00000000e+00  3.83250000e-05  9.87485358e-01 
 3.83750000e-05  1.00000000e+00  3.83750000e-05  9.87794362e-01 
 3.84250000e-05  1.00000000e+00  3.84250000e-05  9.88095735e-01 
 3.84750000e-05  1.00000000e+00  3.84750000e-05  9.88389668e-01 
 3.85250000e-05  1.00000000e+00  3.85250000e-05  9.88676343e-01 
 3.85750000e-05  1.00000000e+00  3.85750000e-05  9.88955939e-01 
 3.86250000e-05  1.00000000e+00  3.86250000e-05  9.89228632e-01 
 3.86750000e-05  1.00000000e+00  3.86750000e-05  9.89494592e-01 
 3.87250000e-05  1.00000000e+00  3.87250000e-05  9.89753985e-01 
 3.87750000e-05  1.00000000e+00  3.87750000e-05  9.90006973e-01 
 3.88250000e-05  1.00000000e+00  3.88250000e-05  9.90253714e-01 
 3.88750000e-05  1.00000000e+00  3.88750000e-05  9.90494363e-01 
 3.89250000e-05  1.00000000e+00  3.89250000e-05  9.90729070e-01 
 3.89750000e-05  1.00000000e+00  3.89750000e-05  9.90957982e-01 
 3.90250000e-05  1.00000000e+00  3.90250000e-05  9.91181242e-01 
 3.90750000e-05  1.00000000e+00  3.90750000e-05  9.91398989e-01 
 3.91250000e-05  1.00000000e+00  3.91250000e-05  9.91611359e-01 
 3.91750000e-05  1.00000000e+00  3.91750000e-05  9.91818486e-01 
 3.92250000e-05  1.00000000e+00  3.92250000e-05  9.92020499e-01 
 3.92750000e-05  1.00000000e+00  3.92750000e-05  9.92217524e-01 
 3.93250000e-05  1.00000000e+00  3.93250000e-05  9.92409684e-01 
 3.93750000e-05  1.00000000e+00  3.93750000e-05  9.92597099e-01 
 3.94250000e-05  1.00000000e+00  3.94250000e-05  9.92779887e-01 
 3.94750000e-05  1.00000000e+00  3.94750000e-05  9.92958161e-01 
 3.95250000e-05  1.00000000e+00  3.95250000e-05  9.93132034e-01 
 3.95750000e-05  1.00000000e+00  3.95750000e-05  9.93301613e-01 
 3.96250000e-05  1.00000000e+00  3.96250000e-05  9.93467005e-01 
 3.96750000e-05  1.00000000e+00  3.96750000e-05  9.93628314e-01 
 3.97250000e-05  1.00000000e+00  3.97250000e-05  9.93785639e-01 
 3.97750000e-05  1.00000000e+00  3.97750000e-05  9.93939080e-01 
 3.98250000e-05  1.00000000e+00  3.98250000e-05  9.94088733e-01 
 3.98750000e-05  1.00000000e+00  3.98750000e-05  9.94234690e-01 
 3.99250000e-05  1.00000000e+00  3.99250000e-05  9.94377043e-01 
 3.99750000e-05  1.00000000e+00  3.99750000e-05  9.94515882e-01 
 4.00250000e-05  1.00000000e+00  4.00250000e-05  9.94651292e-01 
 4.00750000e-05  1.00000000e+00  4.00750000e-05  9.94783359e-01 
 4.01250000e-05  1.00000000e+00  4.01250000e-05  9.94912165e-01 
 4.01750000e-05  1.00000000e+00  4.01750000e-05  9.95037790e-01 
 4.02250000e-05  1.00000000e+00  4.02250000e-05  9.95160314e-01 
 4.02750000e-05  1.00000000e+00  4.02750000e-05  9.95279812e-01 
 4.03250000e-05  1.00000000e+00  4.03250000e-05  9.95396360e-01 
 4.03750000e-05  1.00000000e+00  4.03750000e-05  9.95510030e-01 
 4.04250000e-05  1.00000000e+00  4.04250000e-05  9.95620894e-01 
 4.04750000e-05  1.00000000e+00  4.04750000e-05  9.95729020e-01 
 4.05250000e-05  1.00000000e+00  4.05250000e-05  9.95834476e-01 
 4.05750000e-05  1.00000000e+00  4.05750000e-05  9.95937329e-01 
 4.06250000e-05  1.00000000e+00  4.06250000e-05  9.96037642e-01 
 4.06750000e-05  1.00000000e+00  4.06750000e-05  9.96135478e-01 
 4.07250000e-05  1.00000000e+00  4.07250000e-05  9.96230898e-01 
 4.07750000e-05  1.00000000e+00  4.07750000e-05  9.96323962e-01 
 4.08250000e-05  1.00000000e+00  4.08250000e-05  9.96414729e-01 
 4.08750000e-05  1.00000000e+00  4.08750000e-05  9.96503254e-01 
 4.09250000e-05  1.00000000e+00  4.09250000e-05  9.96589593e-01 
 4.09750000e-05  1.00000000e+00  4.09750000e-05  9.96673801e-01 
 4.10250000e-05  1.00000000e+00  4.10250000e-05  9.96755929e-01 
 4.10750000e-05  1.00000000e+00  4.10750000e-05  9.96836030e-01 
 4.11250000e-05  1.00000000e+00  4.11250000e-05  9.96914152e-01 
 4.11750000e-05  1.00000000e+00  4.11750000e-05  9.96990346e-01 
 4.12250000e-05  1.00000000e+00  4.12250000e-05  9.97064659e-01 
 4.12750000e-05  1.00000000e+00  4.12750000e-05  9.97137136e-01 
 4.13250000e-05  1.00000000e+00  4.13250000e-05  9.97207824e-01 
 4.13750000e-05  1.00000000e+00  4.13750000e-05  9.97276767e-01 
 4.14250000e-05  1.00000000e+00  4.14250000e-05  9.97344007e-01 
 4.14750000e-05  1.00000000e+00  4.14750000e-05  9.97409587e-01 
 4.15250000e-05  1.00000000e+00  4.15250000e-05  9.97473548e-01 
 4.15750000e-05  1.00000000e+00  4.15750000e-05  9.97535929e-01 
 4.16250000e-05  1.00000000e+00  4.16250000e-05  9.97596771e-01 
 4.16750000e-05  1.00000000e+00  4.16750000e-05  9.97656110e-01 
 4.17250000e-05  1.00000000e+00  4.17250000e-05  9.97713984e-01 
 4.17750000e-05  1.00000000e+00  4.17750000e-05  9.97770428e-01 
 4.18250000e-05  1.00000000e+00  4.18250000e-05  9.97825480e-01 
 4.18750000e-05  1.00000000e+00  4.18750000e-05  9.97879171e-01 
 4.19250000e-05  1.00000000e+00  4.19250000e-05  9.97931538e-01 
 4.19750000e-05  1.00000000e+00  4.19750000e-05  9.97982611e-01 
 4.20250000e-05  1.00000000e+00  4.20250000e-05  9.98032423e-01 
 4.20750000e-05  1.00000000e+00  4.20750000e-05  9.98081005e-01 
 4.21250000e-05  1.00000000e+00  4.21250000e-05  9.98128388e-01 
 4.21750000e-05  1.00000000e+00  4.21750000e-05  9.98174600e-01 
 4.22250000e-05  1.00000000e+00  4.22250000e-05  9.98219672e-01 
 4.22750000e-05  1.00000000e+00  4.22750000e-05  9.98263631e-01 
 4.23250000e-05  1.00000000e+00  4.23250000e-05  9.98306504e-01 
 4.23750000e-05  1.00000000e+00  4.23750000e-05  9.98348319e-01 
 4.24250000e-05  1.00000000e+00  4.24250000e-05  9.98389101e-01 
 4.24750000e-05  1.00000000e+00  4.24750000e-05  9.98428876e-01 
 4.25250000e-05  1.00000000e+00  4.25250000e-05  9.98467669e-01 
 4.25750000e-05  1.00000000e+00  4.25750000e-05  9.98505505e-01 
 4.26250000e-05  1.00000000e+00  4.26250000e-05  9.98542406e-01 
 4.26750000e-05  1.00000000e+00  4.26750000e-05  9.98578396e-01 
 4.27250000e-05  1.00000000e+00  4.27250000e-05  9.98613497e-01 
 4.27750000e-05  1.00000000e+00  4.27750000e-05  9.98647732e-01 
 4.28250000e-05  1.00000000e+00  4.28250000e-05  9.98681121e-01 
 4.28750000e-05  1.00000000e+00  4.28750000e-05  9.98713686e-01 
 4.29250000e-05  1.00000000e+00  4.29250000e-05  9.98745447e-01 
 4.29750000e-05  1.00000000e+00  4.29750000e-05  9.98776423e-01 
 4.30250000e-05  1.00000000e+00  4.30250000e-05  9.98806635e-01 
 4.30750000e-05  1.00000000e+00  4.30750000e-05  9.98836101e-01 
 4.31250000e-05  1.00000000e+00  4.31250000e-05  9.98864839e-01 
 4.31750000e-05  1.00000000e+00  4.31750000e-05  9.98892868e-01 
 4.32250000e-05  1.00000000e+00  4.32250000e-05  9.98920204e-01 
 4.32750000e-05  1.00000000e+00  4.32750000e-05  9.98946866e-01 
 4.33250000e-05  1.00000000e+00  4.33250000e-05  9.98972869e-01 
 4.33750000e-05  1.00000000e+00  4.33750000e-05  9.98998231e-01 
 4.34250000e-05  1.00000000e+00  4.34250000e-05  9.99022966e-01 
 4.34750000e-05  1.00000000e+00  4.34750000e-05  9.99047090e-01 
 4.35250000e-05  1.00000000e+00  4.35250000e-05  9.99070619e-01 
 4.35750000e-05  1.00000000e+00  4.35750000e-05  9.99093566e-01 
 4.36250000e-05  1.00000000e+00  4.36250000e-05  9.99115947e-01 
 4.36750000e-05  1.00000000e+00  4.36750000e-05  9.99137776e-01 
 4.37250000e-05  1.00000000e+00  4.37250000e-05  9.99159065e-01 
 4.37750000e-05  1.00000000e+00  4.37750000e-05  9.99179829e-01 
 4.38250000e-05  1.00000000e+00  4.38250000e-05  9.99200080e-01 
 4.38750000e-05  1.00000000e+00  4.38750000e-05  9.99219831e-01 
 4.39250000e-05  1.00000000e+00  4.39250000e-05  9.99239095e-01 
 4.39750000e-05  1.00000000e+00  4.39750000e-05  9.99257883e-01 
 4.40250000e-05  1.00000000e+00  4.40250000e-05  9.99276206e-01 
 4.40750000e-05  1.00000000e+00  4.40750000e-05  9.99294078e-01 
 4.41250000e-05  1.00000000e+00  4.41250000e-05  9.99311508e-01 
 4.41750000e-05  1.00000000e+00  4.41750000e-05  9.99328508e-01 
 4.42250000e-05  1.00000000e+00  4.42250000e-05  9.99345088e-01 
 4.42750000e-05  1.00000000e+00  4.42750000e-05  9.99361259e-01 
 4.43250000e-05  1.00000000e+00  4.43250000e-05  9.99377030e-01 
 4.43750000e-05  1.00000000e+00  4.43750000e-05  9.99392412e-01 
 4.44250000e-05  1.00000000e+00  4.44250000e-05  9.99407414e-01 
 4.44750000e-05  1.00000000e+00  4.44750000e-05  9.99422046e-01 
 4.45250000e-05  1.00000000e+00  4.45250000e-05  9.99436316e-01 
 4.45750000e-05  1.00000000e+00  4.45750000e-05  9.99450235e-01 
 4.46250000e-05  1.00000000e+00  4.46250000e-05  9.99463809e-01 
 4.46750000e-05  1.00000000e+00  4.46750000e-05  9.99477048e-01 
 4.47250000e-05  1.00000000e+00  4.47250000e-05  9.99489961e-01 
 4.47750000e-05  1.00000000e+00  4.47750000e-05  9.99502554e-01 
 4.48250000e-05  1.00000000e+00  4.48250000e-05  9.99514837e-01 
 4.48750000e-05  1.00000000e+00  4.48750000e-05  9.99526816e-01 
 4.49250000e-05  1.00000000e+00  4.49250000e-05  9.99538500e-01 
 4.49750000e-05  1.00000000e+00  4.49750000e-05  9.99549895e-01 
 4.50250000e-05  1.00000000e+00  4.50250000e-05  9.99561008e-01 
 4.50750000e-05  1.00000000e+00  4.50750000e-05  9.99571848e-01 
 4.51250000e-05  1.00000000e+00  4.51250000e-05  9.99582419e-01 
 4.51750000e-05  1.00000000e+00  4.51750000e-05  9.99592730e-01 
 4.52250000e-05  1.00000000e+00  4.52250000e-05  9.99602786e-01 
 4.52750000e-05  1.00000000e+00  4.52750000e-05  9.99612594e-01 
 4.53250000e-05  1.00000000e+00  4.53250000e-05  9.99622159e-01 
 4.53750000e-05  1.00000000e+00  4.53750000e-05  9.99631489e-01 
 4.54250000e-05  1.00000000e+00  4.54250000e-05  9.99640588e-01 
 4.54750000e-05  1.00000000e+00  4.54750000e-05  9.99649462e-01 
 4.55250000e-05  1.00000000e+00  4.55250000e-05  9.99658118e-01 
 4.55750000e-05  1.00000000e+00  4.55750000e-05  9.99666559e-01 
 4.56250000e-05  1.00000000e+00  4.56250000e-05  9.99674792e-01 
 4.56750000e-05  1.00000000e+00  4.56750000e-05  9.99682822e-01 
 4.57250000e-05  1.00000000e+00  4.57250000e-05  9.99690654e-01 
 4.57750000e-05  1.00000000e+00  4.57750000e-05  9.99698292e-01 
 4.58250000e-05  1.00000000e+00  4.58250000e-05  9.99705741e-01 
 4.58750000e-05  1.00000000e+00  4.58750000e-05  9.99713007e-01 
 4.59250000e-05  1.00000000e+00  4.59250000e-05  9.99720093e-01 
 4.59750000e-05  1.00000000e+00  4.59750000e-05  9.99727004e-01 
 4.60250000e-05  1.00000000e+00  4.60250000e-05  9.99733745e-01 
 4.60750000e-05  1.00000000e+00  4.60750000e-05  9.99740319e-01 
 4.61250000e-05  1.00000000e+00  4.61250000e-05  9.99746731e-01 
 4.61750000e-05  1.00000000e+00  4.61750000e-05  9.99752985e-01 
 4.62250000e-05  1.00000000e+00  4.62250000e-05  9.99759084e-01 
 4.62750000e-05  1.00000000e+00  4.62750000e-05  9.99765032e-01 
 4.63250000e-05  1.00000000e+00  4.63250000e-05  9.99770834e-01 
 4.63750000e-05  1.00000000e+00  4.63750000e-05  9.99776493e-01 
 4.64250000e-05  1.00000000e+00  4.64250000e-05  9.99782011e-01 
 4.64750000e-05  1.00000000e+00  4.64750000e-05  9.99787394e-01 
 4.65250000e-05  1.00000000e+00  4.65250000e-05  9.99792643e-01 
 4.65750000e-05  1.00000000e+00  4.65750000e-05  9.99797763e-01 
 4.66250000e-05  1.00000000e+00  4.66250000e-05  9.99802757e-01 
 4.66750000e-05  1.00000000e+00  4.66750000e-05  9.99807627e-01 
 4.67250000e-05  1.00000000e+00  4.67250000e-05  9.99812377e-01 
 4.67750000e-05  1.00000000e+00  4.67750000e-05  9.99817009e-01 
 4.68250000e-05  1.00000000e+00  4.68250000e-05  9.99821528e-01 
 4.68750000e-05  1.00000000e+00  4.68750000e-05  9.99825934e-01 
 4.69250000e-05  1.00000000e+00  4.69250000e-05  9.99830232e-01 
 4.69750000e-05  1.00000000e+00  4.69750000e-05  9.99834424e-01 
 4.70250000e-05  1.00000000e+00  4.70250000e-05  9.99838512e-01 
 4.70750000e-05  1.00000000e+00  4.70750000e-05  9.99842500e-01 
 4.71250000e-05  1.00000000e+00  4.71250000e-05  9.99846389e-01 
 4.71750000e-05  1.00000000e+00  4.71750000e-05  9.99850182e-01 
 4.72250000e-05  1.00000000e+00  4.72250000e-05  9.99853881e-01 
 4.72750000e-05  1.00000000e+00  4.72750000e-05  9.99857489e-01 
 4.73250000e-05  1.00000000e+00  4.73250000e-05  9.99861007e-01 
 4.73750000e-05  1.00000000e+00  4.73750000e-05  9.99864439e-01 
 4.74250000e-05  1.00000000e+00  4.74250000e-05  9.99867787e-01 
 4.74750000e-05  1.00000000e+00  4.74750000e-05  9.99871051e-01 
 4.75250000e-05  1.00000000e+00  4.75250000e-05  9.99874235e-01 
 4.75750000e-05  1.00000000e+00  4.75750000e-05  9.99877340e-01 
 4.76250000e-05  1.00000000e+00  4.76250000e-05  9.99880369e-01 
 4.76750000e-05  1.00000000e+00  4.76750000e-05  9.99883323e-01 
 4.77250000e-05  1.00000000e+00  4.77250000e-05  9.99886204e-01 
 4.77750000e-05  1.00000000e+00  4.77750000e-05  9.99889014e-01 
 4.78250000e-05  1.00000000e+00  4.78250000e-05  9.99891754e-01 
 4.78750000e-05  1.00000000e+00  4.78750000e-05  9.99894427e-01 
 4.79250000e-05  1.00000000e+00  4.79250000e-05  9.99897033e-01 
 4.79750000e-05  1.00000000e+00  4.79750000e-05  9.99899576e-01 
 4.80250000e-05  1.00000000e+00  4.80250000e-05  9.99902055e-01 
 4.80750000e-05  1.00000000e+00  4.80750000e-05  9.99904474e-01 
 4.81250000e-05  1.00000000e+00  4.81250000e-05  9.99906832e-01 
 4.81750000e-05  1.00000000e+00  4.81750000e-05  9.99909133e-01 
 4.82250000e-05  1.00000000e+00  4.82250000e-05  9.99911377e-01 
 4.82750000e-05  1.00000000e+00  4.82750000e-05  9.99913565e-01 
 4.83250000e-05  1.00000000e+00  4.83250000e-05  9.99915699e-01 
 4.83750000e-05  1.00000000e+00  4.83750000e-05  9.99917780e-01 
 4.84250000e-05  1.00000000e+00  4.84250000e-05  9.99919811e-01 
 4.84750000e-05  1.00000000e+00  4.84750000e-05  9.99921791e-01 
 4.85250000e-05  1.00000000e+00  4.85250000e-05  9.99923722e-01 
 4.85750000e-05  1.00000000e+00  4.85750000e-05  9.99925605e-01 
 4.86250000e-05  1.00000000e+00  4.86250000e-05  9.99927442e-01 
 4.86750000e-05  1.00000000e+00  4.86750000e-05  9.99929234e-01 
 4.87250000e-05  1.00000000e+00  4.87250000e-05  9.99930981e-01 
 4.87750000e-05  1.00000000e+00  4.87750000e-05  9.99932685e-01 
 4.88250000e-05  1.00000000e+00  4.88250000e-05  9.99934347e-01 
 4.88750000e-05  1.00000000e+00  4.88750000e-05  9.99935968e-01 
 4.89250000e-05  1.00000000e+00  4.89250000e-05  9.99937549e-01 
 4.89750000e-05  1.00000000e+00  4.89750000e-05  9.99939091e-01 
 4.90250000e-05  1.00000000e+00  4.90250000e-05  9.99940595e-01 
 4.90750000e-05  1.00000000e+00  4.90750000e-05  9.99942062e-01 
 4.91250000e-05  1.00000000e+00  4.91250000e-05  9.99943493e-01 
 4.91750000e-05  1.00000000e+00  4.91750000e-05  9.99944888e-01 
 4.92250000e-05  1.00000000e+00  4.92250000e-05  9.99946249e-01 
 4.92750000e-05  1.00000000e+00  4.92750000e-05  9.99947576e-01 
 4.93250000e-05  1.00000000e+00  4.93250000e-05  9.99948870e-01 
 4.93750000e-05  1.00000000e+00  4.93750000e-05  9.99950133e-01 
 4.94250000e-05  1.00000000e+00  4.94250000e-05  9.99951364e-01 
 4.94750000e-05  1.00000000e+00  4.94750000e-05  9.99952565e-01 
 4.95250000e-05  1.00000000e+00  4.95250000e-05  9.99953736e-01 
 4.95750000e-05  1.00000000e+00  4.95750000e-05  9.99954878e-01 
 4.96250000e-05  1.00000000e+00  4.96250000e-05  9.99955992e-01 
 4.96750000e-05  1.00000000e+00  4.96750000e-05  9.99957079e-01 
 4.97250000e-05  1.00000000e+00  4.97250000e-05  9.99958139e-01 
 4.97750000e-05  1.00000000e+00  4.97750000e-05  9.99959172e-01 
 4.98250000e-05  1.00000000e+00  4.98250000e-05  9.99960181e-01 
 4.98750000e-05  1.00000000e+00  4.98750000e-05  9.99961164e-01 
 4.99250000e-05  1.00000000e+00  4.99250000e-05  9.99962123e-01 
 4.99750000e-05  1.00000000e+00  4.99750000e-05  9.99963058e-01 
 5.00250000e-05  1.00000000e+00  5.00250000e-05  9.99963970e-01 
 5.00750000e-05  1.00000000e+00  5.00750000e-05  9.99964860e-01 
 5.01250000e-05  1.00000000e+00  5.01250000e-05  9.99965727e-01 
 5.01750000e-05  1.00000000e+00  5.01750000e-05  9.99966574e-01 
 5.02250000e-05  1.00000000e+00  5.02250000e-05  9.99967399e-01 
 5.02750000e-05  1.00000000e+00  5.02750000e-05  9.99968204e-01 
 5.03250000e-05  1.00000000e+00  5.03250000e-05  9.99968989e-01 
 5.03750000e-05  1.00000000e+00  5.03750000e-05  9.99969755e-01 
 5.04250000e-05  1.00000000e+00  5.04250000e-05  9.99970501e-01 
 5.04750000e-05  1.00000000e+00  5.04750000e-05  9.99971230e-01 
 5.05250000e-05  1.00000000e+00  5.05250000e-05  9.99971940e-01 
 5.05750000e-05  1.00000000e+00  5.05750000e-05  9.99972633e-01 
 5.06250000e-05  1.00000000e+00  5.06250000e-05  9.99973309e-01 
 5.06750000e-05  1.00000000e+00  5.06750000e-05  9.99973968e-01 
 5.07250000e-05  1.00000000e+00  5.07250000e-05  9.99974611e-01 
 5.07750000e-05  1.00000000e+00  5.07750000e-05  9.99975238e-01 
 5.08250000e-05  1.00000000e+00  5.08250000e-05  9.99975849e-01 
 5.08750000e-05  1.00000000e+00  5.08750000e-05  9.99976445e-01 
 5.09250000e-05  1.00000000e+00  5.09250000e-05  9.99977027e-01 
 5.09750000e-05  1.00000000e+00  5.09750000e-05  9.99977594e-01 
 5.10250000e-05  1.00000000e+00  5.10250000e-05  9.99978147e-01 
 5.10750000e-05  1.00000000e+00  5.10750000e-05  9.99978687e-01 
 5.11250000e-05  1.00000000e+00  5.11250000e-05  9.99979213e-01 
 5.11750000e-05  1.00000000e+00  5.11750000e-05  9.99979726e-01 
 5.12250000e-05  1.00000000e+00  5.12250000e-05  9.99980227e-01 
 5.12750000e-05  1.00000000e+00  5.12750000e-05  9.99980715e-01 
 5.13250000e-05  1.00000000e+00  5.13250000e-05  9.99981191e-01 
 5.13750000e-05  1.00000000e+00  5.13750000e-05  9.99981656e-01 
 5.14250000e-05  1.00000000e+00  5.14250000e-05  9.99982109e-01 
 5.14750000e-05  1.00000000e+00  5.14750000e-05  9.99982550e-01 
 5.15250000e-05  1.00000000e+00  5.15250000e-05  9.99982981e-01 
 5.15750000e-05  1.00000000e+00  5.15750000e-05  9.99983402e-01 
 5.16250000e-05  1.00000000e+00  5.16250000e-05  9.99983811e-01 
 5.16750000e-05  1.00000000e+00  5.16750000e-05  9.99984211e-01 
 5.17250000e-05  1.00000000e+00  5.17250000e-05  9.99984601e-01 
 5.17750000e-05  1.00000000e+00  5.17750000e-05  9.99984981e-01 
 5.18250000e-05  1.00000000e+00  5.18250000e-05  9.99985352e-01 
 5.18750000e-05  1.00000000e+00  5.18750000e-05  9.99985714e-01 
 5.19250000e-05  1.00000000e+00  5.19250000e-05  9.99986066e-01 
 5.19750000e-05  1.00000000e+00  5.19750000e-05  9.99986410e-01 
 5.20250000e-05  1.00000000e+00  5.20250000e-05  9.99986746e-01 
 5.20750000e-05  1.00000000e+00  5.20750000e-05  9.99987073e-01 
 5.21250000e-05  1.00000000e+00  5.21250000e-05  9.99987392e-01 
 5.21750000e-05  1.00000000e+00  5.21750000e-05  9.99987704e-01 
 5.22250000e-05  1.00000000e+00  5.22250000e-05  9.99988007e-01 
 5.22750000e-05  1.00000000e+00  5.22750000e-05  9.99988303e-01 
 5.23250000e-05  1.00000000e+00  5.23250000e-05  9.99988592e-01 
 5.23750000e-05  1.00000000e+00  5.23750000e-05  9.99988874e-01 
 5.24250000e-05  1.00000000e+00  5.24250000e-05  9.99989149e-01 
 5.24750000e-05  1.00000000e+00  5.24750000e-05  9.99989417e-01 
 5.25250000e-05  1.00000000e+00  5.25250000e-05  9.99989678e-01 
 5.25750000e-05  1.00000000e+00  5.25750000e-05  9.99989933e-01 
 5.26250000e-05  1.00000000e+00  5.26250000e-05  9.99990181e-01 
 5.26750000e-05  1.00000000e+00  5.26750000e-05  9.99990424e-01 
 5.27250000e-05  1.00000000e+00  5.27250000e-05  9.99990660e-01 
 5.27750000e-05  1.00000000e+00  5.27750000e-05  9.99990891e-01 
 5.28250000e-05  1.00000000e+00  5.28250000e-05  9.99991116e-01 
 5.28750000e-05  1.00000000e+00  5.28750000e-05  9.99991335e-01 
 5.29250000e-05  1.00000000e+00  5.29250000e-05  9.99991549e-01 
 5.29750000e-05  1.00000000e+00  5.29750000e-05  9.99991758e-01 
 5.30250000e-05  1.00000000e+00  5.30250000e-05  9.99991961e-01 
 5.30750000e-05  1.00000000e+00  5.30750000e-05  9.99992160e-01 
 5.31250000e-05  1.00000000e+00  5.31250000e-05  9.99992353e-01 
 5.31750000e-05  1.00000000e+00  5.31750000e-05  9.99992542e-01 
 5.32250000e-05  1.00000000e+00  5.32250000e-05  9.99992726e-01 
 5.32750000e-05  1.00000000e+00  5.32750000e-05  9.99992906e-01 
 5.33250000e-05  1.00000000e+00  5.33250000e-05  9.99993081e-01 
 5.33750000e-05  1.00000000e+00  5.33750000e-05  9.99993252e-01 
 5.34250000e-05  1.00000000e+00  5.34250000e-05  9.99993419e-01 
 5.34750000e-05  1.00000000e+00  5.34750000e-05  9.99993581e-01 
 5.35250000e-05  1.00000000e+00  5.35250000e-05  9.99993740e-01 
 5.35750000e-05  1.00000000e+00  5.35750000e-05  9.99993894e-01 
 5.36250000e-05  1.00000000e+00  5.36250000e-05  9.99994045e-01 
 5.36750000e-05  1.00000000e+00  5.36750000e-05  9.99994192e-01 
 5.37250000e-05  1.00000000e+00  5.37250000e-05  9.99994335e-01 
 5.37750000e-05  1.00000000e+00  5.37750000e-05  9.99994475e-01 
 5.38250000e-05  1.00000000e+00  5.38250000e-05  9.99994612e-01 
 5.38750000e-05  1.00000000e+00  5.38750000e-05  9.99994745e-01 
 5.39250000e-05  1.00000000e+00  5.39250000e-05  9.99994874e-01 
 5.39750000e-05  1.00000000e+00  5.39750000e-05  9.99995001e-01 
 5.40250000e-05  1.00000000e+00  5.40250000e-05  9.99995124e-01 
 5.40750000e-05  1.00000000e+00  5.40750000e-05  9.99995245e-01 
 5.41250000e-05  1.00000000e+00  5.41250000e-05  9.99995362e-01 
 5.41750000e-05  1.00000000e+00  5.41750000e-05  9.99995477e-01 
 5.42250000e-05  1.00000000e+00  5.42250000e-05  9.99995588e-01 
 5.42750000e-05  1.00000000e+00  5.42750000e-05  9.99995697e-01 
 5.43250000e-05  1.00000000e+00  5.43250000e-05  9.99995804e-01 
 5.43750000e-05  1.00000000e+00  5.43750000e-05  9.99995907e-01 
 5.44250000e-05  1.00000000e+00  5.44250000e-05  9.99996008e-01 
 5.44750000e-05  1.00000000e+00  5.44750000e-05  9.99996107e-01 
 5.45250000e-05  1.00000000e+00  5.45250000e-05  9.99996203e-01 
 5.45750000e-05  1.00000000e+00  5.45750000e-05  9.99996297e-01 
 5.46250000e-05  1.00000000e+00  5.46250000e-05  9.99996388e-01 
 5.46750000e-05  1.00000000e+00  5.46750000e-05  9.99996477e-01 
 5.47250000e-05  1.00000000e+00  5.47250000e-05  9.99996564e-01 
 5.47750000e-05  1.00000000e+00  5.47750000e-05  9.99996649e-01 
 5.48250000e-05  1.00000000e+00  5.48250000e-05  9.99996732e-01 
 5.48750000e-05  1.00000000e+00  5.48750000e-05  9.99996813e-01 
 5.49250000e-05  1.00000000e+00  5.49250000e-05  9.99996891e-01 
 5.49750000e-05  1.00000000e+00  5.49750000e-05  9.99996968e-01 
 5.50250000e-05  1.00000000e+00  5.50250000e-05  9.99997043e-01 
 5.50750000e-05  1.00000000e+00  5.50750000e-05  9.99997116e-01 
 5.51250000e-05  1.00000000e+00  5.51250000e-05  9.99997187e-01 
 5.51750000e-05  1.00000000e+00  5.51750000e-05  9.99997257e-01 
 5.52250000e-05  1.00000000e+00  5.52250000e-05  9.99997324e-01 
 5.52750000e-05  1.00000000e+00  5.52750000e-05  9.99997390e-01 
 5.53250000e-05  1.00000000e+00  5.53250000e-05  9.99997455e-01 
 5.53750000e-05  1.00000000e+00  5.53750000e-05  9.99997518e-01 
 5.54250000e-05  1.00000000e+00  5.54250000e-05  9.99997579e-01 
 5.54750000e-05  1.00000000e+00  5.54750000e-05  9.99997639e-01 
 5.55250000e-05  1.00000000e+00  5.55250000e-05  9.99997697e-01 
 5.55750000e-05  1.00000000e+00  5.55750000e-05  9.99997754e-01 
 5.56250000e-05  1.00000000e+00  5.56250000e-05  9.99997809e-01 
 5.56750000e-05  1.00000000e+00  5.56750000e-05  9.99997863e-01 
 5.57250000e-05  1.00000000e+00  5.57250000e-05  9.99997916e-01 
 5.57750000e-05  1.00000000e+00  5.57750000e-05  9.99997968e-01 
 5.58250000e-05  1.00000000e+00  5.58250000e-05  9.99998018e-01 
 5.58750000e-05  1.00000000e+00  5.58750000e-05  9.99998067e-01 
 5.59250000e-05  1.00000000e+00  5.59250000e-05  9.99998114e-01 
 5.59750000e-05  1.00000000e+00  5.59750000e-05  9.99998161e-01 
 5.60250000e-05  1.00000000e+00  5.60250000e-05  9.99998206e-01 
 5.60750000e-05  1.00000000e+00  5.60750000e-05  9.99998251e-01 
 5.61250000e-05  1.00000000e+00  5.61250000e-05  9.99998294e-01 
 5.61750000e-05  1.00000000e+00  5.61750000e-05  9.99998336e-01 
 5.62250000e-05  1.00000000e+00  5.62250000e-05  9.99998377e-01 
 5.62750000e-05  1.00000000e+00  5.62750000e-05  9.99998417e-01 
 5.63250000e-05  1.00000000e+00  5.63250000e-05  9.99998456e-01 
 5.63750000e-05  1.00000000e+00  5.63750000e-05  9.99998494e-01 
 5.64250000e-05  1.00000000e+00  5.64250000e-05  9.99998532e-01 
 5.64750000e-05  1.00000000e+00  5.64750000e-05  9.99998568e-01 
 5.65250000e-05  1.00000000e+00  5.65250000e-05  9.99998603e-01 
 5.65750000e-05  1.00000000e+00  5.65750000e-05  9.99998638e-01 
 5.66250000e-05  1.00000000e+00  5.66250000e-05  9.99998671e-01 
 5.66750000e-05  1.00000000e+00  5.66750000e-05  9.99998704e-01 
 5.67250000e-05  1.00000000e+00  5.67250000e-05  9.99998736e-01 
 5.67750000e-05  1.00000000e+00  5.67750000e-05  9.99998767e-01 
 5.68250000e-05  1.00000000e+00  5.68250000e-05  9.99998798e-01 
 5.68750000e-05  1.00000000e+00  5.68750000e-05  9.99998827e-01 
 5.69250000e-05  1.00000000e+00  5.69250000e-05  9.99998856e-01 
 5.69750000e-05  1.00000000e+00  5.69750000e-05  9.99998885e-01 
 5.70250000e-05  1.00000000e+00  5.70250000e-05  9.99998912e-01 
 5.70750000e-05  1.00000000e+00  5.70750000e-05  9.99998939e-01 
 5.71250000e-05  1.00000000e+00  5.71250000e-05  9.99998965e-01 
 5.71750000e-05  1.00000000e+00  5.71750000e-05  9.99998991e-01 
 5.72250000e-05  1.00000000e+00  5.72250000e-05  9.99999016e-01 
 5.72750000e-05  1.00000000e+00  5.72750000e-05  9.99999040e-01 
 5.73250000e-05  1.00000000e+00  5.73250000e-05  9.99999064e-01 
 5.73750000e-05  1.00000000e+00  5.73750000e-05  9.99999087e-01 
 5.74250000e-05  1.00000000e+00  5.74250000e-05  9.99999109e-01 
 5.74750000e-05  1.00000000e+00  5.74750000e-05  9.99999131e-01 
 5.75250000e-05  1.00000000e+00  5.75250000e-05  9.99999153e-01 
 5.75750000e-05  1.00000000e+00  5.75750000e-05  9.99999174e-01 
 5.76250000e-05  1.00000000e+00  5.76250000e-05  9.99999194e-01 
 5.76750000e-05  1.00000000e+00  5.76750000e-05  9.99999214e-01 
 5.77250000e-05  1.00000000e+00  5.77250000e-05  9.99999233e-01 
 5.77750000e-05  1.00000000e+00  5.77750000e-05  9.99999252e-01 
 5.78250000e-05  1.00000000e+00  5.78250000e-05  9.99999271e-01 
 5.78750000e-05  1.00000000e+00  5.78750000e-05  9.99999289e-01 
 5.79250000e-05  1.00000000e+00  5.79250000e-05  9.99999306e-01 
 5.79750000e-05  1.00000000e+00  5.79750000e-05  9.99999324e-01 
 5.80250000e-05  1.00000000e+00  5.80250000e-05  9.99999340e-01 
 5.80750000e-05  1.00000000e+00  5.80750000e-05  9.99999357e-01 
 5.81250000e-05  1.00000000e+00  5.81250000e-05  9.99999372e-01 
 5.81750000e-05  1.00000000e+00  5.81750000e-05  9.99999388e-01 
 5.82250000e-05  1.00000000e+00  5.82250000e-05  9.99999403e-01 
 5.82750000e-05  1.00000000e+00  5.82750000e-05  9.99999418e-01 
 5.83250000e-05  1.00000000e+00  5.83250000e-05  9.99999432e-01 
 5.83750000e-05  1.00000000e+00  5.83750000e-05  9.99999446e-01 
 5.84250000e-05  1.00000000e+00  5.84250000e-05  9.99999460e-01 
 5.84750000e-05  1.00000000e+00  5.84750000e-05  9.99999473e-01 
 5.85250000e-05  1.00000000e+00  5.85250000e-05  9.99999486e-01 
 5.85750000e-05  1.00000000e+00  5.85750000e-05  9.99999499e-01 
 5.86250000e-05  1.00000000e+00  5.86250000e-05  9.99999511e-01 
 5.86750000e-05  1.00000000e+00  5.86750000e-05  9.99999523e-01 
 5.87250000e-05  1.00000000e+00  5.87250000e-05  9.99999535e-01 
 5.87750000e-05  1.00000000e+00  5.87750000e-05  9.99999547e-01 
 5.88250000e-05  1.00000000e+00  5.88250000e-05  9.99999558e-01 
 5.88750000e-05  1.00000000e+00  5.88750000e-05  9.99999569e-01 
 5.89250000e-05  1.00000000e+00  5.89250000e-05  9.99999579e-01 
 5.89750000e-05  1.00000000e+00  5.89750000e-05  9.99999590e-01 
 5.90250000e-05  1.00000000e+00  5.90250000e-05  9.99999600e-01 
 5.90750000e-05  1.00000000e+00  5.90750000e-05  9.99999610e-01 
 5.91250000e-05  1.00000000e+00  5.91250000e-05  9.99999619e-01 
 5.91750000e-05  1.00000000e+00  5.91750000e-05  9.99999629e-01 
 5.92250000e-05  1.00000000e+00  5.92250000e-05  9.99999638e-01 
 5.92750000e-05  1.00000000e+00  5.92750000e-05  9.99999647e-01 
 5.93250000e-05  1.00000000e+00  5.93250000e-05  9.99999656e-01 
 5.93750000e-05  1.00000000e+00  5.93750000e-05  9.99999664e-01 
 5.94250000e-05  1.00000000e+00  5.94250000e-05  9.99999672e-01 
 5.94750000e-05  1.00000000e+00  5.94750000e-05  9.99999680e-01 
 5.95250000e-05  1.00000000e+00  5.95250000e-05  9.99999688e-01 
 5.95750000e-05  1.00000000e+00  5.95750000e-05  9.99999696e-01 
 5.96250000e-05  1.00000000e+00  5.96250000e-05  9.99999704e-01 
 5.96750000e-05  1.00000000e+00  5.96750000e-05  9.99999711e-01 
 5.97250000e-05  1.00000000e+00  5.97250000e-05  9.99999718e-01 
 5.97750000e-05  1.00000000e+00  5.97750000e-05  9.99999725e-01 
 5.98250000e-05  1.00000000e+00  5.98250000e-05  9.99999732e-01 
 5.98750000e-05  1.00000000e+00  5.98750000e-05  9.99999738e-01 
 5.99250000e-05  1.00000000e+00  5.99250000e-05  9.99999745e-01 
 5.99750000e-05  1.00000000e+00  5.99750000e-05  9.99999751e-01 
 6.00250000e-05  1.00000000e+00  6.00250000e-05  9.99999757e-01 
 6.00750000e-05  1.00000000e+00  6.00750000e-05  9.99999763e-01 
 6.01250000e-05  1.00000000e+00  6.01250000e-05  9.99999769e-01 
 6.01750000e-05  1.00000000e+00  6.01750000e-05  9.99999775e-01 
 6.02250000e-05  1.00000000e+00  6.02250000e-05  9.99999780e-01 
 6.02750000e-05  1.00000000e+00  6.02750000e-05  9.99999786e-01 
 6.03250000e-05  1.00000000e+00  6.03250000e-05  9.99999791e-01 
 6.03750000e-05  1.00000000e+00  6.03750000e-05  9.99999796e-01 
 6.04250000e-05  1.00000000e+00  6.04250000e-05  9.99999801e-01 
 6.04750000e-05  1.00000000e+00  6.04750000e-05  9.99999806e-01 
 6.05250000e-05  1.00000000e+00  6.05250000e-05  9.99999811e-01 
 6.05750000e-05  1.00000000e+00  6.05750000e-05  9.99999816e-01 
 6.06250000e-05  1.00000000e+00  6.06250000e-05  9.99999820e-01 
 6.06750000e-05  1.00000000e+00  6.06750000e-05  9.99999825e-01 
 6.07250000e-05  1.00000000e+00  6.07250000e-05  9.99999829e-01 
 6.07750000e-05  1.00000000e+00  6.07750000e-05  9.99999833e-01 
 6.08250000e-05  1.00000000e+00  6.08250000e-05  9.99999837e-01 
 6.08750000e-05  1.00000000e+00  6.08750000e-05  9.99999841e-01 
 6.09250000e-05  1.00000000e+00  6.09250000e-05  9.99999845e-01 
 6.09750000e-05  1.00000000e+00  6.09750000e-05  9.99999849e-01 
 6.10250000e-05  1.00000000e+00  6.10250000e-05  9.99999853e-01 
 6.10750000e-05  1.00000000e+00  6.10750000e-05  9.99999856e-01 
 6.11250000e-05  1.00000000e+00  6.11250000e-05  9.99999860e-01 
 6.11750000e-05  1.00000000e+00  6.11750000e-05  9.99999863e-01 
 6.12250000e-05  1.00000000e+00  6.12250000e-05  9.99999867e-01 
 6.12750000e-05  1.00000000e+00  6.12750000e-05  9.99999870e-01 
 6.13250000e-05  1.00000000e+00  6.13250000e-05  9.99999873e-01 
 6.13750000e-05  1.00000000e+00  6.13750000e-05  9.99999876e-01 
 6.14250000e-05  1.00000000e+00  6.14250000e-05  9.99999879e-01 
 6.14750000e-05  1.00000000e+00  6.14750000e-05  9.99999882e-01 
 6.15250000e-05  1.00000000e+00  6.15250000e-05  9.99999885e-01 
 6.15750000e-05  1.00000000e+00  6.15750000e-05  9.99999888e-01 
 6.16250000e-05  1.00000000e+00  6.16250000e-05  9.99999891e-01 
 6.16750000e-05  1.00000000e+00  6.16750000e-05  9.99999894e-01 
 6.17250000e-05  1.00000000e+00  6.17250000e-05  9.99999896e-01 
 6.17750000e-05  1.00000000e+00  6.17750000e-05  9.99999899e-01 
 6.18250000e-05  1.00000000e+00  6.18250000e-05  9.99999901e-01 
 6.18750000e-05  1.00000000e+00  6.18750000e-05  9.99999904e-01 
 6.19250000e-05  1.00000000e+00  6.19250000e-05  9.99999906e-01 
 6.19750000e-05  1.00000000e+00  6.19750000e-05  9.99999908e-01 
 6.20250000e-05  1.00000000e+00  6.20250000e-05  9.99999911e-01 
 6.20750000e-05  1.00000000e+00  6.20750000e-05  9.99999913e-01 
 6.21250000e-05  1.00000000e+00  6.21250000e-05  9.99999915e-01 
 6.21750000e-05  1.00000000e+00  6.21750000e-05  9.99999917e-01 
 6.22250000e-05  1.00000000e+00  6.22250000e-05  9.99999919e-01 
 6.22750000e-05  1.00000000e+00  6.22750000e-05  9.99999921e-01 
 6.23250000e-05  1.00000000e+00  6.23250000e-05  9.99999923e-01 
 6.23750000e-05  1.00000000e+00  6.23750000e-05  9.99999925e-01 
 6.24250000e-05  1.00000000e+00  6.24250000e-05  9.99999927e-01 
 6.24750000e-05  1.00000000e+00  6.24750000e-05  9.99999929e-01 
 6.25250000e-05  1.00000000e+00  6.25250000e-05  9.99999930e-01 
 6.25750000e-05  1.00000000e+00  6.25750000e-05  9.99999932e-01 
 6.26250000e-05  1.00000000e+00  6.26250000e-05  9.99999934e-01 
 6.26750000e-05  1.00000000e+00  6.26750000e-05  9.99999935e-01 
 6.27250000e-05  1.00000000e+00  6.27250000e-05  9.99999937e-01 
 6.27750000e-05  1.00000000e+00  6.27750000e-05  9.99999939e-01 
 6.28250000e-05  1.00000000e+00  6.28250000e-05  9.99999940e-01 
 6.28750000e-05  1.00000000e+00  6.28750000e-05  9.99999942e-01 
 6.29250000e-05  1.00000000e+00  6.29250000e-05  9.99999943e-01 
 6.29750000e-05  1.00000000e+00  6.29750000e-05  9.99999944e-01 
 6.30250000e-05  1.00000000e+00  6.30250000e-05  9.99999946e-01 
 6.30750000e-05  1.00000000e+00  6.30750000e-05  9.99999947e-01 
 6.31250000e-05  1.00000000e+00  6.31250000e-05  9.99999948e-01 
 6.31750000e-05  1.00000000e+00  6.31750000e-05  9.99999950e-01 
 6.32250000e-05  1.00000000e+00  6.32250000e-05  9.99999951e-01 
 6.32750000e-05  1.00000000e+00  6.32750000e-05  9.99999952e-01 
 6.33250000e-05  1.00000000e+00  6.33250000e-05  9.99999953e-01 
 6.33750000e-05  1.00000000e+00  6.33750000e-05  9.99999955e-01 
 6.34250000e-05  1.00000000e+00  6.34250000e-05  9.99999956e-01 
 6.34750000e-05  1.00000000e+00  6.34750000e-05  9.99999957e-01 
 6.35250000e-05  1.00000000e+00  6.35250000e-05  9.99999958e-01 
 6.35750000e-05  1.00000000e+00  6.35750000e-05  9.99999959e-01 
 6.36250000e-05  1.00000000e+00  6.36250000e-05  9.99999960e-01 
 6.36750000e-05  1.00000000e+00  6.36750000e-05  9.99999961e-01 
 6.37250000e-05  1.00000000e+00  6.37250000e-05  9.99999962e-01 
 6.37750000e-05  1.00000000e+00  6.37750000e-05  9.99999963e-01 
 6.38250000e-05  1.00000000e+00  6.38250000e-05  9.99999964e-01 
 6.38750000e-05  1.00000000e+00  6.38750000e-05  9.99999965e-01 
 6.39250000e-05  1.00000000e+00  6.39250000e-05  9.99999965e-01 
 6.39750000e-05  1.00000000e+00  6.39750000e-05  9.99999966e-01 
 6.40250000e-05  1.00000000e+00  6.40250000e-05  9.99999967e-01 
 6.40750000e-05  1.00000000e+00  6.40750000e-05  9.99999968e-01 
 6.41250000e-05  1.00000000e+00  6.41250000e-05  9.99999969e-01 
 6.41750000e-05  1.00000000e+00  6.41750000e-05  9.99999970e-01 
 6.42250000e-05  1.00000000e+00  6.42250000e-05  9.99999970e-01 
 6.42750000e-05  1.00000000e+00  6.42750000e-05  9.99999971e-01 
 6.43250000e-05  1.00000000e+00  6.43250000e-05  9.99999972e-01 
 6.43750000e-05  1.00000000e+00  6.43750000e-05  9.99999972e-01 
 6.44250000e-05  1.00000000e+00  6.44250000e-05  9.99999973e-01 
 6.44750000e-05  1.00000000e+00  6.44750000e-05  9.99999974e-01 
 6.45250000e-05  1.00000000e+00  6.45250000e-05  9.99999974e-01 
 6.45750000e-05  1.00000000e+00  6.45750000e-05  9.99999975e-01 
 6.46250000e-05  1.00000000e+00  6.46250000e-05  9.99999976e-01 
 6.46750000e-05  1.00000000e+00  6.46750000e-05  9.99999976e-01 
 6.47250000e-05  1.00000000e+00  6.47250000e-05  9.99999977e-01 
 6.47750000e-05  1.00000000e+00  6.47750000e-05  9.99999977e-01 
 6.48250000e-05  1.00000000e+00  6.48250000e-05  9.99999978e-01 
 6.48750000e-05  1.00000000e+00  6.48750000e-05  9.99999979e-01 
 6.49250000e-05  1.00000000e+00  6.49250000e-05  9.99999979e-01 
 6.49750000e-05  1.00000000e+00  6.49750000e-05  9.99999980e-01 
 6.50250000e-05  1.00000000e+00  6.50250000e-05  9.99999980e-01 
 6.50750000e-05  1.00000000e+00  6.50750000e-05  9.99999981e-01 
 6.51250000e-05  1.00000000e+00  6.51250000e-05  9.99999981e-01 
 6.51750000e-05  1.00000000e+00  6.51750000e-05  9.99999982e-01 
 6.52250000e-05  1.00000000e+00  6.52250000e-05  9.99999982e-01 
 6.52750000e-05  1.00000000e+00  6.52750000e-05  9.99999982e-01 
 6.53250000e-05  1.00000000e+00  6.53250000e-05  9.99999983e-01 
 6.53750000e-05  1.00000000e+00  6.53750000e-05  9.99999983e-01 
 6.54250000e-05  1.00000000e+00  6.54250000e-05  9.99999984e-01 
 6.54750000e-05  1.00000000e+00  6.54750000e-05  9.99999984e-01 
 6.55250000e-05  1.00000000e+00  6.55250000e-05  9.99999984e-01 
 6.55750000e-05  1.00000000e+00  6.55750000e-05  9.99999985e-01 
 6.56250000e-05  1.00000000e+00  6.56250000e-05  9.99999985e-01 
 6.56750000e-05  1.00000000e+00  6.56750000e-05  9.99999986e-01 
 6.57250000e-05  1.00000000e+00  6.57250000e-05  9.99999986e-01 
 6.57750000e-05  1.00000000e+00  6.57750000e-05  9.99999986e-01 
 6.58250000e-05  1.00000000e+00  6.58250000e-05  9.99999987e-01 
 6.58750000e-05  1.00000000e+00  6.58750000e-05  9.99999987e-01 
 6.59250000e-05  1.00000000e+00  6.59250000e-05  9.99999987e-01 
 6.59750000e-05  1.00000000e+00  6.59750000e-05  9.99999988e-01 
 6.60250000e-05  1.00000000e+00  6.60250000e-05  9.99999988e-01 
 6.60750000e-05  1.00000000e+00  6.60750000e-05  9.99999988e-01 
 6.61250000e-05  1.00000000e+00  6.61250000e-05  9.99999989e-01 
 6.61750000e-05  1.00000000e+00  6.61750000e-05  9.99999989e-01 
 6.62250000e-05  1.00000000e+00  6.62250000e-05  9.99999989e-01 
 6.62750000e-05  1.00000000e+00  6.62750000e-05  9.99999989e-01 
 6.63250000e-05  1.00000000e+00  6.63250000e-05  9.99999990e-01 
 6.63750000e-05  1.00000000e+00  6.63750000e-05  9.99999990e-01 
 6.64250000e-05  1.00000000e+00  6.64250000e-05  9.99999990e-01 
 6.64750000e-05  1.00000000e+00  6.64750000e-05  9.99999990e-01 
 6.65250000e-05  1.00000000e+00  6.65250000e-05  9.99999991e-01 
 6.65750000e-05  1.00000000e+00  6.65750000e-05  9.99999991e-01 
 6.66250000e-05  1.00000000e+00  6.66250000e-05  9.99999991e-01 
 6.66750000e-05  1.00000000e+00  6.66750000e-05  9.99999991e-01 
 6.67250000e-05  1.00000000e+00  6.67250000e-05  9.99999991e-01 
 6.67750000e-05  1.00000000e+00  6.67750000e-05  9.99999992e-01 
 6.68250000e-05  1.00000000e+00  6.68250000e-05  9.99999992e-01 
 6.68750000e-05  1.00000000e+00  6.68750000e-05  9.99999992e-01 
 6.69250000e-05  1.00000000e+00  6.69250000e-05  9.99999992e-01 
 6.69750000e-05  1.00000000e+00  6.69750000e-05  9.99999992e-01 
 6.70250000e-05  1.00000000e+00  6.70250000e-05  9.99999993e-01 
 6.70750000e-05  1.00000000e+00  6.70750000e-05  9.99999993e-01 
 6.71250000e-05  1.00000000e+00  6.71250000e-05  9.99999993e-01 
 6.71750000e-05  1.00000000e+00  6.71750000e-05  9.99999993e-01 
 6.72250000e-05  1.00000000e+00  6.72250000e-05  9.99999993e-01 
 6.72750000e-05  1.00000000e+00  6.72750000e-05  9.99999994e-01 
 6.73250000e-05  1.00000000e+00  6.73250000e-05  9.99999994e-01 
 6.73750000e-05  1.00000000e+00  6.73750000e-05  9.99999994e-01 
 6.74250000e-05  1.00000000e+00  6.74250000e-05  9.99999994e-01 
 6.74750000e-05  1.00000000e+00  6.74750000e-05  9.99999994e-01 
 6.75250000e-05  1.00000000e+00  6.75250000e-05  9.99999994e-01 
 6.75750000e-05  1.00000000e+00  6.75750000e-05  9.99999994e-01 
 6.76250000e-05  1.00000000e+00  6.76250000e-05  9.99999995e-01 
 6.76750000e-05  1.00000000e+00  6.76750000e-05  9.99999995e-01 
 6.77250000e-05  1.00000000e+00  6.77250000e-05  9.99999995e-01 
 6.77750000e-05  1.00000000e+00  6.77750000e-05  9.99999995e-01 
 6.78250000e-05  1.00000000e+00  6.78250000e-05  9.99999995e-01 
 6.78750000e-05  1.00000000e+00  6.78750000e-05  9.99999995e-01 
 6.79250000e-05  1.00000000e+00  6.79250000e-05  9.99999995e-01 
 6.79750000e-05  1.00000000e+00  6.79750000e-05  9.99999995e-01 
 6.80250000e-05  1.00000000e+00  6.80250000e-05  9.99999996e-01 
 6.80750000e-05  1.00000000e+00  6.80750000e-05  9.99999996e-01 
 6.81250000e-05  1.00000000e+00  6.81250000e-05  9.99999996e-01 
 6.81750000e-05  1.00000000e+00  6.81750000e-05  9.99999996e-01 
 6.82250000e-05  1.00000000e+00  6.82250000e-05  9.99999996e-01 
 6.82750000e-05  1.00000000e+00  6.82750000e-05  9.99999996e-01 
 6.83250000e-05  1.00000000e+00  6.83250000e-05  9.99999996e-01 
 6.83750000e-05  1.00000000e+00  6.83750000e-05  9.99999996e-01 
 6.84250000e-05  1.00000000e+00  6.84250000e-05  9.99999996e-01 
 6.84750000e-05  1.00000000e+00  6.84750000e-05  9.99999996e-01 
 6.85250000e-05  1.00000000e+00  6.85250000e-05  9.99999997e-01 
 6.85750000e-05  1.00000000e+00  6.85750000e-05  9.99999997e-01 
 6.86250000e-05  1.00000000e+00  6.86250000e-05  9.99999997e-01 
 6.86750000e-05  1.00000000e+00  6.86750000e-05  9.99999997e-01 
 6.87250000e-05  1.00000000e+00  6.87250000e-05  9.99999997e-01 
 6.87750000e-05  1.00000000e+00  6.87750000e-05  9.99999997e-01 
 6.88250000e-05  1.00000000e+00  6.88250000e-05  9.99999997e-01 
 6.88750000e-05  1.00000000e+00  6.88750000e-05  9.99999997e-01 
 6.89250000e-05  1.00000000e+00  6.89250000e-05  9.99999997e-01 
 6.89750000e-05  1.00000000e+00  6.89750000e-05  9.99999997e-01 
 6.90250000e-05  1.00000000e+00  6.90250000e-05  9.99999997e-01 
 6.90750000e-05  1.00000000e+00  6.90750000e-05  9.99999997e-01 
 6.91250000e-05  1.00000000e+00  6.91250000e-05  9.99999997e-01 
 6.91750000e-05  1.00000000e+00  6.91750000e-05  9.99999997e-01 
 6.92250000e-05  1.00000000e+00  6.92250000e-05  9.99999998e-01 
 6.92750000e-05  1.00000000e+00  6.92750000e-05  9.99999998e-01 
 6.93250000e-05  1.00000000e+00  6.93250000e-05  9.99999998e-01 
 6.93750000e-05  1.00000000e+00  6.93750000e-05  9.99999998e-01 
 6.94250000e-05  1.00000000e+00  6.94250000e-05  9.99999998e-01 
 6.94750000e-05  1.00000000e+00  6.94750000e-05  9.99999998e-01 
 6.95250000e-05  1.00000000e+00  6.95250000e-05  9.99999998e-01 
 6.95750000e-05  1.00000000e+00  6.95750000e-05  9.99999998e-01 
 6.96250000e-05  1.00000000e+00  6.96250000e-05  9.99999998e-01 
 6.96750000e-05  1.00000000e+00  6.96750000e-05  9.99999998e-01 
 6.97250000e-05  1.00000000e+00  6.97250000e-05  9.99999998e-01 
 6.97750000e-05  1.00000000e+00  6.97750000e-05  9.99999998e-01 
 6.98250000e-05  1.00000000e+00  6.98250000e-05  9.99999998e-01 
 6.98750000e-05  1.00000000e+00  6.98750000e-05  9.99999998e-01 
 6.99250000e-05  1.00000000e+00  6.99250000e-05  9.99999998e-01 
 6.99625000e-05  1.00000000e+00  6.99625000e-05  9.99999998e-01 
 7.00000000e-05  1.00000000e+00  7.00000000e-05  9.99999998e-01 
 7.00050000e-05  1.00000000e+00  7.00050000e-05  9.99999998e-01 
 7.00150000e-05  0.00000000e+00  7.00150000e-05  9.97506233e-01 
 7.00350000e-05  0.00000000e+00  7.00350000e-05  9.87580798e-01 
 7.00750000e-05  0.00000000e+00  7.00750000e-05  9.68024742e-01 
 7.01250000e-05  0.00000000e+00  7.01250000e-05  9.44122897e-01 
 7.01750000e-05  0.00000000e+00  7.01750000e-05  9.20811220e-01 
 7.02250000e-05  0.00000000e+00  7.02250000e-05  8.98075141e-01 
 7.02750000e-05  0.00000000e+00  7.02750000e-05  8.75900446e-01 
 7.03250000e-05  0.00000000e+00  7.03250000e-05  8.54273274e-01 
 7.03750000e-05  0.00000000e+00  7.03750000e-05  8.33180107e-01 
 7.04250000e-05  0.00000000e+00  7.04250000e-05  8.12607759e-01 
 7.04750000e-05  0.00000000e+00  7.04750000e-05  7.92543370e-01 
 7.05250000e-05  0.00000000e+00  7.05250000e-05  7.72974398e-01 
 7.05750000e-05  0.00000000e+00  7.05750000e-05  7.53888610e-01 
 7.06250000e-05  0.00000000e+00  7.06250000e-05  7.35274076e-01 
 7.06750000e-05  0.00000000e+00  7.06750000e-05  7.17119161e-01 
 7.07250000e-05  0.00000000e+00  7.07250000e-05  6.99412515e-01 
 7.07750000e-05  0.00000000e+00  7.07750000e-05  6.82143070e-01 
 7.08250000e-05  0.00000000e+00  7.08250000e-05  6.65300031e-01 
 7.08750000e-05  0.00000000e+00  7.08750000e-05  6.48872870e-01 
 7.09250000e-05  0.00000000e+00  7.09250000e-05  6.32851318e-01 
 7.09750000e-05  0.00000000e+00  7.09750000e-05  6.17225359e-01 
 7.10250000e-05  0.00000000e+00  7.10250000e-05  6.01985227e-01 
 7.10750000e-05  0.00000000e+00  7.10750000e-05  5.87121394e-01 
 7.11250000e-05  0.00000000e+00  7.11250000e-05  5.72624570e-01 
 7.11750000e-05  0.00000000e+00  7.11750000e-05  5.58485691e-01 
 7.12250000e-05  0.00000000e+00  7.12250000e-05  5.44695921e-01 
 7.12750000e-05  0.00000000e+00  7.12750000e-05  5.31246639e-01 
 7.13250000e-05  0.00000000e+00  7.13250000e-05  5.18129438e-01 
 7.13750000e-05  0.00000000e+00  7.13750000e-05  5.05336119e-01 
 7.14250000e-05  0.00000000e+00  7.14250000e-05  4.92858684e-01 
 7.14750000e-05  0.00000000e+00  7.14750000e-05  4.80689334e-01 
 7.15250000e-05  0.00000000e+00  7.15250000e-05  4.68820461e-01 
 7.15750000e-05  0.00000000e+00  7.15750000e-05  4.57244647e-01 
 7.16250000e-05  0.00000000e+00  7.16250000e-05  4.45954656e-01 
 7.16750000e-05  0.00000000e+00  7.16750000e-05  4.34943430e-01 
 7.17250000e-05  0.00000000e+00  7.17250000e-05  4.24204086e-01 
 7.17750000e-05  0.00000000e+00  7.17750000e-05  4.13729911e-01 
 7.18250000e-05  0.00000000e+00  7.18250000e-05  4.03514358e-01 
 7.18750000e-05  0.00000000e+00  7.18750000e-05  3.93551040e-01 
 7.19250000e-05  0.00000000e+00  7.19250000e-05  3.83833731e-01 
 7.19750000e-05  0.00000000e+00  7.19750000e-05  3.74356355e-01 
 7.20250000e-05  0.00000000e+00  7.20250000e-05  3.65112988e-01 
 7.20750000e-05  0.00000000e+00  7.20750000e-05  3.56097852e-01 
 7.21250000e-05  0.00000000e+00  7.21250000e-05  3.47305313e-01 
 7.21750000e-05  0.00000000e+00  7.21750000e-05  3.38729873e-01 
 7.22250000e-05  0.00000000e+00  7.22250000e-05  3.30366172e-01 
 7.22750000e-05  0.00000000e+00  7.22750000e-05  3.22208983e-01 
 7.23250000e-05  0.00000000e+00  7.23250000e-05  3.14253205e-01 
 7.23750000e-05  0.00000000e+00  7.23750000e-05  3.06493867e-01 
 7.24250000e-05  0.00000000e+00  7.24250000e-05  2.98926117e-01 
 7.24750000e-05  0.00000000e+00  7.24750000e-05  2.91545225e-01 
 7.25250000e-05  0.00000000e+00  7.25250000e-05  2.84346578e-01 
 7.25750000e-05  0.00000000e+00  7.25750000e-05  2.77325675e-01 
 7.26250000e-05  0.00000000e+00  7.26250000e-05  2.70478127e-01 
 7.26750000e-05  0.00000000e+00  7.26750000e-05  2.63799655e-01 
 7.27250000e-05  0.00000000e+00  7.27250000e-05  2.57286083e-01 
 7.27750000e-05  0.00000000e+00  7.27750000e-05  2.50933340e-01 
 7.28250000e-05  0.00000000e+00  7.28250000e-05  2.44737456e-01 
 7.28750000e-05  0.00000000e+00  7.28750000e-05  2.38694555e-01 
 7.29250000e-05  0.00000000e+00  7.29250000e-05  2.32800863e-01 
 7.29750000e-05  0.00000000e+00  7.29750000e-05  2.27052693e-01 
 7.30250000e-05  0.00000000e+00  7.30250000e-05  2.21446454e-01 
 7.30750000e-05  0.00000000e+00  7.30750000e-05  2.15978640e-01 
 7.31250000e-05  0.00000000e+00  7.31250000e-05  2.10645834e-01 
 7.31750000e-05  0.00000000e+00  7.31750000e-05  2.05444703e-01 
 7.32250000e-05  0.00000000e+00  7.32250000e-05  2.00371994e-01 
 7.32750000e-05  0.00000000e+00  7.32750000e-05  1.95424537e-01 
 7.33250000e-05  0.00000000e+00  7.33250000e-05  1.90599240e-01 
 7.33750000e-05  0.00000000e+00  7.33750000e-05  1.85893086e-01 
 7.34250000e-05  0.00000000e+00  7.34250000e-05  1.81303133e-01 
 7.34750000e-05  0.00000000e+00  7.34750000e-05  1.76826513e-01 
 7.35250000e-05  0.00000000e+00  7.35250000e-05  1.72460426e-01 
 7.35750000e-05  0.00000000e+00  7.35750000e-05  1.68202144e-01 
 7.36250000e-05  0.00000000e+00  7.36250000e-05  1.64049004e-01 
 7.36750000e-05  0.00000000e+00  7.36750000e-05  1.59998412e-01 
 7.37250000e-05  0.00000000e+00  7.37250000e-05  1.56047834e-01 
 7.37750000e-05  0.00000000e+00  7.37750000e-05  1.52194801e-01 
 7.38250000e-05  0.00000000e+00  7.38250000e-05  1.48436904e-01 
 7.38750000e-05  0.00000000e+00  7.38750000e-05  1.44771796e-01 
 7.39250000e-05  0.00000000e+00  7.39250000e-05  1.41197183e-01 
 7.39750000e-05  0.00000000e+00  7.39750000e-05  1.37710833e-01 
 7.40250000e-05  0.00000000e+00  7.40250000e-05  1.34310566e-01 
 7.40750000e-05  0.00000000e+00  7.40750000e-05  1.30994255e-01 
 7.41250000e-05  0.00000000e+00  7.41250000e-05  1.27759829e-01 
 7.41750000e-05  0.00000000e+00  7.41750000e-05  1.24605266e-01 
 7.42250000e-05  0.00000000e+00  7.42250000e-05  1.21528592e-01 
 7.42750000e-05  0.00000000e+00  7.42750000e-05  1.18527886e-01 
 7.43250000e-05  0.00000000e+00  7.43250000e-05  1.15601272e-01 
 7.43750000e-05  0.00000000e+00  7.43750000e-05  1.12746920e-01 
 7.44250000e-05  0.00000000e+00  7.44250000e-05  1.09963045e-01 
 7.44750000e-05  0.00000000e+00  7.44750000e-05  1.07247908e-01 
 7.45250000e-05  0.00000000e+00  7.45250000e-05  1.04599812e-01 
 7.45750000e-05  0.00000000e+00  7.45750000e-05  1.02017100e-01 
 7.46250000e-05  0.00000000e+00  7.46250000e-05  9.94981595e-02 
 7.46750000e-05  0.00000000e+00  7.46750000e-05  9.70414148e-02 
 7.47250000e-05  0.00000000e+00  7.47250000e-05  9.46453305e-02 
 7.47750000e-05  0.00000000e+00  7.47750000e-05  9.23084088e-02 
 7.48250000e-05  0.00000000e+00  7.48250000e-05  9.00291888e-02 
 7.48750000e-05  0.00000000e+00  7.48750000e-05  8.78062459e-02 
 7.49250000e-05  0.00000000e+00  7.49250000e-05  8.56381904e-02 
 7.49750000e-05  0.00000000e+00  7.49750000e-05  8.35236672e-02 
 7.50250000e-05  0.00000000e+00  7.50250000e-05  8.14613544e-02 
 7.50750000e-05  0.00000000e+00  7.50750000e-05  7.94499629e-02 
 7.51250000e-05  0.00000000e+00  7.51250000e-05  7.74882355e-02 
 7.51750000e-05  0.00000000e+00  7.51750000e-05  7.55749457e-02 
 7.52250000e-05  0.00000000e+00  7.52250000e-05  7.37088977e-02 
 7.52750000e-05  0.00000000e+00  7.52750000e-05  7.18889249e-02 
 7.53250000e-05  0.00000000e+00  7.53250000e-05  7.01138897e-02 
 7.53750000e-05  0.00000000e+00  7.53750000e-05  6.83826825e-02 
 7.54250000e-05  0.00000000e+00  7.54250000e-05  6.66942212e-02 
 7.54750000e-05  0.00000000e+00  7.54750000e-05  6.50474503e-02 
 7.55250000e-05  0.00000000e+00  7.55250000e-05  6.34413405e-02 
 7.55750000e-05  0.00000000e+00  7.55750000e-05  6.18748876e-02 
 7.56250000e-05  0.00000000e+00  7.56250000e-05  6.03471126e-02 
 7.56750000e-05  0.00000000e+00  7.56750000e-05  5.88570604e-02 
 7.57250000e-05  0.00000000e+00  7.57250000e-05  5.74037997e-02 
 7.57750000e-05  0.00000000e+00  7.57750000e-05  5.59864219e-02 
 7.58250000e-05  0.00000000e+00  7.58250000e-05  5.46040411e-02 
 7.58750000e-05  0.00000000e+00  7.58750000e-05  5.32557932e-02 
 7.59250000e-05  0.00000000e+00  7.59250000e-05  5.19408353e-02 
 7.59750000e-05  0.00000000e+00  7.59750000e-05  5.06583456e-02 
 7.60250000e-05  0.00000000e+00  7.60250000e-05  4.94075222e-02 
 7.60750000e-05  0.00000000e+00  7.60750000e-05  4.81875834e-02 
 7.61250000e-05  0.00000000e+00  7.61250000e-05  4.69977665e-02 
 7.61750000e-05  0.00000000e+00  7.61750000e-05  4.58373279e-02 
 7.62250000e-05  0.00000000e+00  7.62250000e-05  4.47055420e-02 
 7.62750000e-05  0.00000000e+00  7.62750000e-05  4.36017014e-02 
 7.63250000e-05  0.00000000e+00  7.63250000e-05  4.25251162e-02 
 7.63750000e-05  0.00000000e+00  7.63750000e-05  4.14751134e-02 
 7.64250000e-05  0.00000000e+00  7.64250000e-05  4.04510365e-02 
 7.64750000e-05  0.00000000e+00  7.64750000e-05  3.94522455e-02 
 7.65250000e-05  0.00000000e+00  7.65250000e-05  3.84781159e-02 
 7.65750000e-05  0.00000000e+00  7.65750000e-05  3.75280390e-02 
 7.66250000e-05  0.00000000e+00  7.66250000e-05  3.66014208e-02 
 7.66750000e-05  0.00000000e+00  7.66750000e-05  3.56976820e-02 
 7.67250000e-05  0.00000000e+00  7.67250000e-05  3.48162577e-02 
 7.67750000e-05  0.00000000e+00  7.67750000e-05  3.39565970e-02 
 7.68250000e-05  0.00000000e+00  7.68250000e-05  3.31181625e-02 
 7.68750000e-05  0.00000000e+00  7.68750000e-05  3.23004301e-02 
 7.69250000e-05  0.00000000e+00  7.69250000e-05  3.15028887e-02 
 7.69750000e-05  0.00000000e+00  7.69750000e-05  3.07250396e-02 
 7.70250000e-05  0.00000000e+00  7.70250000e-05  2.99663966e-02 
 7.70750000e-05  0.00000000e+00  7.70750000e-05  2.92264856e-02 
 7.71250000e-05  0.00000000e+00  7.71250000e-05  2.85048440e-02 
 7.71750000e-05  0.00000000e+00  7.71750000e-05  2.78010206e-02 
 7.72250000e-05  0.00000000e+00  7.72250000e-05  2.71145757e-02 
 7.72750000e-05  0.00000000e+00  7.72750000e-05  2.64450800e-02 
 7.73250000e-05  0.00000000e+00  7.73250000e-05  2.57921151e-02 
 7.73750000e-05  0.00000000e+00  7.73750000e-05  2.51552727e-02 
 7.74250000e-05  0.00000000e+00  7.74250000e-05  2.45341549e-02 
 7.74750000e-05  0.00000000e+00  7.74750000e-05  2.39283733e-02 
 7.75250000e-05  0.00000000e+00  7.75250000e-05  2.33375492e-02 
 7.75750000e-05  0.00000000e+00  7.75750000e-05  2.27613134e-02 
 7.76250000e-05  0.00000000e+00  7.76250000e-05  2.21993057e-02 
 7.76750000e-05  0.00000000e+00  7.76750000e-05  2.16511747e-02 
 7.77250000e-05  0.00000000e+00  7.77250000e-05  2.11165778e-02 
 7.77750000e-05  0.00000000e+00  7.77750000e-05  2.05951808e-02 
 7.78250000e-05  0.00000000e+00  7.78250000e-05  2.00866578e-02 
 7.78750000e-05  0.00000000e+00  7.78750000e-05  1.95906910e-02 
 7.79250000e-05  0.00000000e+00  7.79250000e-05  1.91069702e-02 
 7.79750000e-05  0.00000000e+00  7.79750000e-05  1.86351932e-02 
 7.80250000e-05  0.00000000e+00  7.80250000e-05  1.81750649e-02 
 7.80750000e-05  0.00000000e+00  7.80750000e-05  1.77262979e-02 
 7.81250000e-05  0.00000000e+00  7.81250000e-05  1.72886115e-02 
 7.81750000e-05  0.00000000e+00  7.81750000e-05  1.68617322e-02 
 7.82250000e-05  0.00000000e+00  7.82250000e-05  1.64453932e-02 
 7.82750000e-05  0.00000000e+00  7.82750000e-05  1.60393341e-02 
 7.83250000e-05  0.00000000e+00  7.83250000e-05  1.56433011e-02 
 7.83750000e-05  0.00000000e+00  7.83750000e-05  1.52570468e-02 
 7.84250000e-05  0.00000000e+00  7.84250000e-05  1.48803296e-02 
 7.84750000e-05  0.00000000e+00  7.84750000e-05  1.45129140e-02 
 7.85250000e-05  0.00000000e+00  7.85250000e-05  1.41545705e-02 
 7.85750000e-05  0.00000000e+00  7.85750000e-05  1.38050749e-02 
 7.86250000e-05  0.00000000e+00  7.86250000e-05  1.34642089e-02 
 7.86750000e-05  0.00000000e+00  7.86750000e-05  1.31317593e-02 
 7.87250000e-05  0.00000000e+00  7.87250000e-05  1.28075183e-02 
 7.87750000e-05  0.00000000e+00  7.87750000e-05  1.24912833e-02 
 7.88250000e-05  0.00000000e+00  7.88250000e-05  1.21828565e-02 
 7.88750000e-05  0.00000000e+00  7.88750000e-05  1.18820453e-02 
 7.89250000e-05  0.00000000e+00  7.89250000e-05  1.15886614e-02 
 7.89750000e-05  0.00000000e+00  7.89750000e-05  1.13025216e-02 
 7.90250000e-05  0.00000000e+00  7.90250000e-05  1.10234470e-02 
 7.90750000e-05  0.00000000e+00  7.90750000e-05  1.07512632e-02 
 7.91250000e-05  0.00000000e+00  7.91250000e-05  1.04857999e-02 
 7.91750000e-05  0.00000000e+00  7.91750000e-05  1.02268912e-02 
 7.92250000e-05  0.00000000e+00  7.92250000e-05  9.97437539e-03 
 7.92750000e-05  0.00000000e+00  7.92750000e-05  9.72809452e-03 
 7.93250000e-05  0.00000000e+00  7.93250000e-05  9.48789465e-03 
 7.93750000e-05  0.00000000e+00  7.93750000e-05  9.25362565e-03 
 7.94250000e-05  0.00000000e+00  7.94250000e-05  9.02514107e-03 
 7.94750000e-05  0.00000000e+00  7.94750000e-05  8.80229808e-03 
 7.95250000e-05  0.00000000e+00  7.95250000e-05  8.58495738e-03 
 7.95750000e-05  0.00000000e+00  7.95750000e-05  8.37298313e-03 
 7.96250000e-05  0.00000000e+00  7.96250000e-05  8.16624280e-03 
 7.96750000e-05  0.00000000e+00  7.96750000e-05  7.96460718e-03 
 7.97250000e-05  0.00000000e+00  7.97250000e-05  7.76795021e-03 
 7.97750000e-05  0.00000000e+00  7.97750000e-05  7.57614897e-03 
 7.98250000e-05  0.00000000e+00  7.98250000e-05  7.38908356e-03 
 7.98750000e-05  0.00000000e+00  7.98750000e-05  7.20663706e-03 
 7.99250000e-05  0.00000000e+00  7.99250000e-05  7.02869540e-03 
 7.99750000e-05  0.00000000e+00  7.99750000e-05  6.85514737e-03 
 8.00250000e-05  0.00000000e+00  8.00250000e-05  6.68588447e-03 
 8.00750000e-05  0.00000000e+00  8.00750000e-05  6.52080090e-03 
 8.01250000e-05  0.00000000e+00  8.01250000e-05  6.35979347e-03 
 8.01750000e-05  0.00000000e+00  8.01750000e-05  6.20276153e-03 
 8.02250000e-05  0.00000000e+00  8.02250000e-05  6.04960693e-03 
 8.02750000e-05  0.00000000e+00  8.02750000e-05  5.90023392e-03 
 8.03250000e-05  0.00000000e+00  8.03250000e-05  5.75454913e-03 
 8.03750000e-05  0.00000000e+00  8.03750000e-05  5.61246150e-03 
 8.04250000e-05  0.00000000e+00  8.04250000e-05  5.47388220e-03 
 8.04750000e-05  0.00000000e+00  8.04750000e-05  5.33872462e-03 
 8.05250000e-05  0.00000000e+00  8.05250000e-05  5.20690425e-03 
 8.05750000e-05  0.00000000e+00  8.05750000e-05  5.07833872e-03 
 8.06250000e-05  0.00000000e+00  8.06250000e-05  4.95294764e-03 
 8.06750000e-05  0.00000000e+00  8.06750000e-05  4.83065263e-03 
 8.07250000e-05  0.00000000e+00  8.07250000e-05  4.71137726e-03 
 8.07750000e-05  0.00000000e+00  8.07750000e-05  4.59504696e-03 
 8.08250000e-05  0.00000000e+00  8.08250000e-05  4.48158901e-03 
 8.08750000e-05  0.00000000e+00  8.08750000e-05  4.37093249e-03 
 8.09250000e-05  0.00000000e+00  8.09250000e-05  4.26300823e-03 
 8.09750000e-05  0.00000000e+00  8.09750000e-05  4.15774877e-03 
 8.10250000e-05  0.00000000e+00  8.10250000e-05  4.05508830e-03 
 8.10750000e-05  0.00000000e+00  8.10750000e-05  3.95496267e-03 
 8.11250000e-05  0.00000000e+00  8.11250000e-05  3.85730927e-03 
 8.11750000e-05  0.00000000e+00  8.11750000e-05  3.76206706e-03 
 8.12250000e-05  0.00000000e+00  8.12250000e-05  3.66917652e-03 
 8.12750000e-05  0.00000000e+00  8.12750000e-05  3.57857957e-03 
 8.13250000e-05  0.00000000e+00  8.13250000e-05  3.49021958e-03 
 8.13750000e-05  0.00000000e+00  8.13750000e-05  3.40404132e-03 
 8.14250000e-05  0.00000000e+00  8.14250000e-05  3.31999091e-03 
 8.14750000e-05  0.00000000e+00  8.14750000e-05  3.23801583e-03 
 8.15250000e-05  0.00000000e+00  8.15250000e-05  3.15806482e-03 
 8.15750000e-05  0.00000000e+00  8.15750000e-05  3.08008791e-03 
 8.16250000e-05  0.00000000e+00  8.16250000e-05  3.00403636e-03 
 8.16750000e-05  0.00000000e+00  8.16750000e-05  2.92986262e-03 
 8.17250000e-05  0.00000000e+00  8.17250000e-05  2.85752034e-03 
 8.17750000e-05  0.00000000e+00  8.17750000e-05  2.78696428e-03 
 8.18250000e-05  0.00000000e+00  8.18250000e-05  2.71815035e-03 
 8.18750000e-05  0.00000000e+00  8.18750000e-05  2.65103552e-03 
 8.19250000e-05  0.00000000e+00  8.19250000e-05  2.58557785e-03 
 8.19750000e-05  0.00000000e+00  8.19750000e-05  2.52173643e-03 
 8.20250000e-05  0.00000000e+00  8.20250000e-05  2.45947133e-03 
 8.20750000e-05  0.00000000e+00  8.20750000e-05  2.39874364e-03 
 8.21250000e-05  0.00000000e+00  8.21250000e-05  2.33951540e-03 
 8.21750000e-05  0.00000000e+00  8.21750000e-05  2.28174959e-03 
 8.22250000e-05  0.00000000e+00  8.22250000e-05  2.22541010e-03 
 8.22750000e-05  0.00000000e+00  8.22750000e-05  2.17046170e-03 
 8.23250000e-05  0.00000000e+00  8.23250000e-05  2.11687005e-03 
 8.23750000e-05  0.00000000e+00  8.23750000e-05  2.06460165e-03 
 8.24250000e-05  0.00000000e+00  8.24250000e-05  2.01362384e-03 
 8.24750000e-05  0.00000000e+00  8.24750000e-05  1.96390473e-03 
 8.25250000e-05  0.00000000e+00  8.25250000e-05  1.91541325e-03 
 8.25750000e-05  0.00000000e+00  8.25750000e-05  1.86811910e-03 
 8.26250000e-05  0.00000000e+00  8.26250000e-05  1.82199270e-03 
 8.26750000e-05  0.00000000e+00  8.26750000e-05  1.77700523e-03 
 8.27250000e-05  0.00000000e+00  8.27250000e-05  1.73312856e-03 
 8.27750000e-05  0.00000000e+00  8.27750000e-05  1.69033526e-03 
 8.28250000e-05  0.00000000e+00  8.28250000e-05  1.64859859e-03 
 8.28750000e-05  0.00000000e+00  8.28750000e-05  1.60789245e-03 
 8.29250000e-05  0.00000000e+00  8.29250000e-05  1.56819140e-03 
 8.29750000e-05  0.00000000e+00  8.29750000e-05  1.52947062e-03 
 8.30250000e-05  0.00000000e+00  8.30250000e-05  1.49170592e-03 
 8.30750000e-05  0.00000000e+00  8.30750000e-05  1.45487367e-03 
 8.31250000e-05  0.00000000e+00  8.31250000e-05  1.41895087e-03 
 8.31750000e-05  0.00000000e+00  8.31750000e-05  1.38391504e-03 
 8.32250000e-05  0.00000000e+00  8.32250000e-05  1.34974430e-03 
 8.32750000e-05  0.00000000e+00  8.32750000e-05  1.31641728e-03 
 8.33250000e-05  0.00000000e+00  8.33250000e-05  1.28391315e-03 
 8.33750000e-05  0.00000000e+00  8.33750000e-05  1.25221159e-03 
 8.34250000e-05  0.00000000e+00  8.34250000e-05  1.22129279e-03 
 8.34750000e-05  0.00000000e+00  8.34750000e-05  1.19113741e-03 
 8.35250000e-05  0.00000000e+00  8.35250000e-05  1.16172661e-03 
 8.35750000e-05  0.00000000e+00  8.35750000e-05  1.13304200e-03 
 8.36250000e-05  0.00000000e+00  8.36250000e-05  1.10506565e-03 
 8.36750000e-05  0.00000000e+00  8.36750000e-05  1.07778008e-03 
 8.37250000e-05  0.00000000e+00  8.37250000e-05  1.05116823e-03 
 8.37750000e-05  0.00000000e+00  8.37750000e-05  1.02521346e-03 
 8.38250000e-05  0.00000000e+00  8.38250000e-05  9.99899546e-04 
 8.38750000e-05  0.00000000e+00  8.38750000e-05  9.75210668e-04 
 8.39250000e-05  0.00000000e+00  8.39250000e-05  9.51131392e-04 
 8.39750000e-05  0.00000000e+00  8.39750000e-05  9.27646666e-04 
 8.40250000e-05  0.00000000e+00  8.40250000e-05  9.04741811e-04 
 8.40750000e-05  0.00000000e+00  8.40750000e-05  8.82402507e-04 
 8.41250000e-05  0.00000000e+00  8.41250000e-05  8.60614790e-04 
 8.41750000e-05  0.00000000e+00  8.41750000e-05  8.39365042e-04 
 8.42250000e-05  0.00000000e+00  8.42250000e-05  8.18639980e-04 
 8.42750000e-05  0.00000000e+00  8.42750000e-05  7.98426647e-04 
 8.43250000e-05  0.00000000e+00  8.43250000e-05  7.78712409e-04 
 8.43750000e-05  0.00000000e+00  8.43750000e-05  7.59484942e-04 
 8.44250000e-05  0.00000000e+00  8.44250000e-05  7.40732227e-04 
 8.44750000e-05  0.00000000e+00  8.44750000e-05  7.22442543e-04 
 8.45250000e-05  0.00000000e+00  8.45250000e-05  7.04604455e-04 
 8.45750000e-05  0.00000000e+00  8.45750000e-05  6.87206814e-04 
 8.46250000e-05  0.00000000e+00  8.46250000e-05  6.70238745e-04 
 8.46750000e-05  0.00000000e+00  8.46750000e-05  6.53689640e-04 
 8.47250000e-05  0.00000000e+00  8.47250000e-05  6.37549155e-04 
 8.47750000e-05  0.00000000e+00  8.47750000e-05  6.21807201e-04 
 8.48250000e-05  0.00000000e+00  8.48250000e-05  6.06453936e-04 
 8.48750000e-05  0.00000000e+00  8.48750000e-05  5.91479765e-04 
 8.49250000e-05  0.00000000e+00  8.49250000e-05  5.76875326e-04 
 8.49750000e-05  0.00000000e+00  8.49750000e-05  5.62631491e-04 
 8.50250000e-05  0.00000000e+00  8.50250000e-05  5.48739356e-04 
 8.50750000e-05  0.00000000e+00  8.50750000e-05  5.35190236e-04 
 8.51250000e-05  0.00000000e+00  8.51250000e-05  5.21975662e-04 
 8.51750000e-05  0.00000000e+00  8.51750000e-05  5.09087374e-04 
 8.52250000e-05  0.00000000e+00  8.52250000e-05  4.96517315e-04 
 8.52750000e-05  0.00000000e+00  8.52750000e-05  4.84257629e-04 
 8.53250000e-05  0.00000000e+00  8.53250000e-05  4.72300650e-04 
 8.53750000e-05  0.00000000e+00  8.53750000e-05  4.60638906e-04 
 8.54250000e-05  0.00000000e+00  8.54250000e-05  4.49265106e-04 
 8.54750000e-05  0.00000000e+00  8.54750000e-05  4.38172140e-04 
 8.55250000e-05  0.00000000e+00  8.55250000e-05  4.27353075e-04 
 8.55750000e-05  0.00000000e+00  8.55750000e-05  4.16801147e-04 
 8.56250000e-05  0.00000000e+00  8.56250000e-05  4.06509761e-04 
 8.56750000e-05  0.00000000e+00  8.56750000e-05  3.96472483e-04 
 8.57250000e-05  0.00000000e+00  8.57250000e-05  3.86683039e-04 
 8.57750000e-05  0.00000000e+00  8.57750000e-05  3.77135309e-04 
 8.58250000e-05  0.00000000e+00  8.58250000e-05  3.67823326e-04 
 8.58750000e-05  0.00000000e+00  8.58750000e-05  3.58741269e-04 
 8.59250000e-05  0.00000000e+00  8.59250000e-05  3.49883460e-04 
 8.59750000e-05  0.00000000e+00  8.59750000e-05  3.41244362e-04 
 8.60250000e-05  0.00000000e+00  8.60250000e-05  3.32818575e-04 
 8.60750000e-05  0.00000000e+00  8.60750000e-05  3.24600833e-04 
 8.61250000e-05  0.00000000e+00  8.61250000e-05  3.16585997e-04 
 8.61750000e-05  0.00000000e+00  8.61750000e-05  3.08769059e-04 
 8.62250000e-05  0.00000000e+00  8.62250000e-05  3.01145132e-04 
 8.62750000e-05  0.00000000e+00  8.62750000e-05  2.93709449e-04 
 8.63250000e-05  0.00000000e+00  8.63250000e-05  2.86457364e-04 
 8.63750000e-05  0.00000000e+00  8.63750000e-05  2.79384343e-04 
 8.64250000e-05  0.00000000e+00  8.64250000e-05  2.72485964e-04 
 8.64750000e-05  0.00000000e+00  8.64750000e-05  2.65757916e-04 
 8.65250000e-05  0.00000000e+00  8.65250000e-05  2.59195992e-04 
 8.65750000e-05  0.00000000e+00  8.65750000e-05  2.52796091e-04 
 8.66250000e-05  0.00000000e+00  8.66250000e-05  2.46554212e-04 
 8.66750000e-05  0.00000000e+00  8.66750000e-05  2.40466454e-04 
 8.67250000e-05  0.00000000e+00  8.67250000e-05  2.34529010e-04 
 8.67750000e-05  0.00000000e+00  8.67750000e-05  2.28738171e-04 
 8.68250000e-05  0.00000000e+00  8.68250000e-05  2.23090315e-04 
 8.68750000e-05  0.00000000e+00  8.68750000e-05  2.17581912e-04 
 8.69250000e-05  0.00000000e+00  8.69250000e-05  2.12209519e-04 
 8.69750000e-05  0.00000000e+00  8.69750000e-05  2.06969778e-04 
 8.70250000e-05  0.00000000e+00  8.70250000e-05  2.01859413e-04 
 8.70750000e-05  0.00000000e+00  8.70750000e-05  1.96875230e-04 
 8.71250000e-05  0.00000000e+00  8.71250000e-05  1.92014113e-04 
 8.71750000e-05  0.00000000e+00  8.71750000e-05  1.87273024e-04 
 8.72250000e-05  0.00000000e+00  8.72250000e-05  1.82648998e-04 
 8.72750000e-05  0.00000000e+00  8.72750000e-05  1.78139147e-04 
 8.73250000e-05  0.00000000e+00  8.73250000e-05  1.73740649e-04 
 8.73750000e-05  0.00000000e+00  8.73750000e-05  1.69450757e-04 
 8.74250000e-05  0.00000000e+00  8.74250000e-05  1.65266787e-04 
 8.74750000e-05  0.00000000e+00  8.74750000e-05  1.61186126e-04 
 8.75250000e-05  0.00000000e+00  8.75250000e-05  1.57206222e-04 
 8.75750000e-05  0.00000000e+00  8.75750000e-05  1.53324586e-04 
 8.76250000e-05  0.00000000e+00  8.76250000e-05  1.49538794e-04 
 8.76750000e-05  0.00000000e+00  8.76750000e-05  1.45846478e-04 
 8.77250000e-05  0.00000000e+00  8.77250000e-05  1.42245331e-04 
 8.77750000e-05  0.00000000e+00  8.77750000e-05  1.38733100e-04 
 8.78250000e-05  0.00000000e+00  8.78250000e-05  1.35307592e-04 
 8.78750000e-05  0.00000000e+00  8.78750000e-05  1.31966663e-04 
 8.79250000e-05  0.00000000e+00  8.79250000e-05  1.28708227e-04 
 8.79750000e-05  0.00000000e+00  8.79750000e-05  1.25530246e-04 
 8.80250000e-05  0.00000000e+00  8.80250000e-05  1.22430734e-04 
 8.80750000e-05  0.00000000e+00  8.80750000e-05  1.19407753e-04 
 8.81250000e-05  0.00000000e+00  8.81250000e-05  1.16459413e-04 
 8.81750000e-05  0.00000000e+00  8.81750000e-05  1.13583872e-04 
 8.82250000e-05  0.00000000e+00  8.82250000e-05  1.10779332e-04 
 8.82750000e-05  0.00000000e+00  8.82750000e-05  1.08044040e-04 
 8.83250000e-05  0.00000000e+00  8.83250000e-05  1.05376286e-04 
 8.83750000e-05  0.00000000e+00  8.83750000e-05  1.02774402e-04 
 8.84250000e-05  0.00000000e+00  8.84250000e-05  1.00236763e-04 
 8.84750000e-05  0.00000000e+00  8.84750000e-05  9.77617811e-05 
 8.85250000e-05  0.00000000e+00  8.85250000e-05  9.53479100e-05 
 8.85750000e-05  0.00000000e+00  8.85750000e-05  9.29936406e-05 
 8.86250000e-05  0.00000000e+00  8.86250000e-05  9.06975013e-05 
 8.86750000e-05  0.00000000e+00  8.86750000e-05  8.84580568e-05 
 8.87250000e-05  0.00000000e+00  8.87250000e-05  8.62739073e-05 
 8.87750000e-05  0.00000000e+00  8.87750000e-05  8.41436874e-05 
 8.88250000e-05  0.00000000e+00  8.88250000e-05  8.20660654e-05 
 8.88750000e-05  0.00000000e+00  8.88750000e-05  8.00397428e-05 
 8.89250000e-05  0.00000000e+00  8.89250000e-05  7.80634529e-05 
 8.89750000e-05  0.00000000e+00  8.89750000e-05  7.61359602e-05 
 8.90250000e-05  0.00000000e+00  8.90250000e-05  7.42560600e-05 
 8.90750000e-05  0.00000000e+00  8.90750000e-05  7.24225770e-05 
 8.91250000e-05  0.00000000e+00  8.91250000e-05  7.06343652e-05 
 8.91750000e-05  0.00000000e+00  8.91750000e-05  6.88903068e-05 
 8.92250000e-05  0.00000000e+00  8.92250000e-05  6.71893116e-05 
 8.92750000e-05  0.00000000e+00  8.92750000e-05  6.55303163e-05 
 8.93250000e-05  0.00000000e+00  8.93250000e-05  6.39122838e-05 
 8.93750000e-05  0.00000000e+00  8.93750000e-05  6.23342027e-05 
 8.94250000e-05  0.00000000e+00  8.94250000e-05  6.07950866e-05 
 8.94750000e-05  0.00000000e+00  8.94750000e-05  5.92939733e-05 
 8.95250000e-05  0.00000000e+00  8.95250000e-05  5.78299246e-05 
 8.95750000e-05  0.00000000e+00  8.95750000e-05  5.64020252e-05 
 8.96250000e-05  0.00000000e+00  8.96250000e-05  5.50093826e-05 
 8.96750000e-05  0.00000000e+00  8.96750000e-05  5.36511263e-05 
 8.97250000e-05  0.00000000e+00  8.97250000e-05  5.23264071e-05 
 8.97750000e-05  0.00000000e+00  8.97750000e-05  5.10343970e-05 
 8.98250000e-05  0.00000000e+00  8.98250000e-05  4.97742885e-05 
 8.98750000e-05  0.00000000e+00  8.98750000e-05  4.85452937e-05 
 8.99250000e-05  0.00000000e+00  8.99250000e-05  4.73466445e-05 
 8.99750000e-05  0.00000000e+00  8.99750000e-05  4.61775915e-05 
 9.00250000e-05  0.00000000e+00  9.00250000e-05  4.50374041e-05 
 9.00750000e-05  0.00000000e+00  9.00750000e-05  4.39253694e-05 
 9.01250000e-05  0.00000000e+00  9.01250000e-05  4.28407924e-05 
 9.01750000e-05  0.00000000e+00  9.01750000e-05  4.17829950e-05 
 9.02250000e-05  0.00000000e+00  9.02250000e-05  4.07513161e-05 
 9.02750000e-05  0.00000000e+00  9.02750000e-05  3.97451108e-05 
 9.03250000e-05  0.00000000e+00  9.03250000e-05  3.87637501e-05 
 9.03750000e-05  0.00000000e+00  9.03750000e-05  3.78066204e-05 
 9.04250000e-05  0.00000000e+00  9.04250000e-05  3.68731236e-05 
 9.04750000e-05  0.00000000e+00  9.04750000e-05  3.59626761e-05 
 9.05250000e-05  0.00000000e+00  9.05250000e-05  3.50747088e-05 
 9.05750000e-05  0.00000000e+00  9.05750000e-05  3.42086666e-05 
 9.06250000e-05  0.00000000e+00  9.06250000e-05  3.33640082e-05 
 9.06750000e-05  0.00000000e+00  9.06750000e-05  3.25402055e-05 
 9.07250000e-05  0.00000000e+00  9.07250000e-05  3.17367436e-05 
 9.07750000e-05  0.00000000e+00  9.07750000e-05  3.09531203e-05 
 9.08250000e-05  0.00000000e+00  9.08250000e-05  3.01888458e-05 
 9.08750000e-05  0.00000000e+00  9.08750000e-05  2.94434422e-05 
 9.09250000e-05  0.00000000e+00  9.09250000e-05  2.87164436e-05 
 9.09750000e-05  0.00000000e+00  9.09750000e-05  2.80073956e-05 
 9.10250000e-05  0.00000000e+00  9.10250000e-05  2.73158550e-05 
 9.10750000e-05  0.00000000e+00  9.10750000e-05  2.66413894e-05 
 9.11250000e-05  0.00000000e+00  9.11250000e-05  2.59835773e-05 
 9.11750000e-05  0.00000000e+00  9.11750000e-05  2.53420075e-05 
 9.12250000e-05  0.00000000e+00  9.12250000e-05  2.47162789e-05 
 9.12750000e-05  0.00000000e+00  9.12750000e-05  2.41060005e-05 
 9.13250000e-05  0.00000000e+00  9.13250000e-05  2.35107906e-05 
 9.13750000e-05  0.00000000e+00  9.13750000e-05  2.29302772e-05 
 9.14250000e-05  0.00000000e+00  9.14250000e-05  2.23640975e-05 
 9.14750000e-05  0.00000000e+00  9.14750000e-05  2.18118976e-05 
 9.15250000e-05  0.00000000e+00  9.15250000e-05  2.12733322e-05 
 9.15750000e-05  0.00000000e+00  9.15750000e-05  2.07480648e-05 
 9.16250000e-05  0.00000000e+00  9.16250000e-05  2.02357669e-05 
 9.16750000e-05  0.00000000e+00  9.16750000e-05  1.97361183e-05 
 9.17250000e-05  0.00000000e+00  9.17250000e-05  1.92488067e-05 
 9.17750000e-05  0.00000000e+00  9.17750000e-05  1.87735276e-05 
 9.18250000e-05  0.00000000e+00  9.18250000e-05  1.83099837e-05 
 9.18750000e-05  0.00000000e+00  9.18750000e-05  1.78578853e-05 
 9.19250000e-05  0.00000000e+00  9.19250000e-05  1.74169499e-05 
 9.19750000e-05  0.00000000e+00  9.19750000e-05  1.69869017e-05 
 9.20250000e-05  0.00000000e+00  9.20250000e-05  1.65674720e-05 
 9.20750000e-05  0.00000000e+00  9.20750000e-05  1.61583987e-05 
 9.21250000e-05  0.00000000e+00  9.21250000e-05  1.57594259e-05 
 9.21750000e-05  0.00000000e+00  9.21750000e-05  1.53703042e-05 
 9.22250000e-05  0.00000000e+00  9.22250000e-05  1.49907905e-05 
 9.22750000e-05  0.00000000e+00  9.22750000e-05  1.46206476e-05 
 9.23250000e-05  0.00000000e+00  9.23250000e-05  1.42596439e-05 
 9.23750000e-05  0.00000000e+00  9.23750000e-05  1.39075540e-05 
 9.24250000e-05  0.00000000e+00  9.24250000e-05  1.35641576e-05 
 9.24750000e-05  0.00000000e+00  9.24750000e-05  1.32292401e-05 
 9.25250000e-05  0.00000000e+00  9.25250000e-05  1.29025922e-05 
 9.25750000e-05  0.00000000e+00  9.25750000e-05  1.25840097e-05 
 9.26250000e-05  0.00000000e+00  9.26250000e-05  1.22732934e-05 
 9.26750000e-05  0.00000000e+00  9.26750000e-05  1.19702491e-05 
 9.27250000e-05  0.00000000e+00  9.27250000e-05  1.16746874e-05 
 9.27750000e-05  0.00000000e+00  9.27750000e-05  1.13864235e-05 
 9.28250000e-05  0.00000000e+00  9.28250000e-05  1.11052772e-05 
 9.28750000e-05  0.00000000e+00  9.28750000e-05  1.08310729e-05 
 9.29250000e-05  0.00000000e+00  9.29250000e-05  1.05636390e-05 
 9.29750000e-05  0.00000000e+00  9.29750000e-05  1.03028084e-05 
 9.30250000e-05  0.00000000e+00  9.30250000e-05  1.00484180e-05 
 9.30750000e-05  0.00000000e+00  9.30750000e-05  9.80030896e-06 
 9.31250000e-05  0.00000000e+00  9.31250000e-05  9.55832602e-06 
 9.31750000e-05  0.00000000e+00  9.31750000e-05  9.32231797e-06 
 9.32250000e-05  0.00000000e+00  9.32250000e-05  9.09213728e-06 
 9.32750000e-05  0.00000000e+00  9.32750000e-05  8.86764006e-06 
 9.33250000e-05  0.00000000e+00  9.33250000e-05  8.64868599e-06 
 9.33750000e-05  0.00000000e+00  9.33750000e-05  8.43513819e-06 
 9.34250000e-05  0.00000000e+00  9.34250000e-05  8.22686317e-06 
 9.34750000e-05  0.00000000e+00  9.34750000e-05  8.02373075e-06 
 9.35250000e-05  0.00000000e+00  9.35250000e-05  7.82561394e-06 
 9.35750000e-05  0.00000000e+00  9.35750000e-05  7.63238890e-06 
 9.36250000e-05  0.00000000e+00  9.36250000e-05  7.44393485e-06 
 9.36750000e-05  0.00000000e+00  9.36750000e-05  7.26013399e-06 
 9.37250000e-05  0.00000000e+00  9.37250000e-05  7.08087143e-06 
 9.37750000e-05  0.00000000e+00  9.37750000e-05  6.90603509e-06 
 9.38250000e-05  0.00000000e+00  9.38250000e-05  6.73551571e-06 
 9.38750000e-05  0.00000000e+00  9.38750000e-05  6.56920668e-06 
 9.39250000e-05  0.00000000e+00  9.39250000e-05  6.40700405e-06 
 9.39750000e-05  0.00000000e+00  9.39750000e-05  6.24880641e-06 
 9.40250000e-05  0.00000000e+00  9.40250000e-05  6.09451490e-06 
 9.40750000e-05  0.00000000e+00  9.40750000e-05  5.94403305e-06 
 9.41250000e-05  0.00000000e+00  9.41250000e-05  5.79726680e-06 
 9.41750000e-05  0.00000000e+00  9.41750000e-05  5.65412441e-06 
 9.42250000e-05  0.00000000e+00  9.42250000e-05  5.51451640e-06 
 9.42750000e-05  0.00000000e+00  9.42750000e-05  5.37835550e-06 
 9.43250000e-05  0.00000000e+00  9.43250000e-05  5.24555660e-06 
 9.43750000e-05  0.00000000e+00  9.43750000e-05  5.11603668e-06 
 9.44250000e-05  0.00000000e+00  9.44250000e-05  4.98971479e-06 
 9.44750000e-05  0.00000000e+00  9.44750000e-05  4.86651196e-06 
 9.45250000e-05  0.00000000e+00  9.45250000e-05  4.74635117e-06 
 9.45750000e-05  0.00000000e+00  9.45750000e-05  4.62915731e-06 
 9.46250000e-05  0.00000000e+00  9.46250000e-05  4.51485713e-06 
 9.46750000e-05  0.00000000e+00  9.46750000e-05  4.40337918e-06 
 9.47250000e-05  0.00000000e+00  9.47250000e-05  4.29465377e-06 
 9.47750000e-05  0.00000000e+00  9.47750000e-05  4.18861293e-06 
 9.48250000e-05  0.00000000e+00  9.48250000e-05  4.08519039e-06 
 9.48750000e-05  0.00000000e+00  9.48750000e-05  3.98432149e-06 
 9.49250000e-05  0.00000000e+00  9.49250000e-05  3.88594318e-06 
 9.49750000e-05  0.00000000e+00  9.49750000e-05  3.78999397e-06 
 9.50250000e-05  0.00000000e+00  9.50250000e-05  3.69641387e-06 
 9.50750000e-05  0.00000000e+00  9.50750000e-05  3.60514439e-06 
 9.51250000e-05  0.00000000e+00  9.51250000e-05  3.51612848e-06 
 9.51750000e-05  0.00000000e+00  9.51750000e-05  3.42931049e-06 
 9.52250000e-05  0.00000000e+00  9.52250000e-05  3.34463616e-06 
 9.52750000e-05  0.00000000e+00  9.52750000e-05  3.26205255e-06 
 9.53250000e-05  0.00000000e+00  9.53250000e-05  3.18150804e-06 
 9.53750000e-05  0.00000000e+00  9.53750000e-05  3.10295229e-06 
 9.54250000e-05  0.00000000e+00  9.54250000e-05  3.02633618e-06 
 9.54750000e-05  0.00000000e+00  9.54750000e-05  2.95161183e-06 
 9.55250000e-05  0.00000000e+00  9.55250000e-05  2.87873253e-06 
 9.55750000e-05  0.00000000e+00  9.55750000e-05  2.80765271e-06 
 9.56250000e-05  0.00000000e+00  9.56250000e-05  2.73832796e-06 
 9.56750000e-05  0.00000000e+00  9.56750000e-05  2.67071492e-06 
 9.57250000e-05  0.00000000e+00  9.57250000e-05  2.60477134e-06 
 9.57750000e-05  0.00000000e+00  9.57750000e-05  2.54045600e-06 
 9.58250000e-05  0.00000000e+00  9.58250000e-05  2.47772869e-06 
 9.58750000e-05  0.00000000e+00  9.58750000e-05  2.41655021e-06 
 9.59250000e-05  0.00000000e+00  9.59250000e-05  2.35688230e-06 
 9.59750000e-05  0.00000000e+00  9.59750000e-05  2.29868767e-06 
 9.60250000e-05  0.00000000e+00  9.60250000e-05  2.24192995e-06 
 9.60750000e-05  0.00000000e+00  9.60750000e-05  2.18657366e-06 
 9.61250000e-05  0.00000000e+00  9.61250000e-05  2.13258419e-06 
 9.61750000e-05  0.00000000e+00  9.61750000e-05  2.07992779e-06 
 9.62250000e-05  0.00000000e+00  9.62250000e-05  2.02857154e-06 
 9.62750000e-05  0.00000000e+00  9.62750000e-05  1.97848336e-06 
 9.63250000e-05  0.00000000e+00  9.63250000e-05  1.92963192e-06 
 9.63750000e-05  0.00000000e+00  9.63750000e-05  1.88198668e-06 
 9.64250000e-05  0.00000000e+00  9.64250000e-05  1.83551788e-06 
 9.64750000e-05  0.00000000e+00  9.64750000e-05  1.79019645e-06 
 9.65250000e-05  0.00000000e+00  9.65250000e-05  1.74599407e-06 
 9.65750000e-05  0.00000000e+00  9.65750000e-05  1.70288310e-06 
 9.66250000e-05  0.00000000e+00  9.66250000e-05  1.66083661e-06 
 9.66750000e-05  0.00000000e+00  9.66750000e-05  1.61982829e-06 
 9.67250000e-05  0.00000000e+00  9.67250000e-05  1.57983253e-06 
 9.67750000e-05  0.00000000e+00  9.67750000e-05  1.54082432e-06 
 9.68250000e-05  0.00000000e+00  9.68250000e-05  1.50277928e-06 
 9.68750000e-05  0.00000000e+00  9.68750000e-05  1.46567362e-06 
 9.69250000e-05  0.00000000e+00  9.69250000e-05  1.42948415e-06 
 9.69750000e-05  0.00000000e+00  9.69750000e-05  1.39418824e-06 
 9.70250000e-05  0.00000000e+00  9.70250000e-05  1.35976384e-06 
 9.70750000e-05  0.00000000e+00  9.70750000e-05  1.32618942e-06 
 9.71250000e-05  0.00000000e+00  9.71250000e-05  1.29344401e-06 
 9.71750000e-05  0.00000000e+00  9.71750000e-05  1.26150712e-06 
 9.72250000e-05  0.00000000e+00  9.72250000e-05  1.23035879e-06 
 9.72750000e-05  0.00000000e+00  9.72750000e-05  1.19997956e-06 
 9.73250000e-05  0.00000000e+00  9.73250000e-05  1.17035044e-06 
 9.73750000e-05  0.00000000e+00  9.73750000e-05  1.14145290e-06 
 9.74250000e-05  0.00000000e+00  9.74250000e-05  1.11326887e-06 
 9.74750000e-05  0.00000000e+00  9.74750000e-05  1.08578075e-06 
 9.75250000e-05  0.00000000e+00  9.75250000e-05  1.05897135e-06 
 9.75750000e-05  0.00000000e+00  9.75750000e-05  1.03282391e-06 
 9.76250000e-05  0.00000000e+00  9.76250000e-05  1.00732209e-06 
 9.76750000e-05  0.00000000e+00  9.76750000e-05  9.82449937e-07 
 9.77250000e-05  0.00000000e+00  9.77250000e-05  9.58191914e-07 
 9.77750000e-05  0.00000000e+00  9.77750000e-05  9.34532854e-07 
 9.78250000e-05  0.00000000e+00  9.78250000e-05  9.11457969e-07 
 9.78750000e-05  0.00000000e+00  9.78750000e-05  8.88952834e-07 
 9.79250000e-05  0.00000000e+00  9.79250000e-05  8.67003381e-07 
 9.79750000e-05  0.00000000e+00  9.79750000e-05  8.45595890e-07 
 9.80250000e-05  0.00000000e+00  9.80250000e-05  8.24716979e-07 
 9.80750000e-05  0.00000000e+00  9.80750000e-05  8.04353597e-07 
 9.81250000e-05  0.00000000e+00  9.81250000e-05  7.84493015e-07 
 9.81750000e-05  0.00000000e+00  9.81750000e-05  7.65122817e-07 
 9.82250000e-05  0.00000000e+00  9.82250000e-05  7.46230895e-07 
 9.82750000e-05  0.00000000e+00  9.82750000e-05  7.27805441e-07 
 9.83250000e-05  0.00000000e+00  9.83250000e-05  7.09834936e-07 
 9.83750000e-05  0.00000000e+00  9.83750000e-05  6.92308148e-07 
 9.84250000e-05  0.00000000e+00  9.84250000e-05  6.75214119e-07 
 9.84750000e-05  0.00000000e+00  9.84750000e-05  6.58542166e-07 
 9.85250000e-05  0.00000000e+00  9.85250000e-05  6.42281866e-07 
 9.85750000e-05  0.00000000e+00  9.85750000e-05  6.26423054e-07 
 9.86250000e-05  0.00000000e+00  9.86250000e-05  6.10955818e-07 
 9.86750000e-05  0.00000000e+00  9.86750000e-05  5.95870489e-07 
 9.87250000e-05  0.00000000e+00  9.87250000e-05  5.81157638e-07 
 9.87750000e-05  0.00000000e+00  9.87750000e-05  5.66808066e-07 
 9.88250000e-05  0.00000000e+00  9.88250000e-05  5.52812805e-07 
 9.88750000e-05  0.00000000e+00  9.88750000e-05  5.39163107e-07 
 9.89250000e-05  0.00000000e+00  9.89250000e-05  5.25850437e-07 
 9.89750000e-05  0.00000000e+00  9.89750000e-05  5.12866476e-07 
 9.90250000e-05  0.00000000e+00  9.90250000e-05  5.00203106e-07 
 9.90750000e-05  0.00000000e+00  9.90750000e-05  4.87852412e-07 
 9.91250000e-05  0.00000000e+00  9.91250000e-05  4.75806674e-07 
 9.91750000e-05  0.00000000e+00  9.91750000e-05  4.64058361e-07 
 9.92250000e-05  0.00000000e+00  9.92250000e-05  4.52600129e-07 
 9.92750000e-05  0.00000000e+00  9.92750000e-05  4.41424818e-07 
 9.93250000e-05  0.00000000e+00  9.93250000e-05  4.30525439e-07 
 9.93750000e-05  0.00000000e+00  9.93750000e-05  4.19895182e-07 
 9.94250000e-05  0.00000000e+00  9.94250000e-05  4.09527399e-07 
 9.94750000e-05  0.00000000e+00  9.94750000e-05  3.99415612e-07 
 9.95250000e-05  0.00000000e+00  9.95250000e-05  3.89553498e-07 
 9.95750000e-05  0.00000000e+00  9.95750000e-05  3.79934893e-07 
 9.96250000e-05  0.00000000e+00  9.96250000e-05  3.70553785e-07 
 9.96750000e-05  0.00000000e+00  9.96750000e-05  3.61404308e-07 
 9.97250000e-05  0.00000000e+00  9.97250000e-05  3.52480745e-07 
 9.97750000e-05  0.00000000e+00  9.97750000e-05  3.43777517e-07 
 9.98250000e-05  0.00000000e+00  9.98250000e-05  3.35289183e-07 
 9.98750000e-05  0.00000000e+00  9.98750000e-05  3.27010438e-07 
 9.99250000e-05  0.00000000e+00  9.99250000e-05  3.18936106e-07 
 9.99625000e-05  0.00000000e+00  9.99625000e-05  3.13011596e-07 
 1.00000000e-04  0.00000000e+00  1.00000000e-04  3.07197140e-07 
