 1.02000000e-03  1.55430212e+00  1.02000000e-03  1.65596445e+00  1.02000000e-03  1.80545669e+00  1.02000000e-03  1.65364504e+00  1.02000000e-03  1.81053442e+00  1.02000000e-03  1.71008335e+00  1.02000000e-03  1.81788920e+00  1.02000000e-03  1.28714463e+00  1.02000000e-03  1.81050670e+00  1.02000000e-03  1.65978162e+00  1.02000000e-03  1.20000000e+00 
 2.04000000e-03  1.55430212e+00  2.04000000e-03  1.65596445e+00  2.04000000e-03  1.80545669e+00  2.04000000e-03  1.65364504e+00  2.04000000e-03  1.81053442e+00  2.04000000e-03  1.71008335e+00  2.04000000e-03  1.81788920e+00  2.04000000e-03  1.28714463e+00  2.04000000e-03  1.81050670e+00  2.04000000e-03  1.65978162e+00  2.04000000e-03  1.20000000e+00 
 4.08000000e-03  1.55430212e+00  4.08000000e-03  1.65596445e+00  4.08000000e-03  1.80545669e+00  4.08000000e-03  1.65364504e+00  4.08000000e-03  1.81053442e+00  4.08000000e-03  1.71008335e+00  4.08000000e-03  1.81788920e+00  4.08000000e-03  1.28714463e+00  4.08000000e-03  1.81050670e+00  4.08000000e-03  1.65978162e+00  4.08000000e-03  1.20000000e+00 
 8.16000000e-03  1.55430212e+00  8.16000000e-03  1.65596445e+00  8.16000000e-03  1.80545669e+00  8.16000000e-03  1.65364504e+00  8.16000000e-03  1.81053442e+00  8.16000000e-03  1.71008335e+00  8.16000000e-03  1.81788920e+00  8.16000000e-03  1.28714463e+00  8.16000000e-03  1.81050670e+00  8.16000000e-03  1.65978162e+00  8.16000000e-03  1.20000000e+00 
 1.63200000e-02  1.55430212e+00  1.63200000e-02  1.65596445e+00  1.63200000e-02  1.80545669e+00  1.63200000e-02  1.65364504e+00  1.63200000e-02  1.81053442e+00  1.63200000e-02  1.71008335e+00  1.63200000e-02  1.81788920e+00  1.63200000e-02  1.28714463e+00  1.63200000e-02  1.81050670e+00  1.63200000e-02  1.65978162e+00  1.63200000e-02  1.20000000e+00 
 3.26400000e-02  1.55430212e+00  3.26400000e-02  1.65596445e+00  3.26400000e-02  1.80545669e+00  3.26400000e-02  1.65364504e+00  3.26400000e-02  1.81053442e+00  3.26400000e-02  1.71008335e+00  3.26400000e-02  1.81788920e+00  3.26400000e-02  1.28714463e+00  3.26400000e-02  1.81050670e+00  3.26400000e-02  1.65978162e+00  3.26400000e-02  1.20000000e+00 
 6.52800000e-02  1.55430212e+00  6.52800000e-02  1.65596445e+00  6.52800000e-02  1.80545669e+00  6.52800000e-02  1.65364504e+00  6.52800000e-02  1.81053442e+00  6.52800000e-02  1.71008335e+00  6.52800000e-02  1.81788920e+00  6.52800000e-02  1.28714463e+00  6.52800000e-02  1.81050670e+00  6.52800000e-02  1.65978162e+00  6.52800000e-02  1.20000000e+00 
 1.02000000e-01  1.55430212e+00  1.02000000e-01  1.65596445e+00  1.02000000e-01  1.80545669e+00  1.02000000e-01  1.65364504e+00  1.02000000e-01  1.81053442e+00  1.02000000e-01  1.71008335e+00  1.02000000e-01  1.81788920e+00  1.02000000e-01  1.28714463e+00  1.02000000e-01  1.81050670e+00  1.02000000e-01  1.65978162e+00  1.02000000e-01  1.20000000e+00 
 1.08528000e-01  1.55430212e+00  1.08528000e-01  1.65596445e+00  1.08528000e-01  1.80545669e+00  1.08528000e-01  1.65364504e+00  1.08528000e-01  1.81053442e+00  1.08528000e-01  1.71008335e+00  1.08528000e-01  1.81788920e+00  1.08528000e-01  1.28714463e+00  1.08528000e-01  1.81050670e+00  1.08528000e-01  1.65978162e+00  1.08528000e-01  1.20000000e+00 
 1.21584000e-01  1.55430212e+00  1.21584000e-01  1.65596445e+00  1.21584000e-01  1.80545669e+00  1.21584000e-01  1.65364504e+00  1.21584000e-01  1.81053442e+00  1.21584000e-01  1.71008335e+00  1.21584000e-01  1.81788920e+00  1.21584000e-01  1.28714463e+00  1.21584000e-01  1.81050670e+00  1.21584000e-01  1.65978162e+00  1.21584000e-01  1.20000000e+00 
 1.47696000e-01  1.55430212e+00  1.47696000e-01  1.65596445e+00  1.47696000e-01  1.80545669e+00  1.47696000e-01  1.65364504e+00  1.47696000e-01  1.81053442e+00  1.47696000e-01  1.71008335e+00  1.47696000e-01  1.81788920e+00  1.47696000e-01  1.28714463e+00  1.47696000e-01  1.81050670e+00  1.47696000e-01  1.65978162e+00  1.47696000e-01  1.20000000e+00 
 1.98000000e-01  1.55430212e+00  1.98000000e-01  1.65596445e+00  1.98000000e-01  1.80545669e+00  1.98000000e-01  1.65364504e+00  1.98000000e-01  1.81053442e+00  1.98000000e-01  1.71008335e+00  1.98000000e-01  1.81788920e+00  1.98000000e-01  1.28714463e+00  1.98000000e-01  1.81050670e+00  1.98000000e-01  1.65978162e+00  1.98000000e-01  1.20000000e+00 
 2.03222400e-01  1.54939184e+00  2.03222400e-01  1.65258080e+00  2.03222400e-01  1.81345473e+00  2.03222400e-01  1.65707005e+00  2.03222400e-01  1.81268904e+00  2.03222400e-01  1.70715604e+00  2.03222400e-01  1.82809389e+00  2.03222400e-01  1.32875152e+00  2.03222400e-01  1.81529281e+00  2.03222400e-01  1.66077148e+00  2.03222400e-01  1.20000000e+00 
 2.13667200e-01  1.54491296e+00  2.13667200e-01  1.64558875e+00  2.13667200e-01  1.82877211e+00  2.13667200e-01  1.66715079e+00  2.13667200e-01  1.81082213e+00  2.13667200e-01  1.70053067e+00  2.13667200e-01  1.84674707e+00  2.13667200e-01  1.40469700e+00  2.13667200e-01  1.82321089e+00  2.13667200e-01  1.66286599e+00  2.13667200e-01  1.20000000e+00 
 2.34556800e-01  1.56087890e+00  2.34556800e-01  1.63844412e+00  2.34556800e-01  1.86061452e+00  2.34556800e-01  1.67497738e+00  2.34556800e-01  1.78354301e+00  2.34556800e-01  1.69413825e+00  2.34556800e-01  1.88213233e+00  2.34556800e-01  1.53340081e+00  2.34556800e-01  1.84068345e+00  2.34556800e-01  1.67061054e+00  2.34556800e-01  1.20000000e+00 
 2.67278400e-01  1.62590599e+00  2.67278400e-01  1.65743485e+00  2.67278400e-01  1.91956720e+00  2.67278400e-01  1.61633992e+00  2.67278400e-01  1.68449790e+00  2.67278400e-01  1.69714265e+00  2.67278400e-01  1.93264247e+00  2.67278400e-01  1.66571166e+00  2.67278400e-01  1.85718349e+00  2.67278400e-01  1.68371007e+00  2.67278400e-01  1.20000000e+00 
 3.00000000e-01  1.71050223e+00  3.00000000e-01  1.72240627e+00  3.00000000e-01  1.97203049e+00  3.00000000e-01  1.43831203e+00  3.00000000e-01  1.60277543e+00  3.00000000e-01  1.73081405e+00  3.00000000e-01  1.96547642e+00  3.00000000e-01  1.71822052e+00  3.00000000e-01  1.88728210e+00  3.00000000e-01  1.69436768e+00  3.00000000e-01  1.20000000e+00 
 3.06544320e-01  1.71049663e+00  3.06544320e-01  1.72240240e+00  3.06544320e-01  1.97202821e+00  3.06544320e-01  1.43831135e+00  3.06544320e-01  1.60277887e+00  3.06544320e-01  1.73081491e+00  3.06544320e-01  1.96547360e+00  3.06544320e-01  1.71821818e+00  3.06544320e-01  1.88728177e+00  3.06544320e-01  1.69436901e+00  3.06544320e-01  1.20000000e+00 
 3.19632960e-01  1.71050223e+00  3.19632960e-01  1.72240626e+00  3.19632960e-01  1.97203049e+00  3.19632960e-01  1.43831203e+00  3.19632960e-01  1.60277543e+00  3.19632960e-01  1.73081405e+00  3.19632960e-01  1.96547642e+00  3.19632960e-01  1.71822052e+00  3.19632960e-01  1.88728210e+00  3.19632960e-01  1.69436768e+00  3.19632960e-01  1.20000000e+00 
 3.45810240e-01  1.71050223e+00  3.45810240e-01  1.72240626e+00  3.45810240e-01  1.97203049e+00  3.45810240e-01  1.43831203e+00  3.45810240e-01  1.60277543e+00  3.45810240e-01  1.73081405e+00  3.45810240e-01  1.96547642e+00  3.45810240e-01  1.71822052e+00  3.45810240e-01  1.88728210e+00  3.45810240e-01  1.69436768e+00  3.45810240e-01  1.20000000e+00 
 3.98164800e-01  1.71050223e+00  3.98164800e-01  1.72240626e+00  3.98164800e-01  1.97203049e+00  3.98164800e-01  1.43831203e+00  3.98164800e-01  1.60277543e+00  3.98164800e-01  1.73081405e+00  3.98164800e-01  1.96547642e+00  3.98164800e-01  1.71822052e+00  3.98164800e-01  1.88728210e+00  3.98164800e-01  1.69436768e+00  3.98164800e-01  1.20000000e+00 
 4.98000000e-01  1.71050223e+00  4.98000000e-01  1.72240626e+00  4.98000000e-01  1.97203049e+00  4.98000000e-01  1.43831203e+00  4.98000000e-01  1.60277543e+00  4.98000000e-01  1.73081405e+00  4.98000000e-01  1.96547642e+00  4.98000000e-01  1.71822052e+00  4.98000000e-01  1.88728210e+00  4.98000000e-01  1.69436768e+00  4.98000000e-01  1.20000000e+00 
 5.08200000e-01  1.71771253e+00  5.08200000e-01  1.70969600e+00  5.08200000e-01  1.96783465e+00  5.08200000e-01  1.51543066e+00  5.08200000e-01  1.60905817e+00  5.08200000e-01  1.72613088e+00  5.08200000e-01  1.95875422e+00  5.08200000e-01  1.70906837e+00  5.08200000e-01  1.87972118e+00  5.08200000e-01  1.67907862e+00  5.08200000e-01  1.20000000e+00 
 5.28600000e-01  1.72285176e+00  5.28600000e-01  1.68732759e+00  5.28600000e-01  1.95650665e+00  5.28600000e-01  1.64191154e+00  5.28600000e-01  1.62403864e+00  5.28600000e-01  1.71571651e+00  5.28600000e-01  1.94134593e+00  5.28600000e-01  1.69045676e+00  5.28600000e-01  1.86069198e+00  5.28600000e-01  1.65126803e+00  5.28600000e-01  1.20000000e+00 
 5.64300000e-01  1.63505473e+00  5.64300000e-01  1.65878478e+00  5.64300000e-01  1.93325009e+00  5.64300000e-01  1.77013573e+00  5.64300000e-01  1.65040192e+00  5.64300000e-01  1.70268251e+00  5.64300000e-01  1.90620237e+00  5.64300000e-01  1.66312114e+00  5.64300000e-01  1.82387158e+00  5.64300000e-01  1.61557932e+00  5.64300000e-01  1.20000000e+00 
 6.00000000e-01  1.41386289e+00  6.00000000e-01  1.64962205e+00  6.00000000e-01  1.90990871e+00  6.00000000e-01  1.77963855e+00  6.00000000e-01  1.67365602e+00  6.00000000e-01  1.70159465e+00  6.00000000e-01  1.87375371e+00  6.00000000e-01  1.64439628e+00  6.00000000e-01  1.79607673e+00  6.00000000e-01  1.59046036e+00  6.00000000e-01  1.20000000e+00 
 6.07140000e-01  1.41386394e+00  6.07140000e-01  1.64962211e+00  6.07140000e-01  1.90990867e+00  6.07140000e-01  1.77963885e+00  6.07140000e-01  1.67365625e+00  6.07140000e-01  1.70159453e+00  6.07140000e-01  1.87375391e+00  6.07140000e-01  1.64439648e+00  6.07140000e-01  1.79607684e+00  6.07140000e-01  1.59046056e+00  6.07140000e-01  1.20000000e+00 
 6.21420000e-01  1.41386362e+00  6.21420000e-01  1.64962154e+00  6.21420000e-01  1.90990843e+00  6.21420000e-01  1.77963912e+00  6.21420000e-01  1.67365637e+00  6.21420000e-01  1.70159431e+00  6.21420000e-01  1.87375346e+00  6.21420000e-01  1.64439614e+00  6.21420000e-01  1.79607646e+00  6.21420000e-01  1.59046032e+00  6.21420000e-01  1.20000000e+00 
 6.49980000e-01  1.41386362e+00  6.49980000e-01  1.64962154e+00  6.49980000e-01  1.90990843e+00  6.49980000e-01  1.77963912e+00  6.49980000e-01  1.67365637e+00  6.49980000e-01  1.70159431e+00  6.49980000e-01  1.87375346e+00  6.49980000e-01  1.64439614e+00  6.49980000e-01  1.79607646e+00  6.49980000e-01  1.59046032e+00  6.49980000e-01  1.20000000e+00 
 7.07100000e-01  1.41386362e+00  7.07100000e-01  1.64962154e+00  7.07100000e-01  1.90990843e+00  7.07100000e-01  1.77963912e+00  7.07100000e-01  1.67365637e+00  7.07100000e-01  1.70159431e+00  7.07100000e-01  1.87375346e+00  7.07100000e-01  1.64439614e+00  7.07100000e-01  1.79607646e+00  7.07100000e-01  1.59046032e+00  7.07100000e-01  1.20000000e+00 
 7.98000000e-01  1.41386362e+00  7.98000000e-01  1.64962154e+00  7.98000000e-01  1.90990843e+00  7.98000000e-01  1.77963912e+00  7.98000000e-01  1.67365637e+00  7.98000000e-01  1.70159431e+00  7.98000000e-01  1.87375346e+00  7.98000000e-01  1.64439614e+00  7.98000000e-01  1.79607646e+00  7.98000000e-01  1.59046032e+00  7.98000000e-01  1.20000000e+00 
 8.08200000e-01  1.48399852e+00  8.08200000e-01  1.64663308e+00  8.08200000e-01  1.90401740e+00  8.08200000e-01  1.78861815e+00  8.08200000e-01  1.67092546e+00  8.08200000e-01  1.70973982e+00  8.08200000e-01  1.86950587e+00  8.08200000e-01  1.65346762e+00  8.08200000e-01  1.80705074e+00  8.08200000e-01  1.59830706e+00  8.08200000e-01  1.20000000e+00 
 8.28600000e-01  1.60013261e+00  8.28600000e-01  1.64567063e+00  8.28600000e-01  1.88768497e+00  8.28600000e-01  1.79747935e+00  8.28600000e-01  1.67245904e+00  8.28600000e-01  1.73204956e+00  8.28600000e-01  1.85622328e+00  8.28600000e-01  1.68086592e+00  8.28600000e-01  1.82727195e+00  8.28600000e-01  1.62498372e+00  8.28600000e-01  1.20000000e+00 
 8.64300000e-01  1.71556843e+00  8.64300000e-01  1.65760803e+00  8.64300000e-01  1.85822975e+00  8.64300000e-01  1.71082236e+00  8.64300000e-01  1.68097197e+00  8.64300000e-01  1.77185836e+00  8.64300000e-01  1.83175955e+00  8.64300000e-01  1.73885423e+00  8.64300000e-01  1.85820719e+00  8.64300000e-01  1.68357204e+00  8.64300000e-01  1.20000000e+00 
 9.00000000e-01  1.72140591e+00  9.00000000e-01  1.68376352e+00  9.00000000e-01  1.82972584e+00  9.00000000e-01  1.47568114e+00  9.00000000e-01  1.68669522e+00  9.00000000e-01  1.79730531e+00  9.00000000e-01  1.80697349e+00  9.00000000e-01  1.77695648e+00  9.00000000e-01  1.86508404e+00  9.00000000e-01  1.73385309e+00  9.00000000e-01  1.20000000e+00 
 9.07140000e-01  1.72140719e+00  9.07140000e-01  1.68376263e+00  9.07140000e-01  1.82972516e+00  9.07140000e-01  1.47568276e+00  9.07140000e-01  1.68669672e+00  9.07140000e-01  1.79730534e+00  9.07140000e-01  1.80697368e+00  9.07140000e-01  1.77695659e+00  9.07140000e-01  1.86508419e+00  9.07140000e-01  1.73385308e+00  9.07140000e-01  1.20000000e+00 
 9.21420000e-01  1.72140665e+00  9.21420000e-01  1.68376242e+00  9.21420000e-01  1.82972505e+00  9.21420000e-01  1.47568296e+00  9.21420000e-01  1.68669601e+00  9.21420000e-01  1.79730558e+00  9.21420000e-01  1.80697297e+00  9.21420000e-01  1.77695744e+00  9.21420000e-01  1.86508495e+00  9.21420000e-01  1.73385367e+00  9.21420000e-01  1.20000000e+00 
 9.49980000e-01  1.72140665e+00  9.49980000e-01  1.68376242e+00  9.49980000e-01  1.82972505e+00  9.49980000e-01  1.47568296e+00  9.49980000e-01  1.68669601e+00  9.49980000e-01  1.79730558e+00  9.49980000e-01  1.80697297e+00  9.49980000e-01  1.77695744e+00  9.49980000e-01  1.86508495e+00  9.49980000e-01  1.73385367e+00  9.49980000e-01  1.20000000e+00 
 1.00710000e+00  1.72140665e+00  1.00710000e+00  1.68376242e+00  1.00710000e+00  1.82972505e+00  1.00710000e+00  1.47568296e+00  1.00710000e+00  1.68669601e+00  1.00710000e+00  1.79730558e+00  1.00710000e+00  1.80697297e+00  1.00710000e+00  1.77695744e+00  1.00710000e+00  1.86508495e+00  1.00710000e+00  1.73385367e+00  1.00710000e+00  1.20000000e+00 
 1.09800000e+00  1.72140665e+00  1.09800000e+00  1.68376242e+00  1.09800000e+00  1.82972505e+00  1.09800000e+00  1.47568296e+00  1.09800000e+00  1.68669601e+00  1.09800000e+00  1.79730558e+00  1.09800000e+00  1.80697297e+00  1.09800000e+00  1.77695744e+00  1.09800000e+00  1.86508495e+00  1.09800000e+00  1.73385367e+00  1.09800000e+00  1.20000000e+00 
 1.10820000e+00  1.72217013e+00  1.10820000e+00  1.68543623e+00  1.10820000e+00  1.82877773e+00  1.10820000e+00  1.54688602e+00  1.10820000e+00  1.69008755e+00  1.10820000e+00  1.78759010e+00  1.10820000e+00  1.81304737e+00  1.10820000e+00  1.77350523e+00  1.10820000e+00  1.86469794e+00  1.10820000e+00  1.73441141e+00  1.10820000e+00  1.20000000e+00 
 1.12860000e+00  1.72022246e+00  1.12860000e+00  1.69965346e+00  1.12860000e+00  1.81427529e+00  1.12860000e+00  1.65134845e+00  1.12860000e+00  1.70371083e+00  1.12860000e+00  1.76369325e+00  1.12860000e+00  1.83127281e+00  1.12860000e+00  1.76302482e+00  1.12860000e+00  1.86913827e+00  1.12860000e+00  1.73302317e+00  1.12860000e+00  1.20000000e+00 
 1.16430000e+00  1.71157179e+00  1.16430000e+00  1.74249407e+00  1.16430000e+00  1.69514623e+00  1.16430000e+00  1.72466988e+00  1.16430000e+00  1.72988158e+00  1.16430000e+00  1.71798786e+00  1.16430000e+00  1.86383526e+00  1.16430000e+00  1.74235317e+00  1.16430000e+00  1.87752895e+00  1.16430000e+00  1.72560760e+00  1.16430000e+00  1.20000000e+00 
 1.20000000e+00  1.69760605e+00  1.20000000e+00  1.79108456e+00  1.20000000e+00  1.45601545e+00  1.20000000e+00  1.68824908e+00  1.20000000e+00  1.74828130e+00  1.20000000e+00  1.68783579e+00  1.20000000e+00  1.88994756e+00  1.20000000e+00  1.72608178e+00  1.20000000e+00  1.88749136e+00  1.20000000e+00  1.71739155e+00  1.20000000e+00  1.20000000e+00 
 1.20714000e+00  1.69760616e+00  1.20714000e+00  1.79108444e+00  1.20714000e+00  1.45601578e+00  1.20714000e+00  1.68824952e+00  1.20714000e+00  1.74828145e+00  1.20714000e+00  1.68783560e+00  1.20714000e+00  1.88994624e+00  1.20714000e+00  1.72608177e+00  1.20714000e+00  1.88749123e+00  1.20714000e+00  1.71739160e+00  1.20714000e+00  1.20000000e+00 
 1.22142000e+00  1.69760625e+00  1.22142000e+00  1.79108442e+00  1.22142000e+00  1.45601534e+00  1.22142000e+00  1.68824915e+00  1.22142000e+00  1.74828157e+00  1.22142000e+00  1.68783552e+00  1.22142000e+00  1.88994755e+00  1.22142000e+00  1.72608169e+00  1.22142000e+00  1.88749125e+00  1.22142000e+00  1.71739163e+00  1.22142000e+00  1.20000000e+00 
 1.24998000e+00  1.69760625e+00  1.24998000e+00  1.79108442e+00  1.24998000e+00  1.45601534e+00  1.24998000e+00  1.68824915e+00  1.24998000e+00  1.74828157e+00  1.24998000e+00  1.68783552e+00  1.24998000e+00  1.88994755e+00  1.24998000e+00  1.72608169e+00  1.24998000e+00  1.88749125e+00  1.24998000e+00  1.71739163e+00  1.24998000e+00  1.20000000e+00 
 1.30710000e+00  1.69760625e+00  1.30710000e+00  1.79108442e+00  1.30710000e+00  1.45601534e+00  1.30710000e+00  1.68824915e+00  1.30710000e+00  1.74828157e+00  1.30710000e+00  1.68783552e+00  1.30710000e+00  1.88994755e+00  1.30710000e+00  1.72608169e+00  1.30710000e+00  1.88749125e+00  1.30710000e+00  1.71739163e+00  1.30710000e+00  1.20000000e+00 
 1.39800000e+00  1.69760625e+00  1.39800000e+00  1.79108442e+00  1.39800000e+00  1.45601534e+00  1.39800000e+00  1.68824915e+00  1.39800000e+00  1.74828157e+00  1.39800000e+00  1.68783552e+00  1.39800000e+00  1.88994755e+00  1.39800000e+00  1.72608169e+00  1.39800000e+00  1.88749125e+00  1.39800000e+00  1.71739163e+00  1.39800000e+00  1.20000000e+00 
 1.40820000e+00  1.69708265e+00  1.40820000e+00  1.78673524e+00  1.40820000e+00  1.53745621e+00  1.40820000e+00  1.69621962e+00  1.40820000e+00  1.73657722e+00  1.40820000e+00  1.69200113e+00  1.40820000e+00  1.88755386e+00  1.40820000e+00  1.71534466e+00  1.40820000e+00  1.88810224e+00  1.40820000e+00  1.71112985e+00  1.40820000e+00  1.20000000e+00 
 1.42860000e+00  1.69898948e+00  1.42860000e+00  1.78607073e+00  1.42860000e+00  1.66802260e+00  1.42860000e+00  1.72725451e+00  1.42860000e+00  1.70264147e+00  1.42860000e+00  1.71436572e+00  1.42860000e+00  1.85978398e+00  1.42860000e+00  1.69620777e+00  1.42860000e+00  1.89486795e+00  1.42860000e+00  1.70655577e+00  1.42860000e+00  1.20000000e+00 
 1.46430000e+00  1.69912780e+00  1.46430000e+00  1.78914532e+00  1.46430000e+00  1.80600305e+00  1.46430000e+00  1.78997241e+00  1.46430000e+00  1.63171418e+00  1.46430000e+00  1.76986177e+00  1.46430000e+00  1.70900651e+00  1.46430000e+00  1.67348205e+00  1.46430000e+00  1.90370834e+00  1.46430000e+00  1.70743143e+00  1.46430000e+00  1.20000000e+00 
 1.50000000e+00  1.70967372e+00  1.50000000e+00  1.78930749e+00  1.50000000e+00  1.83643220e+00  1.50000000e+00  1.83492214e+00  1.50000000e+00  1.59288230e+00  1.50000000e+00  1.81741811e+00  1.50000000e+00  1.44259558e+00  1.50000000e+00  1.66997300e+00  1.50000000e+00  1.89477289e+00  1.50000000e+00  1.71135931e+00  1.50000000e+00  1.20000000e+00 
 1.50714000e+00  1.70967106e+00  1.50714000e+00  1.78930612e+00  1.50714000e+00  1.83642801e+00  1.50714000e+00  1.83492350e+00  1.50714000e+00  1.59288010e+00  1.50714000e+00  1.81741597e+00  1.50714000e+00  1.44259231e+00  1.50714000e+00  1.66997040e+00  1.50714000e+00  1.89477191e+00  1.50714000e+00  1.71136005e+00  1.50714000e+00  1.20000000e+00 
 1.52142000e+00  1.70967363e+00  1.52142000e+00  1.78930648e+00  1.52142000e+00  1.83642981e+00  1.52142000e+00  1.83492607e+00  1.52142000e+00  1.59288003e+00  1.52142000e+00  1.81741830e+00  1.52142000e+00  1.44259340e+00  1.52142000e+00  1.66997084e+00  1.52142000e+00  1.89477419e+00  1.52142000e+00  1.71136022e+00  1.52142000e+00  1.20000000e+00 
 1.54998000e+00  1.70967363e+00  1.54998000e+00  1.78930648e+00  1.54998000e+00  1.83642981e+00  1.54998000e+00  1.83492607e+00  1.54998000e+00  1.59288003e+00  1.54998000e+00  1.81741830e+00  1.54998000e+00  1.44259340e+00  1.54998000e+00  1.66997084e+00  1.54998000e+00  1.89477419e+00  1.54998000e+00  1.71136022e+00  1.54998000e+00  1.20000000e+00 
 1.60710000e+00  1.70967363e+00  1.60710000e+00  1.78930648e+00  1.60710000e+00  1.83642981e+00  1.60710000e+00  1.83492607e+00  1.60710000e+00  1.59288003e+00  1.60710000e+00  1.81741830e+00  1.60710000e+00  1.44259340e+00  1.60710000e+00  1.66997084e+00  1.60710000e+00  1.89477419e+00  1.60710000e+00  1.71136022e+00  1.60710000e+00  1.20000000e+00 
 1.69800000e+00  1.70967363e+00  1.69800000e+00  1.78930648e+00  1.69800000e+00  1.83642981e+00  1.69800000e+00  1.83492607e+00  1.69800000e+00  1.59288003e+00  1.69800000e+00  1.81741830e+00  1.69800000e+00  1.44259340e+00  1.69800000e+00  1.66997084e+00  1.69800000e+00  1.89477419e+00  1.69800000e+00  1.71136022e+00  1.69800000e+00  1.20000000e+00 
 1.70820000e+00  1.71113230e+00  1.70820000e+00  1.78127585e+00  1.70820000e+00  1.83286260e+00  1.70820000e+00  1.83918758e+00  1.70820000e+00  1.59025876e+00  1.70820000e+00  1.81853979e+00  1.70820000e+00  1.51894867e+00  1.70820000e+00  1.67567661e+00  1.70820000e+00  1.89169825e+00  1.70820000e+00  1.70676116e+00  1.70820000e+00  1.20000000e+00 
 1.72860000e+00  1.71313849e+00  1.72860000e+00  1.76350438e+00  1.72860000e+00  1.82433271e+00  1.72860000e+00  1.84512853e+00  1.72860000e+00  1.58512494e+00  1.72860000e+00  1.80729045e+00  1.72860000e+00  1.64031747e+00  1.72860000e+00  1.68755275e+00  1.72860000e+00  1.88345968e+00  1.72860000e+00  1.69626619e+00  1.72860000e+00  1.20000000e+00 
 1.76430000e+00  1.71502441e+00  1.76430000e+00  1.72973397e+00  1.76430000e+00  1.80776522e+00  1.76430000e+00  1.84813209e+00  1.76430000e+00  1.57834231e+00  1.76430000e+00  1.69098475e+00  1.76430000e+00  1.75502105e+00  1.76430000e+00  1.71030005e+00  1.76430000e+00  1.86531958e+00  1.76430000e+00  1.67505632e+00  1.76430000e+00  1.20000000e+00 
 1.80000000e+00  1.71536169e+00  1.80000000e+00  1.71644846e+00  1.80000000e+00  1.79270558e+00  1.80000000e+00  1.84161205e+00  1.80000000e+00  1.58481206e+00  1.80000000e+00  1.45232603e+00  1.80000000e+00  1.76653473e+00  1.80000000e+00  1.73428836e+00  1.80000000e+00  1.86157371e+00  1.80000000e+00  1.65382951e+00  1.80000000e+00  1.20000000e+00 
 1.80714000e+00  1.71536167e+00  1.80714000e+00  1.71644844e+00  1.80714000e+00  1.79270554e+00  1.80714000e+00  1.84161152e+00  1.80714000e+00  1.58481202e+00  1.80714000e+00  1.45232607e+00  1.80714000e+00  1.76653474e+00  1.80714000e+00  1.73428798e+00  1.80714000e+00  1.86157368e+00  1.80714000e+00  1.65382952e+00  1.80714000e+00  1.20000000e+00 
 1.82142000e+00  1.71536170e+00  1.82142000e+00  1.71644842e+00  1.82142000e+00  1.79270557e+00  1.82142000e+00  1.84161207e+00  1.82142000e+00  1.58481205e+00  1.82142000e+00  1.45232604e+00  1.82142000e+00  1.76653472e+00  1.82142000e+00  1.73428836e+00  1.82142000e+00  1.86157368e+00  1.82142000e+00  1.65382952e+00  1.82142000e+00  1.20000000e+00 
 1.84998000e+00  1.71536170e+00  1.84998000e+00  1.71644842e+00  1.84998000e+00  1.79270557e+00  1.84998000e+00  1.84161207e+00  1.84998000e+00  1.58481205e+00  1.84998000e+00  1.45232604e+00  1.84998000e+00  1.76653472e+00  1.84998000e+00  1.73428836e+00  1.84998000e+00  1.86157368e+00  1.84998000e+00  1.65382952e+00  1.84998000e+00  1.20000000e+00 
 1.90710000e+00  1.71536170e+00  1.90710000e+00  1.71644842e+00  1.90710000e+00  1.79270557e+00  1.90710000e+00  1.84161207e+00  1.90710000e+00  1.58481205e+00  1.90710000e+00  1.45232604e+00  1.90710000e+00  1.76653472e+00  1.90710000e+00  1.73428836e+00  1.90710000e+00  1.86157368e+00  1.90710000e+00  1.65382952e+00  1.90710000e+00  1.20000000e+00 
 1.99800000e+00  1.71536170e+00  1.99800000e+00  1.71644842e+00  1.99800000e+00  1.79270557e+00  1.99800000e+00  1.84161207e+00  1.99800000e+00  1.58481205e+00  1.99800000e+00  1.45232604e+00  1.99800000e+00  1.76653472e+00  1.99800000e+00  1.73428836e+00  1.99800000e+00  1.86157368e+00  1.99800000e+00  1.65382952e+00  1.99800000e+00  1.20000000e+00 
 2.00820000e+00  1.72136128e+00  2.00820000e+00  1.70586830e+00  2.00820000e+00  1.81080890e+00  2.00820000e+00  1.83512064e+00  2.00820000e+00  1.59790639e+00  2.00820000e+00  1.52108562e+00  2.00820000e+00  1.78498730e+00  2.00820000e+00  1.73038918e+00  2.00820000e+00  1.86512887e+00  2.00820000e+00  1.64308040e+00  2.00820000e+00  1.20000000e+00 
 2.02860000e+00  1.72012946e+00  2.02860000e+00  1.68559977e+00  2.02860000e+00  1.84959391e+00  2.02860000e+00  1.81646122e+00  2.02860000e+00  1.62757889e+00  2.02860000e+00  1.62645512e+00  2.02860000e+00  1.82567195e+00  2.02860000e+00  1.72181792e+00  2.02860000e+00  1.86903288e+00  2.02860000e+00  1.62063937e+00  2.02860000e+00  1.20000000e+00 
 2.06430000e+00  1.61856765e+00  2.06430000e+00  1.65687924e+00  2.06430000e+00  1.91804079e+00  2.06430000e+00  1.77058890e+00  2.06430000e+00  1.68229597e+00  2.06430000e+00  1.71442683e+00  2.06430000e+00  1.89628144e+00  2.06430000e+00  1.70693482e+00  2.06430000e+00  1.86654920e+00  2.06430000e+00  1.58525598e+00  2.06430000e+00  1.20000000e+00 
 2.10000000e+00  1.38700328e+00  2.10000000e+00  1.64372076e+00  2.10000000e+00  1.97139793e+00  2.10000000e+00  1.72460040e+00  2.10000000e+00  1.72759768e+00  2.10000000e+00  1.69976123e+00  2.10000000e+00  1.95017397e+00  2.10000000e+00  1.69397801e+00  2.10000000e+00  1.85203830e+00  2.10000000e+00  1.57158945e+00  2.10000000e+00  1.20000000e+00 
 2.10714000e+00  1.38700350e+00  2.10714000e+00  1.64372097e+00  2.10714000e+00  1.97139730e+00  2.10714000e+00  1.72460089e+00  2.10714000e+00  1.72759701e+00  2.10714000e+00  1.69976228e+00  2.10714000e+00  1.95017351e+00  2.10714000e+00  1.69397750e+00  2.10714000e+00  1.85203846e+00  2.10714000e+00  1.57158952e+00  2.10714000e+00  1.20000000e+00 
 2.12142000e+00  1.38700328e+00  2.12142000e+00  1.64372076e+00  2.12142000e+00  1.97139793e+00  2.12142000e+00  1.72460040e+00  2.12142000e+00  1.72759768e+00  2.12142000e+00  1.69976123e+00  2.12142000e+00  1.95017397e+00  2.12142000e+00  1.69397801e+00  2.12142000e+00  1.85203830e+00  2.12142000e+00  1.57158945e+00  2.12142000e+00  1.20000000e+00 
 2.14998000e+00  1.38700328e+00  2.14998000e+00  1.64372076e+00  2.14998000e+00  1.97139793e+00  2.14998000e+00  1.72460040e+00  2.14998000e+00  1.72759768e+00  2.14998000e+00  1.69976123e+00  2.14998000e+00  1.95017397e+00  2.14998000e+00  1.69397801e+00  2.14998000e+00  1.85203830e+00  2.14998000e+00  1.57158945e+00  2.14998000e+00  1.20000000e+00 
 2.20710000e+00  1.38700328e+00  2.20710000e+00  1.64372076e+00  2.20710000e+00  1.97139793e+00  2.20710000e+00  1.72460040e+00  2.20710000e+00  1.72759768e+00  2.20710000e+00  1.69976123e+00  2.20710000e+00  1.95017397e+00  2.20710000e+00  1.69397801e+00  2.20710000e+00  1.85203830e+00  2.20710000e+00  1.57158945e+00  2.20710000e+00  1.20000000e+00 
 2.29800000e+00  1.38700328e+00  2.29800000e+00  1.64372076e+00  2.29800000e+00  1.97139793e+00  2.29800000e+00  1.72460040e+00  2.29800000e+00  1.72759768e+00  2.29800000e+00  1.69976123e+00  2.29800000e+00  1.95017397e+00  2.29800000e+00  1.69397801e+00  2.29800000e+00  1.85203830e+00  2.29800000e+00  1.57158945e+00  2.29800000e+00  1.20000000e+00 
 2.30820000e+00  1.45378577e+00  2.30820000e+00  1.64004234e+00  2.30820000e+00  1.97359832e+00  2.30820000e+00  1.72318362e+00  2.30820000e+00  1.72655726e+00  2.30820000e+00  1.68845061e+00  2.30820000e+00  1.95094195e+00  2.30820000e+00  1.68333592e+00  2.30820000e+00  1.84342166e+00  2.30820000e+00  1.56899594e+00  2.30820000e+00  1.20000000e+00 
 2.32860000e+00  1.56632876e+00  2.32860000e+00  1.63311322e+00  2.32860000e+00  1.97391712e+00  2.32860000e+00  1.71591454e+00  2.32860000e+00  1.73115708e+00  2.32860000e+00  1.65226937e+00  2.32860000e+00  1.94920672e+00  2.32860000e+00  1.66084203e+00  2.32860000e+00  1.83030181e+00  2.32860000e+00  1.56983181e+00  2.32860000e+00  1.20000000e+00 
 2.36430000e+00  1.67771718e+00  2.36430000e+00  1.63406591e+00  2.36430000e+00  1.96843140e+00  2.36430000e+00  1.70245934e+00  2.36430000e+00  1.74494496e+00  2.36430000e+00  1.49994890e+00  2.36430000e+00  1.94604044e+00  2.36430000e+00  1.63000283e+00  2.36430000e+00  1.81158151e+00  2.36430000e+00  1.58378937e+00  2.36430000e+00  1.20000000e+00 
 2.40000000e+00  1.67829977e+00  2.40000000e+00  1.64555715e+00  2.40000000e+00  1.95391349e+00  2.40000000e+00  1.69282376e+00  2.40000000e+00  1.75270096e+00  2.40000000e+00  1.23563333e+00  2.40000000e+00  1.93444059e+00  2.40000000e+00  1.61168855e+00  2.40000000e+00  1.79239722e+00  2.40000000e+00  1.60760968e+00  2.40000000e+00  1.20000000e+00 
 2.40714000e+00  1.67829979e+00  2.40714000e+00  1.64555713e+00  2.40714000e+00  1.95391344e+00  2.40714000e+00  1.69282373e+00  2.40714000e+00  1.75270089e+00  2.40714000e+00  1.23563359e+00  2.40714000e+00  1.93444058e+00  2.40714000e+00  1.61168858e+00  2.40714000e+00  1.79239715e+00  2.40714000e+00  1.60760965e+00  2.40714000e+00  1.20000000e+00 
 2.42142000e+00  1.67829982e+00  2.42142000e+00  1.64555708e+00  2.42142000e+00  1.95391349e+00  2.42142000e+00  1.69282376e+00  2.42142000e+00  1.75270102e+00  2.42142000e+00  1.23563330e+00  2.42142000e+00  1.93444060e+00  2.42142000e+00  1.61168849e+00  2.42142000e+00  1.79239722e+00  2.42142000e+00  1.60760964e+00  2.42142000e+00  1.20000000e+00 
 2.44998000e+00  1.67829982e+00  2.44998000e+00  1.64555708e+00  2.44998000e+00  1.95391349e+00  2.44998000e+00  1.69282376e+00  2.44998000e+00  1.75270102e+00  2.44998000e+00  1.23563330e+00  2.44998000e+00  1.93444060e+00  2.44998000e+00  1.61168849e+00  2.44998000e+00  1.79239722e+00  2.44998000e+00  1.60760964e+00  2.44998000e+00  1.20000000e+00 
 2.50710000e+00  1.67829982e+00  2.50710000e+00  1.64555708e+00  2.50710000e+00  1.95391349e+00  2.50710000e+00  1.69282376e+00  2.50710000e+00  1.75270102e+00  2.50710000e+00  1.23563330e+00  2.50710000e+00  1.93444060e+00  2.50710000e+00  1.61168849e+00  2.50710000e+00  1.79239722e+00  2.50710000e+00  1.60760964e+00  2.50710000e+00  1.20000000e+00 
 2.59800000e+00  1.67829982e+00  2.59800000e+00  1.64555708e+00  2.59800000e+00  1.95391349e+00  2.59800000e+00  1.69282376e+00  2.59800000e+00  1.75270102e+00  2.59800000e+00  1.23563330e+00  2.59800000e+00  1.93444060e+00  2.59800000e+00  1.61168849e+00  2.59800000e+00  1.79239722e+00  2.59800000e+00  1.60760964e+00  2.59800000e+00  1.20000000e+00 
 2.60820000e+00  1.66890312e+00  2.60820000e+00  1.64883469e+00  2.60820000e+00  1.95969648e+00  2.60820000e+00  1.68097849e+00  2.60820000e+00  1.74261410e+00  2.60820000e+00  1.31898635e+00  2.60820000e+00  1.93334411e+00  2.60820000e+00  1.61517722e+00  2.60820000e+00  1.80416909e+00  2.60820000e+00  1.60270504e+00  2.60820000e+00  1.20000000e+00 
 2.62860000e+00  1.64425151e+00  2.62860000e+00  1.66161959e+00  2.62860000e+00  1.96797830e+00  2.62860000e+00  1.65444755e+00  2.62860000e+00  1.72325995e+00  2.62860000e+00  1.45921103e+00  2.62860000e+00  1.92877837e+00  2.62860000e+00  1.62032932e+00  2.62860000e+00  1.84080257e+00  2.62860000e+00  1.59592978e+00  2.62860000e+00  1.20000000e+00 
 2.66430000e+00  1.60406261e+00  2.66430000e+00  1.69993808e+00  2.66430000e+00  1.97229855e+00  2.66430000e+00  1.60896856e+00  2.66430000e+00  1.59804780e+00  2.66430000e+00  1.61923737e+00  2.66430000e+00  1.91045742e+00  2.66430000e+00  1.63636497e+00  2.66430000e+00  1.90548299e+00  2.66430000e+00  1.59001646e+00  2.66430000e+00  1.20000000e+00 
 2.70000000e+00  1.57898221e+00  2.70000000e+00  1.73735790e+00  2.70000000e+00  1.95965676e+00  2.70000000e+00  1.57820652e+00  2.70000000e+00  1.34323766e+00  2.70000000e+00  1.67441135e+00  2.70000000e+00  1.88133439e+00  2.70000000e+00  1.65943850e+00  2.70000000e+00  1.94544259e+00  2.70000000e+00  1.59380367e+00  2.70000000e+00  1.20000000e+00 
 2.70714000e+00  1.57898275e+00  2.70714000e+00  1.73735778e+00  2.70714000e+00  1.95965675e+00  2.70714000e+00  1.57820672e+00  2.70714000e+00  1.34323857e+00  2.70714000e+00  1.67441130e+00  2.70714000e+00  1.88133444e+00  2.70714000e+00  1.65943843e+00  2.70714000e+00  1.94544260e+00  2.70714000e+00  1.59380370e+00  2.70714000e+00  1.20000000e+00 
 2.72142000e+00  1.57898220e+00  2.72142000e+00  1.73735773e+00  2.72142000e+00  1.95965673e+00  2.72142000e+00  1.57820654e+00  2.72142000e+00  1.34323814e+00  2.72142000e+00  1.67441115e+00  2.72142000e+00  1.88133438e+00  2.72142000e+00  1.65943835e+00  2.72142000e+00  1.94544299e+00  2.72142000e+00  1.59380371e+00  2.72142000e+00  1.20000000e+00 
 2.74998000e+00  1.57898220e+00  2.74998000e+00  1.73735773e+00  2.74998000e+00  1.95965673e+00  2.74998000e+00  1.57820654e+00  2.74998000e+00  1.34323814e+00  2.74998000e+00  1.67441115e+00  2.74998000e+00  1.88133438e+00  2.74998000e+00  1.65943835e+00  2.74998000e+00  1.94544299e+00  2.74998000e+00  1.59380371e+00  2.74998000e+00  1.20000000e+00 
 2.80710000e+00  1.57898220e+00  2.80710000e+00  1.73735773e+00  2.80710000e+00  1.95965673e+00  2.80710000e+00  1.57820654e+00  2.80710000e+00  1.34323814e+00  2.80710000e+00  1.67441115e+00  2.80710000e+00  1.88133438e+00  2.80710000e+00  1.65943835e+00  2.80710000e+00  1.94544299e+00  2.80710000e+00  1.59380371e+00  2.80710000e+00  1.20000000e+00 
 2.89800000e+00  1.57898220e+00  2.89800000e+00  1.73735773e+00  2.89800000e+00  1.95965673e+00  2.89800000e+00  1.57820654e+00  2.89800000e+00  1.34323814e+00  2.89800000e+00  1.67441115e+00  2.89800000e+00  1.88133438e+00  2.89800000e+00  1.65943835e+00  2.89800000e+00  1.94544299e+00  2.89800000e+00  1.59380371e+00  2.89800000e+00  1.20000000e+00 
 2.90820000e+00  1.58676985e+00  2.90820000e+00  1.72579448e+00  2.90820000e+00  1.96791805e+00  2.90820000e+00  1.58797551e+00  2.90820000e+00  1.42912249e+00  2.90820000e+00  1.68698519e+00  2.90820000e+00  1.88115477e+00  2.90820000e+00  1.64919246e+00  2.90820000e+00  1.94810573e+00  2.90820000e+00  1.59429750e+00  2.90820000e+00  1.20000000e+00 
 2.92860000e+00  1.62554063e+00  2.92860000e+00  1.70817155e+00  2.92860000e+00  1.97192409e+00  2.92860000e+00  1.62032887e+00  2.92860000e+00  1.56982659e+00  2.92860000e+00  1.72758813e+00  2.92860000e+00  1.85614271e+00  2.92860000e+00  1.62575330e+00  2.92860000e+00  1.93503694e+00  2.92860000e+00  1.60130413e+00  2.92860000e+00  1.20000000e+00 
 2.96430000e+00  1.72688346e+00  2.96430000e+00  1.68689967e+00  2.96430000e+00  1.95148793e+00  2.96430000e+00  1.70179358e+00  2.96430000e+00  1.70340927e+00  2.96430000e+00  1.81928469e+00  2.96430000e+00  1.69797633e+00  2.96430000e+00  1.59061960e+00  2.96430000e+00  1.87056885e+00  2.96430000e+00  1.63082780e+00  2.96430000e+00  1.20000000e+00 
 3.00000000e+00  1.82230176e+00  3.00000000e+00  1.69198006e+00  3.00000000e+00  1.92275792e+00  3.00000000e+00  1.76911506e+00  3.00000000e+00  1.72316736e+00  3.00000000e+00  1.89333767e+00  3.00000000e+00  1.41956638e+00  3.00000000e+00  1.58982744e+00  3.00000000e+00  1.80575998e+00  3.00000000e+00  1.66734911e+00  3.00000000e+00  1.20000000e+00 
 3.00714000e+00  1.82230191e+00  3.00714000e+00  1.69196837e+00  3.00714000e+00  1.92274969e+00  3.00714000e+00  1.76912125e+00  3.00714000e+00  1.72317176e+00  3.00714000e+00  1.89333185e+00  3.00714000e+00  1.41956026e+00  3.00714000e+00  1.58981758e+00  3.00714000e+00  1.80575492e+00  3.00714000e+00  1.66735010e+00  3.00714000e+00  1.20000000e+00 
 3.02142000e+00  1.82230993e+00  3.02142000e+00  1.69196989e+00  3.02142000e+00  1.92275083e+00  3.02142000e+00  1.76912685e+00  3.02142000e+00  1.72317352e+00  3.02142000e+00  1.89334095e+00  3.02142000e+00  1.41956106e+00  3.02142000e+00  1.58981978e+00  3.02142000e+00  1.80575619e+00  3.02142000e+00  1.66735296e+00  3.02142000e+00  1.20000000e+00 
 3.04998000e+00  1.82230993e+00  3.04998000e+00  1.69196989e+00  3.04998000e+00  1.92275083e+00  3.04998000e+00  1.76912685e+00  3.04998000e+00  1.72317352e+00  3.04998000e+00  1.89334095e+00  3.04998000e+00  1.41956106e+00  3.04998000e+00  1.58981978e+00  3.04998000e+00  1.80575619e+00  3.04998000e+00  1.66735296e+00  3.04998000e+00  1.20000000e+00 
 3.10710000e+00  1.82230993e+00  3.10710000e+00  1.69196989e+00  3.10710000e+00  1.92275083e+00  3.10710000e+00  1.76912685e+00  3.10710000e+00  1.72317352e+00  3.10710000e+00  1.89334095e+00  3.10710000e+00  1.41956106e+00  3.10710000e+00  1.58981978e+00  3.10710000e+00  1.80575619e+00  3.10710000e+00  1.66735296e+00  3.10710000e+00  1.20000000e+00 
 3.19800000e+00  1.82230993e+00  3.19800000e+00  1.69196989e+00  3.19800000e+00  1.92275083e+00  3.19800000e+00  1.76912685e+00  3.19800000e+00  1.72317352e+00  3.19800000e+00  1.89334095e+00  3.19800000e+00  1.41956106e+00  3.19800000e+00  1.58981978e+00  3.19800000e+00  1.80575619e+00  3.19800000e+00  1.66735296e+00  3.19800000e+00  1.20000000e+00 
 3.20820000e+00  1.82563378e+00  3.20820000e+00  1.67991525e+00  3.20820000e+00  1.90906588e+00  3.20820000e+00  1.77104113e+00  3.20820000e+00  1.71481989e+00  3.20820000e+00  1.88781378e+00  3.20820000e+00  1.49606456e+00  3.20820000e+00  1.58476270e+00  3.20820000e+00  1.81047895e+00  3.20820000e+00  1.65843286e+00  3.20820000e+00  1.20000000e+00 
 3.22860000e+00  1.83288577e+00  3.22860000e+00  1.67009203e+00  3.22860000e+00  1.87534320e+00  3.22860000e+00  1.77687871e+00  3.22860000e+00  1.69562933e+00  3.22860000e+00  1.85941890e+00  3.22860000e+00  1.61136224e+00  3.22860000e+00  1.59468984e+00  3.22860000e+00  1.84213515e+00  3.22860000e+00  1.65530187e+00  3.22860000e+00  1.20000000e+00 
 3.26430000e+00  1.82632650e+00  3.26430000e+00  1.67832539e+00  3.26430000e+00  1.80989976e+00  3.26430000e+00  1.77885793e+00  3.26430000e+00  1.65767907e+00  3.26430000e+00  1.70224005e+00  3.26430000e+00  1.71812937e+00  3.26430000e+00  1.65153502e+00  3.26430000e+00  1.90891523e+00  3.26430000e+00  1.66539557e+00  3.26430000e+00  1.20000000e+00 
 3.30000000e+00  1.79649479e+00  3.30000000e+00  1.72322556e+00  3.30000000e+00  1.75956242e+00  3.30000000e+00  1.75145597e+00  3.30000000e+00  1.64087444e+00  3.30000000e+00  1.42718096e+00  3.30000000e+00  1.72804769e+00  3.30000000e+00  1.71835606e+00  3.30000000e+00  1.95580573e+00  3.30000000e+00  1.67508164e+00  3.30000000e+00  1.20000000e+00 
 3.30714000e+00  1.79649383e+00  3.30714000e+00  1.72322457e+00  3.30714000e+00  1.75956319e+00  3.30714000e+00  1.75145473e+00  3.30714000e+00  1.64087451e+00  3.30714000e+00  1.42718156e+00  3.30714000e+00  1.72804582e+00  3.30714000e+00  1.71835297e+00  3.30714000e+00  1.95580212e+00  3.30714000e+00  1.67508172e+00  3.30714000e+00  1.20000000e+00 
 3.32142000e+00  1.79649479e+00  3.32142000e+00  1.72322556e+00  3.32142000e+00  1.75956242e+00  3.32142000e+00  1.75145597e+00  3.32142000e+00  1.64087444e+00  3.32142000e+00  1.42718096e+00  3.32142000e+00  1.72804769e+00  3.32142000e+00  1.71835606e+00  3.32142000e+00  1.95580573e+00  3.32142000e+00  1.67508164e+00  3.32142000e+00  1.20000000e+00 
 3.34998000e+00  1.79649479e+00  3.34998000e+00  1.72322556e+00  3.34998000e+00  1.75956242e+00  3.34998000e+00  1.75145597e+00  3.34998000e+00  1.64087444e+00  3.34998000e+00  1.42718096e+00  3.34998000e+00  1.72804769e+00  3.34998000e+00  1.71835606e+00  3.34998000e+00  1.95580573e+00  3.34998000e+00  1.67508164e+00  3.34998000e+00  1.20000000e+00 
 3.40710000e+00  1.79649479e+00  3.40710000e+00  1.72322556e+00  3.40710000e+00  1.75956242e+00  3.40710000e+00  1.75145597e+00  3.40710000e+00  1.64087444e+00  3.40710000e+00  1.42718096e+00  3.40710000e+00  1.72804769e+00  3.40710000e+00  1.71835606e+00  3.40710000e+00  1.95580573e+00  3.40710000e+00  1.67508164e+00  3.40710000e+00  1.20000000e+00 
 3.49800000e+00  1.79649479e+00  3.49800000e+00  1.72322556e+00  3.49800000e+00  1.75956242e+00  3.49800000e+00  1.75145597e+00  3.49800000e+00  1.64087444e+00  3.49800000e+00  1.42718096e+00  3.49800000e+00  1.72804769e+00  3.49800000e+00  1.71835606e+00  3.49800000e+00  1.95580573e+00  3.49800000e+00  1.67508164e+00  3.49800000e+00  1.20000000e+00 
 3.50820000e+00  1.79973379e+00  3.50820000e+00  1.71474729e+00  3.50820000e+00  1.76017795e+00  3.50820000e+00  1.75259784e+00  3.50820000e+00  1.63399041e+00  3.50820000e+00  1.42557428e+00  3.50820000e+00  1.72669889e+00  3.50820000e+00  1.70427258e+00  3.50820000e+00  1.94288097e+00  3.50820000e+00  1.66788491e+00  3.50820000e+00  1.20000000e+00 
 3.52860000e+00  1.81344930e+00  3.52860000e+00  1.69666545e+00  3.52860000e+00  1.76512709e+00  3.52860000e+00  1.75025197e+00  3.52860000e+00  1.62523310e+00  3.52860000e+00  1.43033766e+00  3.52860000e+00  1.72151112e+00  3.52860000e+00  1.68024351e+00  3.52860000e+00  1.91917287e+00  3.52860000e+00  1.65641649e+00  3.52860000e+00  1.20000000e+00 
 3.56430000e+00  1.82972344e+00  3.56430000e+00  1.66933159e+00  3.56430000e+00  1.77977498e+00  3.56430000e+00  1.73729850e+00  3.56430000e+00  1.61031940e+00  3.56430000e+00  1.44503278e+00  3.56430000e+00  1.71658444e+00  3.56430000e+00  1.64254604e+00  3.56430000e+00  1.86861071e+00  3.56430000e+00  1.63561542e+00  3.56430000e+00  1.20000000e+00 
 3.60000000e+00  1.82745081e+00  3.60000000e+00  1.65476866e+00  3.60000000e+00  1.79995376e+00  3.60000000e+00  1.72462738e+00  3.60000000e+00  1.59622119e+00  3.60000000e+00  1.46858723e+00  3.60000000e+00  1.71866050e+00  3.60000000e+00  1.61629210e+00  3.60000000e+00  1.82058781e+00  3.60000000e+00  1.62238600e+00  3.60000000e+00  1.20000000e+00 
 3.60714000e+00  1.82745183e+00  3.60714000e+00  1.65476827e+00  3.60714000e+00  1.79995317e+00  3.60714000e+00  1.72462755e+00  3.60714000e+00  1.59622163e+00  3.60714000e+00  1.46858662e+00  3.60714000e+00  1.71865864e+00  3.60714000e+00  1.61629196e+00  3.60714000e+00  1.82058753e+00  3.60714000e+00  1.62238619e+00  3.60714000e+00  1.20000000e+00 
 3.62142000e+00  1.82745213e+00  3.62142000e+00  1.65476794e+00  3.62142000e+00  1.79995312e+00  3.62142000e+00  1.72462763e+00  3.62142000e+00  1.59622170e+00  3.62142000e+00  1.46858656e+00  3.62142000e+00  1.71865995e+00  3.62142000e+00  1.61629170e+00  3.62142000e+00  1.82058741e+00  3.62142000e+00  1.62238601e+00  3.62142000e+00  1.20000000e+00 
 3.64998000e+00  1.82745213e+00  3.64998000e+00  1.65476794e+00  3.64998000e+00  1.79995312e+00  3.64998000e+00  1.72462763e+00  3.64998000e+00  1.59622170e+00  3.64998000e+00  1.46858656e+00  3.64998000e+00  1.71865995e+00  3.64998000e+00  1.61629170e+00  3.64998000e+00  1.82058741e+00  3.64998000e+00  1.62238601e+00  3.64998000e+00  1.20000000e+00 
 3.70710000e+00  1.82745213e+00  3.70710000e+00  1.65476794e+00  3.70710000e+00  1.79995312e+00  3.70710000e+00  1.72462763e+00  3.70710000e+00  1.59622170e+00  3.70710000e+00  1.46858656e+00  3.70710000e+00  1.71865995e+00  3.70710000e+00  1.61629170e+00  3.70710000e+00  1.82058741e+00  3.70710000e+00  1.62238601e+00  3.70710000e+00  1.20000000e+00 
 3.79800000e+00  1.82745213e+00  3.79800000e+00  1.65476794e+00  3.79800000e+00  1.79995312e+00  3.79800000e+00  1.72462763e+00  3.79800000e+00  1.59622170e+00  3.79800000e+00  1.46858656e+00  3.79800000e+00  1.71865995e+00  3.79800000e+00  1.61629170e+00  3.79800000e+00  1.82058741e+00  3.79800000e+00  1.62238601e+00  3.79800000e+00  1.20000000e+00 
 3.80820000e+00  1.80628282e+00  3.80820000e+00  1.65182982e+00  3.80820000e+00  1.81529137e+00  3.80820000e+00  1.72810873e+00  3.80820000e+00  1.59007365e+00  3.80820000e+00  1.54340666e+00  3.80820000e+00  1.74723065e+00  3.80820000e+00  1.62795544e+00  3.80820000e+00  1.81933277e+00  3.80820000e+00  1.61362396e+00  3.80820000e+00  1.20000000e+00 
 3.82860000e+00  1.75357846e+00  3.82860000e+00  1.65828069e+00  3.82860000e+00  1.84779829e+00  3.82860000e+00  1.72000207e+00  3.82860000e+00  1.58742123e+00  3.82860000e+00  1.65911636e+00  3.82860000e+00  1.81823504e+00  3.82860000e+00  1.66369546e+00  3.82860000e+00  1.81939290e+00  3.82860000e+00  1.59767841e+00  3.82860000e+00  1.20000000e+00 
 3.86430000e+00  1.65743191e+00  3.86430000e+00  1.69923494e+00  3.86430000e+00  1.90777085e+00  3.86430000e+00  1.61479637e+00  3.86430000e+00  1.59914006e+00  3.86430000e+00  1.76251435e+00  3.86430000e+00  1.95075274e+00  3.86430000e+00  1.74661850e+00  3.86430000e+00  1.82183685e+00  3.86430000e+00  1.58770290e+00  3.86430000e+00  1.20000000e+00 
 3.90000000e+00  1.59350313e+00  3.90000000e+00  1.74913144e+00  3.90000000e+00  1.95061858e+00  3.90000000e+00  1.37840632e+00  3.90000000e+00  1.62235862e+00  3.90000000e+00  1.76669954e+00  3.90000000e+00  2.04539233e+00  3.90000000e+00  1.82068040e+00  3.90000000e+00  1.81852891e+00  3.90000000e+00  1.60073947e+00  3.90000000e+00  1.20000000e+00 
 3.90714000e+00  1.59350358e+00  3.90714000e+00  1.74913057e+00  3.90714000e+00  1.95061800e+00  3.90714000e+00  1.37840626e+00  3.90714000e+00  1.62235967e+00  3.90714000e+00  1.76669880e+00  3.90714000e+00  2.04538931e+00  3.90714000e+00  1.82067863e+00  3.90714000e+00  1.81852823e+00  3.90714000e+00  1.60073973e+00  3.90714000e+00  1.20000000e+00 
 3.92142000e+00  1.59350313e+00  3.92142000e+00  1.74913144e+00  3.92142000e+00  1.95061858e+00  3.92142000e+00  1.37840632e+00  3.92142000e+00  1.62235862e+00  3.92142000e+00  1.76669954e+00  3.92142000e+00  2.04539233e+00  3.92142000e+00  1.82068040e+00  3.92142000e+00  1.81852891e+00  3.92142000e+00  1.60073947e+00  3.92142000e+00  1.20000000e+00 
 3.94998000e+00  1.59350313e+00  3.94998000e+00  1.74913144e+00  3.94998000e+00  1.95061858e+00  3.94998000e+00  1.37840632e+00  3.94998000e+00  1.62235862e+00  3.94998000e+00  1.76669954e+00  3.94998000e+00  2.04539233e+00  3.94998000e+00  1.82068040e+00  3.94998000e+00  1.81852891e+00  3.94998000e+00  1.60073947e+00  3.94998000e+00  1.20000000e+00 
 4.00710000e+00  1.59350313e+00  4.00710000e+00  1.74913144e+00  4.00710000e+00  1.95061858e+00  4.00710000e+00  1.37840632e+00  4.00710000e+00  1.62235862e+00  4.00710000e+00  1.76669954e+00  4.00710000e+00  2.04539233e+00  4.00710000e+00  1.82068040e+00  4.00710000e+00  1.81852891e+00  4.00710000e+00  1.60073947e+00  4.00710000e+00  1.20000000e+00 
 4.09800000e+00  1.59350313e+00  4.09800000e+00  1.74913144e+00  4.09800000e+00  1.95061858e+00  4.09800000e+00  1.37840632e+00  4.09800000e+00  1.62235862e+00  4.09800000e+00  1.76669954e+00  4.09800000e+00  2.04539233e+00  4.09800000e+00  1.82068040e+00  4.09800000e+00  1.81852891e+00  4.09800000e+00  1.60073947e+00  4.09800000e+00  1.20000000e+00 
 4.10820000e+00  1.60568311e+00  4.10820000e+00  1.74374135e+00  4.10820000e+00  1.92622577e+00  4.10820000e+00  1.38703207e+00  4.10820000e+00  1.62507622e+00  4.10820000e+00  1.77160497e+00  4.10820000e+00  2.01879602e+00  4.10820000e+00  1.81992326e+00  4.10820000e+00  1.82199831e+00  4.10820000e+00  1.60853304e+00  4.10820000e+00  1.20000000e+00 
 4.12860000e+00  1.63871599e+00  4.12860000e+00  1.73482221e+00  4.12860000e+00  1.87300172e+00  4.12860000e+00  1.41068663e+00  4.12860000e+00  1.63741008e+00  4.12860000e+00  1.79454472e+00  4.12860000e+00  1.95901323e+00  4.12860000e+00  1.81972261e+00  4.12860000e+00  1.84075738e+00  4.12860000e+00  1.63144323e+00  4.12860000e+00  1.20000000e+00 
 4.16430000e+00  1.70141548e+00  4.16430000e+00  1.72391956e+00  4.16430000e+00  1.78205857e+00  4.16430000e+00  1.44335113e+00  4.16430000e+00  1.66221309e+00  4.16430000e+00  1.83962517e+00  4.16430000e+00  1.84868282e+00  4.16430000e+00  1.81473417e+00  4.16430000e+00  1.87247797e+00  4.16430000e+00  1.67412380e+00  4.16430000e+00  1.20000000e+00 
 4.20000000e+00  1.75432698e+00  4.20000000e+00  1.72035442e+00  4.20000000e+00  1.71178566e+00  4.20000000e+00  1.45644333e+00  4.20000000e+00  1.68661656e+00  4.20000000e+00  1.87227125e+00  4.20000000e+00  1.75496487e+00  4.20000000e+00  1.80428790e+00  4.20000000e+00  1.89242368e+00  4.20000000e+00  1.71028862e+00  4.20000000e+00  1.20000000e+00 
 4.20714000e+00  1.75432636e+00  4.20714000e+00  1.72035354e+00  4.20714000e+00  1.71178566e+00  4.20714000e+00  1.45644266e+00  4.20714000e+00  1.68661684e+00  4.20714000e+00  1.87227036e+00  4.20714000e+00  1.75496502e+00  4.20714000e+00  1.80428807e+00  4.20714000e+00  1.89242390e+00  4.20714000e+00  1.71028779e+00  4.20714000e+00  1.20000000e+00 
 4.22142000e+00  1.75432734e+00  4.22142000e+00  1.72035418e+00  4.22142000e+00  1.71178520e+00  4.22142000e+00  1.45644387e+00  4.22142000e+00  1.68661673e+00  4.22142000e+00  1.87227136e+00  4.22142000e+00  1.75496451e+00  4.22142000e+00  1.80428799e+00  4.22142000e+00  1.89242379e+00  4.22142000e+00  1.71028892e+00  4.22142000e+00  1.20000000e+00 
 4.24998000e+00  1.75432734e+00  4.24998000e+00  1.72035418e+00  4.24998000e+00  1.71178520e+00  4.24998000e+00  1.45644387e+00  4.24998000e+00  1.68661673e+00  4.24998000e+00  1.87227136e+00  4.24998000e+00  1.75496451e+00  4.24998000e+00  1.80428799e+00  4.24998000e+00  1.89242379e+00  4.24998000e+00  1.71028892e+00  4.24998000e+00  1.20000000e+00 
 4.30710000e+00  1.75432734e+00  4.30710000e+00  1.72035418e+00  4.30710000e+00  1.71178520e+00  4.30710000e+00  1.45644387e+00  4.30710000e+00  1.68661673e+00  4.30710000e+00  1.87227136e+00  4.30710000e+00  1.75496451e+00  4.30710000e+00  1.80428799e+00  4.30710000e+00  1.89242379e+00  4.30710000e+00  1.71028892e+00  4.30710000e+00  1.20000000e+00 
 4.39800000e+00  1.75432734e+00  4.39800000e+00  1.72035418e+00  4.39800000e+00  1.71178520e+00  4.39800000e+00  1.45644387e+00  4.39800000e+00  1.68661673e+00  4.39800000e+00  1.87227136e+00  4.39800000e+00  1.75496451e+00  4.39800000e+00  1.80428799e+00  4.39800000e+00  1.89242379e+00  4.39800000e+00  1.71028892e+00  4.39800000e+00  1.20000000e+00 
 4.40820000e+00  1.74648973e+00  4.40820000e+00  1.71568285e+00  4.40820000e+00  1.71905763e+00  4.40820000e+00  1.53788510e+00  4.40820000e+00  1.67884033e+00  4.40820000e+00  1.86518576e+00  4.40820000e+00  1.76270361e+00  4.40820000e+00  1.78723335e+00  4.40820000e+00  1.88933348e+00  4.40820000e+00  1.70513622e+00  4.40820000e+00  1.20000000e+00 
 4.42860000e+00  1.72250244e+00  4.42860000e+00  1.70513500e+00  4.42860000e+00  1.73114623e+00  4.42860000e+00  1.65841805e+00  4.42860000e+00  1.66028569e+00  4.42860000e+00  1.83776257e+00  4.42860000e+00  1.78011177e+00  4.42860000e+00  1.74432904e+00  4.42860000e+00  1.87167486e+00  4.42860000e+00  1.69215908e+00  4.42860000e+00  1.20000000e+00 
 4.46430000e+00  1.67303208e+00  4.46430000e+00  1.69982991e+00  4.46430000e+00  1.69631305e+00  4.46430000e+00  1.75210493e+00  4.46430000e+00  1.62794763e+00  4.46430000e+00  1.78016891e+00  4.46430000e+00  1.82851439e+00  4.46430000e+00  1.67677291e+00  4.46430000e+00  1.83567924e+00  4.46430000e+00  1.68624518e+00  4.46430000e+00  1.20000000e+00 
 4.50000000e+00  1.64419248e+00  4.50000000e+00  1.70924534e+00  4.50000000e+00  1.54779334e+00  4.50000000e+00  1.72522212e+00  4.50000000e+00  1.61883428e+00  4.50000000e+00  1.72559169e+00  4.50000000e+00  1.87562167e+00  4.50000000e+00  1.62709705e+00  4.50000000e+00  1.79393762e+00  4.50000000e+00  1.69048878e+00  4.50000000e+00  1.20000000e+00 
 4.50714000e+00  1.64419038e+00  4.50714000e+00  1.70924074e+00  4.50714000e+00  1.54778785e+00  4.50714000e+00  1.72522707e+00  4.50714000e+00  1.61883237e+00  4.50714000e+00  1.72559181e+00  4.50714000e+00  1.87561637e+00  4.50714000e+00  1.62709476e+00  4.50714000e+00  1.79393751e+00  4.50714000e+00  1.69048867e+00  4.50714000e+00  1.20000000e+00 
 4.52142000e+00  1.64419058e+00  4.52142000e+00  1.70924158e+00  4.52142000e+00  1.54779069e+00  4.52142000e+00  1.72522621e+00  4.52142000e+00  1.61883257e+00  4.52142000e+00  1.72558956e+00  4.52142000e+00  1.87561993e+00  4.52142000e+00  1.62709410e+00  4.52142000e+00  1.79393730e+00  4.52142000e+00  1.69048891e+00  4.52142000e+00  1.20000000e+00 
 4.54998000e+00  1.64419058e+00  4.54998000e+00  1.70924158e+00  4.54998000e+00  1.54779069e+00  4.54998000e+00  1.72522621e+00  4.54998000e+00  1.61883257e+00  4.54998000e+00  1.72558956e+00  4.54998000e+00  1.87561993e+00  4.54998000e+00  1.62709410e+00  4.54998000e+00  1.79393730e+00  4.54998000e+00  1.69048891e+00  4.54998000e+00  1.20000000e+00 
 4.60710000e+00  1.64419058e+00  4.60710000e+00  1.70924158e+00  4.60710000e+00  1.54779069e+00  4.60710000e+00  1.72522621e+00  4.60710000e+00  1.61883257e+00  4.60710000e+00  1.72558956e+00  4.60710000e+00  1.87561993e+00  4.60710000e+00  1.62709410e+00  4.60710000e+00  1.79393730e+00  4.60710000e+00  1.69048891e+00  4.60710000e+00  1.20000000e+00 
 4.69800000e+00  1.64419058e+00  4.69800000e+00  1.70924158e+00  4.69800000e+00  1.54779069e+00  4.69800000e+00  1.72522621e+00  4.69800000e+00  1.61883257e+00  4.69800000e+00  1.72558956e+00  4.69800000e+00  1.87561993e+00  4.69800000e+00  1.62709410e+00  4.69800000e+00  1.79393730e+00  4.69800000e+00  1.69048891e+00  4.69800000e+00  1.20000000e+00 
 4.70820000e+00  1.65021520e+00  4.70820000e+00  1.72257849e+00  4.70820000e+00  1.63756492e+00  4.70820000e+00  1.70976772e+00  4.70820000e+00  1.61460379e+00  4.70820000e+00  1.72563534e+00  4.70820000e+00  1.88141680e+00  4.70820000e+00  1.63637744e+00  4.70820000e+00  1.80166355e+00  4.70820000e+00  1.68149480e+00  4.70820000e+00  1.20000000e+00 
 4.72860000e+00  1.67562062e+00  4.72860000e+00  1.75697409e+00  4.72860000e+00  1.78498790e+00  4.72860000e+00  1.67188155e+00  4.72860000e+00  1.61462767e+00  4.72860000e+00  1.72972980e+00  4.72860000e+00  1.89563374e+00  4.72860000e+00  1.64785250e+00  4.72860000e+00  1.82204240e+00  4.72860000e+00  1.65900558e+00  4.72860000e+00  1.20000000e+00 
 4.76430000e+00  1.72937239e+00  4.76430000e+00  1.83261635e+00  4.76430000e+00  1.94597685e+00  4.76430000e+00  1.59805711e+00  4.76430000e+00  1.62825254e+00  4.76430000e+00  1.74649775e+00  4.76430000e+00  1.91725792e+00  4.76430000e+00  1.58666524e+00  4.76430000e+00  1.86811686e+00  4.76430000e+00  1.61986539e+00  4.76430000e+00  1.20000000e+00 
 4.80000000e+00  1.77583356e+00  4.80000000e+00  1.90909441e+00  4.80000000e+00  1.98465949e+00  4.80000000e+00  1.54810300e+00  4.80000000e+00  1.64845477e+00  4.80000000e+00  1.76481154e+00  4.80000000e+00  1.92437563e+00  4.80000000e+00  1.39702077e+00  4.80000000e+00  1.89745866e+00  4.80000000e+00  1.59971926e+00  4.80000000e+00  1.20000000e+00 
 4.80714000e+00  1.77583271e+00  4.80714000e+00  1.90909426e+00  4.80714000e+00  1.98466087e+00  4.80714000e+00  1.54810580e+00  4.80714000e+00  1.64845567e+00  4.80714000e+00  1.76481075e+00  4.80714000e+00  1.92437701e+00  4.80714000e+00  1.39701934e+00  4.80714000e+00  1.89745708e+00  4.80714000e+00  1.59972110e+00  4.80714000e+00  1.20000000e+00 
 4.82142000e+00  1.77583356e+00  4.82142000e+00  1.90909441e+00  4.82142000e+00  1.98465949e+00  4.82142000e+00  1.54810300e+00  4.82142000e+00  1.64845477e+00  4.82142000e+00  1.76481154e+00  4.82142000e+00  1.92437563e+00  4.82142000e+00  1.39702077e+00  4.82142000e+00  1.89745866e+00  4.82142000e+00  1.59971926e+00  4.82142000e+00  1.20000000e+00 
 4.84998000e+00  1.77583356e+00  4.84998000e+00  1.90909441e+00  4.84998000e+00  1.98465949e+00  4.84998000e+00  1.54810300e+00  4.84998000e+00  1.64845477e+00  4.84998000e+00  1.76481154e+00  4.84998000e+00  1.92437563e+00  4.84998000e+00  1.39702077e+00  4.84998000e+00  1.89745866e+00  4.84998000e+00  1.59971926e+00  4.84998000e+00  1.20000000e+00 
 4.90710000e+00  1.77583356e+00  4.90710000e+00  1.90909441e+00  4.90710000e+00  1.98465949e+00  4.90710000e+00  1.54810300e+00  4.90710000e+00  1.64845477e+00  4.90710000e+00  1.76481154e+00  4.90710000e+00  1.92437563e+00  4.90710000e+00  1.39702077e+00  4.90710000e+00  1.89745866e+00  4.90710000e+00  1.59971926e+00  4.90710000e+00  1.20000000e+00 
 4.99800000e+00  1.77583356e+00  4.99800000e+00  1.90909441e+00  4.99800000e+00  1.98465949e+00  4.99800000e+00  1.54810300e+00  4.99800000e+00  1.64845477e+00  4.99800000e+00  1.76481154e+00  4.99800000e+00  1.92437563e+00  4.99800000e+00  1.39702077e+00  4.99800000e+00  1.89745866e+00  4.99800000e+00  1.59971926e+00  4.99800000e+00  1.20000000e+00 
 5.00820000e+00  1.75288056e+00  5.00820000e+00  1.86855183e+00  5.00820000e+00  1.97688800e+00  5.00820000e+00  1.55640297e+00  5.00820000e+00  1.66632218e+00  5.00820000e+00  1.74892289e+00  5.00820000e+00  1.92674290e+00  5.00820000e+00  1.46357609e+00  5.00820000e+00  1.89290362e+00  5.00820000e+00  1.60157424e+00  5.00820000e+00  1.20000000e+00 
 5.02860000e+00  1.69396031e+00  5.02860000e+00  1.78234642e+00  5.02860000e+00  1.95891550e+00  5.02860000e+00  1.58015625e+00  5.02860000e+00  1.72031077e+00  5.02860000e+00  1.71718896e+00  5.02860000e+00  1.92392537e+00  5.02860000e+00  1.56231598e+00  5.02860000e+00  1.87973763e+00  5.02860000e+00  1.59663276e+00  5.02860000e+00  1.20000000e+00 
 5.06430000e+00  1.60064489e+00  5.06430000e+00  1.66479517e+00  5.06430000e+00  1.91195901e+00  5.06430000e+00  1.62565897e+00  5.06430000e+00  1.78736773e+00  5.06430000e+00  1.67895295e+00  5.06430000e+00  1.89829392e+00  5.06430000e+00  1.65058515e+00  5.06430000e+00  1.83811514e+00  5.06430000e+00  1.49739695e+00  5.06430000e+00  1.20000000e+00 
 5.10000000e+00  1.59203877e+00  5.10000000e+00  1.63609311e+00  5.10000000e+00  1.85576582e+00  5.10000000e+00  1.66310000e+00  5.10000000e+00  1.79348076e+00  5.10000000e+00  1.68233756e+00  5.10000000e+00  1.84770805e+00  5.10000000e+00  1.67251615e+00  5.10000000e+00  1.79480186e+00  5.10000000e+00  1.27974487e+00  5.10000000e+00  1.20000000e+00 
 5.10714000e+00  1.59202793e+00  5.10714000e+00  1.63607373e+00  5.10714000e+00  1.85575634e+00  5.10714000e+00  1.66310817e+00  5.10714000e+00  1.79350134e+00  5.10714000e+00  1.68232362e+00  5.10714000e+00  1.84770355e+00  5.10714000e+00  1.67250531e+00  5.10714000e+00  1.79479289e+00  5.10714000e+00  1.27974665e+00  5.10714000e+00  1.20000000e+00 
 5.12142000e+00  1.59202762e+00  5.12142000e+00  1.63607378e+00  5.12142000e+00  1.85575651e+00  5.12142000e+00  1.66310912e+00  5.12142000e+00  1.79350294e+00  5.12142000e+00  1.68232487e+00  5.12142000e+00  1.84770539e+00  5.12142000e+00  1.67250659e+00  5.12142000e+00  1.79479800e+00  5.12142000e+00  1.27974831e+00  5.12142000e+00  1.20000000e+00 
 5.14998000e+00  1.59202762e+00  5.14998000e+00  1.63607378e+00  5.14998000e+00  1.85575651e+00  5.14998000e+00  1.66310912e+00  5.14998000e+00  1.79350294e+00  5.14998000e+00  1.68232487e+00  5.14998000e+00  1.84770539e+00  5.14998000e+00  1.67250659e+00  5.14998000e+00  1.79479800e+00  5.14998000e+00  1.27974831e+00  5.14998000e+00  1.20000000e+00 
 5.20710000e+00  1.59202762e+00  5.20710000e+00  1.63607378e+00  5.20710000e+00  1.85575651e+00  5.20710000e+00  1.66310912e+00  5.20710000e+00  1.79350294e+00  5.20710000e+00  1.68232487e+00  5.20710000e+00  1.84770539e+00  5.20710000e+00  1.67250659e+00  5.20710000e+00  1.79479800e+00  5.20710000e+00  1.27974831e+00  5.20710000e+00  1.20000000e+00 
 5.29800000e+00  1.59202762e+00  5.29800000e+00  1.63607378e+00  5.29800000e+00  1.85575651e+00  5.29800000e+00  1.66310912e+00  5.29800000e+00  1.79350294e+00  5.29800000e+00  1.68232487e+00  5.29800000e+00  1.84770539e+00  5.29800000e+00  1.67250659e+00  5.29800000e+00  1.79479800e+00  5.29800000e+00  1.27974831e+00  5.29800000e+00  1.20000000e+00 
 5.30820000e+00  1.58458928e+00  5.30820000e+00  1.62824847e+00  5.30820000e+00  1.87045577e+00  5.30820000e+00  1.66363790e+00  5.30820000e+00  1.79233384e+00  5.30820000e+00  1.67614272e+00  5.30820000e+00  1.86602164e+00  5.30820000e+00  1.66955611e+00  5.30820000e+00  1.79672398e+00  5.30820000e+00  1.35990361e+00  5.30820000e+00  1.20000000e+00 
 5.32860000e+00  1.57839373e+00  5.32860000e+00  1.60831227e+00  5.32860000e+00  1.90534664e+00  5.32860000e+00  1.66790500e+00  5.32860000e+00  1.77378107e+00  5.32860000e+00  1.66281308e+00  5.32860000e+00  1.90487314e+00  5.32860000e+00  1.67553190e+00  5.32860000e+00  1.79390519e+00  5.32860000e+00  1.49663972e+00  5.32860000e+00  1.20000000e+00 
 5.36430000e+00  1.59467915e+00  5.36430000e+00  1.50966149e+00  5.36430000e+00  1.96295710e+00  5.36430000e+00  1.68385187e+00  5.36430000e+00  1.69956684e+00  5.36430000e+00  1.64841884e+00  5.36430000e+00  1.96276050e+00  5.36430000e+00  1.70933566e+00  5.36430000e+00  1.77761969e+00  5.36430000e+00  1.64933430e+00  5.36430000e+00  1.20000000e+00 
 5.40000000e+00  1.63946751e+00  5.40000000e+00  1.33031033e+00  5.40000000e+00  1.99772617e+00  5.40000000e+00  1.69779182e+00  5.40000000e+00  1.63767678e+00  5.40000000e+00  1.65486775e+00  5.40000000e+00  1.99214703e+00  5.40000000e+00  1.74755742e+00  5.40000000e+00  1.76883633e+00  5.40000000e+00  1.69787227e+00  5.40000000e+00  1.20000000e+00 
 5.40714000e+00  1.63946727e+00  5.40714000e+00  1.33030705e+00  5.40714000e+00  1.99772388e+00  5.40714000e+00  1.69778810e+00  5.40714000e+00  1.63767841e+00  5.40714000e+00  1.65486793e+00  5.40714000e+00  1.99214605e+00  5.40714000e+00  1.74755577e+00  5.40714000e+00  1.76883670e+00  5.40714000e+00  1.69786997e+00  5.40714000e+00  1.20000000e+00 
 5.42142000e+00  1.63946751e+00  5.42142000e+00  1.33031033e+00  5.42142000e+00  1.99772617e+00  5.42142000e+00  1.69779182e+00  5.42142000e+00  1.63767678e+00  5.42142000e+00  1.65486775e+00  5.42142000e+00  1.99214703e+00  5.42142000e+00  1.74755742e+00  5.42142000e+00  1.76883633e+00  5.42142000e+00  1.69787227e+00  5.42142000e+00  1.20000000e+00 
 5.44998000e+00  1.63946751e+00  5.44998000e+00  1.33031033e+00  5.44998000e+00  1.99772617e+00  5.44998000e+00  1.69779182e+00  5.44998000e+00  1.63767678e+00  5.44998000e+00  1.65486775e+00  5.44998000e+00  1.99214703e+00  5.44998000e+00  1.74755742e+00  5.44998000e+00  1.76883633e+00  5.44998000e+00  1.69787227e+00  5.44998000e+00  1.20000000e+00 
 5.50710000e+00  1.63946751e+00  5.50710000e+00  1.33031033e+00  5.50710000e+00  1.99772617e+00  5.50710000e+00  1.69779182e+00  5.50710000e+00  1.63767678e+00  5.50710000e+00  1.65486775e+00  5.50710000e+00  1.99214703e+00  5.50710000e+00  1.74755742e+00  5.50710000e+00  1.76883633e+00  5.50710000e+00  1.69787227e+00  5.50710000e+00  1.20000000e+00 
 5.59800000e+00  1.63946751e+00  5.59800000e+00  1.33031033e+00  5.59800000e+00  1.99772617e+00  5.59800000e+00  1.69779182e+00  5.59800000e+00  1.63767678e+00  5.59800000e+00  1.65486775e+00  5.59800000e+00  1.99214703e+00  5.59800000e+00  1.74755742e+00  5.59800000e+00  1.76883633e+00  5.59800000e+00  1.69787227e+00  5.59800000e+00  1.20000000e+00 
 5.60820000e+00  1.64914390e+00  5.60820000e+00  1.40540883e+00  5.60820000e+00  1.98667330e+00  5.60820000e+00  1.71006350e+00  5.60820000e+00  1.62991184e+00  5.60820000e+00  1.66367676e+00  5.60820000e+00  1.97890994e+00  5.60820000e+00  1.74495360e+00  5.60820000e+00  1.78049697e+00  5.60820000e+00  1.69064515e+00  5.60820000e+00  1.20000000e+00 
 5.62860000e+00  1.66323092e+00  5.62860000e+00  1.53407363e+00  5.62860000e+00  1.95645626e+00  5.62860000e+00  1.74134245e+00  5.62860000e+00  1.62731360e+00  5.62860000e+00  1.69659294e+00  5.62860000e+00  1.95003624e+00  5.62860000e+00  1.73728876e+00  5.62860000e+00  1.81996805e+00  5.62860000e+00  1.67458871e+00  5.62860000e+00  1.20000000e+00 
 5.66430000e+00  1.60328495e+00  5.66430000e+00  1.69014284e+00  5.66430000e+00  1.88586665e+00  5.66430000e+00  1.78866218e+00  5.66430000e+00  1.63781732e+00  5.66430000e+00  1.77494584e+00  5.66430000e+00  1.88032982e+00  5.66430000e+00  1.72195506e+00  5.66430000e+00  1.89560990e+00  5.66430000e+00  1.64713932e+00  5.66430000e+00  1.20000000e+00 
 5.70000000e+00  1.39552500e+00  5.70000000e+00  1.74514303e+00  5.70000000e+00  1.83301304e+00  5.70000000e+00  1.80268071e+00  5.70000000e+00  1.65003105e+00  5.70000000e+00  1.83343632e+00  5.70000000e+00  1.82143989e+00  5.70000000e+00  1.72275845e+00  5.70000000e+00  1.93911834e+00  5.70000000e+00  1.63969680e+00  5.70000000e+00  1.20000000e+00 
 5.70714000e+00  1.39552258e+00  5.70714000e+00  1.74514222e+00  5.70714000e+00  1.83301429e+00  5.70714000e+00  1.80267781e+00  5.70714000e+00  1.65003161e+00  5.70714000e+00  1.83343123e+00  5.70714000e+00  1.82144084e+00  5.70714000e+00  1.72275828e+00  5.70714000e+00  1.93911781e+00  5.70714000e+00  1.63969484e+00  5.70714000e+00  1.20000000e+00 
 5.72142000e+00  1.39552500e+00  5.72142000e+00  1.74514303e+00  5.72142000e+00  1.83301304e+00  5.72142000e+00  1.80268071e+00  5.72142000e+00  1.65003105e+00  5.72142000e+00  1.83343632e+00  5.72142000e+00  1.82143989e+00  5.72142000e+00  1.72275845e+00  5.72142000e+00  1.93911834e+00  5.72142000e+00  1.63969680e+00  5.72142000e+00  1.20000000e+00 
 5.74998000e+00  1.39552500e+00  5.74998000e+00  1.74514303e+00  5.74998000e+00  1.83301304e+00  5.74998000e+00  1.80268071e+00  5.74998000e+00  1.65003105e+00  5.74998000e+00  1.83343632e+00  5.74998000e+00  1.82143989e+00  5.74998000e+00  1.72275845e+00  5.74998000e+00  1.93911834e+00  5.74998000e+00  1.63969680e+00  5.74998000e+00  1.20000000e+00 
 5.80710000e+00  1.39552500e+00  5.80710000e+00  1.74514303e+00  5.80710000e+00  1.83301304e+00  5.80710000e+00  1.80268071e+00  5.80710000e+00  1.65003105e+00  5.80710000e+00  1.83343632e+00  5.80710000e+00  1.82143989e+00  5.80710000e+00  1.72275845e+00  5.80710000e+00  1.93911834e+00  5.80710000e+00  1.63969680e+00  5.80710000e+00  1.20000000e+00 
 5.89800000e+00  1.39552500e+00  5.89800000e+00  1.74514303e+00  5.89800000e+00  1.83301304e+00  5.89800000e+00  1.80268071e+00  5.89800000e+00  1.65003105e+00  5.89800000e+00  1.83343632e+00  5.89800000e+00  1.82143989e+00  5.89800000e+00  1.72275845e+00  5.89800000e+00  1.93911834e+00  5.89800000e+00  1.63969680e+00  5.89800000e+00  1.20000000e+00 
 5.90820000e+00  1.46822934e+00  5.90820000e+00  1.75205192e+00  5.90820000e+00  1.84945690e+00  5.90820000e+00  1.78992672e+00  5.90820000e+00  1.64429099e+00  5.90820000e+00  1.82340407e+00  5.90820000e+00  1.83378686e+00  5.90820000e+00  1.71997486e+00  5.90820000e+00  1.94237990e+00  5.90820000e+00  1.62931756e+00  5.90820000e+00  1.20000000e+00 
 5.92860000e+00  1.57393058e+00  5.92860000e+00  1.77071943e+00  5.92860000e+00  1.89650728e+00  5.92860000e+00  1.75214698e+00  5.92860000e+00  1.63313343e+00  5.92860000e+00  1.79190592e+00  5.92860000e+00  1.86622267e+00  5.92860000e+00  1.72715935e+00  5.92860000e+00  1.94751720e+00  5.92860000e+00  1.59899494e+00  5.92860000e+00  1.20000000e+00 
 5.96430000e+00  1.64539612e+00  5.96430000e+00  1.80958947e+00  5.96430000e+00  1.99270223e+00  5.96430000e+00  1.66601281e+00  5.96430000e+00  1.61166228e+00  5.96430000e+00  1.72351139e+00  5.96430000e+00  1.93062058e+00  5.96430000e+00  1.75125955e+00  5.96430000e+00  1.93448864e+00  5.96430000e+00  1.46740071e+00  5.96430000e+00  1.20000000e+00 
 6.00000000e+00  1.61741051e+00  6.00000000e+00  1.84625976e+00  6.00000000e+00  2.06254926e+00  6.00000000e+00  1.59803338e+00  6.00000000e+00  1.60263803e+00  6.00000000e+00  1.67910101e+00  6.00000000e+00  1.97457473e+00  6.00000000e+00  1.77674065e+00  6.00000000e+00  1.90492254e+00  6.00000000e+00  1.23463487e+00  6.00000000e+00  1.20000000e+00 
 6.00714000e+00  1.61741056e+00  6.00714000e+00  1.84625956e+00  6.00714000e+00  2.06254849e+00  6.00714000e+00  1.59803361e+00  6.00714000e+00  1.60263844e+00  6.00714000e+00  1.67910168e+00  6.00714000e+00  1.97457207e+00  6.00714000e+00  1.77674069e+00  6.00714000e+00  1.90492104e+00  6.00714000e+00  1.23463483e+00  6.00714000e+00  1.20000000e+00 
 6.02142000e+00  1.61741051e+00  6.02142000e+00  1.84625976e+00  6.02142000e+00  2.06254926e+00  6.02142000e+00  1.59803338e+00  6.02142000e+00  1.60263803e+00  6.02142000e+00  1.67910101e+00  6.02142000e+00  1.97457473e+00  6.02142000e+00  1.77674065e+00  6.02142000e+00  1.90492254e+00  6.02142000e+00  1.23463487e+00  6.02142000e+00  1.20000000e+00 
 6.04998000e+00  1.61741051e+00  6.04998000e+00  1.84625976e+00  6.04998000e+00  2.06254926e+00  6.04998000e+00  1.59803338e+00  6.04998000e+00  1.60263803e+00  6.04998000e+00  1.67910101e+00  6.04998000e+00  1.97457473e+00  6.04998000e+00  1.77674065e+00  6.04998000e+00  1.90492254e+00  6.04998000e+00  1.23463487e+00  6.04998000e+00  1.20000000e+00 
 6.10710000e+00  1.61741051e+00  6.10710000e+00  1.84625976e+00  6.10710000e+00  2.06254926e+00  6.10710000e+00  1.59803338e+00  6.10710000e+00  1.60263803e+00  6.10710000e+00  1.67910101e+00  6.10710000e+00  1.97457473e+00  6.10710000e+00  1.77674065e+00  6.10710000e+00  1.90492254e+00  6.10710000e+00  1.23463487e+00  6.10710000e+00  1.20000000e+00 
 6.19800000e+00  1.61741051e+00  6.19800000e+00  1.84625976e+00  6.19800000e+00  2.06254926e+00  6.19800000e+00  1.59803338e+00  6.19800000e+00  1.60263803e+00  6.19800000e+00  1.67910101e+00  6.19800000e+00  1.97457473e+00  6.19800000e+00  1.77674065e+00  6.19800000e+00  1.90492254e+00  6.19800000e+00  1.23463487e+00  6.19800000e+00  1.20000000e+00 
 6.20820000e+00  1.63061059e+00  6.20820000e+00  1.82726979e+00  6.20820000e+00  2.05961249e+00  6.20820000e+00  1.59693877e+00  6.20820000e+00  1.60526768e+00  6.20820000e+00  1.68575562e+00  6.20820000e+00  1.96076889e+00  6.20820000e+00  1.77540728e+00  6.20820000e+00  1.89664798e+00  6.20820000e+00  1.23635402e+00  6.20820000e+00  1.20000000e+00 
 6.22860000e+00  1.66550085e+00  6.22860000e+00  1.79094394e+00  6.22860000e+00  2.04996236e+00  6.22860000e+00  1.59650826e+00  6.22860000e+00  1.61905556e+00  6.22860000e+00  1.70231760e+00  6.22860000e+00  1.93273074e+00  6.22860000e+00  1.77250097e+00  6.22860000e+00  1.88022843e+00  6.22860000e+00  1.24022346e+00  6.22860000e+00  1.20000000e+00 
 6.26430000e+00  1.72711284e+00  6.26430000e+00  1.73709446e+00  6.26430000e+00  2.02167711e+00  6.26430000e+00  1.59972547e+00  6.26430000e+00  1.64762050e+00  6.26430000e+00  1.73168193e+00  6.26430000e+00  1.88287690e+00  6.26430000e+00  1.76399479e+00  6.26430000e+00  1.84925122e+00  6.26430000e+00  1.24802938e+00  6.26430000e+00  1.20000000e+00 
 6.30000000e+00  1.77208017e+00  6.30000000e+00  1.70746943e+00  6.30000000e+00  1.97979724e+00  6.30000000e+00  1.60857158e+00  6.30000000e+00  1.67438584e+00  6.30000000e+00  1.75382408e+00  6.30000000e+00  1.83871331e+00  6.30000000e+00  1.75450663e+00  6.30000000e+00  1.82442055e+00  6.30000000e+00  1.25969198e+00  6.30000000e+00  1.20000000e+00 
 6.30714000e+00  1.77207959e+00  6.30714000e+00  1.70746938e+00  6.30714000e+00  1.97979725e+00  6.30714000e+00  1.60857102e+00  6.30714000e+00  1.67438571e+00  6.30714000e+00  1.75382387e+00  6.30714000e+00  1.83871329e+00  6.30714000e+00  1.75450613e+00  6.30714000e+00  1.82442048e+00  6.30714000e+00  1.25969195e+00  6.30714000e+00  1.20000000e+00 
 6.32142000e+00  1.77208027e+00  6.32142000e+00  1.70746931e+00  6.32142000e+00  1.97979724e+00  6.32142000e+00  1.60857160e+00  6.32142000e+00  1.67438587e+00  6.32142000e+00  1.75382408e+00  6.32142000e+00  1.83871325e+00  6.32142000e+00  1.75450663e+00  6.32142000e+00  1.82442049e+00  6.32142000e+00  1.25969198e+00  6.32142000e+00  1.20000000e+00 
 6.34998000e+00  1.77208027e+00  6.34998000e+00  1.70746931e+00  6.34998000e+00  1.97979724e+00  6.34998000e+00  1.60857160e+00  6.34998000e+00  1.67438587e+00  6.34998000e+00  1.75382408e+00  6.34998000e+00  1.83871325e+00  6.34998000e+00  1.75450663e+00  6.34998000e+00  1.82442049e+00  6.34998000e+00  1.25969198e+00  6.34998000e+00  1.20000000e+00 
 6.40710000e+00  1.77208027e+00  6.40710000e+00  1.70746931e+00  6.40710000e+00  1.97979724e+00  6.40710000e+00  1.60857160e+00  6.40710000e+00  1.67438587e+00  6.40710000e+00  1.75382408e+00  6.40710000e+00  1.83871325e+00  6.40710000e+00  1.75450663e+00  6.40710000e+00  1.82442049e+00  6.40710000e+00  1.25969198e+00  6.40710000e+00  1.20000000e+00 
 6.49800000e+00  1.77208027e+00  6.49800000e+00  1.70746931e+00  6.49800000e+00  1.97979724e+00  6.49800000e+00  1.60857160e+00  6.49800000e+00  1.67438587e+00  6.49800000e+00  1.75382408e+00  6.49800000e+00  1.83871325e+00  6.49800000e+00  1.75450663e+00  6.49800000e+00  1.82442049e+00  6.49800000e+00  1.25969198e+00  6.49800000e+00  1.20000000e+00 
 6.50820000e+00  1.76289852e+00  6.50820000e+00  1.70348034e+00  6.50820000e+00  1.98726114e+00  6.50820000e+00  1.60435290e+00  6.50820000e+00  1.67120323e+00  6.50820000e+00  1.74853189e+00  6.50820000e+00  1.84570943e+00  6.50820000e+00  1.74967319e+00  6.50820000e+00  1.83705206e+00  6.50820000e+00  1.33797641e+00  6.50820000e+00  1.20000000e+00 
 6.52860000e+00  1.73029620e+00  6.52860000e+00  1.69109628e+00  6.52860000e+00  1.99237652e+00  6.52860000e+00  1.59798625e+00  6.52860000e+00  1.67140145e+00  6.52860000e+00  1.73077320e+00  6.52860000e+00  1.86027389e+00  6.52860000e+00  1.73101499e+00  6.52860000e+00  1.86577795e+00  6.52860000e+00  1.46372964e+00  6.52860000e+00  1.20000000e+00 
 6.56430000e+00  1.64590488e+00  6.56430000e+00  1.59218405e+00  6.56430000e+00  1.97004961e+00  6.56430000e+00  1.59706014e+00  6.56430000e+00  1.67943230e+00  6.56430000e+00  1.69100908e+00  6.56430000e+00  1.87958712e+00  6.56430000e+00  1.68560953e+00  6.56430000e+00  1.91852019e+00  6.56430000e+00  1.59321580e+00  6.56430000e+00  1.20000000e+00 
 6.60000000e+00  1.57226142e+00  6.60000000e+00  1.39409802e+00  6.60000000e+00  1.93523887e+00  6.60000000e+00  1.60443625e+00  6.60000000e+00  1.69108282e+00  6.60000000e+00  1.65720449e+00  6.60000000e+00  1.90229637e+00  6.60000000e+00  1.64571942e+00  6.60000000e+00  1.95047652e+00  6.60000000e+00  1.62408162e+00  6.60000000e+00  1.20000000e+00 
 6.60714000e+00  1.57226146e+00  6.60714000e+00  1.39409853e+00  6.60714000e+00  1.93523902e+00  6.60714000e+00  1.60443615e+00  6.60714000e+00  1.69108256e+00  6.60714000e+00  1.65720351e+00  6.60714000e+00  1.90229611e+00  6.60714000e+00  1.64571966e+00  6.60714000e+00  1.95047361e+00  6.60714000e+00  1.62408122e+00  6.60714000e+00  1.20000000e+00 
 6.62142000e+00  1.57226142e+00  6.62142000e+00  1.39409802e+00  6.62142000e+00  1.93523887e+00  6.62142000e+00  1.60443625e+00  6.62142000e+00  1.69108282e+00  6.62142000e+00  1.65720449e+00  6.62142000e+00  1.90229637e+00  6.62142000e+00  1.64571942e+00  6.62142000e+00  1.95047652e+00  6.62142000e+00  1.62408162e+00  6.62142000e+00  1.20000000e+00 
 6.64998000e+00  1.57226142e+00  6.64998000e+00  1.39409802e+00  6.64998000e+00  1.93523887e+00  6.64998000e+00  1.60443625e+00  6.64998000e+00  1.69108282e+00  6.64998000e+00  1.65720449e+00  6.64998000e+00  1.90229637e+00  6.64998000e+00  1.64571942e+00  6.64998000e+00  1.95047652e+00  6.64998000e+00  1.62408162e+00  6.64998000e+00  1.20000000e+00 
 6.70710000e+00  1.57226142e+00  6.70710000e+00  1.39409802e+00  6.70710000e+00  1.93523887e+00  6.70710000e+00  1.60443625e+00  6.70710000e+00  1.69108282e+00  6.70710000e+00  1.65720449e+00  6.70710000e+00  1.90229637e+00  6.70710000e+00  1.64571942e+00  6.70710000e+00  1.95047652e+00  6.70710000e+00  1.62408162e+00  6.70710000e+00  1.20000000e+00 
 6.79800000e+00  1.57226142e+00  6.79800000e+00  1.39409802e+00  6.79800000e+00  1.93523887e+00  6.79800000e+00  1.60443625e+00  6.79800000e+00  1.69108282e+00  6.79800000e+00  1.65720449e+00  6.79800000e+00  1.90229637e+00  6.79800000e+00  1.64571942e+00  6.79800000e+00  1.95047652e+00  6.79800000e+00  1.62408162e+00  6.79800000e+00  1.20000000e+00 
 6.80820000e+00  1.58271196e+00  6.80820000e+00  1.45658825e+00  6.80820000e+00  1.93367934e+00  6.80820000e+00  1.61700248e+00  6.80820000e+00  1.69242333e+00  6.80820000e+00  1.65754439e+00  6.80820000e+00  1.89898742e+00  6.80820000e+00  1.64797463e+00  6.80820000e+00  1.94895931e+00  6.80820000e+00  1.62449569e+00  6.80820000e+00  1.20000000e+00 
 6.82860000e+00  1.60868032e+00  6.82860000e+00  1.55404121e+00  6.82860000e+00  1.92421063e+00  6.82860000e+00  1.65393204e+00  6.82860000e+00  1.69439888e+00  6.82860000e+00  1.67271603e+00  6.82860000e+00  1.88737323e+00  6.82860000e+00  1.66014968e+00  6.82860000e+00  1.93794156e+00  6.82860000e+00  1.63280536e+00  6.82860000e+00  1.20000000e+00 
 6.86430000e+00  1.66060571e+00  6.86430000e+00  1.64061248e+00  6.86430000e+00  1.90037583e+00  6.86430000e+00  1.72459138e+00  6.86430000e+00  1.69869961e+00  6.86430000e+00  1.71380987e+00  6.86430000e+00  1.86271167e+00  6.86430000e+00  1.69069579e+00  6.86430000e+00  1.80904371e+00  6.86430000e+00  1.65699033e+00  6.86430000e+00  1.20000000e+00 
 6.90000000e+00  1.70387100e+00  6.90000000e+00  1.64133811e+00  6.90000000e+00  1.86941612e+00  6.90000000e+00  1.77550645e+00  6.90000000e+00  1.70528102e+00  6.90000000e+00  1.74885375e+00  6.90000000e+00  1.83173814e+00  6.90000000e+00  1.72074811e+00  6.90000000e+00  1.53695468e+00  6.90000000e+00  1.68593798e+00  6.90000000e+00  1.20000000e+00 
 6.90714000e+00  1.70387017e+00  6.90714000e+00  1.64133843e+00  6.90714000e+00  1.86941618e+00  6.90714000e+00  1.77550633e+00  6.90714000e+00  1.70528174e+00  6.90714000e+00  1.74885259e+00  6.90714000e+00  1.83173833e+00  6.90714000e+00  1.72074744e+00  6.90714000e+00  1.53695544e+00  6.90714000e+00  1.68593698e+00  6.90714000e+00  1.20000000e+00 
 6.92142000e+00  1.70387170e+00  6.92142000e+00  1.64133718e+00  6.92142000e+00  1.86941568e+00  6.92142000e+00  1.77550752e+00  6.92142000e+00  1.70528124e+00  6.92142000e+00  1.74885364e+00  6.92142000e+00  1.83173790e+00  6.92142000e+00  1.72074800e+00  6.92142000e+00  1.53695519e+00  6.92142000e+00  1.68593794e+00  6.92142000e+00  1.20000000e+00 
 6.94998000e+00  1.70387170e+00  6.94998000e+00  1.64133718e+00  6.94998000e+00  1.86941568e+00  6.94998000e+00  1.77550752e+00  6.94998000e+00  1.70528124e+00  6.94998000e+00  1.74885364e+00  6.94998000e+00  1.83173790e+00  6.94998000e+00  1.72074800e+00  6.94998000e+00  1.53695519e+00  6.94998000e+00  1.68593794e+00  6.94998000e+00  1.20000000e+00 
 7.00710000e+00  1.70387170e+00  7.00710000e+00  1.64133718e+00  7.00710000e+00  1.86941568e+00  7.00710000e+00  1.77550752e+00  7.00710000e+00  1.70528124e+00  7.00710000e+00  1.74885364e+00  7.00710000e+00  1.83173790e+00  7.00710000e+00  1.72074800e+00  7.00710000e+00  1.53695519e+00  7.00710000e+00  1.68593794e+00  7.00710000e+00  1.20000000e+00 
 7.09800000e+00  1.70387170e+00  7.09800000e+00  1.64133718e+00  7.09800000e+00  1.86941568e+00  7.09800000e+00  1.77550752e+00  7.09800000e+00  1.70528124e+00  7.09800000e+00  1.74885364e+00  7.09800000e+00  1.83173790e+00  7.09800000e+00  1.72074800e+00  7.09800000e+00  1.53695519e+00  7.09800000e+00  1.68593794e+00  7.09800000e+00  1.20000000e+00 
 7.10820000e+00  1.69771049e+00  7.10820000e+00  1.63883598e+00  7.10820000e+00  1.88538148e+00  7.10820000e+00  1.77391456e+00  7.10820000e+00  1.69945128e+00  7.10820000e+00  1.73909195e+00  7.10820000e+00  1.84923397e+00  7.10820000e+00  1.72181848e+00  7.10820000e+00  1.61366573e+00  7.10820000e+00  1.68580552e+00  7.10820000e+00  1.20000000e+00 
 7.12860000e+00  1.68120647e+00  7.12860000e+00  1.62799058e+00  7.12860000e+00  1.91898576e+00  7.12860000e+00  1.76391298e+00  7.12860000e+00  1.68370847e+00  7.12860000e+00  1.71477615e+00  7.12860000e+00  1.88780532e+00  7.12860000e+00  1.72590319e+00  7.12860000e+00  1.72651048e+00  7.12860000e+00  1.68591477e+00  7.12860000e+00  1.20000000e+00 
 7.16430000e+00  1.64808373e+00  7.16430000e+00  1.53354747e+00  7.16430000e+00  1.97141382e+00  7.16430000e+00  1.73099524e+00  7.16430000e+00  1.65048485e+00  7.16430000e+00  1.66754517e+00  7.16430000e+00  1.95295140e+00  7.16430000e+00  1.73378127e+00  7.16430000e+00  1.80044767e+00  7.16430000e+00  1.68816181e+00  7.16430000e+00  1.20000000e+00 
 7.20000000e+00  1.63193986e+00  7.20000000e+00  1.33375879e+00  7.20000000e+00  2.00429113e+00  7.20000000e+00  1.69548335e+00  7.20000000e+00  1.63662542e+00  7.20000000e+00  1.64269702e+00  7.20000000e+00  1.99895758e+00  7.20000000e+00  1.74202928e+00  7.20000000e+00  1.76457179e+00  7.20000000e+00  1.69727057e+00  7.20000000e+00  1.20000000e+00 
 7.20714000e+00  1.63193993e+00  7.20714000e+00  1.33375673e+00  7.20714000e+00  2.00428995e+00  7.20714000e+00  1.69548163e+00  7.20714000e+00  1.63662557e+00  7.20714000e+00  1.64269609e+00  7.20714000e+00  1.99895425e+00  7.20714000e+00  1.74202871e+00  7.20714000e+00  1.76457190e+00  7.20714000e+00  1.69726892e+00  7.20714000e+00  1.20000000e+00 
 7.22142000e+00  1.63193986e+00  7.22142000e+00  1.33375879e+00  7.22142000e+00  2.00429113e+00  7.22142000e+00  1.69548335e+00  7.22142000e+00  1.63662542e+00  7.22142000e+00  1.64269702e+00  7.22142000e+00  1.99895758e+00  7.22142000e+00  1.74202928e+00  7.22142000e+00  1.76457179e+00  7.22142000e+00  1.69727057e+00  7.22142000e+00  1.20000000e+00 
 7.24998000e+00  1.63193986e+00  7.24998000e+00  1.33375879e+00  7.24998000e+00  2.00429113e+00  7.24998000e+00  1.69548335e+00  7.24998000e+00  1.63662542e+00  7.24998000e+00  1.64269702e+00  7.24998000e+00  1.99895758e+00  7.24998000e+00  1.74202928e+00  7.24998000e+00  1.76457179e+00  7.24998000e+00  1.69727057e+00  7.24998000e+00  1.20000000e+00 
 7.30710000e+00  1.63193986e+00  7.30710000e+00  1.33375879e+00  7.30710000e+00  2.00429113e+00  7.30710000e+00  1.69548335e+00  7.30710000e+00  1.63662542e+00  7.30710000e+00  1.64269702e+00  7.30710000e+00  1.99895758e+00  7.30710000e+00  1.74202928e+00  7.30710000e+00  1.76457179e+00  7.30710000e+00  1.69727057e+00  7.30710000e+00  1.20000000e+00 
 7.39800000e+00  1.63193986e+00  7.39800000e+00  1.33375879e+00  7.39800000e+00  2.00429113e+00  7.39800000e+00  1.69548335e+00  7.39800000e+00  1.63662542e+00  7.39800000e+00  1.64269702e+00  7.39800000e+00  1.99895758e+00  7.39800000e+00  1.74202928e+00  7.39800000e+00  1.76457179e+00  7.39800000e+00  1.69727057e+00  7.39800000e+00  1.20000000e+00 
 7.40820000e+00  1.62449605e+00  7.40820000e+00  1.33392831e+00  7.40820000e+00  2.00652940e+00  7.40820000e+00  1.68994250e+00  7.40820000e+00  1.63407012e+00  7.40820000e+00  1.64206772e+00  7.40820000e+00  1.99575827e+00  7.40820000e+00  1.73559088e+00  7.40820000e+00  1.77369007e+00  7.40820000e+00  1.68573916e+00  7.40820000e+00  1.20000000e+00 
 7.42860000e+00  1.60475168e+00  7.42860000e+00  1.33997835e+00  7.42860000e+00  2.01008782e+00  7.42860000e+00  1.67587087e+00  7.42860000e+00  1.64958193e+00  7.42860000e+00  1.64317995e+00  7.42860000e+00  1.98912432e+00  7.42860000e+00  1.71611952e+00  7.42860000e+00  1.80714177e+00  7.42860000e+00  1.66226247e+00  7.42860000e+00  1.20000000e+00 
 7.46430000e+00  1.57729288e+00  7.46430000e+00  1.36423138e+00  7.46430000e+00  2.00119290e+00  7.46430000e+00  1.64924796e+00  7.46430000e+00  1.68788059e+00  7.46430000e+00  1.65378181e+00  7.46430000e+00  1.96453332e+00  7.46430000e+00  1.68090151e+00  7.46430000e+00  1.86833030e+00  7.46430000e+00  1.62009583e+00  7.46430000e+00  1.20000000e+00 
 7.50000000e+00  1.56484891e+00  7.50000000e+00  1.38527262e+00  7.50000000e+00  1.98604906e+00  7.50000000e+00  1.62741156e+00  7.50000000e+00  1.71821255e+00  7.50000000e+00  1.67105778e+00  7.50000000e+00  1.93648362e+00  7.50000000e+00  1.66092999e+00  7.50000000e+00  1.90667271e+00  7.50000000e+00  1.59738496e+00  7.50000000e+00  1.20000000e+00 
 7.50714000e+00  1.56484892e+00  7.50714000e+00  1.38527244e+00  7.50714000e+00  1.98604858e+00  7.50714000e+00  1.62741184e+00  7.50714000e+00  1.71821297e+00  7.50714000e+00  1.67105600e+00  7.50714000e+00  1.93648319e+00  7.50714000e+00  1.66092962e+00  7.50714000e+00  1.90667304e+00  7.50714000e+00  1.59738469e+00  7.50714000e+00  1.20000000e+00 
 7.52142000e+00  1.56484887e+00  7.52142000e+00  1.38527240e+00  7.52142000e+00  1.98604857e+00  7.52142000e+00  1.62741184e+00  7.52142000e+00  1.71821321e+00  7.52142000e+00  1.67105749e+00  7.52142000e+00  1.93648320e+00  7.52142000e+00  1.66092955e+00  7.52142000e+00  1.90667331e+00  7.52142000e+00  1.59738465e+00  7.52142000e+00  1.20000000e+00 
 7.54998000e+00  1.56484887e+00  7.54998000e+00  1.38527240e+00  7.54998000e+00  1.98604857e+00  7.54998000e+00  1.62741184e+00  7.54998000e+00  1.71821321e+00  7.54998000e+00  1.67105749e+00  7.54998000e+00  1.93648320e+00  7.54998000e+00  1.66092955e+00  7.54998000e+00  1.90667331e+00  7.54998000e+00  1.59738465e+00  7.54998000e+00  1.20000000e+00 
 7.60710000e+00  1.56484887e+00  7.60710000e+00  1.38527240e+00  7.60710000e+00  1.98604857e+00  7.60710000e+00  1.62741184e+00  7.60710000e+00  1.71821321e+00  7.60710000e+00  1.67105749e+00  7.60710000e+00  1.93648320e+00  7.60710000e+00  1.66092955e+00  7.60710000e+00  1.90667331e+00  7.60710000e+00  1.59738465e+00  7.60710000e+00  1.20000000e+00 
 7.69800000e+00  1.56484887e+00  7.69800000e+00  1.38527240e+00  7.69800000e+00  1.98604857e+00  7.69800000e+00  1.62741184e+00  7.69800000e+00  1.71821321e+00  7.69800000e+00  1.67105749e+00  7.69800000e+00  1.93648320e+00  7.69800000e+00  1.66092955e+00  7.69800000e+00  1.90667331e+00  7.69800000e+00  1.59738465e+00  7.69800000e+00  1.20000000e+00 
 7.70820000e+00  1.56743691e+00  7.70820000e+00  1.46730383e+00  7.70820000e+00  1.99491005e+00  7.70820000e+00  1.63323787e+00  7.70820000e+00  1.71548658e+00  7.70820000e+00  1.66871846e+00  7.70820000e+00  1.94196449e+00  7.70820000e+00  1.65886492e+00  7.70820000e+00  1.91465163e+00  7.70820000e+00  1.59729087e+00  7.70820000e+00  1.20000000e+00 
 7.72860000e+00  1.58833005e+00  7.72860000e+00  1.60886759e+00  7.72860000e+00  2.00478131e+00  7.72860000e+00  1.64805749e+00  7.72860000e+00  1.71026839e+00  7.72860000e+00  1.67135806e+00  7.72860000e+00  1.93195270e+00  7.72860000e+00  1.65353803e+00  7.72860000e+00  1.92263601e+00  7.72860000e+00  1.59856657e+00  7.72860000e+00  1.20000000e+00 
 7.76430000e+00  1.65265691e+00  7.76430000e+00  1.76834638e+00  7.76430000e+00  2.00380601e+00  7.76430000e+00  1.68189499e+00  7.76430000e+00  1.69233945e+00  7.76430000e+00  1.68705697e+00  7.76430000e+00  1.80326917e+00  7.76430000e+00  1.64850683e+00  7.76430000e+00  1.91857350e+00  7.76430000e+00  1.61040011e+00  7.76430000e+00  1.20000000e+00 
 7.80000000e+00  1.72329169e+00  7.80000000e+00  1.82003499e+00  7.80000000e+00  1.98475099e+00  7.80000000e+00  1.71383727e+00  7.80000000e+00  1.67931375e+00  7.80000000e+00  1.71160457e+00  7.80000000e+00  1.54038093e+00  7.80000000e+00  1.64704168e+00  7.80000000e+00  1.89781642e+00  7.80000000e+00  1.62971273e+00  7.80000000e+00  1.20000000e+00 
 7.80714000e+00  1.72329099e+00  7.80714000e+00  1.82003447e+00  7.80714000e+00  1.98475077e+00  7.80714000e+00  1.71383812e+00  7.80714000e+00  1.67931378e+00  7.80714000e+00  1.71160276e+00  7.80714000e+00  1.54038127e+00  7.80714000e+00  1.64704090e+00  7.80714000e+00  1.89781549e+00  7.80714000e+00  1.62971296e+00  7.80714000e+00  1.20000000e+00 
 7.82142000e+00  1.72329242e+00  7.82142000e+00  1.82003445e+00  7.82142000e+00  1.98475080e+00  7.82142000e+00  1.71383831e+00  7.82142000e+00  1.67931399e+00  7.82142000e+00  1.71160392e+00  7.82142000e+00  1.54038105e+00  7.82142000e+00  1.64704174e+00  7.82142000e+00  1.89781700e+00  7.82142000e+00  1.62971308e+00  7.82142000e+00  1.20000000e+00 
 7.84998000e+00  1.72329242e+00  7.84998000e+00  1.82003445e+00  7.84998000e+00  1.98475080e+00  7.84998000e+00  1.71383831e+00  7.84998000e+00  1.67931399e+00  7.84998000e+00  1.71160392e+00  7.84998000e+00  1.54038105e+00  7.84998000e+00  1.64704174e+00  7.84998000e+00  1.89781700e+00  7.84998000e+00  1.62971308e+00  7.84998000e+00  1.20000000e+00 
 7.90710000e+00  1.72329242e+00  7.90710000e+00  1.82003445e+00  7.90710000e+00  1.98475080e+00  7.90710000e+00  1.71383831e+00  7.90710000e+00  1.67931399e+00  7.90710000e+00  1.71160392e+00  7.90710000e+00  1.54038105e+00  7.90710000e+00  1.64704174e+00  7.90710000e+00  1.89781700e+00  7.90710000e+00  1.62971308e+00  7.90710000e+00  1.20000000e+00 
 7.99800000e+00  1.72329242e+00  7.99800000e+00  1.82003445e+00  7.99800000e+00  1.98475080e+00  7.99800000e+00  1.71383831e+00  7.99800000e+00  1.67931399e+00  7.99800000e+00  1.71160392e+00  7.99800000e+00  1.54038105e+00  7.99800000e+00  1.64704174e+00  7.99800000e+00  1.89781700e+00  7.99800000e+00  1.62971308e+00  7.99800000e+00  1.20000000e+00 
 8.00820000e+00  1.72458638e+00  8.00820000e+00  1.79310152e+00  8.00820000e+00  1.97349403e+00  8.00820000e+00  1.71891075e+00  8.00820000e+00  1.67916104e+00  8.00820000e+00  1.72213612e+00  8.00820000e+00  1.61588258e+00  8.00820000e+00  1.63065199e+00  8.00820000e+00  1.87088824e+00  8.00820000e+00  1.62502691e+00  8.00820000e+00  1.20000000e+00 
 8.02860000e+00  1.73942089e+00  8.02860000e+00  1.73233591e+00  8.02860000e+00  1.94241072e+00  8.02860000e+00  1.72565380e+00  8.02860000e+00  1.68516007e+00  8.02860000e+00  1.74549163e+00  8.02860000e+00  1.73026448e+00  8.02860000e+00  1.59982240e+00  8.02860000e+00  1.81905698e+00  8.02860000e+00  1.62257193e+00  8.02860000e+00  1.20000000e+00 
 8.06430000e+00  1.76751036e+00  8.06430000e+00  1.63703892e+00  8.06430000e+00  1.88017296e+00  8.06430000e+00  1.73110195e+00  8.06430000e+00  1.61597882e+00  8.06430000e+00  1.79148440e+00  8.06430000e+00  1.82762319e+00  8.06430000e+00  1.55938603e+00  8.06430000e+00  1.73325993e+00  8.06430000e+00  1.62429721e+00  8.06430000e+00  1.20000000e+00 
 8.10000000e+00  1.77686370e+00  8.10000000e+00  1.59041802e+00  8.10000000e+00  1.83288852e+00  8.10000000e+00  1.72544841e+00  8.10000000e+00  1.40717170e+00  8.10000000e+00  1.82610040e+00  8.10000000e+00  1.82812063e+00  8.10000000e+00  1.55928127e+00  8.10000000e+00  1.68537091e+00  8.10000000e+00  1.63780559e+00  8.10000000e+00  1.20000000e+00 
 8.10714000e+00  1.77686539e+00  8.10714000e+00  1.59041593e+00  8.10714000e+00  1.83288716e+00  8.10714000e+00  1.72544957e+00  8.10714000e+00  1.40717348e+00  8.10714000e+00  1.82609904e+00  8.10714000e+00  1.82811940e+00  8.10714000e+00  1.55927987e+00  8.10714000e+00  1.68536937e+00  8.10714000e+00  1.63780523e+00  8.10714000e+00  1.20000000e+00 
 8.12142000e+00  1.77686558e+00  8.12142000e+00  1.59041561e+00  8.12142000e+00  1.83288682e+00  8.12142000e+00  1.72544987e+00  8.12142000e+00  1.40717349e+00  8.12142000e+00  1.82610046e+00  8.12142000e+00  1.82811922e+00  8.12142000e+00  1.55927940e+00  8.12142000e+00  1.68536888e+00  8.12142000e+00  1.63780545e+00  8.12142000e+00  1.20000000e+00 
 8.14998000e+00  1.77686558e+00  8.14998000e+00  1.59041561e+00  8.14998000e+00  1.83288682e+00  8.14998000e+00  1.72544987e+00  8.14998000e+00  1.40717349e+00  8.14998000e+00  1.82610046e+00  8.14998000e+00  1.82811922e+00  8.14998000e+00  1.55927940e+00  8.14998000e+00  1.68536888e+00  8.14998000e+00  1.63780545e+00  8.14998000e+00  1.20000000e+00 
 8.20710000e+00  1.77686558e+00  8.20710000e+00  1.59041561e+00  8.20710000e+00  1.83288682e+00  8.20710000e+00  1.72544987e+00  8.20710000e+00  1.40717349e+00  8.20710000e+00  1.82610046e+00  8.20710000e+00  1.82811922e+00  8.20710000e+00  1.55927940e+00  8.20710000e+00  1.68536888e+00  8.20710000e+00  1.63780545e+00  8.20710000e+00  1.20000000e+00 
 8.29800000e+00  1.77686558e+00  8.29800000e+00  1.59041561e+00  8.29800000e+00  1.83288682e+00  8.29800000e+00  1.72544987e+00  8.29800000e+00  1.40717349e+00  8.29800000e+00  1.82610046e+00  8.29800000e+00  1.82811922e+00  8.29800000e+00  1.55927940e+00  8.29800000e+00  1.68536888e+00  8.29800000e+00  1.63780545e+00  8.29800000e+00  1.20000000e+00 
 8.30820000e+00  1.77384133e+00  8.30820000e+00  1.58251518e+00  8.30820000e+00  1.85056996e+00  8.30820000e+00  1.72182641e+00  8.30820000e+00  1.47907760e+00  8.30820000e+00  1.81645399e+00  8.30820000e+00  1.83848656e+00  8.30820000e+00  1.55998396e+00  8.30820000e+00  1.69317437e+00  8.30820000e+00  1.62675409e+00  8.30820000e+00  1.20000000e+00 
 8.32860000e+00  1.75842251e+00  8.32860000e+00  1.57825149e+00  8.32860000e+00  1.91128985e+00  8.32860000e+00  1.70825394e+00  8.32860000e+00  1.59343847e+00  8.32860000e+00  1.78635869e+00  8.32860000e+00  1.88100932e+00  8.32860000e+00  1.59232732e+00  8.32860000e+00  1.71657675e+00  8.32860000e+00  1.61763883e+00  8.32860000e+00  1.20000000e+00 
 8.36430000e+00  1.71138622e+00  8.36430000e+00  1.60526214e+00  8.36430000e+00  2.04743554e+00  8.36430000e+00  1.67060491e+00  8.36430000e+00  1.67696539e+00  8.36430000e+00  1.73064348e+00  8.36430000e+00  1.97053256e+00  8.36430000e+00  1.70525275e+00  8.36430000e+00  1.69398177e+00  8.36430000e+00  1.61830795e+00  8.36430000e+00  1.20000000e+00 
 8.40000000e+00  1.66711638e+00  8.40000000e+00  1.66620957e+00  8.40000000e+00  2.14386597e+00  8.40000000e+00  1.63414063e+00  8.40000000e+00  1.65725360e+00  8.40000000e+00  1.69092883e+00  8.40000000e+00  2.02580596e+00  8.40000000e+00  1.81932941e+00  8.40000000e+00  1.53698814e+00  8.40000000e+00  1.62692754e+00  8.40000000e+00  1.20000000e+00 
 8.40714000e+00  1.66711731e+00  8.40714000e+00  1.66621026e+00  8.40714000e+00  2.14386229e+00  8.40714000e+00  1.63414122e+00  8.40714000e+00  1.65725784e+00  8.40714000e+00  1.69092968e+00  8.40714000e+00  2.02580623e+00  8.40714000e+00  1.81932816e+00  8.40714000e+00  1.53698914e+00  8.40714000e+00  1.62692797e+00  8.40714000e+00  1.20000000e+00 
 8.42142000e+00  1.66711638e+00  8.42142000e+00  1.66620957e+00  8.42142000e+00  2.14386597e+00  8.42142000e+00  1.63414063e+00  8.42142000e+00  1.65725360e+00  8.42142000e+00  1.69092883e+00  8.42142000e+00  2.02580596e+00  8.42142000e+00  1.81932941e+00  8.42142000e+00  1.53698814e+00  8.42142000e+00  1.62692754e+00  8.42142000e+00  1.20000000e+00 
 8.44998000e+00  1.66711638e+00  8.44998000e+00  1.66620957e+00  8.44998000e+00  2.14386597e+00  8.44998000e+00  1.63414063e+00  8.44998000e+00  1.65725360e+00  8.44998000e+00  1.69092883e+00  8.44998000e+00  2.02580596e+00  8.44998000e+00  1.81932941e+00  8.44998000e+00  1.53698814e+00  8.44998000e+00  1.62692754e+00  8.44998000e+00  1.20000000e+00 
 8.50710000e+00  1.66711638e+00  8.50710000e+00  1.66620957e+00  8.50710000e+00  2.14386597e+00  8.50710000e+00  1.63414063e+00  8.50710000e+00  1.65725360e+00  8.50710000e+00  1.69092883e+00  8.50710000e+00  2.02580596e+00  8.50710000e+00  1.81932941e+00  8.50710000e+00  1.53698814e+00  8.50710000e+00  1.62692754e+00  8.50710000e+00  1.20000000e+00 
 8.59800000e+00  1.66711638e+00  8.59800000e+00  1.66620957e+00  8.59800000e+00  2.14386597e+00  8.59800000e+00  1.63414063e+00  8.59800000e+00  1.65725360e+00  8.59800000e+00  1.69092883e+00  8.59800000e+00  2.02580596e+00  8.59800000e+00  1.81932941e+00  8.59800000e+00  1.53698814e+00  8.59800000e+00  1.62692754e+00  8.59800000e+00  1.20000000e+00 
 8.60820000e+00  1.66696582e+00  8.60820000e+00  1.66835239e+00  8.60820000e+00  2.13484271e+00  8.60820000e+00  1.63305121e+00  8.60820000e+00  1.65143721e+00  8.60820000e+00  1.68857552e+00  8.60820000e+00  2.02535328e+00  8.60820000e+00  1.81355324e+00  8.60820000e+00  1.60639834e+00  8.60820000e+00  1.62900977e+00  8.60820000e+00  1.20000000e+00 
 8.62860000e+00  1.67065736e+00  8.62860000e+00  1.67681866e+00  8.62860000e+00  2.11082299e+00  8.62860000e+00  1.62949810e+00  8.62860000e+00  1.63812675e+00  8.62860000e+00  1.67521724e+00  8.62860000e+00  2.02045088e+00  8.62860000e+00  1.79830625e+00  8.62860000e+00  1.71670047e+00  8.62860000e+00  1.63302075e+00  8.62860000e+00  1.20000000e+00 
 8.66430000e+00  1.68430708e+00  8.66430000e+00  1.70155529e+00  8.66430000e+00  2.05938609e+00  8.66430000e+00  1.62626265e+00  8.66430000e+00  1.61711246e+00  8.66430000e+00  1.56357242e+00  8.66430000e+00  2.00343350e+00  8.66430000e+00  1.76854062e+00  8.66430000e+00  1.81812922e+00  8.66430000e+00  1.64338825e+00  8.66430000e+00  1.20000000e+00 
 8.70000000e+00  1.69703417e+00  8.70000000e+00  1.72756923e+00  8.70000000e+00  2.00081656e+00  8.70000000e+00  1.62795632e+00  8.70000000e+00  1.60069425e+00  8.70000000e+00  1.33099162e+00  8.70000000e+00  1.97687129e+00  8.70000000e+00  1.73817551e+00  8.70000000e+00  1.80560796e+00  8.70000000e+00  1.65689095e+00  8.70000000e+00  1.20000000e+00 
 8.70714000e+00  1.69703412e+00  8.70714000e+00  1.72756923e+00  8.70714000e+00  2.00081701e+00  8.70714000e+00  1.62795634e+00  8.70714000e+00  1.60069471e+00  8.70714000e+00  1.33099182e+00  8.70714000e+00  1.97687170e+00  8.70714000e+00  1.73817552e+00  8.70714000e+00  1.80560806e+00  8.70714000e+00  1.65689094e+00  8.70714000e+00  1.20000000e+00 
 8.72142000e+00  1.69703419e+00  8.72142000e+00  1.72756921e+00  8.72142000e+00  2.00081656e+00  8.72142000e+00  1.62795632e+00  8.72142000e+00  1.60069426e+00  8.72142000e+00  1.33099162e+00  8.72142000e+00  1.97687130e+00  8.72142000e+00  1.73817552e+00  8.72142000e+00  1.80560797e+00  8.72142000e+00  1.65689095e+00  8.72142000e+00  1.20000000e+00 
 8.74998000e+00  1.69703419e+00  8.74998000e+00  1.72756921e+00  8.74998000e+00  2.00081656e+00  8.74998000e+00  1.62795632e+00  8.74998000e+00  1.60069426e+00  8.74998000e+00  1.33099162e+00  8.74998000e+00  1.97687130e+00  8.74998000e+00  1.73817552e+00  8.74998000e+00  1.80560797e+00  8.74998000e+00  1.65689095e+00  8.74998000e+00  1.20000000e+00 
 8.80710000e+00  1.69703419e+00  8.80710000e+00  1.72756921e+00  8.80710000e+00  2.00081656e+00  8.80710000e+00  1.62795632e+00  8.80710000e+00  1.60069426e+00  8.80710000e+00  1.33099162e+00  8.80710000e+00  1.97687130e+00  8.80710000e+00  1.73817552e+00  8.80710000e+00  1.80560797e+00  8.80710000e+00  1.65689095e+00  8.80710000e+00  1.20000000e+00 
 8.89800000e+00  1.69703419e+00  8.89800000e+00  1.72756921e+00  8.89800000e+00  2.00081656e+00  8.89800000e+00  1.62795632e+00  8.89800000e+00  1.60069426e+00  8.89800000e+00  1.33099162e+00  8.89800000e+00  1.97687130e+00  8.89800000e+00  1.73817552e+00  8.89800000e+00  1.80560797e+00  8.89800000e+00  1.65689095e+00  8.89800000e+00  1.20000000e+00 
 8.90820000e+00  1.70618882e+00  8.90820000e+00  1.72402718e+00  8.90820000e+00  1.99670997e+00  8.90820000e+00  1.63704350e+00  8.90820000e+00  1.59393794e+00  8.90820000e+00  1.41723096e+00  8.90820000e+00  1.96907513e+00  8.90820000e+00  1.73142147e+00  8.90820000e+00  1.80617384e+00  8.90820000e+00  1.65097510e+00  8.90820000e+00  1.20000000e+00 
 8.92860000e+00  1.71483224e+00  8.92860000e+00  1.71575816e+00  8.92860000e+00  1.97786598e+00  8.92860000e+00  1.66138255e+00  8.92860000e+00  1.58326482e+00  8.92860000e+00  1.56204191e+00  8.92860000e+00  1.94235438e+00  8.92860000e+00  1.71337446e+00  8.92860000e+00  1.80402782e+00  8.92860000e+00  1.63808233e+00  8.92860000e+00  1.20000000e+00 
 8.96430000e+00  1.64559806e+00  8.96430000e+00  1.70496781e+00  8.96430000e+00  1.92223879e+00  8.96430000e+00  1.71234777e+00  8.96430000e+00  1.57181854e+00  8.96430000e+00  1.72907147e+00  8.96430000e+00  1.87228086e+00  8.96430000e+00  1.67619013e+00  8.96430000e+00  1.79742871e+00  8.96430000e+00  1.61648753e+00  8.96430000e+00  1.20000000e+00 
 9.00000000e+00  1.45890096e+00  9.00000000e+00  1.70388364e+00  9.00000000e+00  1.86238948e+00  9.00000000e+00  1.76099324e+00  9.00000000e+00  1.57405924e+00  9.00000000e+00  1.79348018e+00  9.00000000e+00  1.80033604e+00  9.00000000e+00  1.64512193e+00  9.00000000e+00  1.78886967e+00  9.00000000e+00  1.60281291e+00  9.00000000e+00  1.20000000e+00 
 9.00714000e+00  1.45890101e+00  9.00714000e+00  1.70388178e+00  9.00714000e+00  1.86239023e+00  9.00714000e+00  1.76099302e+00  9.00714000e+00  1.57406050e+00  9.00714000e+00  1.79347752e+00  9.00714000e+00  1.80033682e+00  9.00714000e+00  1.64512158e+00  9.00714000e+00  1.78886899e+00  9.00714000e+00  1.60281236e+00  9.00714000e+00  1.20000000e+00 
 9.02142000e+00  1.45890169e+00  9.02142000e+00  1.70388288e+00  9.02142000e+00  1.86238873e+00  9.02142000e+00  1.76099416e+00  9.02142000e+00  1.57405916e+00  9.02142000e+00  1.79347986e+00  9.02142000e+00  1.80033536e+00  9.02142000e+00  1.64512160e+00  9.02142000e+00  1.78886956e+00  9.02142000e+00  1.60281292e+00  9.02142000e+00  1.20000000e+00 
 9.04998000e+00  1.45890169e+00  9.04998000e+00  1.70388288e+00  9.04998000e+00  1.86238873e+00  9.04998000e+00  1.76099416e+00  9.04998000e+00  1.57405916e+00  9.04998000e+00  1.79347986e+00  9.04998000e+00  1.80033536e+00  9.04998000e+00  1.64512160e+00  9.04998000e+00  1.78886956e+00  9.04998000e+00  1.60281292e+00  9.04998000e+00  1.20000000e+00 
 9.10710000e+00  1.45890169e+00  9.10710000e+00  1.70388288e+00  9.10710000e+00  1.86238873e+00  9.10710000e+00  1.76099416e+00  9.10710000e+00  1.57405916e+00  9.10710000e+00  1.79347986e+00  9.10710000e+00  1.80033536e+00  9.10710000e+00  1.64512160e+00  9.10710000e+00  1.78886956e+00  9.10710000e+00  1.60281292e+00  9.10710000e+00  1.20000000e+00 
 9.19800000e+00  1.45890169e+00  9.19800000e+00  1.70388288e+00  9.19800000e+00  1.86238873e+00  9.19800000e+00  1.76099416e+00  9.19800000e+00  1.57405916e+00  9.19800000e+00  1.79347986e+00  9.19800000e+00  1.80033536e+00  9.19800000e+00  1.64512160e+00  9.19800000e+00  1.78886956e+00  9.19800000e+00  1.60281292e+00  9.19800000e+00  1.20000000e+00 
 9.20820000e+00  1.52255334e+00  9.20820000e+00  1.70021407e+00  9.20820000e+00  1.86092660e+00  9.20820000e+00  1.77227152e+00  9.20820000e+00  1.57068925e+00  9.20820000e+00  1.79416470e+00  9.20820000e+00  1.80343704e+00  9.20820000e+00  1.64709482e+00  9.20820000e+00  1.79165056e+00  9.20820000e+00  1.60769119e+00  9.20820000e+00  1.20000000e+00 
 9.22860000e+00  1.61829945e+00  9.22860000e+00  1.70446058e+00  9.22860000e+00  1.85705219e+00  9.22860000e+00  1.79364617e+00  9.22860000e+00  1.57233042e+00  9.22860000e+00  1.79849472e+00  9.22860000e+00  1.80128510e+00  9.22860000e+00  1.65854071e+00  9.22860000e+00  1.80441974e+00  9.22860000e+00  1.62030698e+00  9.22860000e+00  1.20000000e+00 
 9.26430000e+00  1.70011204e+00  9.26430000e+00  1.72764349e+00  9.26430000e+00  1.85035234e+00  9.26430000e+00  1.82641471e+00  9.26430000e+00  1.58767871e+00  9.26430000e+00  1.80621396e+00  9.26430000e+00  1.70427417e+00  9.26430000e+00  1.68816694e+00  9.26430000e+00  1.82861035e+00  9.26430000e+00  1.64922822e+00  9.26430000e+00  1.20000000e+00 
 9.30000000e+00  1.68692752e+00  9.30000000e+00  1.75590029e+00  9.30000000e+00  1.84053660e+00  9.30000000e+00  1.84222032e+00  9.30000000e+00  1.60912932e+00  9.30000000e+00  1.81292846e+00  9.30000000e+00  1.47682880e+00  9.30000000e+00  1.71595424e+00  9.30000000e+00  1.84777398e+00  9.30000000e+00  1.67815408e+00  9.30000000e+00  1.20000000e+00 
 9.30714000e+00  1.68692794e+00  9.30714000e+00  1.75590007e+00  9.30714000e+00  1.84053641e+00  9.30714000e+00  1.84222013e+00  9.30714000e+00  1.60912971e+00  9.30714000e+00  1.81292837e+00  9.30714000e+00  1.47682934e+00  9.30714000e+00  1.71595388e+00  9.30714000e+00  1.84777377e+00  9.30714000e+00  1.67815405e+00  9.30714000e+00  1.20000000e+00 
 9.32142000e+00  1.68692745e+00  9.32142000e+00  1.75590013e+00  9.32142000e+00  1.84053651e+00  9.32142000e+00  1.84222066e+00  9.32142000e+00  1.60912935e+00  9.32142000e+00  1.81292840e+00  9.32142000e+00  1.47682886e+00  9.32142000e+00  1.71595427e+00  9.32142000e+00  1.84777398e+00  9.32142000e+00  1.67815415e+00  9.32142000e+00  1.20000000e+00 
 9.34998000e+00  1.68692745e+00  9.34998000e+00  1.75590013e+00  9.34998000e+00  1.84053651e+00  9.34998000e+00  1.84222066e+00  9.34998000e+00  1.60912935e+00  9.34998000e+00  1.81292840e+00  9.34998000e+00  1.47682886e+00  9.34998000e+00  1.71595427e+00  9.34998000e+00  1.84777398e+00  9.34998000e+00  1.67815415e+00  9.34998000e+00  1.20000000e+00 
 9.40710000e+00  1.68692745e+00  9.40710000e+00  1.75590013e+00  9.40710000e+00  1.84053651e+00  9.40710000e+00  1.84222066e+00  9.40710000e+00  1.60912935e+00  9.40710000e+00  1.81292840e+00  9.40710000e+00  1.47682886e+00  9.40710000e+00  1.71595427e+00  9.40710000e+00  1.84777398e+00  9.40710000e+00  1.67815415e+00  9.40710000e+00  1.20000000e+00 
 9.49800000e+00  1.68692745e+00  9.49800000e+00  1.75590013e+00  9.49800000e+00  1.84053651e+00  9.49800000e+00  1.84222066e+00  9.49800000e+00  1.60912935e+00  9.49800000e+00  1.81292840e+00  9.49800000e+00  1.47682886e+00  9.49800000e+00  1.71595427e+00  9.49800000e+00  1.84777398e+00  9.49800000e+00  1.67815415e+00  9.49800000e+00  1.20000000e+00 
 9.50820000e+00  1.70515979e+00  9.50820000e+00  1.74516495e+00  9.50820000e+00  1.84082206e+00  9.50820000e+00  1.84236893e+00  9.50820000e+00  1.60316392e+00  9.50820000e+00  1.81880486e+00  9.50820000e+00  1.54964686e+00  9.50820000e+00  1.69940516e+00  9.50820000e+00  1.83316683e+00  9.50820000e+00  1.66899021e+00  9.50820000e+00  1.20000000e+00 
 9.52860000e+00  1.76069798e+00  9.52860000e+00  1.72738530e+00  9.52860000e+00  1.82775687e+00  9.52860000e+00  1.83108116e+00  9.52860000e+00  1.59740184e+00  9.52860000e+00  1.83822298e+00  9.52860000e+00  1.65415294e+00  9.52860000e+00  1.66364364e+00  9.52860000e+00  1.79770536e+00  9.52860000e+00  1.64913660e+00  9.52860000e+00  1.20000000e+00 
 9.56430000e+00  1.87871262e+00  9.56430000e+00  1.70756723e+00  9.56430000e+00  1.71304419e+00  9.56430000e+00  1.78840117e+00  9.56430000e+00  1.59337176e+00  9.56430000e+00  1.88254312e+00  9.56430000e+00  1.73411628e+00  9.56430000e+00  1.61204505e+00  9.56430000e+00  1.73232681e+00  9.56430000e+00  1.61520446e+00  9.56430000e+00  1.20000000e+00 
 9.60000000e+00  1.97049010e+00  9.60000000e+00  1.72730416e+00  9.60000000e+00  1.47709391e+00  9.60000000e+00  1.73981694e+00  9.60000000e+00  1.60548427e+00  9.60000000e+00  1.92692931e+00  9.60000000e+00  1.72440814e+00  9.60000000e+00  1.59078483e+00  9.60000000e+00  1.70332795e+00  9.60000000e+00  1.60344065e+00  9.60000000e+00  1.20000000e+00 
 9.60714000e+00  1.97048830e+00  9.60714000e+00  1.72730395e+00  9.60714000e+00  1.47709382e+00  9.60714000e+00  1.73981657e+00  9.60714000e+00  1.60548523e+00  9.60714000e+00  1.92692919e+00  9.60714000e+00  1.72440850e+00  9.60714000e+00  1.59078391e+00  9.60714000e+00  1.70332737e+00  9.60714000e+00  1.60344164e+00  9.60714000e+00  1.20000000e+00 
 9.62142000e+00  1.97049010e+00  9.62142000e+00  1.72730416e+00  9.62142000e+00  1.47709391e+00  9.62142000e+00  1.73981694e+00  9.62142000e+00  1.60548427e+00  9.62142000e+00  1.92692931e+00  9.62142000e+00  1.72440814e+00  9.62142000e+00  1.59078483e+00  9.62142000e+00  1.70332795e+00  9.62142000e+00  1.60344065e+00  9.62142000e+00  1.20000000e+00 
 9.64998000e+00  1.97049010e+00  9.64998000e+00  1.72730416e+00  9.64998000e+00  1.47709391e+00  9.64998000e+00  1.73981694e+00  9.64998000e+00  1.60548427e+00  9.64998000e+00  1.92692931e+00  9.64998000e+00  1.72440814e+00  9.64998000e+00  1.59078483e+00  9.64998000e+00  1.70332795e+00  9.64998000e+00  1.60344065e+00  9.64998000e+00  1.20000000e+00 
 9.70710000e+00  1.97049010e+00  9.70710000e+00  1.72730416e+00  9.70710000e+00  1.47709391e+00  9.70710000e+00  1.73981694e+00  9.70710000e+00  1.60548427e+00  9.70710000e+00  1.92692931e+00  9.70710000e+00  1.72440814e+00  9.70710000e+00  1.59078483e+00  9.70710000e+00  1.70332795e+00  9.70710000e+00  1.60344065e+00  9.70710000e+00  1.20000000e+00 
 9.79800000e+00  1.97049010e+00  9.79800000e+00  1.72730416e+00  9.79800000e+00  1.47709391e+00  9.79800000e+00  1.73981694e+00  9.79800000e+00  1.60548427e+00  9.79800000e+00  1.92692931e+00  9.79800000e+00  1.72440814e+00  9.79800000e+00  1.59078483e+00  9.79800000e+00  1.70332795e+00  9.79800000e+00  1.60344065e+00  9.79800000e+00  1.20000000e+00 
 9.80820000e+00  1.95060777e+00  9.80820000e+00  1.70584978e+00  9.80820000e+00  1.56820928e+00  9.80820000e+00  1.74921527e+00  9.80820000e+00  1.61480479e+00  9.80820000e+00  1.90702836e+00  9.80820000e+00  1.73944607e+00  9.80820000e+00  1.57333381e+00  9.80820000e+00  1.70191503e+00  9.80820000e+00  1.60098603e+00  9.80820000e+00  1.20000000e+00 
 9.82860000e+00  1.89003950e+00  9.82860000e+00  1.66967381e+00  9.82860000e+00  1.72124476e+00  9.82860000e+00  1.76479618e+00  9.82860000e+00  1.64775192e+00  9.82860000e+00  1.85341936e+00  9.82860000e+00  1.77068487e+00  9.82860000e+00  1.54050477e+00  9.82860000e+00  1.70841421e+00  9.82860000e+00  1.60031928e+00  9.82860000e+00  1.20000000e+00 
 9.86430000e+00  1.75177020e+00  9.86430000e+00  1.64583948e+00  9.86430000e+00  1.89135374e+00  9.86430000e+00  1.77349451e+00  9.86430000e+00  1.70858734e+00  9.86430000e+00  1.75024735e+00  9.86430000e+00  1.74763849e+00  9.86430000e+00  1.51359284e+00  9.86430000e+00  1.74283314e+00  9.86430000e+00  1.61203276e+00  9.86430000e+00  1.20000000e+00 
 9.90000000e+00  1.65072927e+00  9.90000000e+00  1.66068800e+00  9.90000000e+00  1.92920425e+00  9.90000000e+00  1.76331154e+00  9.90000000e+00  1.74427332e+00  9.90000000e+00  1.68659586e+00  9.90000000e+00  1.56269774e+00  9.90000000e+00  1.53691616e+00  9.90000000e+00  1.77894755e+00  9.90000000e+00  1.63902615e+00  9.90000000e+00  1.20000000e+00 
 9.90714000e+00  1.65072971e+00  9.90714000e+00  1.66068802e+00  9.90714000e+00  1.92920348e+00  9.90714000e+00  1.76331092e+00  9.90714000e+00  1.74427132e+00  9.90714000e+00  1.68659656e+00  9.90714000e+00  1.56269288e+00  9.90714000e+00  1.53691406e+00  9.90714000e+00  1.77894455e+00  9.90714000e+00  1.63902534e+00  9.90714000e+00  1.20000000e+00 
 9.92142000e+00  1.65072927e+00  9.92142000e+00  1.66068800e+00  9.92142000e+00  1.92920425e+00  9.92142000e+00  1.76331154e+00  9.92142000e+00  1.74427332e+00  9.92142000e+00  1.68659586e+00  9.92142000e+00  1.56269774e+00  9.92142000e+00  1.53691616e+00  9.92142000e+00  1.77894755e+00  9.92142000e+00  1.63902615e+00  9.92142000e+00  1.20000000e+00 
 9.94998000e+00  1.65072927e+00  9.94998000e+00  1.66068800e+00  9.94998000e+00  1.92920425e+00  9.94998000e+00  1.76331154e+00  9.94998000e+00  1.74427332e+00  9.94998000e+00  1.68659586e+00  9.94998000e+00  1.56269774e+00  9.94998000e+00  1.53691616e+00  9.94998000e+00  1.77894755e+00  9.94998000e+00  1.63902615e+00  9.94998000e+00  1.20000000e+00 
 1.00071000e+01  1.65072927e+00  1.00071000e+01  1.66068800e+00  1.00071000e+01  1.92920425e+00  1.00071000e+01  1.76331154e+00  1.00071000e+01  1.74427332e+00  1.00071000e+01  1.68659586e+00  1.00071000e+01  1.56269774e+00  1.00071000e+01  1.53691616e+00  1.00071000e+01  1.77894755e+00  1.00071000e+01  1.63902615e+00  1.00071000e+01  1.20000000e+00 
 1.00980000e+01  1.65072927e+00  1.00980000e+01  1.66068800e+00  1.00980000e+01  1.92920425e+00  1.00980000e+01  1.76331154e+00  1.00980000e+01  1.74427332e+00  1.00980000e+01  1.68659586e+00  1.00980000e+01  1.56269774e+00  1.00980000e+01  1.53691616e+00  1.00980000e+01  1.77894755e+00  1.00980000e+01  1.63902615e+00  1.00980000e+01  1.20000000e+00 
 1.01082000e+01  1.64189998e+00  1.01082000e+01  1.66372074e+00  1.01082000e+01  1.93843956e+00  1.01082000e+01  1.75899934e+00  1.01082000e+01  1.73135356e+00  1.01082000e+01  1.68088497e+00  1.01082000e+01  1.65137045e+00  1.01082000e+01  1.54473170e+00  1.01082000e+01  1.78640323e+00  1.01082000e+01  1.63945971e+00  1.01082000e+01  1.20000000e+00 
 1.01286000e+01  1.62520820e+00  1.01286000e+01  1.66769445e+00  1.01286000e+01  1.95145577e+00  1.01286000e+01  1.75236219e+00  1.01286000e+01  1.69670724e+00  1.01286000e+01  1.68287878e+00  1.01286000e+01  1.78719583e+00  1.01286000e+01  1.58238645e+00  1.01286000e+01  1.81935072e+00  1.01286000e+01  1.64848550e+00  1.01286000e+01  1.20000000e+00 
 1.01643000e+01  1.59818495e+00  1.01643000e+01  1.60088850e+00  1.01643000e+01  1.95899246e+00  1.01643000e+01  1.72713239e+00  1.01643000e+01  1.62252123e+00  1.01643000e+01  1.70671723e+00  1.01643000e+01  1.90538579e+00  1.01643000e+01  1.67890502e+00  1.01643000e+01  1.88109278e+00  1.01643000e+01  1.67014156e+00  1.01643000e+01  1.20000000e+00 
 1.02000000e+01  1.58795461e+00  1.02000000e+01  1.41109903e+00  1.02000000e+01  1.94650724e+00  1.02000000e+01  1.69482432e+00  1.02000000e+01  1.57905422e+00  1.02000000e+01  1.73602849e+00  1.02000000e+01  1.89420991e+00  1.02000000e+01  1.77012781e+00  1.02000000e+01  1.91751538e+00  1.02000000e+01  1.69014082e+00  1.02000000e+01  1.20000000e+00 
 1.02071400e+01  1.58795503e+00  1.02071400e+01  1.41109813e+00  1.02071400e+01  1.94650801e+00  1.02071400e+01  1.69482280e+00  1.02071400e+01  1.57905501e+00  1.02071400e+01  1.73602731e+00  1.02071400e+01  1.89421068e+00  1.02071400e+01  1.77012816e+00  1.02071400e+01  1.91751433e+00  1.02071400e+01  1.69013882e+00  1.02071400e+01  1.20000000e+00 
 1.02214200e+01  1.58795461e+00  1.02214200e+01  1.41109903e+00  1.02214200e+01  1.94650724e+00  1.02214200e+01  1.69482432e+00  1.02214200e+01  1.57905422e+00  1.02214200e+01  1.73602849e+00  1.02214200e+01  1.89420991e+00  1.02214200e+01  1.77012781e+00  1.02214200e+01  1.91751538e+00  1.02214200e+01  1.69014082e+00  1.02214200e+01  1.20000000e+00 
 1.02499800e+01  1.58795461e+00  1.02499800e+01  1.41109903e+00  1.02499800e+01  1.94650724e+00  1.02499800e+01  1.69482432e+00  1.02499800e+01  1.57905422e+00  1.02499800e+01  1.73602849e+00  1.02499800e+01  1.89420991e+00  1.02499800e+01  1.77012781e+00  1.02499800e+01  1.91751538e+00  1.02499800e+01  1.69014082e+00  1.02499800e+01  1.20000000e+00 
 1.03071000e+01  1.58795461e+00  1.03071000e+01  1.41109903e+00  1.03071000e+01  1.94650724e+00  1.03071000e+01  1.69482432e+00  1.03071000e+01  1.57905422e+00  1.03071000e+01  1.73602849e+00  1.03071000e+01  1.89420991e+00  1.03071000e+01  1.77012781e+00  1.03071000e+01  1.91751538e+00  1.03071000e+01  1.69014082e+00  1.03071000e+01  1.20000000e+00 
 1.03980000e+01  1.58795461e+00  1.03980000e+01  1.41109903e+00  1.03980000e+01  1.94650724e+00  1.03980000e+01  1.69482432e+00  1.03980000e+01  1.57905422e+00  1.03980000e+01  1.73602849e+00  1.03980000e+01  1.89420991e+00  1.03980000e+01  1.77012781e+00  1.03980000e+01  1.91751538e+00  1.03980000e+01  1.69014082e+00  1.03980000e+01  1.20000000e+00 
 1.04082000e+01  1.58956377e+00  1.04082000e+01  1.48771896e+00  1.04082000e+01  1.93799229e+00  1.04082000e+01  1.70588975e+00  1.04082000e+01  1.57271082e+00  1.04082000e+01  1.73655817e+00  1.04082000e+01  1.89217191e+00  1.04082000e+01  1.74711120e+00  1.04082000e+01  1.90189010e+00  1.04082000e+01  1.68423760e+00  1.04082000e+01  1.20000000e+00 
 1.04286000e+01  1.59876167e+00  1.04286000e+01  1.60493428e+00  1.04286000e+01  1.91270340e+00  1.04286000e+01  1.73207708e+00  1.04286000e+01  1.57834279e+00  1.04286000e+01  1.74026261e+00  1.04286000e+01  1.87047567e+00  1.04286000e+01  1.69078521e+00  1.04286000e+01  1.86592679e+00  1.04286000e+01  1.67255470e+00  1.04286000e+01  1.20000000e+00 
 1.04643000e+01  1.62979235e+00  1.04643000e+01  1.71148565e+00  1.04643000e+01  1.85499764e+00  1.04643000e+01  1.77155911e+00  1.04643000e+01  1.61175662e+00  1.04643000e+01  1.74986883e+00  1.04643000e+01  1.72689460e+00  1.04643000e+01  1.58654719e+00  1.04643000e+01  1.78168593e+00  1.04643000e+01  1.64763433e+00  1.04643000e+01  1.20000000e+00 
 1.05000000e+01  1.66048523e+00  1.05000000e+01  1.71716775e+00  1.05000000e+01  1.81723044e+00  1.05000000e+01  1.79351587e+00  1.05000000e+01  1.65292603e+00  1.05000000e+01  1.77111236e+00  1.05000000e+01  1.47150924e+00  1.05000000e+01  1.53029181e+00  1.05000000e+01  1.71480512e+00  1.05000000e+01  1.64025486e+00  1.05000000e+01  1.20000000e+00 
 1.05071400e+01  1.66048153e+00  1.05071400e+01  1.71716786e+00  1.05071400e+01  1.81723050e+00  1.05071400e+01  1.79351385e+00  1.05071400e+01  1.65292588e+00  1.05071400e+01  1.77110797e+00  1.05071400e+01  1.47150783e+00  1.05071400e+01  1.53029207e+00  1.05071400e+01  1.71480517e+00  1.05071400e+01  1.64025484e+00  1.05071400e+01  1.20000000e+00 
 1.05214200e+01  1.66048523e+00  1.05214200e+01  1.71716775e+00  1.05214200e+01  1.81723044e+00  1.05214200e+01  1.79351587e+00  1.05214200e+01  1.65292603e+00  1.05214200e+01  1.77111236e+00  1.05214200e+01  1.47150924e+00  1.05214200e+01  1.53029181e+00  1.05214200e+01  1.71480512e+00  1.05214200e+01  1.64025486e+00  1.05214200e+01  1.20000000e+00 
 1.05499800e+01  1.66048523e+00  1.05499800e+01  1.71716775e+00  1.05499800e+01  1.81723044e+00  1.05499800e+01  1.79351587e+00  1.05499800e+01  1.65292603e+00  1.05499800e+01  1.77111236e+00  1.05499800e+01  1.47150924e+00  1.05499800e+01  1.53029181e+00  1.05499800e+01  1.71480512e+00  1.05499800e+01  1.64025486e+00  1.05499800e+01  1.20000000e+00 
 1.06071000e+01  1.66048523e+00  1.06071000e+01  1.71716775e+00  1.06071000e+01  1.81723044e+00  1.06071000e+01  1.79351587e+00  1.06071000e+01  1.65292603e+00  1.06071000e+01  1.77111236e+00  1.06071000e+01  1.47150924e+00  1.06071000e+01  1.53029181e+00  1.06071000e+01  1.71480512e+00  1.06071000e+01  1.64025486e+00  1.06071000e+01  1.20000000e+00 
 1.06980000e+01  1.66048523e+00  1.06980000e+01  1.71716775e+00  1.06980000e+01  1.81723044e+00  1.06980000e+01  1.79351587e+00  1.06980000e+01  1.65292603e+00  1.06980000e+01  1.77111236e+00  1.06980000e+01  1.47150924e+00  1.06980000e+01  1.53029181e+00  1.06980000e+01  1.71480512e+00  1.06980000e+01  1.64025486e+00  1.06980000e+01  1.20000000e+00 
 1.07082000e+01  1.67632973e+00  1.07082000e+01  1.71011891e+00  1.07082000e+01  1.80374475e+00  1.07082000e+01  1.80143621e+00  1.07082000e+01  1.64112087e+00  1.07082000e+01  1.77515030e+00  1.07082000e+01  1.54388301e+00  1.07082000e+01  1.53094679e+00  1.07082000e+01  1.71356489e+00  1.07082000e+01  1.64106019e+00  1.07082000e+01  1.20000000e+00 
 1.07286000e+01  1.72591802e+00  1.07286000e+01  1.70917616e+00  1.07286000e+01  1.78186745e+00  1.07286000e+01  1.80152071e+00  1.07286000e+01  1.61975556e+00  1.07286000e+01  1.78618819e+00  1.07286000e+01  1.65756659e+00  1.07286000e+01  1.55357745e+00  1.07286000e+01  1.71405313e+00  1.07286000e+01  1.65134983e+00  1.07286000e+01  1.20000000e+00 
 1.07643000e+01  1.82110046e+00  1.07643000e+01  1.72125592e+00  1.07643000e+01  1.76024414e+00  1.07643000e+01  1.68508023e+00  1.07643000e+01  1.57925929e+00  1.07643000e+01  1.80351631e+00  1.07643000e+01  1.76554367e+00  1.07643000e+01  1.63374406e+00  1.07643000e+01  1.71801242e+00  1.07643000e+01  1.68198723e+00  1.07643000e+01  1.20000000e+00 
 1.08000000e+01  1.87544721e+00  1.08000000e+01  1.75569223e+00  1.08000000e+01  1.76011300e+00  1.08000000e+01  1.41884201e+00  1.08000000e+01  1.57216892e+00  1.08000000e+01  1.81132586e+00  1.08000000e+01  1.77544059e+00  1.08000000e+01  1.72077353e+00  1.08000000e+01  1.74026700e+00  1.08000000e+01  1.70450905e+00  1.08000000e+01  1.20000000e+00 
 1.08071400e+01  1.87544519e+00  1.08071400e+01  1.75569219e+00  1.08071400e+01  1.76011475e+00  1.08071400e+01  1.41884273e+00  1.08071400e+01  1.57216890e+00  1.08071400e+01  1.81132578e+00  1.08071400e+01  1.77544250e+00  1.08071400e+01  1.72077042e+00  1.08071400e+01  1.74026552e+00  1.08071400e+01  1.70451027e+00  1.08071400e+01  1.20000000e+00 
 1.08214200e+01  1.87544721e+00  1.08214200e+01  1.75569223e+00  1.08214200e+01  1.76011300e+00  1.08214200e+01  1.41884201e+00  1.08214200e+01  1.57216892e+00  1.08214200e+01  1.81132586e+00  1.08214200e+01  1.77544059e+00  1.08214200e+01  1.72077353e+00  1.08214200e+01  1.74026700e+00  1.08214200e+01  1.70450905e+00  1.08214200e+01  1.20000000e+00 
 1.08499800e+01  1.87544721e+00  1.08499800e+01  1.75569223e+00  1.08499800e+01  1.76011300e+00  1.08499800e+01  1.41884201e+00  1.08499800e+01  1.57216892e+00  1.08499800e+01  1.81132586e+00  1.08499800e+01  1.77544059e+00  1.08499800e+01  1.72077353e+00  1.08499800e+01  1.74026700e+00  1.08499800e+01  1.70450905e+00  1.08499800e+01  1.20000000e+00 
 1.09071000e+01  1.87544721e+00  1.09071000e+01  1.75569223e+00  1.09071000e+01  1.76011300e+00  1.09071000e+01  1.41884201e+00  1.09071000e+01  1.57216892e+00  1.09071000e+01  1.81132586e+00  1.09071000e+01  1.77544059e+00  1.09071000e+01  1.72077353e+00  1.09071000e+01  1.74026700e+00  1.09071000e+01  1.70450905e+00  1.09071000e+01  1.20000000e+00 
 1.09980000e+01  1.87544721e+00  1.09980000e+01  1.75569223e+00  1.09980000e+01  1.76011300e+00  1.09980000e+01  1.41884201e+00  1.09980000e+01  1.57216892e+00  1.09980000e+01  1.81132586e+00  1.09980000e+01  1.77544059e+00  1.09980000e+01  1.72077353e+00  1.09980000e+01  1.74026700e+00  1.09980000e+01  1.70450905e+00  1.09980000e+01  1.20000000e+00 
 1.10082000e+01  1.87723139e+00  1.10082000e+01  1.72969695e+00  1.10082000e+01  1.76088061e+00  1.10082000e+01  1.50312835e+00  1.10082000e+01  1.56489696e+00  1.10082000e+01  1.81569801e+00  1.10082000e+01  1.76772025e+00  1.10082000e+01  1.70838912e+00  1.10082000e+01  1.75021417e+00  1.10082000e+01  1.69670771e+00  1.10082000e+01  1.20000000e+00 
 1.10286000e+01  1.87512900e+00  1.10286000e+01  1.67447870e+00  1.10286000e+01  1.78475759e+00  1.10286000e+01  1.63700582e+00  1.10286000e+01  1.56121609e+00  1.10286000e+01  1.83293280e+00  1.10286000e+01  1.76605667e+00  1.10286000e+01  1.69283442e+00  1.10286000e+01  1.78922694e+00  1.10286000e+01  1.68074857e+00  1.10286000e+01  1.20000000e+00 
 1.10643000e+01  1.83254604e+00  1.10643000e+01  1.59510770e+00  1.10643000e+01  1.84050930e+00  1.10643000e+01  1.74871701e+00  1.10643000e+01  1.47395776e+00  1.10643000e+01  1.85717417e+00  1.10643000e+01  1.77147788e+00  1.10643000e+01  1.66691667e+00  1.10643000e+01  1.85694240e+00  1.10643000e+01  1.64495947e+00  1.10643000e+01  1.20000000e+00 
 1.11000000e+01  1.77907080e+00  1.11000000e+01  1.57959758e+00  1.11000000e+01  1.90231034e+00  1.11000000e+01  1.74071742e+00  1.11000000e+01  1.26718876e+00  1.11000000e+01  1.85794417e+00  1.11000000e+01  1.79230618e+00  1.11000000e+01  1.67096858e+00  1.11000000e+01  1.89611498e+00  1.11000000e+01  1.64128048e+00  1.11000000e+01  1.20000000e+00 
 1.11071400e+01  1.77907849e+00  1.11071400e+01  1.57958094e+00  1.11071400e+01  1.90229772e+00  1.11071400e+01  1.74072695e+00  1.11071400e+01  1.26719572e+00  1.11071400e+01  1.85794445e+00  1.11071400e+01  1.79229349e+00  1.11071400e+01  1.67095843e+00  1.11071400e+01  1.89611496e+00  1.11071400e+01  1.64127576e+00  1.11071400e+01  1.20000000e+00 
 1.11214200e+01  1.77907876e+00  1.11214200e+01  1.57958014e+00  1.11214200e+01  1.90229890e+00  1.11214200e+01  1.74072642e+00  1.11214200e+01  1.26719584e+00  1.11214200e+01  1.85794697e+00  1.11214200e+01  1.79229585e+00  1.11214200e+01  1.67096052e+00  1.11214200e+01  1.89611997e+00  1.11214200e+01  1.64127521e+00  1.11214200e+01  1.20000000e+00 
 1.11499800e+01  1.77907876e+00  1.11499800e+01  1.57958014e+00  1.11499800e+01  1.90229890e+00  1.11499800e+01  1.74072642e+00  1.11499800e+01  1.26719584e+00  1.11499800e+01  1.85794697e+00  1.11499800e+01  1.79229585e+00  1.11499800e+01  1.67096052e+00  1.11499800e+01  1.89611997e+00  1.11499800e+01  1.64127521e+00  1.11499800e+01  1.20000000e+00 
 1.12071000e+01  1.77907876e+00  1.12071000e+01  1.57958014e+00  1.12071000e+01  1.90229890e+00  1.12071000e+01  1.74072642e+00  1.12071000e+01  1.26719584e+00  1.12071000e+01  1.85794697e+00  1.12071000e+01  1.79229585e+00  1.12071000e+01  1.67096052e+00  1.12071000e+01  1.89611997e+00  1.12071000e+01  1.64127521e+00  1.12071000e+01  1.20000000e+00 
 1.12980000e+01  1.77907876e+00  1.12980000e+01  1.57958014e+00  1.12980000e+01  1.90229890e+00  1.12980000e+01  1.74072642e+00  1.12980000e+01  1.26719584e+00  1.12980000e+01  1.85794697e+00  1.12980000e+01  1.79229585e+00  1.12980000e+01  1.67096052e+00  1.12980000e+01  1.89611997e+00  1.12980000e+01  1.64127521e+00  1.12980000e+01  1.20000000e+00 
 1.13082000e+01  1.77684288e+00  1.13082000e+01  1.56930172e+00  1.13082000e+01  1.90113159e+00  1.13082000e+01  1.74626779e+00  1.13082000e+01  1.35084501e+00  1.13082000e+01  1.85448835e+00  1.13082000e+01  1.79934557e+00  1.13082000e+01  1.66977362e+00  1.13082000e+01  1.88139921e+00  1.13082000e+01  1.62915801e+00  1.13082000e+01  1.20000000e+00 
 1.13286000e+01  1.77130967e+00  1.13286000e+01  1.56536214e+00  1.13286000e+01  1.90244128e+00  1.13286000e+01  1.75227986e+00  1.13286000e+01  1.49712884e+00  1.13286000e+01  1.85671573e+00  1.13286000e+01  1.81834172e+00  1.13286000e+01  1.68967589e+00  1.13286000e+01  1.86548780e+00  1.13286000e+01  1.61660805e+00  1.13286000e+01  1.20000000e+00 
 1.13643000e+01  1.76415838e+00  1.13643000e+01  1.58709469e+00  1.13643000e+01  1.90382269e+00  1.13643000e+01  1.66413836e+00  1.13643000e+01  1.66482501e+00  1.13643000e+01  1.86058277e+00  1.13643000e+01  1.84971057e+00  1.13643000e+01  1.74227118e+00  1.13643000e+01  1.83509941e+00  1.13643000e+01  1.60699906e+00  1.13643000e+01  1.20000000e+00 
 1.14000000e+01  1.74796959e+00  1.14000000e+01  1.63403751e+00  1.14000000e+01  1.89289830e+00  1.14000000e+01  1.42657974e+00  1.14000000e+01  1.71196246e+00  1.14000000e+01  1.84536776e+00  1.14000000e+01  1.86965155e+00  1.14000000e+01  1.78556470e+00  1.14000000e+01  1.80369424e+00  1.14000000e+01  1.61294803e+00  1.14000000e+01  1.20000000e+00 
 1.14071400e+01  1.74797034e+00  1.14071400e+01  1.63403565e+00  1.14071400e+01  1.89289762e+00  1.14071400e+01  1.42658159e+00  1.14071400e+01  1.71196334e+00  1.14071400e+01  1.84536925e+00  1.14071400e+01  1.86965100e+00  1.14071400e+01  1.78556561e+00  1.14071400e+01  1.80369455e+00  1.14071400e+01  1.61294770e+00  1.14071400e+01  1.20000000e+00 
 1.14214200e+01  1.74797095e+00  1.14214200e+01  1.63403550e+00  1.14214200e+01  1.89289762e+00  1.14214200e+01  1.42658254e+00  1.14214200e+01  1.71196417e+00  1.14214200e+01  1.84536846e+00  1.14214200e+01  1.86965105e+00  1.14214200e+01  1.78556505e+00  1.14214200e+01  1.80369385e+00  1.14214200e+01  1.61294782e+00  1.14214200e+01  1.20000000e+00 
 1.14499800e+01  1.74797095e+00  1.14499800e+01  1.63403550e+00  1.14499800e+01  1.89289762e+00  1.14499800e+01  1.42658254e+00  1.14499800e+01  1.71196417e+00  1.14499800e+01  1.84536846e+00  1.14499800e+01  1.86965105e+00  1.14499800e+01  1.78556505e+00  1.14499800e+01  1.80369385e+00  1.14499800e+01  1.61294782e+00  1.14499800e+01  1.20000000e+00 
 1.15071000e+01  1.74797095e+00  1.15071000e+01  1.63403550e+00  1.15071000e+01  1.89289762e+00  1.15071000e+01  1.42658254e+00  1.15071000e+01  1.71196417e+00  1.15071000e+01  1.84536846e+00  1.15071000e+01  1.86965105e+00  1.15071000e+01  1.78556505e+00  1.15071000e+01  1.80369385e+00  1.15071000e+01  1.61294782e+00  1.15071000e+01  1.20000000e+00 
 1.15980000e+01  1.74797095e+00  1.15980000e+01  1.63403550e+00  1.15980000e+01  1.89289762e+00  1.15980000e+01  1.42658254e+00  1.15980000e+01  1.71196417e+00  1.15980000e+01  1.84536846e+00  1.15980000e+01  1.86965105e+00  1.15980000e+01  1.78556505e+00  1.15980000e+01  1.80369385e+00  1.15980000e+01  1.61294782e+00  1.15980000e+01  1.20000000e+00 
 1.16082000e+01  1.73926215e+00  1.16082000e+01  1.62670033e+00  1.16082000e+01  1.90373995e+00  1.16082000e+01  1.50122177e+00  1.16082000e+01  1.70988026e+00  1.16082000e+01  1.83789780e+00  1.16082000e+01  1.87730897e+00  1.16082000e+01  1.77322800e+00  1.16082000e+01  1.81147556e+00  1.16082000e+01  1.60723034e+00  1.16082000e+01  1.20000000e+00 
 1.16286000e+01  1.71220580e+00  1.16286000e+01  1.62083580e+00  1.16286000e+01  1.92270628e+00  1.16286000e+01  1.60720542e+00  1.16286000e+01  1.72168806e+00  1.16286000e+01  1.81374792e+00  1.16286000e+01  1.89318868e+00  1.16286000e+01  1.72420274e+00  1.16286000e+01  1.83990792e+00  1.16286000e+01  1.60081262e+00  1.16286000e+01  1.20000000e+00 
 1.16643000e+01  1.66178965e+00  1.16643000e+01  1.63831772e+00  1.16643000e+01  1.94622186e+00  1.16643000e+01  1.67590296e+00  1.16643000e+01  1.75304151e+00  1.16643000e+01  1.75609763e+00  1.16643000e+01  1.91582106e+00  1.16643000e+01  1.53821972e+00  1.16643000e+01  1.89552821e+00  1.16643000e+01  1.60399353e+00  1.16643000e+01  1.20000000e+00 
 1.17000000e+01  1.62794102e+00  1.17000000e+01  1.68163922e+00  1.17000000e+01  1.95018097e+00  1.17000000e+01  1.64130236e+00  1.17000000e+01  1.77729701e+00  1.17000000e+01  1.71522561e+00  1.17000000e+01  1.91939671e+00  1.17000000e+01  1.24892325e+00  1.17000000e+01  1.93794178e+00  1.17000000e+01  1.62396733e+00  1.17000000e+01  1.20000000e+00 
 1.17071400e+01  1.62794104e+00  1.17071400e+01  1.68163936e+00  1.17071400e+01  1.95018049e+00  1.17071400e+01  1.64130331e+00  1.17071400e+01  1.77729672e+00  1.17071400e+01  1.71522683e+00  1.17071400e+01  1.91939494e+00  1.17071400e+01  1.24892447e+00  1.17071400e+01  1.93794058e+00  1.17071400e+01  1.62396719e+00  1.17071400e+01  1.20000000e+00 
 1.17214200e+01  1.62794102e+00  1.17214200e+01  1.68163922e+00  1.17214200e+01  1.95018097e+00  1.17214200e+01  1.64130236e+00  1.17214200e+01  1.77729701e+00  1.17214200e+01  1.71522561e+00  1.17214200e+01  1.91939671e+00  1.17214200e+01  1.24892325e+00  1.17214200e+01  1.93794178e+00  1.17214200e+01  1.62396733e+00  1.17214200e+01  1.20000000e+00 
 1.17499800e+01  1.62794102e+00  1.17499800e+01  1.68163922e+00  1.17499800e+01  1.95018097e+00  1.17499800e+01  1.64130236e+00  1.17499800e+01  1.77729701e+00  1.17499800e+01  1.71522561e+00  1.17499800e+01  1.91939671e+00  1.17499800e+01  1.24892325e+00  1.17499800e+01  1.93794178e+00  1.17499800e+01  1.62396733e+00  1.17499800e+01  1.20000000e+00 
 1.18071000e+01  1.62794102e+00  1.18071000e+01  1.68163922e+00  1.18071000e+01  1.95018097e+00  1.18071000e+01  1.64130236e+00  1.18071000e+01  1.77729701e+00  1.18071000e+01  1.71522561e+00  1.18071000e+01  1.91939671e+00  1.18071000e+01  1.24892325e+00  1.18071000e+01  1.93794178e+00  1.18071000e+01  1.62396733e+00  1.18071000e+01  1.20000000e+00 
 1.18980000e+01  1.62794102e+00  1.18980000e+01  1.68163922e+00  1.18980000e+01  1.95018097e+00  1.18980000e+01  1.64130236e+00  1.18980000e+01  1.77729701e+00  1.18980000e+01  1.71522561e+00  1.18980000e+01  1.91939671e+00  1.18980000e+01  1.24892325e+00  1.18980000e+01  1.93794178e+00  1.18980000e+01  1.62396733e+00  1.18980000e+01  1.20000000e+00 
 1.19082000e+01  1.62343690e+00  1.19082000e+01  1.68128178e+00  1.19082000e+01  1.94424443e+00  1.19082000e+01  1.64479706e+00  1.19082000e+01  1.76681641e+00  1.19082000e+01  1.71762116e+00  1.19082000e+01  1.91615285e+00  1.19082000e+01  1.31889670e+00  1.19082000e+01  1.92877037e+00  1.19082000e+01  1.61946763e+00  1.19082000e+01  1.20000000e+00 
 1.19286000e+01  1.61584917e+00  1.19286000e+01  1.68683180e+00  1.19286000e+01  1.93013008e+00  1.19286000e+01  1.65413405e+00  1.19286000e+01  1.72645852e+00  1.19286000e+01  1.72289453e+00  1.19286000e+01  1.90315580e+00  1.19286000e+01  1.43012443e+00  1.19286000e+01  1.90747202e+00  1.19286000e+01  1.61171245e+00  1.19286000e+01  1.20000000e+00 
 1.19643000e+01  1.61169628e+00  1.19643000e+01  1.70872211e+00  1.19643000e+01  1.89872364e+00  1.19643000e+01  1.68196302e+00  1.19643000e+01  1.55374448e+00  1.19643000e+01  1.73624151e+00  1.19643000e+01  1.87123024e+00  1.19643000e+01  1.53804404e+00  1.19643000e+01  1.86758485e+00  1.19643000e+01  1.60989545e+00  1.19643000e+01  1.20000000e+00 
 1.20000000e+01  1.62021372e+00  1.20000000e+01  1.74038226e+00  1.20000000e+01  1.87061769e+00  1.20000000e+01  1.70793189e+00  1.20000000e+01  1.26949539e+00  1.20000000e+01  1.75211742e+00  1.20000000e+01  1.83704411e+00  1.20000000e+01  1.55159528e+00  1.20000000e+01  1.83315650e+00  1.20000000e+01  1.61845030e+00  1.20000000e+01  1.20000000e+00 
 1.20071400e+01  1.62021356e+00  1.20071400e+01  1.74038196e+00  1.20071400e+01  1.87061741e+00  1.20071400e+01  1.70793169e+00  1.20071400e+01  1.26949552e+00  1.20071400e+01  1.75211677e+00  1.20071400e+01  1.83704387e+00  1.20071400e+01  1.55159501e+00  1.20071400e+01  1.83315640e+00  1.20071400e+01  1.61845025e+00  1.20071400e+01  1.20000000e+00 
 1.20214200e+01  1.62021364e+00  1.20214200e+01  1.74038214e+00  1.20214200e+01  1.87061755e+00  1.20214200e+01  1.70793200e+00  1.20214200e+01  1.26949536e+00  1.20214200e+01  1.75211737e+00  1.20214200e+01  1.83704405e+00  1.20214200e+01  1.55159515e+00  1.20214200e+01  1.83315638e+00  1.20214200e+01  1.61845025e+00  1.20214200e+01  1.20000000e+00 
 1.20499800e+01  1.62021364e+00  1.20499800e+01  1.74038214e+00  1.20499800e+01  1.87061755e+00  1.20499800e+01  1.70793200e+00  1.20499800e+01  1.26949536e+00  1.20499800e+01  1.75211737e+00  1.20499800e+01  1.83704405e+00  1.20499800e+01  1.55159515e+00  1.20499800e+01  1.83315638e+00  1.20499800e+01  1.61845025e+00  1.20499800e+01  1.20000000e+00 
 1.21071000e+01  1.62021364e+00  1.21071000e+01  1.74038214e+00  1.21071000e+01  1.87061755e+00  1.21071000e+01  1.70793200e+00  1.21071000e+01  1.26949536e+00  1.21071000e+01  1.75211737e+00  1.21071000e+01  1.83704405e+00  1.21071000e+01  1.55159515e+00  1.21071000e+01  1.83315638e+00  1.21071000e+01  1.61845025e+00  1.21071000e+01  1.20000000e+00 
 1.21980000e+01  1.62021364e+00  1.21980000e+01  1.74038214e+00  1.21980000e+01  1.87061755e+00  1.21980000e+01  1.70793200e+00  1.21980000e+01  1.26949536e+00  1.21980000e+01  1.75211737e+00  1.21980000e+01  1.83704405e+00  1.21980000e+01  1.55159515e+00  1.21980000e+01  1.83315638e+00  1.21980000e+01  1.61845025e+00  1.21980000e+01  1.20000000e+00 
 1.22082000e+01  1.61390218e+00  1.22082000e+01  1.72499622e+00  1.22082000e+01  1.86414253e+00  1.22082000e+01  1.70667798e+00  1.22082000e+01  1.35176697e+00  1.22082000e+01  1.74804409e+00  1.22082000e+01  1.84632954e+00  1.22082000e+01  1.54969675e+00  1.22082000e+01  1.82839866e+00  1.22082000e+01  1.61181659e+00  1.22082000e+01  1.20000000e+00 
 1.22286000e+01  1.61310719e+00  1.22286000e+01  1.70052017e+00  1.22286000e+01  1.85610398e+00  1.22286000e+01  1.68745482e+00  1.22286000e+01  1.50260952e+00  1.22286000e+01  1.73810200e+00  1.22286000e+01  1.86754075e+00  1.22286000e+01  1.56568515e+00  1.22286000e+01  1.83388661e+00  1.22286000e+01  1.61138310e+00  1.22286000e+01  1.20000000e+00 
 1.22643000e+01  1.62297466e+00  1.22643000e+01  1.66963233e+00  1.22643000e+01  1.84367391e+00  1.22643000e+01  1.55792282e+00  1.22643000e+01  1.67579971e+00  1.22643000e+01  1.73139962e+00  1.22643000e+01  1.89604838e+00  1.22643000e+01  1.61564962e+00  1.22643000e+01  1.84307098e+00  1.22643000e+01  1.61876847e+00  1.22643000e+01  1.20000000e+00 
 1.23000000e+01  1.63847341e+00  1.23000000e+01  1.66355840e+00  1.23000000e+01  1.83001731e+00  1.23000000e+01  1.31017440e+00  1.23000000e+01  1.72830472e+00  1.23000000e+01  1.73107529e+00  1.23000000e+01  1.89857519e+00  1.23000000e+01  1.67010702e+00  1.23000000e+01  1.84413247e+00  1.23000000e+01  1.64111619e+00  1.23000000e+01  1.20000000e+00 
 1.23071400e+01  1.63847383e+00  1.23071400e+01  1.66355561e+00  1.23071400e+01  1.83001508e+00  1.23071400e+01  1.31017488e+00  1.23071400e+01  1.72830667e+00  1.23071400e+01  1.73107337e+00  1.23071400e+01  1.89857475e+00  1.23071400e+01  1.67010648e+00  1.23071400e+01  1.84413157e+00  1.23071400e+01  1.64111491e+00  1.23071400e+01  1.20000000e+00 
 1.23214200e+01  1.63847459e+00  1.23214200e+01  1.66355530e+00  1.23214200e+01  1.83001516e+00  1.23214200e+01  1.31017537e+00  1.23214200e+01  1.72830750e+00  1.23214200e+01  1.73107387e+00  1.23214200e+01  1.89857581e+00  1.23214200e+01  1.67010667e+00  1.23214200e+01  1.84413206e+00  1.23214200e+01  1.64111572e+00  1.23214200e+01  1.20000000e+00 
 1.23499800e+01  1.63847459e+00  1.23499800e+01  1.66355530e+00  1.23499800e+01  1.83001516e+00  1.23499800e+01  1.31017537e+00  1.23499800e+01  1.72830750e+00  1.23499800e+01  1.73107387e+00  1.23499800e+01  1.89857581e+00  1.23499800e+01  1.67010667e+00  1.23499800e+01  1.84413206e+00  1.23499800e+01  1.64111572e+00  1.23499800e+01  1.20000000e+00 
 1.24071000e+01  1.63847459e+00  1.24071000e+01  1.66355530e+00  1.24071000e+01  1.83001516e+00  1.24071000e+01  1.31017537e+00  1.24071000e+01  1.72830750e+00  1.24071000e+01  1.73107387e+00  1.24071000e+01  1.89857581e+00  1.24071000e+01  1.67010667e+00  1.24071000e+01  1.84413206e+00  1.24071000e+01  1.64111572e+00  1.24071000e+01  1.20000000e+00 
 1.24980000e+01  1.63847459e+00  1.24980000e+01  1.66355530e+00  1.24980000e+01  1.83001516e+00  1.24980000e+01  1.31017537e+00  1.24980000e+01  1.72830750e+00  1.24980000e+01  1.73107387e+00  1.24980000e+01  1.89857581e+00  1.24980000e+01  1.67010667e+00  1.24980000e+01  1.84413206e+00  1.24980000e+01  1.64111572e+00  1.24980000e+01  1.20000000e+00 
 1.25082000e+01  1.63890227e+00  1.25082000e+01  1.65124477e+00  1.25082000e+01  1.82791847e+00  1.25082000e+01  1.39834390e+00  1.25082000e+01  1.72306905e+00  1.25082000e+01  1.72890102e+00  1.25082000e+01  1.90492181e+00  1.25082000e+01  1.65731085e+00  1.25082000e+01  1.82608201e+00  1.25082000e+01  1.62443315e+00  1.25082000e+01  1.20000000e+00 
 1.25286000e+01  1.64694697e+00  1.25286000e+01  1.63404628e+00  1.25286000e+01  1.82295921e+00  1.25286000e+01  1.55501409e+00  1.25286000e+01  1.70858640e+00  1.25286000e+01  1.72449188e+00  1.25286000e+01  1.89555658e+00  1.25286000e+01  1.62894499e+00  1.25286000e+01  1.78094529e+00  1.25286000e+01  1.59881959e+00  1.25286000e+01  1.20000000e+00 
 1.25643000e+01  1.66562612e+00  1.25643000e+01  1.62141981e+00  1.25643000e+01  1.81179097e+00  1.25643000e+01  1.73604127e+00  1.25643000e+01  1.67787078e+00  1.25643000e+01  1.72124696e+00  1.25643000e+01  1.76624228e+00  1.25643000e+01  1.58861604e+00  1.25643000e+01  1.69623012e+00  1.25643000e+01  1.56706971e+00  1.25643000e+01  1.20000000e+00 
 1.26000000e+01  1.68926323e+00  1.26000000e+01  1.64456842e+00  1.26000000e+01  1.80167246e+00  1.26000000e+01  1.78546785e+00  1.26000000e+01  1.66268497e+00  1.26000000e+01  1.72907465e+00  1.26000000e+01  1.49800875e+00  1.26000000e+01  1.57333245e+00  1.26000000e+01  1.64606553e+00  1.26000000e+01  1.55829737e+00  1.26000000e+01  1.20000000e+00 
 1.26071400e+01  1.68926466e+00  1.26071400e+01  1.64456100e+00  1.26071400e+01  1.80166774e+00  1.26071400e+01  1.78547277e+00  1.26071400e+01  1.66268610e+00  1.26071400e+01  1.72907118e+00  1.26071400e+01  1.49800810e+00  1.26071400e+01  1.57332785e+00  1.26071400e+01  1.64606063e+00  1.26071400e+01  1.55829848e+00  1.26071400e+01  1.20000000e+00 
 1.26214200e+01  1.68926540e+00  1.26214200e+01  1.64456060e+00  1.26214200e+01  1.80166805e+00  1.26214200e+01  1.78547609e+00  1.26214200e+01  1.66268443e+00  1.26214200e+01  1.72907106e+00  1.26214200e+01  1.49800863e+00  1.26214200e+01  1.57332929e+00  1.26214200e+01  1.64605851e+00  1.26214200e+01  1.55829656e+00  1.26214200e+01  1.20000000e+00 
 1.26499800e+01  1.68926540e+00  1.26499800e+01  1.64456060e+00  1.26499800e+01  1.80166805e+00  1.26499800e+01  1.78547609e+00  1.26499800e+01  1.66268443e+00  1.26499800e+01  1.72907106e+00  1.26499800e+01  1.49800863e+00  1.26499800e+01  1.57332929e+00  1.26499800e+01  1.64605851e+00  1.26499800e+01  1.55829656e+00  1.26499800e+01  1.20000000e+00 
 1.27071000e+01  1.68926540e+00  1.27071000e+01  1.64456060e+00  1.27071000e+01  1.80166805e+00  1.27071000e+01  1.78547609e+00  1.27071000e+01  1.66268443e+00  1.27071000e+01  1.72907106e+00  1.27071000e+01  1.49800863e+00  1.27071000e+01  1.57332929e+00  1.27071000e+01  1.64605851e+00  1.27071000e+01  1.55829656e+00  1.27071000e+01  1.20000000e+00 
 1.27980000e+01  1.68926540e+00  1.27980000e+01  1.64456060e+00  1.27980000e+01  1.80166805e+00  1.27980000e+01  1.78547609e+00  1.27980000e+01  1.66268443e+00  1.27980000e+01  1.72907106e+00  1.27980000e+01  1.49800863e+00  1.27980000e+01  1.57332929e+00  1.27980000e+01  1.64605851e+00  1.27980000e+01  1.55829656e+00  1.27980000e+01  1.20000000e+00 
 1.28082000e+01  1.68997227e+00  1.28082000e+01  1.64078050e+00  1.28082000e+01  1.81383822e+00  1.28082000e+01  1.79177863e+00  1.28082000e+01  1.66410681e+00  1.28082000e+01  1.73086831e+00  1.28082000e+01  1.50044264e+00  1.28082000e+01  1.56819978e+00  1.28082000e+01  1.65495745e+00  1.28082000e+01  1.56204714e+00  1.28082000e+01  1.20000000e+00 
 1.28286000e+01  1.69967042e+00  1.28286000e+01  1.65407386e+00  1.28286000e+01  1.84182307e+00  1.28286000e+01  1.79649364e+00  1.28286000e+01  1.67661595e+00  1.28286000e+01  1.73894268e+00  1.28286000e+01  1.50309012e+00  1.28286000e+01  1.56097032e+00  1.28286000e+01  1.68481473e+00  1.28286000e+01  1.57233632e+00  1.28286000e+01  1.20000000e+00 
 1.28643000e+01  1.71993417e+00  1.28643000e+01  1.71030695e+00  1.28643000e+01  1.89410253e+00  1.28643000e+01  1.78659891e+00  1.28643000e+01  1.70107707e+00  1.28643000e+01  1.75647557e+00  1.28643000e+01  1.49668734e+00  1.28643000e+01  1.56455029e+00  1.28643000e+01  1.75668914e+00  1.28643000e+01  1.60237025e+00  1.28643000e+01  1.20000000e+00 
 1.29000000e+01  1.72685560e+00  1.29000000e+01  1.77346499e+00  1.29000000e+01  1.93701790e+00  1.29000000e+01  1.75735088e+00  1.29000000e+01  1.71823717e+00  1.29000000e+01  1.77130346e+00  1.29000000e+01  1.48522022e+00  1.29000000e+01  1.58750643e+00  1.29000000e+01  1.82119923e+00  1.29000000e+01  1.63589565e+00  1.29000000e+01  1.20000000e+00 
 1.29071400e+01  1.72685384e+00  1.29071400e+01  1.77346547e+00  1.29071400e+01  1.93701792e+00  1.29071400e+01  1.75735236e+00  1.29071400e+01  1.71823662e+00  1.29071400e+01  1.77130258e+00  1.29071400e+01  1.48522136e+00  1.29071400e+01  1.58750634e+00  1.29071400e+01  1.82119733e+00  1.29071400e+01  1.63589656e+00  1.29071400e+01  1.20000000e+00 
 1.29214200e+01  1.72685560e+00  1.29214200e+01  1.77346499e+00  1.29214200e+01  1.93701790e+00  1.29214200e+01  1.75735088e+00  1.29214200e+01  1.71823717e+00  1.29214200e+01  1.77130346e+00  1.29214200e+01  1.48522022e+00  1.29214200e+01  1.58750643e+00  1.29214200e+01  1.82119923e+00  1.29214200e+01  1.63589565e+00  1.29214200e+01  1.20000000e+00 
 1.29499800e+01  1.72685560e+00  1.29499800e+01  1.77346499e+00  1.29499800e+01  1.93701790e+00  1.29499800e+01  1.75735088e+00  1.29499800e+01  1.71823717e+00  1.29499800e+01  1.77130346e+00  1.29499800e+01  1.48522022e+00  1.29499800e+01  1.58750643e+00  1.29499800e+01  1.82119923e+00  1.29499800e+01  1.63589565e+00  1.29499800e+01  1.20000000e+00 
 1.30071000e+01  1.72685560e+00  1.30071000e+01  1.77346499e+00  1.30071000e+01  1.93701790e+00  1.30071000e+01  1.75735088e+00  1.30071000e+01  1.71823717e+00  1.30071000e+01  1.77130346e+00  1.30071000e+01  1.48522022e+00  1.30071000e+01  1.58750643e+00  1.30071000e+01  1.82119923e+00  1.30071000e+01  1.63589565e+00  1.30071000e+01  1.20000000e+00 
 1.30980000e+01  1.72685560e+00  1.30980000e+01  1.77346499e+00  1.30980000e+01  1.93701790e+00  1.30980000e+01  1.75735088e+00  1.30980000e+01  1.71823717e+00  1.30980000e+01  1.77130346e+00  1.30980000e+01  1.48522022e+00  1.30980000e+01  1.58750643e+00  1.30980000e+01  1.82119923e+00  1.30980000e+01  1.63589565e+00  1.30980000e+01  1.20000000e+00 
 1.31082000e+01  1.71118807e+00  1.31082000e+01  1.76630403e+00  1.31082000e+01  1.94003767e+00  1.31082000e+01  1.75300746e+00  1.31082000e+01  1.71172897e+00  1.31082000e+01  1.76181911e+00  1.31082000e+01  1.57449890e+00  1.31082000e+01  1.59401560e+00  1.31082000e+01  1.82911504e+00  1.31082000e+01  1.62745652e+00  1.31082000e+01  1.20000000e+00 
 1.31286000e+01  1.67434263e+00  1.31286000e+01  1.74097940e+00  1.31286000e+01  1.94861894e+00  1.31286000e+01  1.73866440e+00  1.31286000e+01  1.70369109e+00  1.31286000e+01  1.73958435e+00  1.31286000e+01  1.73168640e+00  1.31286000e+01  1.61376142e+00  1.31286000e+01  1.84490682e+00  1.31286000e+01  1.60937891e+00  1.31286000e+01  1.20000000e+00 
 1.31643000e+01  1.60690207e+00  1.31643000e+01  1.60262723e+00  1.31643000e+01  1.95279123e+00  1.31643000e+01  1.70358282e+00  1.31643000e+01  1.68495432e+00  1.31643000e+01  1.69949270e+00  1.31643000e+01  1.90638836e+00  1.31643000e+01  1.65725369e+00  1.31643000e+01  1.86445477e+00  1.31643000e+01  1.58168490e+00  1.31643000e+01  1.20000000e+00 
 1.32000000e+01  1.56807984e+00  1.32000000e+01  1.35519593e+00  1.32000000e+01  1.94238237e+00  1.32000000e+01  1.66656829e+00  1.32000000e+01  1.66930470e+00  1.32000000e+01  1.67170184e+00  1.32000000e+01  1.95076704e+00  1.32000000e+01  1.70027300e+00  1.32000000e+01  1.86789192e+00  1.32000000e+01  1.56500743e+00  1.32000000e+01  1.20000000e+00 
 1.32071400e+01  1.56808013e+00  1.32071400e+01  1.35519634e+00  1.32071400e+01  1.94238242e+00  1.32071400e+01  1.66656875e+00  1.32071400e+01  1.66930483e+00  1.32071400e+01  1.67170215e+00  1.32071400e+01  1.95076688e+00  1.32071400e+01  1.70027264e+00  1.32071400e+01  1.86789021e+00  1.32071400e+01  1.56500780e+00  1.32071400e+01  1.20000000e+00 
 1.32214200e+01  1.56807984e+00  1.32214200e+01  1.35519593e+00  1.32214200e+01  1.94238237e+00  1.32214200e+01  1.66656829e+00  1.32214200e+01  1.66930470e+00  1.32214200e+01  1.67170184e+00  1.32214200e+01  1.95076704e+00  1.32214200e+01  1.70027300e+00  1.32214200e+01  1.86789192e+00  1.32214200e+01  1.56500743e+00  1.32214200e+01  1.20000000e+00 
 1.32499800e+01  1.56807984e+00  1.32499800e+01  1.35519593e+00  1.32499800e+01  1.94238237e+00  1.32499800e+01  1.66656829e+00  1.32499800e+01  1.66930470e+00  1.32499800e+01  1.67170184e+00  1.32499800e+01  1.95076704e+00  1.32499800e+01  1.70027300e+00  1.32499800e+01  1.86789192e+00  1.32499800e+01  1.56500743e+00  1.32499800e+01  1.20000000e+00 
 1.33071000e+01  1.56807984e+00  1.33071000e+01  1.35519593e+00  1.33071000e+01  1.94238237e+00  1.33071000e+01  1.66656829e+00  1.33071000e+01  1.66930470e+00  1.33071000e+01  1.67170184e+00  1.33071000e+01  1.95076704e+00  1.33071000e+01  1.70027300e+00  1.33071000e+01  1.86789192e+00  1.33071000e+01  1.56500743e+00  1.33071000e+01  1.20000000e+00 
 1.33980000e+01  1.56807984e+00  1.33980000e+01  1.35519593e+00  1.33980000e+01  1.94238237e+00  1.33980000e+01  1.66656829e+00  1.33980000e+01  1.66930470e+00  1.33980000e+01  1.67170184e+00  1.33980000e+01  1.95076704e+00  1.33980000e+01  1.70027300e+00  1.33980000e+01  1.86789192e+00  1.33980000e+01  1.56500743e+00  1.33980000e+01  1.20000000e+00 
 1.34082000e+01  1.56812530e+00  1.34082000e+01  1.35806501e+00  1.34082000e+01  1.94588011e+00  1.34082000e+01  1.66740496e+00  1.34082000e+01  1.65895392e+00  1.34082000e+01  1.67122530e+00  1.34082000e+01  1.95309604e+00  1.34082000e+01  1.70013985e+00  1.34082000e+01  1.86948037e+00  1.34082000e+01  1.56895959e+00  1.34082000e+01  1.20000000e+00 
 1.34286000e+01  1.57212078e+00  1.34286000e+01  1.36548796e+00  1.34286000e+01  1.95112477e+00  1.34286000e+01  1.66913372e+00  1.34286000e+01  1.63717792e+00  1.34286000e+01  1.67265444e+00  1.34286000e+01  1.95477228e+00  1.34286000e+01  1.69986474e+00  1.34286000e+01  1.87244639e+00  1.34286000e+01  1.57922651e+00  1.34286000e+01  1.20000000e+00 
 1.34643000e+01  1.58770172e+00  1.34643000e+01  1.37997906e+00  1.34643000e+01  1.95612119e+00  1.34643000e+01  1.67104747e+00  1.34643000e+01  1.60053498e+00  1.34643000e+01  1.67973731e+00  1.34643000e+01  1.94965161e+00  1.34643000e+01  1.70048076e+00  1.34643000e+01  1.87681686e+00  1.34643000e+01  1.60495401e+00  1.34643000e+01  1.20000000e+00 
 1.35000000e+01  1.60926335e+00  1.35000000e+01  1.39238414e+00  1.35000000e+01  1.95812804e+00  1.35000000e+01  1.67104633e+00  1.35000000e+01  1.57575356e+00  1.35000000e+01  1.69331800e+00  1.35000000e+01  1.93711435e+00  1.35000000e+01  1.70400827e+00  1.35000000e+01  1.88371420e+00  1.35000000e+01  1.64071710e+00  1.35000000e+01  1.20000000e+00 
 1.35071400e+01  1.60926334e+00  1.35071400e+01  1.39238405e+00  1.35071400e+01  1.95812808e+00  1.35071400e+01  1.67104609e+00  1.35071400e+01  1.57575358e+00  1.35071400e+01  1.69331799e+00  1.35071400e+01  1.93711459e+00  1.35071400e+01  1.70400854e+00  1.35071400e+01  1.88371434e+00  1.35071400e+01  1.64071672e+00  1.35071400e+01  1.20000000e+00 
 1.35214200e+01  1.60926335e+00  1.35214200e+01  1.39238414e+00  1.35214200e+01  1.95812802e+00  1.35214200e+01  1.67104636e+00  1.35214200e+01  1.57575353e+00  1.35214200e+01  1.69331797e+00  1.35214200e+01  1.93711436e+00  1.35214200e+01  1.70400826e+00  1.35214200e+01  1.88371417e+00  1.35214200e+01  1.64071708e+00  1.35214200e+01  1.20000000e+00 
 1.35499800e+01  1.60926335e+00  1.35499800e+01  1.39238414e+00  1.35499800e+01  1.95812802e+00  1.35499800e+01  1.67104636e+00  1.35499800e+01  1.57575353e+00  1.35499800e+01  1.69331797e+00  1.35499800e+01  1.93711436e+00  1.35499800e+01  1.70400826e+00  1.35499800e+01  1.88371417e+00  1.35499800e+01  1.64071708e+00  1.35499800e+01  1.20000000e+00 
 1.36071000e+01  1.60926335e+00  1.36071000e+01  1.39238414e+00  1.36071000e+01  1.95812802e+00  1.36071000e+01  1.67104636e+00  1.36071000e+01  1.57575353e+00  1.36071000e+01  1.69331797e+00  1.36071000e+01  1.93711436e+00  1.36071000e+01  1.70400826e+00  1.36071000e+01  1.88371417e+00  1.36071000e+01  1.64071708e+00  1.36071000e+01  1.20000000e+00 
 1.36980000e+01  1.60926335e+00  1.36980000e+01  1.39238414e+00  1.36980000e+01  1.95812802e+00  1.36980000e+01  1.67104636e+00  1.36980000e+01  1.57575353e+00  1.36980000e+01  1.69331797e+00  1.36980000e+01  1.93711436e+00  1.36980000e+01  1.70400826e+00  1.36980000e+01  1.88371417e+00  1.36980000e+01  1.64071708e+00  1.36980000e+01  1.20000000e+00 
 1.37082000e+01  1.61149976e+00  1.37082000e+01  1.46600595e+00  1.37082000e+01  1.95704133e+00  1.37082000e+01  1.68051894e+00  1.37082000e+01  1.58390964e+00  1.37082000e+01  1.68635709e+00  1.37082000e+01  1.94233766e+00  1.37082000e+01  1.69330522e+00  1.37082000e+01  1.86767356e+00  1.37082000e+01  1.64901932e+00  1.37082000e+01  1.20000000e+00 
 1.37286000e+01  1.63186823e+00  1.37286000e+01  1.58962621e+00  1.37286000e+01  1.95306124e+00  1.37286000e+01  1.70828097e+00  1.37286000e+01  1.62015151e+00  1.37286000e+01  1.68346015e+00  1.37286000e+01  1.93647634e+00  1.37286000e+01  1.67728527e+00  1.37286000e+01  1.83493814e+00  1.37286000e+01  1.67808445e+00  1.37286000e+01  1.20000000e+00 
 1.37643000e+01  1.68704369e+00  1.37643000e+01  1.72130895e+00  1.37643000e+01  1.93759593e+00  1.37643000e+01  1.75951570e+00  1.37643000e+01  1.69836109e+00  1.37643000e+01  1.68741644e+00  1.37643000e+01  1.82008697e+00  1.37643000e+01  1.66252620e+00  1.37643000e+01  1.77635014e+00  1.37643000e+01  1.73577675e+00  1.37643000e+01  1.20000000e+00 
 1.38000000e+01  1.73249150e+00  1.38000000e+01  1.75314154e+00  1.38000000e+01  1.91482968e+00  1.38000000e+01  1.78811226e+00  1.38000000e+01  1.75604061e+00  1.38000000e+01  1.69961344e+00  1.38000000e+01  1.55722083e+00  1.38000000e+01  1.66515657e+00  1.38000000e+01  1.74021235e+00  1.38000000e+01  1.77772613e+00  1.38000000e+01  1.20000000e+00 
 1.38071400e+01  1.73249044e+00  1.38071400e+01  1.75314084e+00  1.38071400e+01  1.91482888e+00  1.38071400e+01  1.78811149e+00  1.38071400e+01  1.75604055e+00  1.38071400e+01  1.69961173e+00  1.38071400e+01  1.55722156e+00  1.38071400e+01  1.66515541e+00  1.38071400e+01  1.74021088e+00  1.38071400e+01  1.77772535e+00  1.38071400e+01  1.20000000e+00 
 1.38214200e+01  1.73249232e+00  1.38214200e+01  1.75314070e+00  1.38214200e+01  1.91482910e+00  1.38214200e+01  1.78811385e+00  1.38214200e+01  1.75604219e+00  1.38214200e+01  1.69961284e+00  1.38214200e+01  1.55722137e+00  1.38214200e+01  1.66515583e+00  1.38214200e+01  1.74021123e+00  1.38214200e+01  1.77772715e+00  1.38214200e+01  1.20000000e+00 
 1.38499800e+01  1.73249232e+00  1.38499800e+01  1.75314070e+00  1.38499800e+01  1.91482910e+00  1.38499800e+01  1.78811385e+00  1.38499800e+01  1.75604219e+00  1.38499800e+01  1.69961284e+00  1.38499800e+01  1.55722137e+00  1.38499800e+01  1.66515583e+00  1.38499800e+01  1.74021123e+00  1.38499800e+01  1.77772715e+00  1.38499800e+01  1.20000000e+00 
 1.39071000e+01  1.73249232e+00  1.39071000e+01  1.75314070e+00  1.39071000e+01  1.91482910e+00  1.39071000e+01  1.78811385e+00  1.39071000e+01  1.75604219e+00  1.39071000e+01  1.69961284e+00  1.39071000e+01  1.55722137e+00  1.39071000e+01  1.66515583e+00  1.39071000e+01  1.74021123e+00  1.39071000e+01  1.77772715e+00  1.39071000e+01  1.20000000e+00 
 1.39980000e+01  1.73249232e+00  1.39980000e+01  1.75314070e+00  1.39980000e+01  1.91482910e+00  1.39980000e+01  1.78811385e+00  1.39980000e+01  1.75604219e+00  1.39980000e+01  1.69961284e+00  1.39980000e+01  1.55722137e+00  1.39980000e+01  1.66515583e+00  1.39980000e+01  1.74021123e+00  1.39980000e+01  1.77772715e+00  1.39980000e+01  1.20000000e+00 
 1.40082000e+01  1.72865688e+00  1.40082000e+01  1.73969584e+00  1.40082000e+01  1.92530650e+00  1.40082000e+01  1.77984205e+00  1.40082000e+01  1.75174314e+00  1.40082000e+01  1.69983442e+00  1.40082000e+01  1.64853334e+00  1.40082000e+01  1.65912726e+00  1.40082000e+01  1.73917560e+00  1.40082000e+01  1.76891702e+00  1.40082000e+01  1.20000000e+00 
 1.40286000e+01  1.71554803e+00  1.40286000e+01  1.71071221e+00  1.40286000e+01  1.94666539e+00  1.40286000e+01  1.75093642e+00  1.40286000e+01  1.73555513e+00  1.40286000e+01  1.68870047e+00  1.40286000e+01  1.79004025e+00  1.40286000e+01  1.65100545e+00  1.40286000e+01  1.73951125e+00  1.40286000e+01  1.74315321e+00  1.40286000e+01  1.20000000e+00 
 1.40643000e+01  1.68729016e+00  1.40643000e+01  1.66540266e+00  1.40643000e+01  1.97714491e+00  1.40643000e+01  1.68195693e+00  1.40643000e+01  1.69481134e+00  1.40643000e+01  1.59131371e+00  1.40643000e+01  1.92083150e+00  1.40643000e+01  1.65814786e+00  1.40643000e+01  1.75671866e+00  1.40643000e+01  1.68709049e+00  1.40643000e+01  1.20000000e+00 
 1.41000000e+01  1.67438883e+00  1.41000000e+01  1.65289816e+00  1.41000000e+01  1.98964124e+00  1.41000000e+01  1.62472821e+00  1.41000000e+01  1.65317428e+00  1.41000000e+01  1.37972120e+00  1.41000000e+01  1.92993910e+00  1.41000000e+01  1.69026015e+00  1.41000000e+01  1.78185324e+00  1.41000000e+01  1.64757291e+00  1.41000000e+01  1.20000000e+00 
 1.41071400e+01  1.67438862e+00  1.41071400e+01  1.65289937e+00  1.41071400e+01  1.98964040e+00  1.41071400e+01  1.62472972e+00  1.41071400e+01  1.65317650e+00  1.41071400e+01  1.37972163e+00  1.41071400e+01  1.92993892e+00  1.41071400e+01  1.69025971e+00  1.41071400e+01  1.78185140e+00  1.41071400e+01  1.64757394e+00  1.41071400e+01  1.20000000e+00 
 1.41214200e+01  1.67438883e+00  1.41214200e+01  1.65289816e+00  1.41214200e+01  1.98964124e+00  1.41214200e+01  1.62472821e+00  1.41214200e+01  1.65317428e+00  1.41214200e+01  1.37972120e+00  1.41214200e+01  1.92993910e+00  1.41214200e+01  1.69026015e+00  1.41214200e+01  1.78185324e+00  1.41214200e+01  1.64757291e+00  1.41214200e+01  1.20000000e+00 
 1.41499800e+01  1.67438883e+00  1.41499800e+01  1.65289816e+00  1.41499800e+01  1.98964124e+00  1.41499800e+01  1.62472821e+00  1.41499800e+01  1.65317428e+00  1.41499800e+01  1.37972120e+00  1.41499800e+01  1.92993910e+00  1.41499800e+01  1.69026015e+00  1.41499800e+01  1.78185324e+00  1.41499800e+01  1.64757291e+00  1.41499800e+01  1.20000000e+00 
 1.42071000e+01  1.67438883e+00  1.42071000e+01  1.65289816e+00  1.42071000e+01  1.98964124e+00  1.42071000e+01  1.62472821e+00  1.42071000e+01  1.65317428e+00  1.42071000e+01  1.37972120e+00  1.42071000e+01  1.92993910e+00  1.42071000e+01  1.69026015e+00  1.42071000e+01  1.78185324e+00  1.42071000e+01  1.64757291e+00  1.42071000e+01  1.20000000e+00 
 1.42980000e+01  1.67438883e+00  1.42980000e+01  1.65289816e+00  1.42980000e+01  1.98964124e+00  1.42980000e+01  1.62472821e+00  1.42980000e+01  1.65317428e+00  1.42980000e+01  1.37972120e+00  1.42980000e+01  1.92993910e+00  1.42980000e+01  1.69026015e+00  1.42980000e+01  1.78185324e+00  1.42980000e+01  1.64757291e+00  1.42980000e+01  1.20000000e+00 
 1.43082000e+01  1.67606860e+00  1.43082000e+01  1.65446134e+00  1.43082000e+01  1.97541844e+00  1.43082000e+01  1.63792144e+00  1.43082000e+01  1.64918208e+00  1.43082000e+01  1.46770667e+00  1.43082000e+01  1.90933651e+00  1.43082000e+01  1.67943847e+00  1.43082000e+01  1.78237803e+00  1.43082000e+01  1.65215006e+00  1.43082000e+01  1.20000000e+00 
 1.43286000e+01  1.68921686e+00  1.43286000e+01  1.66328591e+00  1.43286000e+01  1.92936434e+00  1.43286000e+01  1.67518249e+00  1.43286000e+01  1.64541957e+00  1.43286000e+01  1.61466022e+00  1.43286000e+01  1.86428645e+00  1.43286000e+01  1.66868488e+00  1.43286000e+01  1.78309817e+00  1.43286000e+01  1.67170020e+00  1.43286000e+01  1.20000000e+00 
 1.43643000e+01  1.71649186e+00  1.43643000e+01  1.69516518e+00  1.43643000e+01  1.75013936e+00  1.43643000e+01  1.74155129e+00  1.43643000e+01  1.64374028e+00  1.43643000e+01  1.77512313e+00  1.43643000e+01  1.79067266e+00  1.43643000e+01  1.66521636e+00  1.43643000e+01  1.78813357e+00  1.43643000e+01  1.71201174e+00  1.43643000e+01  1.20000000e+00 
 1.44000000e+01  1.73542336e+00  1.44000000e+01  1.73083074e+00  1.44000000e+01  1.45521322e+00  1.44000000e+01  1.78719256e+00  1.44000000e+01  1.64944290e+00  1.44000000e+01  1.81286736e+00  1.44000000e+01  1.73923013e+00  1.44000000e+01  1.67075210e+00  1.44000000e+01  1.78796716e+00  1.44000000e+01  1.74224801e+00  1.44000000e+01  1.20000000e+00 
 1.44071400e+01  1.73542408e+00  1.44071400e+01  1.73082887e+00  1.44071400e+01  1.45521317e+00  1.44071400e+01  1.78719359e+00  1.44071400e+01  1.64944316e+00  1.44071400e+01  1.81286624e+00  1.44071400e+01  1.73922952e+00  1.44071400e+01  1.67075206e+00  1.44071400e+01  1.78796567e+00  1.44071400e+01  1.74224884e+00  1.44071400e+01  1.20000000e+00 
 1.44214200e+01  1.73542418e+00  1.44214200e+01  1.73083013e+00  1.44214200e+01  1.45521238e+00  1.44214200e+01  1.78719403e+00  1.44214200e+01  1.64944309e+00  1.44214200e+01  1.81286766e+00  1.44214200e+01  1.73922887e+00  1.44214200e+01  1.67075178e+00  1.44214200e+01  1.78796717e+00  1.44214200e+01  1.74224885e+00  1.44214200e+01  1.20000000e+00 
 1.44499800e+01  1.73542418e+00  1.44499800e+01  1.73083013e+00  1.44499800e+01  1.45521238e+00  1.44499800e+01  1.78719403e+00  1.44499800e+01  1.64944309e+00  1.44499800e+01  1.81286766e+00  1.44499800e+01  1.73922887e+00  1.44499800e+01  1.67075178e+00  1.44499800e+01  1.78796717e+00  1.44499800e+01  1.74224885e+00  1.44499800e+01  1.20000000e+00 
 1.45071000e+01  1.73542418e+00  1.45071000e+01  1.73083013e+00  1.45071000e+01  1.45521238e+00  1.45071000e+01  1.78719403e+00  1.45071000e+01  1.64944309e+00  1.45071000e+01  1.81286766e+00  1.45071000e+01  1.73922887e+00  1.45071000e+01  1.67075178e+00  1.45071000e+01  1.78796717e+00  1.45071000e+01  1.74224885e+00  1.45071000e+01  1.20000000e+00 
 1.45980000e+01  1.73542418e+00  1.45980000e+01  1.73083013e+00  1.45980000e+01  1.45521238e+00  1.45980000e+01  1.78719403e+00  1.45980000e+01  1.64944309e+00  1.45980000e+01  1.81286766e+00  1.45980000e+01  1.73922887e+00  1.45980000e+01  1.67075178e+00  1.45980000e+01  1.78796717e+00  1.45980000e+01  1.74224885e+00  1.45980000e+01  1.20000000e+00 
 1.46082000e+01  1.73326918e+00  1.46082000e+01  1.72708344e+00  1.46082000e+01  1.53917932e+00  1.46082000e+01  1.79481578e+00  1.46082000e+01  1.64936038e+00  1.46082000e+01  1.81415429e+00  1.46082000e+01  1.75168495e+00  1.46082000e+01  1.67497870e+00  1.46082000e+01  1.78905317e+00  1.46082000e+01  1.73638427e+00  1.46082000e+01  1.20000000e+00 
 1.46286000e+01  1.72656103e+00  1.46286000e+01  1.72058129e+00  1.46286000e+01  1.67193430e+00  1.46286000e+01  1.81465453e+00  1.46286000e+01  1.64951247e+00  1.46286000e+01  1.82438065e+00  1.46286000e+01  1.77907925e+00  1.46286000e+01  1.69474294e+00  1.46286000e+01  1.78564378e+00  1.46286000e+01  1.72433119e+00  1.46286000e+01  1.20000000e+00 
 1.46643000e+01  1.70588041e+00  1.46643000e+01  1.71289423e+00  1.46643000e+01  1.80677181e+00  1.46643000e+01  1.83745295e+00  1.46643000e+01  1.65372936e+00  1.46643000e+01  1.84163293e+00  1.46643000e+01  1.83758586e+00  1.46643000e+01  1.73910786e+00  1.46643000e+01  1.68471055e+00  1.46643000e+01  1.69468891e+00  1.46643000e+01  1.20000000e+00 
 1.47000000e+01  1.68857465e+00  1.47000000e+01  1.71767500e+00  1.47000000e+01  1.83337305e+00  1.47000000e+01  1.84124528e+00  1.47000000e+01  1.66888315e+00  1.47000000e+01  1.85420641e+00  1.47000000e+01  1.88260016e+00  1.47000000e+01  1.79011299e+00  1.47000000e+01  1.46775797e+00  1.47000000e+01  1.67774693e+00  1.47000000e+01  1.20000000e+00 
 1.47071400e+01  1.68857432e+00  1.47071400e+01  1.71767303e+00  1.47071400e+01  1.83337128e+00  1.47071400e+01  1.84124683e+00  1.47071400e+01  1.66888285e+00  1.47071400e+01  1.85420481e+00  1.47071400e+01  1.88259873e+00  1.47071400e+01  1.79011147e+00  1.47071400e+01  1.46775603e+00  1.47071400e+01  1.67774552e+00  1.47071400e+01  1.20000000e+00 
 1.47214200e+01  1.68857540e+00  1.47214200e+01  1.71767287e+00  1.47214200e+01  1.83337097e+00  1.47214200e+01  1.84124804e+00  1.47214200e+01  1.66888322e+00  1.47214200e+01  1.85420563e+00  1.47214200e+01  1.88260008e+00  1.47214200e+01  1.79011202e+00  1.47214200e+01  1.46775656e+00  1.47214200e+01  1.67774636e+00  1.47214200e+01  1.20000000e+00 
 1.47499800e+01  1.68857540e+00  1.47499800e+01  1.71767287e+00  1.47499800e+01  1.83337097e+00  1.47499800e+01  1.84124804e+00  1.47499800e+01  1.66888322e+00  1.47499800e+01  1.85420563e+00  1.47499800e+01  1.88260008e+00  1.47499800e+01  1.79011202e+00  1.47499800e+01  1.46775656e+00  1.47499800e+01  1.67774636e+00  1.47499800e+01  1.20000000e+00 
 1.48071000e+01  1.68857540e+00  1.48071000e+01  1.71767287e+00  1.48071000e+01  1.83337097e+00  1.48071000e+01  1.84124804e+00  1.48071000e+01  1.66888322e+00  1.48071000e+01  1.85420563e+00  1.48071000e+01  1.88260008e+00  1.48071000e+01  1.79011202e+00  1.48071000e+01  1.46775656e+00  1.48071000e+01  1.67774636e+00  1.48071000e+01  1.20000000e+00 
 1.48980000e+01  1.68857540e+00  1.48980000e+01  1.71767287e+00  1.48980000e+01  1.83337097e+00  1.48980000e+01  1.84124804e+00  1.48980000e+01  1.66888322e+00  1.48980000e+01  1.85420563e+00  1.48980000e+01  1.88260008e+00  1.48980000e+01  1.79011202e+00  1.48980000e+01  1.46775656e+00  1.48980000e+01  1.67774636e+00  1.48980000e+01  1.20000000e+00 
 1.49082000e+01  1.68857540e+00  1.49082000e+01  1.71767287e+00  1.49082000e+01  1.83337097e+00  1.49082000e+01  1.84124804e+00  1.49082000e+01  1.66888322e+00  1.49082000e+01  1.85420563e+00  1.49082000e+01  1.88260008e+00  1.49082000e+01  1.79011202e+00  1.49082000e+01  1.46775656e+00  1.49082000e+01  1.67774636e+00  1.49082000e+01  1.20000000e+00 
 1.49286000e+01  1.68857540e+00  1.49286000e+01  1.71767287e+00  1.49286000e+01  1.83337097e+00  1.49286000e+01  1.84124804e+00  1.49286000e+01  1.66888322e+00  1.49286000e+01  1.85420563e+00  1.49286000e+01  1.88260008e+00  1.49286000e+01  1.79011202e+00  1.49286000e+01  1.46775656e+00  1.49286000e+01  1.67774636e+00  1.49286000e+01  1.20000000e+00 
 1.49643000e+01  1.68857540e+00  1.49643000e+01  1.71767287e+00  1.49643000e+01  1.83337097e+00  1.49643000e+01  1.84124804e+00  1.49643000e+01  1.66888322e+00  1.49643000e+01  1.85420563e+00  1.49643000e+01  1.88260008e+00  1.49643000e+01  1.79011202e+00  1.49643000e+01  1.46775656e+00  1.49643000e+01  1.67774636e+00  1.49643000e+01  1.20000000e+00 
 1.50000000e+01  1.68857540e+00  1.50000000e+01  1.71767287e+00  1.50000000e+01  1.83337097e+00  1.50000000e+01  1.84124804e+00  1.50000000e+01  1.66888322e+00  1.50000000e+01  1.85420563e+00  1.50000000e+01  1.88260008e+00  1.50000000e+01  1.79011202e+00  1.50000000e+01  1.46775656e+00  1.50000000e+01  1.67774636e+00  1.50000000e+01  1.20000000e+00 
