 2.00000000e-04  5.32497698e-01  2.00000000e-04  3.22021840e-01 
 4.00000000e-04  5.32497715e-01  4.00000000e-04  3.22021515e-01 
 8.00000000e-04  5.32497712e-01  8.00000000e-04  3.22021832e-01 
 1.60000000e-03  5.32497714e-01  1.60000000e-03  3.22021831e-01 
 3.20000000e-03  5.32497715e-01  3.20000000e-03  3.22021830e-01 
 6.40000000e-03  5.32497712e-01  6.40000000e-03  3.22021832e-01 
 1.28000000e-02  5.32497714e-01  1.28000000e-02  3.22021831e-01 
 2.00000000e-02  5.32497715e-01  2.00000000e-02  3.22021830e-01 
 2.12800000e-02  5.32497715e-01  2.12800000e-02  3.22021830e-01 
 2.38400000e-02  5.32497712e-01  2.38400000e-02  3.22021832e-01 
 2.89600000e-02  5.32497714e-01  2.89600000e-02  3.22021831e-01 
 3.92000000e-02  5.32497715e-01  3.92000000e-02  3.22021830e-01 
 5.92000000e-02  5.32497712e-01  5.92000000e-02  3.22021832e-01 
 7.92000000e-02  5.32497712e-01  7.92000000e-02  3.22021832e-01 
 9.92000000e-02  5.32497714e-01  9.92000000e-02  3.22021830e-01 
 1.19200000e-01  5.32497712e-01  1.19200000e-01  3.22021832e-01 
 1.39200000e-01  5.32497713e-01  1.39200000e-01  3.22021831e-01 
 1.59200000e-01  5.32497715e-01  1.59200000e-01  3.22021830e-01 
 1.69600000e-01  5.32497715e-01  1.69600000e-01  3.22021830e-01 
 1.80000000e-01  5.32497712e-01  1.80000000e-01  3.22021832e-01 
 1.82000000e-01  5.39659485e-01  1.82000000e-01  3.15240118e-01 
 1.86000000e-01  5.47858821e-01  1.86000000e-01  3.06087134e-01 
 1.93000000e-01  5.45053899e-01  1.93000000e-01  3.03477945e-01 
 2.00000000e-01  5.28461658e-01  2.00000000e-01  3.13901539e-01 
 2.01400000e-01  5.28461657e-01  2.01400000e-01  3.13901540e-01 
 2.04200000e-01  5.28461658e-01  2.04200000e-01  3.13901539e-01 
 2.09800000e-01  5.28461655e-01  2.09800000e-01  3.13901541e-01 
 2.21000000e-01  5.28461658e-01  2.21000000e-01  3.13901539e-01 
 2.41000000e-01  5.28461655e-01  2.41000000e-01  3.13901541e-01 
 2.61000000e-01  5.28461658e-01  2.61000000e-01  3.13901539e-01 
 2.81000000e-01  5.28461655e-01  2.81000000e-01  3.13901541e-01 
 3.01000000e-01  5.28461658e-01  3.01000000e-01  3.13901539e-01 
 3.21000000e-01  5.28461655e-01  3.21000000e-01  3.13901541e-01 
 3.41000000e-01  5.28461658e-01  3.41000000e-01  3.13901539e-01 
 3.61000000e-01  5.28461655e-01  3.61000000e-01  3.13901541e-01 
 3.80000000e-01  5.28461658e-01  3.80000000e-01  3.13901539e-01 
 3.82000000e-01  5.32543341e-01  3.82000000e-01  3.11043336e-01 
 3.86000000e-01  5.40113320e-01  3.86000000e-01  3.06198227e-01 
 3.93000000e-01  5.50911981e-01  3.93000000e-01  3.00411063e-01 
 4.00000000e-01  5.57229171e-01  4.00000000e-01  2.98319298e-01 
 4.01400000e-01  5.57229171e-01  4.01400000e-01  2.98319298e-01 
 4.04200000e-01  5.57229171e-01  4.04200000e-01  2.98319298e-01 
 4.09800000e-01  5.57229171e-01  4.09800000e-01  2.98319298e-01 
 4.21000000e-01  5.57229171e-01  4.21000000e-01  2.98319298e-01 
 4.41000000e-01  5.57229171e-01  4.41000000e-01  2.98319298e-01 
 4.61000000e-01  5.57229171e-01  4.61000000e-01  2.98319298e-01 
 4.81000000e-01  5.57229171e-01  4.81000000e-01  2.98319298e-01 
 5.01000000e-01  5.57229171e-01  5.01000000e-01  2.98319298e-01 
 5.21000000e-01  5.57229171e-01  5.21000000e-01  2.98319298e-01 
 5.41000000e-01  5.57229171e-01  5.41000000e-01  2.98319298e-01 
 5.61000000e-01  5.57229171e-01  5.61000000e-01  2.98319298e-01 
 5.80000000e-01  5.57229171e-01  5.80000000e-01  2.98319298e-01 
 5.82000000e-01  5.60048953e-01  5.82000000e-01  2.96709652e-01 
 5.86000000e-01  5.64081251e-01  5.86000000e-01  2.94385808e-01 
 5.93000000e-01  5.65519388e-01  5.93000000e-01  2.93949773e-01 
 6.00000000e-01  5.56436195e-01  6.00000000e-01  3.01503603e-01 
 6.01400000e-01  5.56436195e-01  6.01400000e-01  3.01503604e-01 
 6.04200000e-01  5.56436192e-01  6.04200000e-01  3.01503605e-01 
 6.09800000e-01  5.56436195e-01  6.09800000e-01  3.01503604e-01 
 6.21000000e-01  5.56436192e-01  6.21000000e-01  3.01503605e-01 
 6.41000000e-01  5.56436195e-01  6.41000000e-01  3.01503604e-01 
 6.61000000e-01  5.56436192e-01  6.61000000e-01  3.01503605e-01 
 6.81000000e-01  5.56436195e-01  6.81000000e-01  3.01503604e-01 
 7.01000000e-01  5.56436192e-01  7.01000000e-01  3.01503605e-01 
 7.21000000e-01  5.56436195e-01  7.21000000e-01  3.01503604e-01 
 7.41000000e-01  5.56436192e-01  7.41000000e-01  3.01503605e-01 
 7.61000000e-01  5.56436195e-01  7.61000000e-01  3.01503604e-01 
 7.80000000e-01  5.56436192e-01  7.80000000e-01  3.01503605e-01 
 7.82000000e-01  5.62261303e-01  7.82000000e-01  2.99294597e-01 
 7.86000000e-01  5.71811313e-01  7.86000000e-01  2.96765565e-01 
 7.93000000e-01  5.79967686e-01  7.93000000e-01  2.98768735e-01 
 8.00000000e-01  5.70034947e-01  8.00000000e-01  3.11864358e-01 
 8.01400000e-01  5.70034946e-01  8.01400000e-01  3.11864358e-01 
 8.04200000e-01  5.70034947e-01  8.04200000e-01  3.11864358e-01 
 8.09800000e-01  5.70034946e-01  8.09800000e-01  3.11864358e-01 
 8.21000000e-01  5.70034947e-01  8.21000000e-01  3.11864358e-01 
 8.41000000e-01  5.70034946e-01  8.41000000e-01  3.11864358e-01 
 8.61000000e-01  5.70034947e-01  8.61000000e-01  3.11864358e-01 
 8.81000000e-01  5.70034946e-01  8.81000000e-01  3.11864358e-01 
 9.01000000e-01  5.70034947e-01  9.01000000e-01  3.11864358e-01 
 9.21000000e-01  5.70034946e-01  9.21000000e-01  3.11864358e-01 
 9.41000000e-01  5.70034947e-01  9.41000000e-01  3.11864358e-01 
 9.61000000e-01  5.70034946e-01  9.61000000e-01  3.11864358e-01 
 9.80000000e-01  5.70034947e-01  9.80000000e-01  3.11864358e-01 
 9.82000000e-01  5.70879811e-01  9.82000000e-01  3.09743663e-01 
 9.86000000e-01  5.68053167e-01  9.86000000e-01  3.08411006e-01 
 9.93000000e-01  5.53266686e-01  9.93000000e-01  3.12145710e-01 
 1.00000000e+00  5.33564085e-01  1.00000000e+00  3.18982048e-01 
 1.00140000e+00  5.33564085e-01  1.00140000e+00  3.18982048e-01 
 1.00420000e+00  5.33564085e-01  1.00420000e+00  3.18982048e-01 
 1.00980000e+00  5.33564085e-01  1.00980000e+00  3.18982048e-01 
 1.02100000e+00  5.33564085e-01  1.02100000e+00  3.18982048e-01 
 1.04100000e+00  5.33564085e-01  1.04100000e+00  3.18982048e-01 
 1.06100000e+00  5.33564085e-01  1.06100000e+00  3.18982048e-01 
 1.08100000e+00  5.33564085e-01  1.08100000e+00  3.18982048e-01 
 1.10100000e+00  5.33564085e-01  1.10100000e+00  3.18982048e-01 
 1.12100000e+00  5.33564085e-01  1.12100000e+00  3.18982048e-01 
 1.14100000e+00  5.33564085e-01  1.14100000e+00  3.18982048e-01 
 1.16100000e+00  5.33564085e-01  1.16100000e+00  3.18982048e-01 
 1.18000000e+00  5.33564085e-01  1.18000000e+00  3.18982048e-01 
 1.18200000e+00  5.40875137e-01  1.18200000e+00  3.14707649e-01 
 1.18600000e+00  5.53150926e-01  1.18600000e+00  3.07313267e-01 
 1.19300000e+00  5.67702345e-01  1.19300000e+00  2.97883091e-01 
 1.20000000e+00  5.74402608e-01  1.20000000e+00  2.92587022e-01 
 1.20140000e+00  5.74402608e-01  1.20140000e+00  2.92587022e-01 
 1.20420000e+00  5.74402607e-01  1.20420000e+00  2.92587022e-01 
 1.20980000e+00  5.74402608e-01  1.20980000e+00  2.92587022e-01 
 1.22100000e+00  5.74402607e-01  1.22100000e+00  2.92587022e-01 
 1.24100000e+00  5.74402608e-01  1.24100000e+00  2.92587022e-01 
 1.26100000e+00  5.74402607e-01  1.26100000e+00  2.92587022e-01 
 1.28100000e+00  5.74402608e-01  1.28100000e+00  2.92587022e-01 
 1.30100000e+00  5.74402607e-01  1.30100000e+00  2.92587022e-01 
 1.32100000e+00  5.74402608e-01  1.32100000e+00  2.92587022e-01 
 1.34100000e+00  5.74402607e-01  1.34100000e+00  2.92587022e-01 
 1.36100000e+00  5.74402608e-01  1.36100000e+00  2.92587022e-01 
 1.38000000e+00  5.74402607e-01  1.38000000e+00  2.92587022e-01 
 1.38200000e+00  5.74436489e-01  1.38200000e+00  2.92585559e-01 
 1.38600000e+00  5.74504114e-01  1.38600000e+00  2.92582761e-01 
 1.39300000e+00  5.74622020e-01  1.39300000e+00  2.92578273e-01 
 1.40000000e+00  5.74739363e-01  1.40000000e+00  2.92574309e-01 
 1.40140000e+00  5.74739364e-01  1.40140000e+00  2.92574308e-01 
 1.40420000e+00  5.74739363e-01  1.40420000e+00  2.92574309e-01 
 1.40980000e+00  5.74739364e-01  1.40980000e+00  2.92574308e-01 
 1.42100000e+00  5.74739363e-01  1.42100000e+00  2.92574309e-01 
 1.44100000e+00  5.74739364e-01  1.44100000e+00  2.92574308e-01 
 1.46100000e+00  5.74739363e-01  1.46100000e+00  2.92574309e-01 
 1.48100000e+00  5.74739364e-01  1.48100000e+00  2.92574308e-01 
 1.50100000e+00  5.74739363e-01  1.50100000e+00  2.92574309e-01 
 1.52100000e+00  5.74739364e-01  1.52100000e+00  2.92574308e-01 
 1.54100000e+00  5.74739363e-01  1.54100000e+00  2.92574309e-01 
 1.56100000e+00  5.74739364e-01  1.56100000e+00  2.92574308e-01 
 1.58000000e+00  5.74739363e-01  1.58000000e+00  2.92574309e-01 
 1.58200000e+00  5.75356420e-01  1.58200000e+00  2.92098108e-01 
 1.58600000e+00  5.75888116e-01  1.58600000e+00  2.91624821e-01 
 1.59300000e+00  5.74012656e-01  1.59300000e+00  2.92709727e-01 
 1.60000000e+00  5.68874968e-01  1.60000000e+00  2.96116948e-01 
 1.60140000e+00  5.68874971e-01  1.60140000e+00  2.96116946e-01 
 1.60420000e+00  5.68874968e-01  1.60420000e+00  2.96116948e-01 
 1.60980000e+00  5.68874971e-01  1.60980000e+00  2.96116946e-01 
 1.62100000e+00  5.68874968e-01  1.62100000e+00  2.96116948e-01 
 1.64100000e+00  5.68874971e-01  1.64100000e+00  2.96116946e-01 
 1.66100000e+00  5.68874968e-01  1.66100000e+00  2.96116948e-01 
 1.68100000e+00  5.68874971e-01  1.68100000e+00  2.96116946e-01 
 1.70100000e+00  5.68874968e-01  1.70100000e+00  2.96116948e-01 
 1.72100000e+00  5.68874971e-01  1.72100000e+00  2.96116946e-01 
 1.74100000e+00  5.68874968e-01  1.74100000e+00  2.96116948e-01 
 1.76100000e+00  5.68874971e-01  1.76100000e+00  2.96116946e-01 
 1.78000000e+00  5.68874968e-01  1.78000000e+00  2.96116948e-01 
 1.78200000e+00  5.71176963e-01  1.78200000e+00  2.93183896e-01 
 1.78600000e+00  5.68522998e-01  1.78600000e+00  2.92743538e-01 
 1.79300000e+00  5.51206652e-01  1.79300000e+00  3.01143384e-01 
 1.80000000e+00  5.20711151e-01  1.80000000e+00  3.18852427e-01 
 1.80140000e+00  5.20711150e-01  1.80140000e+00  3.18852428e-01 
 1.80420000e+00  5.20711150e-01  1.80420000e+00  3.18852428e-01 
 1.80980000e+00  5.20711150e-01  1.80980000e+00  3.18852428e-01 
 1.82100000e+00  5.20711150e-01  1.82100000e+00  3.18852428e-01 
 1.84100000e+00  5.20711150e-01  1.84100000e+00  3.18852428e-01 
 1.86100000e+00  5.20711150e-01  1.86100000e+00  3.18852428e-01 
 1.88100000e+00  5.20711150e-01  1.88100000e+00  3.18852428e-01 
 1.90100000e+00  5.20711150e-01  1.90100000e+00  3.18852428e-01 
 1.92100000e+00  5.20711150e-01  1.92100000e+00  3.18852428e-01 
 1.94100000e+00  5.20711150e-01  1.94100000e+00  3.18852428e-01 
 1.96100000e+00  5.20711150e-01  1.96100000e+00  3.18852428e-01 
 1.98000000e+00  5.20711150e-01  1.98000000e+00  3.18852428e-01 
 1.98200000e+00  5.29315047e-01  1.98200000e+00  3.13650133e-01 
 1.98600000e+00  5.44569860e-01  1.98600000e+00  3.05201751e-01 
 1.99300000e+00  5.64642932e-01  1.99300000e+00  2.96056995e-01 
 2.00000000e+00  5.77796418e-01  2.00000000e+00  2.92198949e-01 
 2.00140000e+00  5.77796418e-01  2.00140000e+00  2.92198949e-01 
 2.00420000e+00  5.77796418e-01  2.00420000e+00  2.92198949e-01 
 2.00980000e+00  5.77796417e-01  2.00980000e+00  2.92198950e-01 
 2.02100000e+00  5.77796418e-01  2.02100000e+00  2.92198949e-01 
 2.04100000e+00  5.77796417e-01  2.04100000e+00  2.92198950e-01 
 2.06100000e+00  5.77796418e-01  2.06100000e+00  2.92198949e-01 
 2.08100000e+00  5.77796417e-01  2.08100000e+00  2.92198950e-01 
 2.10100000e+00  5.77796418e-01  2.10100000e+00  2.92198949e-01 
 2.12100000e+00  5.77796417e-01  2.12100000e+00  2.92198950e-01 
 2.14100000e+00  5.77796418e-01  2.14100000e+00  2.92198949e-01 
 2.16100000e+00  5.77796417e-01  2.16100000e+00  2.92198950e-01 
 2.18000000e+00  5.77796418e-01  2.18000000e+00  2.92198949e-01 
 2.18200000e+00  5.74511457e-01  2.18200000e+00  2.91630090e-01 
 2.18600000e+00  5.62098168e-01  2.18600000e+00  2.94950672e-01 
 2.19300000e+00  5.27967162e-01  2.19300000e+00  3.14303329e-01 
 2.20000000e+00  4.85351088e-01  2.20000000e+00  3.52295516e-01 
 2.20140000e+00  4.85351083e-01  2.20140000e+00  3.52295519e-01 
 2.20420000e+00  4.85351088e-01  2.20420000e+00  3.52295516e-01 
 2.20980000e+00  4.85351083e-01  2.20980000e+00  3.52295519e-01 
 2.22100000e+00  4.85351088e-01  2.22100000e+00  3.52295516e-01 
 2.24100000e+00  4.85351083e-01  2.24100000e+00  3.52295519e-01 
 2.26100000e+00  4.85351088e-01  2.26100000e+00  3.52295516e-01 
 2.28100000e+00  4.85351083e-01  2.28100000e+00  3.52295519e-01 
 2.30100000e+00  4.85351088e-01  2.30100000e+00  3.52295516e-01 
 2.32100000e+00  4.85351083e-01  2.32100000e+00  3.52295519e-01 
 2.34100000e+00  4.85351088e-01  2.34100000e+00  3.52295516e-01 
 2.36100000e+00  4.85351083e-01  2.36100000e+00  3.52295519e-01 
 2.38000000e+00  4.85351088e-01  2.38000000e+00  3.52295516e-01 
 2.38200000e+00  5.03985960e-01  2.38200000e+00  3.33894521e-01 
 2.38600000e+00  5.35962666e-01  2.38600000e+00  3.08751893e-01 
 2.39300000e+00  5.72087826e-01  2.39300000e+00  2.93153998e-01 
 2.40000000e+00  5.49007420e-01  2.40000000e+00  3.18554786e-01 
 2.40140000e+00  5.49007420e-01  2.40140000e+00  3.18554786e-01 
 2.40420000e+00  5.49007420e-01  2.40420000e+00  3.18554786e-01 
 2.40980000e+00  5.49007420e-01  2.40980000e+00  3.18554786e-01 
 2.42100000e+00  5.49007420e-01  2.42100000e+00  3.18554786e-01 
 2.44100000e+00  5.49007420e-01  2.44100000e+00  3.18554786e-01 
 2.46100000e+00  5.49007420e-01  2.46100000e+00  3.18554786e-01 
 2.48100000e+00  5.49007420e-01  2.48100000e+00  3.18554786e-01 
 2.50100000e+00  5.49007420e-01  2.50100000e+00  3.18554786e-01 
 2.52100000e+00  5.49007420e-01  2.52100000e+00  3.18554786e-01 
 2.54100000e+00  5.49007420e-01  2.54100000e+00  3.18554786e-01 
 2.56100000e+00  5.49007420e-01  2.56100000e+00  3.18554786e-01 
 2.58000000e+00  5.49007420e-01  2.58000000e+00  3.18554786e-01 
 2.58200000e+00  5.56491808e-01  2.58200000e+00  3.13770627e-01 
 2.58600000e+00  5.68400963e-01  2.58600000e+00  3.05644692e-01 
 2.59300000e+00  5.79795520e-01  2.59300000e+00  2.96231857e-01 
 2.60000000e+00  5.79216682e-01  2.60000000e+00  2.93981506e-01 
 2.60140000e+00  5.79216685e-01  2.60140000e+00  2.93981504e-01 
 2.60420000e+00  5.79216685e-01  2.60420000e+00  2.93981504e-01 
 2.60980000e+00  5.79216685e-01  2.60980000e+00  2.93981504e-01 
 2.62100000e+00  5.79216685e-01  2.62100000e+00  2.93981504e-01 
 2.64100000e+00  5.79216685e-01  2.64100000e+00  2.93981504e-01 
 2.66100000e+00  5.79216685e-01  2.66100000e+00  2.93981504e-01 
 2.68100000e+00  5.79216685e-01  2.68100000e+00  2.93981504e-01 
 2.70100000e+00  5.79216685e-01  2.70100000e+00  2.93981504e-01 
 2.72100000e+00  5.79216685e-01  2.72100000e+00  2.93981504e-01 
 2.74100000e+00  5.79216685e-01  2.74100000e+00  2.93981504e-01 
 2.76100000e+00  5.79216685e-01  2.76100000e+00  2.93981504e-01 
 2.78000000e+00  5.79216685e-01  2.78000000e+00  2.93981504e-01 
 2.78200000e+00  5.78155221e-01  2.78200000e+00  2.93039401e-01 
 2.78600000e+00  5.74734751e-01  2.78600000e+00  2.92132716e-01 
 2.79300000e+00  5.64671153e-01  2.79300000e+00  2.93891571e-01 
 2.80000000e+00  5.49091776e-01  2.80000000e+00  3.00877811e-01 
 2.80140000e+00  5.49091771e-01  2.80140000e+00  3.00877814e-01 
 2.80420000e+00  5.49091775e-01  2.80420000e+00  3.00877811e-01 
 2.80980000e+00  5.49091771e-01  2.80980000e+00  3.00877814e-01 
 2.82100000e+00  5.49091775e-01  2.82100000e+00  3.00877811e-01 
 2.84100000e+00  5.49091771e-01  2.84100000e+00  3.00877814e-01 
 2.86100000e+00  5.49091775e-01  2.86100000e+00  3.00877811e-01 
 2.88100000e+00  5.49091771e-01  2.88100000e+00  3.00877814e-01 
 2.90100000e+00  5.49091775e-01  2.90100000e+00  3.00877811e-01 
 2.92100000e+00  5.49091771e-01  2.92100000e+00  3.00877814e-01 
 2.94100000e+00  5.49091775e-01  2.94100000e+00  3.00877811e-01 
 2.96100000e+00  5.49091771e-01  2.96100000e+00  3.00877814e-01 
 2.98000000e+00  5.49091775e-01  2.98000000e+00  3.00877811e-01 
 2.98200000e+00  5.49031477e-01  2.98200000e+00  3.01055701e-01 
 2.98600000e+00  5.46979319e-01  2.98600000e+00  3.03001267e-01 
 2.99300000e+00  5.33712294e-01  2.99300000e+00  3.13851029e-01 
 3.00000000e+00  5.04587350e-01  3.00000000e+00  3.36324261e-01 
 3.00140000e+00  5.04587347e-01  3.00140000e+00  3.36324263e-01 
 3.00420000e+00  5.04587350e-01  3.00420000e+00  3.36324261e-01 
 3.00980000e+00  5.04587347e-01  3.00980000e+00  3.36324263e-01 
 3.02100000e+00  5.04587350e-01  3.02100000e+00  3.36324261e-01 
 3.04100000e+00  5.04587347e-01  3.04100000e+00  3.36324263e-01 
 3.06100000e+00  5.04587350e-01  3.06100000e+00  3.36324261e-01 
 3.08100000e+00  5.04587347e-01  3.08100000e+00  3.36324263e-01 
 3.10100000e+00  5.04587350e-01  3.10100000e+00  3.36324261e-01 
 3.12100000e+00  5.04587347e-01  3.12100000e+00  3.36324263e-01 
 3.14100000e+00  5.04587350e-01  3.14100000e+00  3.36324261e-01 
 3.16100000e+00  5.04587347e-01  3.16100000e+00  3.36324263e-01 
 3.18000000e+00  5.04587350e-01  3.18000000e+00  3.36324261e-01 
 3.18200000e+00  5.16864408e-01  3.18200000e+00  3.26001156e-01 
 3.18600000e+00  5.28343903e-01  3.18600000e+00  3.15111577e-01 
 3.19300000e+00  5.18449210e-01  3.19300000e+00  3.21622031e-01 
 3.20000000e+00  4.93810775e-01  3.20000000e+00  3.46319499e-01 
 3.20140000e+00  4.93810774e-01  3.20140000e+00  3.46319499e-01 
 3.20420000e+00  4.93810774e-01  3.20420000e+00  3.46319500e-01 
 3.20980000e+00  4.93810773e-01  3.20980000e+00  3.46319499e-01 
 3.22100000e+00  4.93810774e-01  3.22100000e+00  3.46319500e-01 
 3.24100000e+00  4.93810773e-01  3.24100000e+00  3.46319499e-01 
 3.26100000e+00  4.93810774e-01  3.26100000e+00  3.46319500e-01 
 3.28100000e+00  4.93810773e-01  3.28100000e+00  3.46319499e-01 
 3.30100000e+00  4.93810774e-01  3.30100000e+00  3.46319500e-01 
 3.32100000e+00  4.93810773e-01  3.32100000e+00  3.46319499e-01 
 3.34100000e+00  4.93810774e-01  3.34100000e+00  3.46319500e-01 
 3.36100000e+00  4.93810773e-01  3.36100000e+00  3.46319499e-01 
 3.38000000e+00  4.93810774e-01  3.38000000e+00  3.46319500e-01 
 3.38200000e+00  5.00537581e-01  3.38200000e+00  3.39302882e-01 
 3.38600000e+00  5.12208250e-01  3.38600000e+00  3.27485837e-01 
 3.39300000e+00  5.28222158e-01  3.39300000e+00  3.13964960e-01 
 3.40000000e+00  5.35953653e-01  3.40000000e+00  3.10252961e-01 
 3.40140000e+00  5.35953653e-01  3.40140000e+00  3.10252961e-01 
 3.40420000e+00  5.35953651e-01  3.40420000e+00  3.10252962e-01 
 3.40980000e+00  5.35953653e-01  3.40980000e+00  3.10252961e-01 
 3.42100000e+00  5.35953651e-01  3.42100000e+00  3.10252962e-01 
 3.44100000e+00  5.35953653e-01  3.44100000e+00  3.10252961e-01 
 3.46100000e+00  5.35953651e-01  3.46100000e+00  3.10252962e-01 
 3.48100000e+00  5.35953653e-01  3.48100000e+00  3.10252961e-01 
 3.50100000e+00  5.35953651e-01  3.50100000e+00  3.10252962e-01 
 3.52100000e+00  5.35953653e-01  3.52100000e+00  3.10252961e-01 
 3.54100000e+00  5.35953651e-01  3.54100000e+00  3.10252962e-01 
 3.56100000e+00  5.35953653e-01  3.56100000e+00  3.10252961e-01 
 3.58000000e+00  5.35953651e-01  3.58000000e+00  3.10252962e-01 
 3.58200000e+00  5.39988109e-01  3.58200000e+00  3.07613725e-01 
 3.58600000e+00  5.47375010e-01  3.58600000e+00  3.02984271e-01 
 3.59300000e+00  5.58245851e-01  3.59300000e+00  2.96842726e-01 
 3.60000000e+00  5.66392866e-01  3.60000000e+00  2.93219734e-01 
 3.60140000e+00  5.66392866e-01  3.60140000e+00  2.93219734e-01 
 3.60420000e+00  5.66392866e-01  3.60420000e+00  2.93219734e-01 
 3.60980000e+00  5.66392866e-01  3.60980000e+00  2.93219734e-01 
 3.62100000e+00  5.66392866e-01  3.62100000e+00  2.93219734e-01 
 3.64100000e+00  5.66392866e-01  3.64100000e+00  2.93219734e-01 
 3.66100000e+00  5.66392866e-01  3.66100000e+00  2.93219734e-01 
 3.68100000e+00  5.66392866e-01  3.68100000e+00  2.93219734e-01 
 3.70100000e+00  5.66392866e-01  3.70100000e+00  2.93219734e-01 
 3.72100000e+00  5.66392866e-01  3.72100000e+00  2.93219734e-01 
 3.74100000e+00  5.66392866e-01  3.74100000e+00  2.93219734e-01 
 3.76100000e+00  5.66392866e-01  3.76100000e+00  2.93219734e-01 
 3.78000000e+00  5.66392866e-01  3.78000000e+00  2.93219734e-01 
 3.78200000e+00  5.66647311e-01  3.78200000e+00  2.93200042e-01 
 3.78600000e+00  5.65920706e-01  3.78600000e+00  2.93987763e-01 
 3.79300000e+00  5.60782410e-01  3.79300000e+00  2.97526116e-01 
 3.80000000e+00  5.50452065e-01  3.80000000e+00  3.03877538e-01 
 3.80140000e+00  5.50452065e-01  3.80140000e+00  3.03877538e-01 
 3.80420000e+00  5.50452065e-01  3.80420000e+00  3.03877538e-01 
 3.80980000e+00  5.50452065e-01  3.80980000e+00  3.03877538e-01 
 3.82100000e+00  5.50452065e-01  3.82100000e+00  3.03877538e-01 
 3.84100000e+00  5.50452065e-01  3.84100000e+00  3.03877538e-01 
 3.86100000e+00  5.50452065e-01  3.86100000e+00  3.03877538e-01 
 3.88100000e+00  5.50452065e-01  3.88100000e+00  3.03877538e-01 
 3.90100000e+00  5.50452065e-01  3.90100000e+00  3.03877538e-01 
 3.92100000e+00  5.50452065e-01  3.92100000e+00  3.03877538e-01 
 3.94100000e+00  5.50452065e-01  3.94100000e+00  3.03877538e-01 
 3.96100000e+00  5.50452065e-01  3.96100000e+00  3.03877538e-01 
 3.98000000e+00  5.50452065e-01  3.98000000e+00  3.03877538e-01 
 3.98200000e+00  5.51580771e-01  3.98200000e+00  3.03043038e-01 
 3.98600000e+00  5.53512183e-01  3.98600000e+00  3.01561260e-01 
 3.99300000e+00  5.55883194e-01  3.99300000e+00  2.99557313e-01 
 4.00000000e+00  5.57029453e-01  4.00000000e+00  2.98283558e-01 
 4.00140000e+00  5.57029453e-01  4.00140000e+00  2.98283558e-01 
 4.00420000e+00  5.57029453e-01  4.00420000e+00  2.98283558e-01 
 4.00980000e+00  5.57029453e-01  4.00980000e+00  2.98283558e-01 
 4.02100000e+00  5.57029453e-01  4.02100000e+00  2.98283558e-01 
 4.04100000e+00  5.57029453e-01  4.04100000e+00  2.98283558e-01 
 4.06100000e+00  5.57029453e-01  4.06100000e+00  2.98283558e-01 
 4.08100000e+00  5.57029453e-01  4.08100000e+00  2.98283558e-01 
 4.10100000e+00  5.57029453e-01  4.10100000e+00  2.98283558e-01 
 4.12100000e+00  5.57029453e-01  4.12100000e+00  2.98283558e-01 
 4.14100000e+00  5.57029453e-01  4.14100000e+00  2.98283558e-01 
 4.16100000e+00  5.57029453e-01  4.16100000e+00  2.98283558e-01 
 4.18000000e+00  5.57029453e-01  4.18000000e+00  2.98283558e-01 
 4.18200000e+00  5.59607245e-01  4.18200000e+00  2.96515284e-01 
 4.18600000e+00  5.60485104e-01  4.18600000e+00  2.95396262e-01 
 4.19300000e+00  5.48132027e-01  4.19300000e+00  3.03861183e-01 
 4.20000000e+00  5.10375146e-01  4.20000000e+00  3.31769226e-01 
 4.20140000e+00  5.10375146e-01  4.20140000e+00  3.31769226e-01 
 4.20420000e+00  5.10375142e-01  4.20420000e+00  3.31769229e-01 
 4.20980000e+00  5.10375146e-01  4.20980000e+00  3.31769226e-01 
 4.22100000e+00  5.10375142e-01  4.22100000e+00  3.31769229e-01 
 4.24100000e+00  5.10375146e-01  4.24100000e+00  3.31769226e-01 
 4.26100000e+00  5.10375142e-01  4.26100000e+00  3.31769229e-01 
 4.28100000e+00  5.10375146e-01  4.28100000e+00  3.31769226e-01 
 4.30100000e+00  5.10375142e-01  4.30100000e+00  3.31769229e-01 
 4.32100000e+00  5.10375146e-01  4.32100000e+00  3.31769226e-01 
 4.34100000e+00  5.10375142e-01  4.34100000e+00  3.31769229e-01 
 4.36100000e+00  5.10375146e-01  4.36100000e+00  3.31769226e-01 
 4.38000000e+00  5.10375142e-01  4.38000000e+00  3.31769229e-01 
 4.38200000e+00  5.20303008e-01  4.38200000e+00  3.25401197e-01 
 4.38600000e+00  5.37477873e-01  4.38600000e+00  3.14989207e-01 
 4.39300000e+00  5.60381977e-01  4.39300000e+00  3.03032041e-01 
 4.40000000e+00  5.76130265e-01  4.40000000e+00  2.97129046e-01 
 4.40140000e+00  5.76130264e-01  4.40140000e+00  2.97129047e-01 
 4.40420000e+00  5.76130265e-01  4.40420000e+00  2.97129046e-01 
 4.40980000e+00  5.76130264e-01  4.40980000e+00  2.97129047e-01 
 4.42100000e+00  5.76130265e-01  4.42100000e+00  2.97129046e-01 
 4.44100000e+00  5.76130264e-01  4.44100000e+00  2.97129047e-01 
 4.46100000e+00  5.76130265e-01  4.46100000e+00  2.97129046e-01 
 4.48100000e+00  5.76130264e-01  4.48100000e+00  2.97129047e-01 
 4.50100000e+00  5.76130265e-01  4.50100000e+00  2.97129046e-01 
 4.52100000e+00  5.76130264e-01  4.52100000e+00  2.97129047e-01 
 4.54100000e+00  5.76130265e-01  4.54100000e+00  2.97129046e-01 
 4.56100000e+00  5.76130264e-01  4.56100000e+00  2.97129047e-01 
 4.58000000e+00  5.76130265e-01  4.58000000e+00  2.97129046e-01 
 4.58200000e+00  5.78755020e-01  4.58200000e+00  2.95817897e-01 
 4.58600000e+00  5.81155146e-01  4.58600000e+00  2.95078082e-01 
 4.59300000e+00  5.76149977e-01  4.59300000e+00  2.99691422e-01 
 4.60000000e+00  5.59766859e-01  4.60000000e+00  3.10649573e-01 
 4.60140000e+00  5.59766858e-01  4.60140000e+00  3.10649573e-01 
 4.60420000e+00  5.59766858e-01  4.60420000e+00  3.10649573e-01 
 4.60980000e+00  5.59766858e-01  4.60980000e+00  3.10649573e-01 
 4.62100000e+00  5.59766858e-01  4.62100000e+00  3.10649573e-01 
 4.64100000e+00  5.59766858e-01  4.64100000e+00  3.10649573e-01 
 4.66100000e+00  5.59766858e-01  4.66100000e+00  3.10649573e-01 
 4.68100000e+00  5.59766858e-01  4.68100000e+00  3.10649573e-01 
 4.70100000e+00  5.59766858e-01  4.70100000e+00  3.10649573e-01 
 4.72100000e+00  5.59766858e-01  4.72100000e+00  3.10649573e-01 
 4.74100000e+00  5.59766858e-01  4.74100000e+00  3.10649573e-01 
 4.76100000e+00  5.59766858e-01  4.76100000e+00  3.10649573e-01 
 4.78000000e+00  5.59766858e-01  4.78000000e+00  3.10649573e-01 
 4.78200000e+00  5.64504289e-01  4.78200000e+00  3.06017958e-01 
 4.78600000e+00  5.69717331e-01  4.78600000e+00  2.99123813e-01 
 4.79300000e+00  5.67463595e-01  4.79300000e+00  2.94173876e-01 
 4.80000000e+00  5.51366987e-01  4.80000000e+00  2.99774077e-01 
 4.80140000e+00  5.51366988e-01  4.80140000e+00  2.99774076e-01 
 4.80420000e+00  5.51366987e-01  4.80420000e+00  2.99774077e-01 
 4.80980000e+00  5.51366987e-01  4.80980000e+00  2.99774077e-01 
 4.82100000e+00  5.51366987e-01  4.82100000e+00  2.99774077e-01 
 4.84100000e+00  5.51366987e-01  4.84100000e+00  2.99774077e-01 
 4.86100000e+00  5.51366987e-01  4.86100000e+00  2.99774077e-01 
 4.88100000e+00  5.51366987e-01  4.88100000e+00  2.99774077e-01 
 4.90100000e+00  5.51366987e-01  4.90100000e+00  2.99774077e-01 
 4.92100000e+00  5.51366987e-01  4.92100000e+00  2.99774077e-01 
 4.94100000e+00  5.51366987e-01  4.94100000e+00  2.99774077e-01 
 4.96100000e+00  5.51366987e-01  4.96100000e+00  2.99774077e-01 
 4.98000000e+00  5.51366987e-01  4.98000000e+00  2.99774077e-01 
 4.98200000e+00  5.52971469e-01  4.98200000e+00  2.98954710e-01 
 4.98600000e+00  5.56085613e-01  4.98600000e+00  2.97436645e-01 
 4.99300000e+00  5.61127355e-01  4.99300000e+00  2.95215245e-01 
 5.00000000e+00  5.65640709e-01  5.00000000e+00  2.93539176e-01 
 5.00140000e+00  5.65640708e-01  5.00140000e+00  2.93539176e-01 
 5.00420000e+00  5.65640709e-01  5.00420000e+00  2.93539176e-01 
 5.00980000e+00  5.65640708e-01  5.00980000e+00  2.93539176e-01 
 5.02100000e+00  5.65640709e-01  5.02100000e+00  2.93539176e-01 
 5.04100000e+00  5.65640708e-01  5.04100000e+00  2.93539176e-01 
 5.06100000e+00  5.65640709e-01  5.06100000e+00  2.93539176e-01 
 5.08100000e+00  5.65640708e-01  5.08100000e+00  2.93539176e-01 
 5.10100000e+00  5.65640709e-01  5.10100000e+00  2.93539176e-01 
 5.12100000e+00  5.65640708e-01  5.12100000e+00  2.93539176e-01 
 5.14100000e+00  5.65640709e-01  5.14100000e+00  2.93539176e-01 
 5.16100000e+00  5.65640708e-01  5.16100000e+00  2.93539176e-01 
 5.18000000e+00  5.65640709e-01  5.18000000e+00  2.93539176e-01 
 5.18200000e+00  5.64973919e-01  5.18200000e+00  2.94145638e-01 
 5.18600000e+00  5.60898244e-01  5.18600000e+00  2.96890871e-01 
 5.19300000e+00  5.44478283e-01  5.19300000e+00  3.06755573e-01 
 5.20000000e+00  5.14509173e-01  5.20000000e+00  3.24026134e-01 
 5.20140000e+00  5.14509171e-01  5.20140000e+00  3.24026135e-01 
 5.20420000e+00  5.14509173e-01  5.20420000e+00  3.24026134e-01 
 5.20980000e+00  5.14509171e-01  5.20980000e+00  3.24026135e-01 
 5.22100000e+00  5.14509173e-01  5.22100000e+00  3.24026134e-01 
 5.24100000e+00  5.14509171e-01  5.24100000e+00  3.24026135e-01 
 5.26100000e+00  5.14509173e-01  5.26100000e+00  3.24026134e-01 
 5.28100000e+00  5.14509171e-01  5.28100000e+00  3.24026135e-01 
 5.30100000e+00  5.14509173e-01  5.30100000e+00  3.24026134e-01 
 5.32100000e+00  5.14509171e-01  5.32100000e+00  3.24026135e-01 
 5.34100000e+00  5.14509173e-01  5.34100000e+00  3.24026134e-01 
 5.36100000e+00  5.14509171e-01  5.36100000e+00  3.24026135e-01 
 5.38000000e+00  5.14509173e-01  5.38000000e+00  3.24026134e-01 
 5.38200000e+00  5.31611026e-01  5.38200000e+00  3.14644660e-01 
 5.38600000e+00  5.56728396e-01  5.38600000e+00  3.01167381e-01 
 5.39300000e+00  5.75430458e-01  5.39300000e+00  2.91841158e-01 
 5.40000000e+00  5.41677701e-01  5.40000000e+00  3.18854328e-01 
 5.40140000e+00  5.41677701e-01  5.40140000e+00  3.18854328e-01 
 5.40420000e+00  5.41677701e-01  5.40420000e+00  3.18854328e-01 
 5.40980000e+00  5.41677698e-01  5.40980000e+00  3.18854330e-01 
 5.42100000e+00  5.41677701e-01  5.42100000e+00  3.18854328e-01 
 5.44100000e+00  5.41677698e-01  5.44100000e+00  3.18854330e-01 
 5.46100000e+00  5.41677701e-01  5.46100000e+00  3.18854328e-01 
 5.48100000e+00  5.41677698e-01  5.48100000e+00  3.18854330e-01 
 5.50100000e+00  5.41677701e-01  5.50100000e+00  3.18854328e-01 
 5.52100000e+00  5.41677698e-01  5.52100000e+00  3.18854330e-01 
 5.54100000e+00  5.41677701e-01  5.54100000e+00  3.18854328e-01 
 5.56100000e+00  5.41677698e-01  5.56100000e+00  3.18854330e-01 
 5.58000000e+00  5.41677701e-01  5.58000000e+00  3.18854328e-01 
 5.58200000e+00  5.44533987e-01  5.58200000e+00  3.16390909e-01 
 5.58600000e+00  5.49628267e-01  5.58600000e+00  3.11884560e-01 
 5.59300000e+00  5.56665096e-01  5.59300000e+00  3.05295778e-01 
 5.60000000e+00  5.61490875e-01  5.60000000e+00  3.00276506e-01 
 5.60140000e+00  5.61490874e-01  5.60140000e+00  3.00276507e-01 
 5.60420000e+00  5.61490875e-01  5.60420000e+00  3.00276506e-01 
 5.60980000e+00  5.61490871e-01  5.60980000e+00  3.00276508e-01 
 5.62100000e+00  5.61490875e-01  5.62100000e+00  3.00276506e-01 
 5.64100000e+00  5.61490871e-01  5.64100000e+00  3.00276508e-01 
 5.66100000e+00  5.61490875e-01  5.66100000e+00  3.00276506e-01 
 5.68100000e+00  5.61490871e-01  5.68100000e+00  3.00276508e-01 
 5.70100000e+00  5.61490875e-01  5.70100000e+00  3.00276506e-01 
 5.72100000e+00  5.61490871e-01  5.72100000e+00  3.00276508e-01 
 5.74100000e+00  5.61490875e-01  5.74100000e+00  3.00276506e-01 
 5.76100000e+00  5.61490871e-01  5.76100000e+00  3.00276508e-01 
 5.78000000e+00  5.61490875e-01  5.78000000e+00  3.00276506e-01 
 5.78200000e+00  5.61354662e-01  5.78200000e+00  2.98391861e-01 
 5.78600000e+00  5.57110206e-01  5.78600000e+00  2.97857088e-01 
 5.79300000e+00  5.39247426e-01  5.79300000e+00  3.06547857e-01 
 5.80000000e+00  5.16173636e-01  5.80000000e+00  3.23865130e-01 
 5.80140000e+00  5.16173635e-01  5.80140000e+00  3.23865131e-01 
 5.80420000e+00  5.16173636e-01  5.80420000e+00  3.23865130e-01 
 5.80980000e+00  5.16173635e-01  5.80980000e+00  3.23865131e-01 
 5.82100000e+00  5.16173636e-01  5.82100000e+00  3.23865130e-01 
 5.84100000e+00  5.16173635e-01  5.84100000e+00  3.23865131e-01 
 5.86100000e+00  5.16173636e-01  5.86100000e+00  3.23865130e-01 
 5.88100000e+00  5.16173635e-01  5.88100000e+00  3.23865131e-01 
 5.90100000e+00  5.16173636e-01  5.90100000e+00  3.23865130e-01 
 5.92100000e+00  5.16173635e-01  5.92100000e+00  3.23865131e-01 
 5.94100000e+00  5.16173636e-01  5.94100000e+00  3.23865130e-01 
 5.96100000e+00  5.16173635e-01  5.96100000e+00  3.23865131e-01 
 5.98000000e+00  5.16173636e-01  5.98000000e+00  3.23865130e-01 
 5.98200000e+00  5.21804708e-01  5.98200000e+00  3.19109362e-01 
 5.98600000e+00  5.32576391e-01  5.98600000e+00  3.11024372e-01 
 5.99300000e+00  5.49892464e-01  5.99300000e+00  3.00441279e-01 
 6.00000000e+00  5.64608393e-01  6.00000000e+00  2.93825405e-01 
 6.00140000e+00  5.64608393e-01  6.00140000e+00  2.93825405e-01 
 6.00420000e+00  5.64608393e-01  6.00420000e+00  2.93825405e-01 
 6.00980000e+00  5.64608393e-01  6.00980000e+00  2.93825405e-01 
 6.02100000e+00  5.64608393e-01  6.02100000e+00  2.93825405e-01 
 6.04100000e+00  5.64608393e-01  6.04100000e+00  2.93825405e-01 
 6.06100000e+00  5.64608393e-01  6.06100000e+00  2.93825405e-01 
 6.08100000e+00  5.64608393e-01  6.08100000e+00  2.93825405e-01 
 6.10100000e+00  5.64608393e-01  6.10100000e+00  2.93825405e-01 
 6.12100000e+00  5.64608393e-01  6.12100000e+00  2.93825405e-01 
 6.14100000e+00  5.64608393e-01  6.14100000e+00  2.93825405e-01 
 6.16100000e+00  5.64608393e-01  6.16100000e+00  2.93825405e-01 
 6.18000000e+00  5.64608393e-01  6.18000000e+00  2.93825405e-01 
 6.18200000e+00  5.66156539e-01  6.18200000e+00  2.93335759e-01 
 6.18600000e+00  5.68781311e-01  6.18600000e+00  2.92720002e-01 
 6.19300000e+00  5.71837321e-01  6.19300000e+00  2.92795025e-01 
 6.20000000e+00  5.73162603e-01  6.20000000e+00  2.94050040e-01 
 6.20140000e+00  5.73162603e-01  6.20140000e+00  2.94050040e-01 
 6.20420000e+00  5.73162601e-01  6.20420000e+00  2.94050042e-01 
 6.20980000e+00  5.73162603e-01  6.20980000e+00  2.94050040e-01 
 6.22100000e+00  5.73162601e-01  6.22100000e+00  2.94050042e-01 
 6.24100000e+00  5.73162603e-01  6.24100000e+00  2.94050040e-01 
 6.26100000e+00  5.73162601e-01  6.26100000e+00  2.94050042e-01 
 6.28100000e+00  5.73162603e-01  6.28100000e+00  2.94050040e-01 
 6.30100000e+00  5.73162601e-01  6.30100000e+00  2.94050042e-01 
 6.32100000e+00  5.73162603e-01  6.32100000e+00  2.94050040e-01 
 6.34100000e+00  5.73162601e-01  6.34100000e+00  2.94050042e-01 
 6.36100000e+00  5.73162603e-01  6.36100000e+00  2.94050040e-01 
 6.38000000e+00  5.73162601e-01  6.38000000e+00  2.94050042e-01 
 6.38200000e+00  5.72075546e-01  6.38200000e+00  2.94974902e-01 
 6.38600000e+00  5.69164867e-01  6.38600000e+00  2.97220953e-01 
 6.39300000e+00  5.61575583e-01  6.39300000e+00  3.02471105e-01 
 6.40000000e+00  5.50552184e-01  6.40000000e+00  3.09487311e-01 
 6.40140000e+00  5.50552186e-01  6.40140000e+00  3.09487310e-01 
 6.40420000e+00  5.50552184e-01  6.40420000e+00  3.09487311e-01 
 6.40980000e+00  5.50552186e-01  6.40980000e+00  3.09487310e-01 
 6.42100000e+00  5.50552184e-01  6.42100000e+00  3.09487311e-01 
 6.44100000e+00  5.50552186e-01  6.44100000e+00  3.09487310e-01 
 6.46100000e+00  5.50552184e-01  6.46100000e+00  3.09487311e-01 
 6.48100000e+00  5.50552186e-01  6.48100000e+00  3.09487310e-01 
 6.50100000e+00  5.50552184e-01  6.50100000e+00  3.09487311e-01 
 6.52100000e+00  5.50552186e-01  6.52100000e+00  3.09487310e-01 
 6.54100000e+00  5.50552184e-01  6.54100000e+00  3.09487311e-01 
 6.56100000e+00  5.50552186e-01  6.56100000e+00  3.09487310e-01 
 6.58000000e+00  5.50552184e-01  6.58000000e+00  3.09487311e-01 
 6.58200000e+00  5.51866452e-01  6.58200000e+00  3.07913393e-01 
 6.58600000e+00  5.53708611e-01  6.58600000e+00  3.05237809e-01 
 6.59300000e+00  5.54504283e-01  6.59300000e+00  3.02127446e-01 
 6.60000000e+00  5.51783850e-01  6.60000000e+00  3.01616478e-01 
 6.60140000e+00  5.51783850e-01  6.60140000e+00  3.01616478e-01 
 6.60420000e+00  5.51783850e-01  6.60420000e+00  3.01616478e-01 
 6.60980000e+00  5.51783850e-01  6.60980000e+00  3.01616478e-01 
 6.62100000e+00  5.51783850e-01  6.62100000e+00  3.01616478e-01 
 6.64100000e+00  5.51783850e-01  6.64100000e+00  3.01616478e-01 
 6.66100000e+00  5.51783850e-01  6.66100000e+00  3.01616478e-01 
 6.68100000e+00  5.51783850e-01  6.68100000e+00  3.01616478e-01 
 6.70100000e+00  5.51783850e-01  6.70100000e+00  3.01616478e-01 
 6.72100000e+00  5.51783850e-01  6.72100000e+00  3.01616478e-01 
 6.74100000e+00  5.51783850e-01  6.74100000e+00  3.01616478e-01 
 6.76100000e+00  5.51783850e-01  6.76100000e+00  3.01616478e-01 
 6.78000000e+00  5.51783850e-01  6.78000000e+00  3.01616478e-01 
 6.78200000e+00  5.50285058e-01  6.78200000e+00  3.02205409e-01 
 6.78600000e+00  5.47070770e-01  6.78600000e+00  3.03597317e-01 
 6.79300000e+00  5.40808479e-01  6.79300000e+00  3.06712253e-01 
 6.80000000e+00  5.33966271e-01  6.80000000e+00  3.10612047e-01 
 6.80140000e+00  5.33966272e-01  6.80140000e+00  3.10612046e-01 
 6.80420000e+00  5.33966271e-01  6.80420000e+00  3.10612047e-01 
 6.80980000e+00  5.33966272e-01  6.80980000e+00  3.10612046e-01 
 6.82100000e+00  5.33966271e-01  6.82100000e+00  3.10612047e-01 
 6.84100000e+00  5.33966272e-01  6.84100000e+00  3.10612046e-01 
 6.86100000e+00  5.33966271e-01  6.86100000e+00  3.10612047e-01 
 6.88100000e+00  5.33966272e-01  6.88100000e+00  3.10612046e-01 
 6.90100000e+00  5.33966271e-01  6.90100000e+00  3.10612047e-01 
 6.92100000e+00  5.33966272e-01  6.92100000e+00  3.10612046e-01 
 6.94100000e+00  5.33966271e-01  6.94100000e+00  3.10612047e-01 
 6.96100000e+00  5.33966272e-01  6.96100000e+00  3.10612046e-01 
 6.98000000e+00  5.33966271e-01  6.98000000e+00  3.10612047e-01 
 6.98200000e+00  5.38829483e-01  6.98200000e+00  3.07690994e-01 
 6.98600000e+00  5.47799086e-01  6.98600000e+00  3.02632025e-01 
 6.99300000e+00  5.60920489e-01  6.99300000e+00  2.96136241e-01 
 7.00000000e+00  5.70643012e-01  7.00000000e+00  2.92424451e-01 
 7.00140000e+00  5.70643012e-01  7.00140000e+00  2.92424451e-01 
 7.00420000e+00  5.70643012e-01  7.00420000e+00  2.92424451e-01 
 7.00980000e+00  5.70643012e-01  7.00980000e+00  2.92424451e-01 
 7.02100000e+00  5.70643012e-01  7.02100000e+00  2.92424451e-01 
 7.04100000e+00  5.70643012e-01  7.04100000e+00  2.92424451e-01 
 7.06100000e+00  5.70643012e-01  7.06100000e+00  2.92424451e-01 
 7.08100000e+00  5.70643012e-01  7.08100000e+00  2.92424451e-01 
 7.10100000e+00  5.70643012e-01  7.10100000e+00  2.92424451e-01 
 7.12100000e+00  5.70643012e-01  7.12100000e+00  2.92424451e-01 
 7.14100000e+00  5.70643012e-01  7.14100000e+00  2.92424451e-01 
 7.16100000e+00  5.70643012e-01  7.16100000e+00  2.92424451e-01 
 7.18000000e+00  5.70643012e-01  7.18000000e+00  2.92424451e-01 
 7.18200000e+00  5.70975450e-01  7.18200000e+00  2.92534168e-01 
 7.18600000e+00  5.71378852e-01  7.18600000e+00  2.92924509e-01 
 7.19300000e+00  5.71271434e-01  7.19300000e+00  2.94095432e-01 
 7.20000000e+00  5.70072453e-01  7.20000000e+00  2.95907650e-01 
 7.20140000e+00  5.70072452e-01  7.20140000e+00  2.95907650e-01 
 7.20420000e+00  5.70072453e-01  7.20420000e+00  2.95907650e-01 
 7.20980000e+00  5.70072452e-01  7.20980000e+00  2.95907650e-01 
 7.22100000e+00  5.70072453e-01  7.22100000e+00  2.95907650e-01 
 7.24100000e+00  5.70072452e-01  7.24100000e+00  2.95907650e-01 
 7.26100000e+00  5.70072453e-01  7.26100000e+00  2.95907650e-01 
 7.28100000e+00  5.70072452e-01  7.28100000e+00  2.95907650e-01 
 7.30100000e+00  5.70072453e-01  7.30100000e+00  2.95907650e-01 
 7.32100000e+00  5.70072452e-01  7.32100000e+00  2.95907650e-01 
 7.34100000e+00  5.70072453e-01  7.34100000e+00  2.95907650e-01 
 7.36100000e+00  5.70072452e-01  7.36100000e+00  2.95907650e-01 
 7.38000000e+00  5.70072453e-01  7.38000000e+00  2.95907650e-01 
 7.38200000e+00  5.70587188e-01  7.38200000e+00  2.94286697e-01 
 7.38600000e+00  5.68523589e-01  7.38600000e+00  2.92990499e-01 
 7.39300000e+00  5.54898217e-01  7.39300000e+00  2.98025447e-01 
 7.40000000e+00  5.34393173e-01  7.40000000e+00  3.10098527e-01 
 7.40140000e+00  5.34393172e-01  7.40140000e+00  3.10098528e-01 
 7.40420000e+00  5.34393169e-01  7.40420000e+00  3.10098529e-01 
 7.40980000e+00  5.34393172e-01  7.40980000e+00  3.10098528e-01 
 7.42100000e+00  5.34393169e-01  7.42100000e+00  3.10098529e-01 
 7.44100000e+00  5.34393172e-01  7.44100000e+00  3.10098528e-01 
 7.46100000e+00  5.34393169e-01  7.46100000e+00  3.10098529e-01 
 7.48100000e+00  5.34393172e-01  7.48100000e+00  3.10098528e-01 
 7.50100000e+00  5.34393169e-01  7.50100000e+00  3.10098529e-01 
 7.52100000e+00  5.34393172e-01  7.52100000e+00  3.10098528e-01 
 7.54100000e+00  5.34393169e-01  7.54100000e+00  3.10098529e-01 
 7.56100000e+00  5.34393172e-01  7.56100000e+00  3.10098528e-01 
 7.58000000e+00  5.34393169e-01  7.58000000e+00  3.10098529e-01 
 7.58200000e+00  5.29036345e-01  7.58200000e+00  3.13590103e-01 
 7.58600000e+00  5.17559136e-01  7.58600000e+00  3.22120483e-01 
 7.59300000e+00  4.95315133e-01  7.59300000e+00  3.43190626e-01 
 7.60000000e+00  4.70846398e-01  7.60000000e+00  3.69427468e-01 
 7.60140000e+00  4.70846402e-01  7.60140000e+00  3.69427466e-01 
 7.60420000e+00  4.70846398e-01  7.60420000e+00  3.69427468e-01 
 7.60980000e+00  4.70846402e-01  7.60980000e+00  3.69427466e-01 
 7.62100000e+00  4.70846398e-01  7.62100000e+00  3.69427468e-01 
 7.64100000e+00  4.70846402e-01  7.64100000e+00  3.69427466e-01 
 7.66100000e+00  4.70846398e-01  7.66100000e+00  3.69427468e-01 
 7.68100000e+00  4.70846402e-01  7.68100000e+00  3.69427466e-01 
 7.70100000e+00  4.70846398e-01  7.70100000e+00  3.69427468e-01 
 7.72100000e+00  4.70846402e-01  7.72100000e+00  3.69427466e-01 
 7.74100000e+00  4.70846398e-01  7.74100000e+00  3.69427468e-01 
 7.76100000e+00  4.70846402e-01  7.76100000e+00  3.69427466e-01 
 7.78000000e+00  4.70846398e-01  7.78000000e+00  3.69427468e-01 
 7.78200000e+00  4.82104182e-01  7.78200000e+00  3.57541265e-01 
 7.78600000e+00  5.02717149e-01  7.78600000e+00  3.36566977e-01 
 7.79300000e+00  5.33010044e-01  7.79300000e+00  3.11021318e-01 
 7.80000000e+00  5.46887481e-01  7.80000000e+00  3.03836206e-01 
 7.80140000e+00  5.46887481e-01  7.80140000e+00  3.03836206e-01 
 7.80420000e+00  5.46887481e-01  7.80420000e+00  3.03836206e-01 
 7.80980000e+00  5.46887481e-01  7.80980000e+00  3.03836206e-01 
 7.82100000e+00  5.46887481e-01  7.82100000e+00  3.03836206e-01 
 7.84100000e+00  5.46887481e-01  7.84100000e+00  3.03836206e-01 
 7.86100000e+00  5.46887481e-01  7.86100000e+00  3.03836206e-01 
 7.88100000e+00  5.46887481e-01  7.88100000e+00  3.03836206e-01 
 7.90100000e+00  5.46887481e-01  7.90100000e+00  3.03836206e-01 
 7.92100000e+00  5.46887481e-01  7.92100000e+00  3.03836206e-01 
 7.94100000e+00  5.46887481e-01  7.94100000e+00  3.03836206e-01 
 7.96100000e+00  5.46887481e-01  7.96100000e+00  3.03836206e-01 
 7.98000000e+00  5.46887481e-01  7.98000000e+00  3.03836206e-01 
 7.98200000e+00  5.47729607e-01  7.98200000e+00  3.02919332e-01 
 7.98600000e+00  5.46717737e-01  7.98600000e+00  3.02823161e-01 
 7.99300000e+00  5.37414582e-01  7.99300000e+00  3.07819448e-01 
 8.00000000e+00  5.22345265e-01  8.00000000e+00  3.18370486e-01 
 8.00140000e+00  5.22345263e-01  8.00140000e+00  3.18370487e-01 
 8.00420000e+00  5.22345263e-01  8.00420000e+00  3.18370486e-01 
 8.00980000e+00  5.22345263e-01  8.00980000e+00  3.18370487e-01 
 8.02100000e+00  5.22345263e-01  8.02100000e+00  3.18370486e-01 
 8.04100000e+00  5.22345263e-01  8.04100000e+00  3.18370487e-01 
 8.06100000e+00  5.22345263e-01  8.06100000e+00  3.18370486e-01 
 8.08100000e+00  5.22345263e-01  8.08100000e+00  3.18370487e-01 
 8.10100000e+00  5.22345263e-01  8.10100000e+00  3.18370486e-01 
 8.12100000e+00  5.22345263e-01  8.12100000e+00  3.18370487e-01 
 8.14100000e+00  5.22345263e-01  8.14100000e+00  3.18370486e-01 
 8.16100000e+00  5.22345263e-01  8.16100000e+00  3.18370487e-01 
 8.18000000e+00  5.22345263e-01  8.18000000e+00  3.18370486e-01 
 8.18200000e+00  5.31764405e-01  8.18200000e+00  3.11472608e-01 
 8.18600000e+00  5.49368983e-01  8.18600000e+00  3.00846780e-01 
 8.19300000e+00  5.72492500e-01  8.19300000e+00  2.92242596e-01 
 8.20000000e+00  5.80792867e-01  8.20000000e+00  2.96152155e-01 
 8.20140000e+00  5.80792868e-01  8.20140000e+00  2.96152155e-01 
 8.20420000e+00  5.80792867e-01  8.20420000e+00  2.96152156e-01 
 8.20980000e+00  5.80792868e-01  8.20980000e+00  2.96152155e-01 
 8.22100000e+00  5.80792867e-01  8.22100000e+00  2.96152156e-01 
 8.24100000e+00  5.80792868e-01  8.24100000e+00  2.96152155e-01 
 8.26100000e+00  5.80792867e-01  8.26100000e+00  2.96152156e-01 
 8.28100000e+00  5.80792868e-01  8.28100000e+00  2.96152155e-01 
 8.30100000e+00  5.80792867e-01  8.30100000e+00  2.96152156e-01 
 8.32100000e+00  5.80792868e-01  8.32100000e+00  2.96152155e-01 
 8.34100000e+00  5.80792867e-01  8.34100000e+00  2.96152156e-01 
 8.36100000e+00  5.80792868e-01  8.36100000e+00  2.96152155e-01 
 8.38000000e+00  5.80792867e-01  8.38000000e+00  2.96152156e-01 
 8.38200000e+00  5.80777637e-01  8.38200000e+00  2.94498248e-01 
 8.38600000e+00  5.79149359e-01  8.38600000e+00  2.92337378e-01 
 8.39300000e+00  5.71727357e-01  8.39300000e+00  2.92061478e-01 
 8.40000000e+00  5.59786223e-01  8.40000000e+00  2.95861308e-01 
 8.40140000e+00  5.59786222e-01  8.40140000e+00  2.95861309e-01 
 8.40420000e+00  5.59786223e-01  8.40420000e+00  2.95861308e-01 
 8.40980000e+00  5.59786222e-01  8.40980000e+00  2.95861309e-01 
 8.42100000e+00  5.59786223e-01  8.42100000e+00  2.95861308e-01 
 8.44100000e+00  5.59786222e-01  8.44100000e+00  2.95861309e-01 
 8.46100000e+00  5.59786223e-01  8.46100000e+00  2.95861308e-01 
 8.48100000e+00  5.59786222e-01  8.48100000e+00  2.95861309e-01 
 8.50100000e+00  5.59786223e-01  8.50100000e+00  2.95861308e-01 
 8.52100000e+00  5.59786222e-01  8.52100000e+00  2.95861309e-01 
 8.54100000e+00  5.59786223e-01  8.54100000e+00  2.95861308e-01 
 8.56100000e+00  5.59786222e-01  8.56100000e+00  2.95861309e-01 
 8.58000000e+00  5.59786223e-01  8.58000000e+00  2.95861308e-01 
 8.58200000e+00  5.56698405e-01  8.58200000e+00  2.97170823e-01 
 8.58600000e+00  5.49702216e-01  8.58600000e+00  3.00573327e-01 
 8.59300000e+00  5.36004729e-01  8.59300000e+00  3.08643105e-01 
 8.60000000e+00  5.21102484e-01  8.60000000e+00  3.19491439e-01 
 8.60140000e+00  5.21102485e-01  8.60140000e+00  3.19491439e-01 
 8.60420000e+00  5.21102480e-01  8.60420000e+00  3.19491441e-01 
 8.60980000e+00  5.21102485e-01  8.60980000e+00  3.19491439e-01 
 8.62100000e+00  5.21102480e-01  8.62100000e+00  3.19491441e-01 
 8.64100000e+00  5.21102485e-01  8.64100000e+00  3.19491439e-01 
 8.66100000e+00  5.21102480e-01  8.66100000e+00  3.19491441e-01 
 8.68100000e+00  5.21102485e-01  8.68100000e+00  3.19491439e-01 
 8.70100000e+00  5.21102480e-01  8.70100000e+00  3.19491441e-01 
 8.72100000e+00  5.21102485e-01  8.72100000e+00  3.19491439e-01 
 8.74100000e+00  5.21102480e-01  8.74100000e+00  3.19491441e-01 
 8.76100000e+00  5.21102485e-01  8.76100000e+00  3.19491439e-01 
 8.78000000e+00  5.21102480e-01  8.78000000e+00  3.19491441e-01 
 8.78200000e+00  5.24630438e-01  8.78200000e+00  3.16671094e-01 
 8.78600000e+00  5.31396524e-01  8.78600000e+00  3.11710183e-01 
 8.79300000e+00  5.42342747e-01  8.79300000e+00  3.04921400e-01 
 8.80000000e+00  5.50420654e-01  8.80000000e+00  3.01406421e-01 
 8.80140000e+00  5.50420663e-01  8.80140000e+00  3.01406416e-01 
 8.80420000e+00  5.50420659e-01  8.80420000e+00  3.01406418e-01 
 8.80980000e+00  5.50420663e-01  8.80980000e+00  3.01406416e-01 
 8.82100000e+00  5.50420659e-01  8.82100000e+00  3.01406418e-01 
 8.84100000e+00  5.50420663e-01  8.84100000e+00  3.01406416e-01 
 8.86100000e+00  5.50420659e-01  8.86100000e+00  3.01406418e-01 
 8.88100000e+00  5.50420663e-01  8.88100000e+00  3.01406416e-01 
 8.90100000e+00  5.50420659e-01  8.90100000e+00  3.01406418e-01 
 8.92100000e+00  5.50420663e-01  8.92100000e+00  3.01406416e-01 
 8.94100000e+00  5.50420659e-01  8.94100000e+00  3.01406418e-01 
 8.96100000e+00  5.50420663e-01  8.96100000e+00  3.01406416e-01 
 8.98000000e+00  5.50420659e-01  8.98000000e+00  3.01406418e-01 
 8.98200000e+00  5.56148264e-01  8.98200000e+00  2.98034603e-01 
 8.98600000e+00  5.64843394e-01  8.98600000e+00  2.93741082e-01 
 8.99300000e+00  5.67561170e-01  8.99300000e+00  2.95271382e-01 
 9.00000000e+00  5.52439418e-01  9.00000000e+00  3.07164957e-01 
 9.00140000e+00  5.52439419e-01  9.00140000e+00  3.07164957e-01 
 9.00420000e+00  5.52439417e-01  9.00420000e+00  3.07164958e-01 
 9.00980000e+00  5.52439419e-01  9.00980000e+00  3.07164957e-01 
 9.02100000e+00  5.52439417e-01  9.02100000e+00  3.07164958e-01 
 9.04100000e+00  5.52439419e-01  9.04100000e+00  3.07164957e-01 
 9.06100000e+00  5.52439417e-01  9.06100000e+00  3.07164958e-01 
 9.08100000e+00  5.52439419e-01  9.08100000e+00  3.07164957e-01 
 9.10100000e+00  5.52439417e-01  9.10100000e+00  3.07164958e-01 
 9.12100000e+00  5.52439419e-01  9.12100000e+00  3.07164957e-01 
 9.14100000e+00  5.52439417e-01  9.14100000e+00  3.07164958e-01 
 9.16100000e+00  5.52439419e-01  9.16100000e+00  3.07164957e-01 
 9.18000000e+00  5.52439417e-01  9.18000000e+00  3.07164958e-01 
 9.18200000e+00  5.60618137e-01  9.18200000e+00  3.02128594e-01 
 9.18600000e+00  5.71321608e-01  9.18600000e+00  2.94986535e-01 
 9.19300000e+00  5.71710176e-01  9.19300000e+00  2.93242078e-01 
 9.20000000e+00  5.45610355e-01  9.20000000e+00  3.10605100e-01 
 9.20140000e+00  5.45610353e-01  9.20140000e+00  3.10605101e-01 
 9.20420000e+00  5.45610355e-01  9.20420000e+00  3.10605100e-01 
 9.20980000e+00  5.45610353e-01  9.20980000e+00  3.10605101e-01 
 9.22100000e+00  5.45610355e-01  9.22100000e+00  3.10605100e-01 
 9.24100000e+00  5.45610353e-01  9.24100000e+00  3.10605101e-01 
 9.26100000e+00  5.45610355e-01  9.26100000e+00  3.10605100e-01 
 9.28100000e+00  5.45610353e-01  9.28100000e+00  3.10605101e-01 
 9.30100000e+00  5.45610355e-01  9.30100000e+00  3.10605100e-01 
 9.32100000e+00  5.45610353e-01  9.32100000e+00  3.10605101e-01 
 9.34100000e+00  5.45610355e-01  9.34100000e+00  3.10605100e-01 
 9.36100000e+00  5.45610353e-01  9.36100000e+00  3.10605101e-01 
 9.38000000e+00  5.45610355e-01  9.38000000e+00  3.10605100e-01 
 9.38200000e+00  5.50100729e-01  9.38200000e+00  3.06903988e-01 
 9.38600000e+00  5.56984495e-01  9.38600000e+00  3.01023569e-01 
 9.39300000e+00  5.63049321e-01  9.39300000e+00  2.95222896e-01 
 9.40000000e+00  5.62328217e-01  9.40000000e+00  2.94629166e-01 
 9.40140000e+00  5.62328218e-01  9.40140000e+00  2.94669894e-01 
 9.40420000e+00  5.62328217e-01  9.40420000e+00  2.94669895e-01 
 9.40980000e+00  5.62328218e-01  9.40980000e+00  2.94669894e-01 
 9.42100000e+00  5.62328217e-01  9.42100000e+00  2.94669895e-01 
 9.44100000e+00  5.62328218e-01  9.44100000e+00  2.94669894e-01 
 9.46100000e+00  5.62328217e-01  9.46100000e+00  2.94669895e-01 
 9.48100000e+00  5.62328218e-01  9.48100000e+00  2.94669894e-01 
 9.50100000e+00  5.62328217e-01  9.50100000e+00  2.94669895e-01 
 9.52100000e+00  5.62328218e-01  9.52100000e+00  2.94669894e-01 
 9.54100000e+00  5.62328217e-01  9.54100000e+00  2.94669895e-01 
 9.56100000e+00  5.62328218e-01  9.56100000e+00  2.94669894e-01 
 9.58000000e+00  5.62328217e-01  9.58000000e+00  2.94669895e-01 
 9.58200000e+00  5.65839405e-01  9.58200000e+00  2.93460028e-01 
 9.58600000e+00  5.71215143e-01  9.58600000e+00  2.92393242e-01 
 9.59300000e+00  5.75994444e-01  9.59300000e+00  2.94027057e-01 
 9.60000000e+00  5.74686661e-01  9.60000000e+00  2.99693436e-01 
 9.60140000e+00  5.74686661e-01  9.60140000e+00  2.99693436e-01 
 9.60420000e+00  5.74686661e-01  9.60420000e+00  2.99693436e-01 
 9.60980000e+00  5.74686661e-01  9.60980000e+00  2.99693436e-01 
 9.62100000e+00  5.74686661e-01  9.62100000e+00  2.99693436e-01 
 9.64100000e+00  5.74686661e-01  9.64100000e+00  2.99693436e-01 
 9.66100000e+00  5.74686661e-01  9.66100000e+00  2.99693436e-01 
 9.68100000e+00  5.74686661e-01  9.68100000e+00  2.99693436e-01 
 9.70100000e+00  5.74686661e-01  9.70100000e+00  2.99693436e-01 
 9.72100000e+00  5.74686661e-01  9.72100000e+00  2.99693436e-01 
 9.74100000e+00  5.74686661e-01  9.74100000e+00  2.99693436e-01 
 9.76100000e+00  5.74686661e-01  9.76100000e+00  2.99693436e-01 
 9.78000000e+00  5.74686661e-01  9.78000000e+00  2.99693436e-01 
 9.78200000e+00  5.78220630e-01  9.78200000e+00  2.96273120e-01 
 9.78600000e+00  5.79800860e-01  9.78600000e+00  2.92700261e-01 
 9.79300000e+00  5.66840594e-01  9.79300000e+00  2.96934213e-01 
 9.80000000e+00  5.41031652e-01  9.80000000e+00  3.11390558e-01 
 9.80140000e+00  5.41031652e-01  9.80140000e+00  3.11390558e-01 
 9.80420000e+00  5.41031652e-01  9.80420000e+00  3.11390558e-01 
 9.80980000e+00  5.41031648e-01  9.80980000e+00  3.11390560e-01 
 9.82100000e+00  5.41031652e-01  9.82100000e+00  3.11390558e-01 
 9.84100000e+00  5.41031648e-01  9.84100000e+00  3.11390560e-01 
 9.86100000e+00  5.41031652e-01  9.86100000e+00  3.11390558e-01 
 9.88100000e+00  5.41031648e-01  9.88100000e+00  3.11390560e-01 
 9.90100000e+00  5.41031652e-01  9.90100000e+00  3.11390558e-01 
 9.92100000e+00  5.41031648e-01  9.92100000e+00  3.11390560e-01 
 9.94100000e+00  5.41031652e-01  9.94100000e+00  3.11390558e-01 
 9.96100000e+00  5.41031648e-01  9.96100000e+00  3.11390560e-01 
 9.98000000e+00  5.41031652e-01  9.98000000e+00  3.11390558e-01 
 9.98200000e+00  5.48733185e-01  9.98200000e+00  3.06313530e-01 
 9.98600000e+00  5.61255367e-01  9.98600000e+00  2.98470657e-01 
 9.99300000e+00  5.74437094e-01  9.99300000e+00  2.91717558e-01 
 1.00000000e+01  5.72710664e-01  1.00000000e+01  2.95270106e-01 
 1.00014000e+01  5.72710664e-01  1.00014000e+01  2.95270106e-01 
 1.00042000e+01  5.72710662e-01  1.00042000e+01  2.95270109e-01 
 1.00098000e+01  5.72710664e-01  1.00098000e+01  2.95270106e-01 
 1.00210000e+01  5.72710662e-01  1.00210000e+01  2.95270109e-01 
 1.00410000e+01  5.72710664e-01  1.00410000e+01  2.95270106e-01 
 1.00610000e+01  5.72710662e-01  1.00610000e+01  2.95270109e-01 
 1.00810000e+01  5.72710664e-01  1.00810000e+01  2.95270106e-01 
 1.01010000e+01  5.72710662e-01  1.01010000e+01  2.95270109e-01 
 1.01210000e+01  5.72710664e-01  1.01210000e+01  2.95270106e-01 
 1.01410000e+01  5.72710662e-01  1.01410000e+01  2.95270109e-01 
 1.01610000e+01  5.72710664e-01  1.01610000e+01  2.95270106e-01 
 1.01800000e+01  5.72710662e-01  1.01800000e+01  2.95270109e-01 
 1.01820000e+01  5.74011026e-01  1.01820000e+01  2.93582746e-01 
 1.01860000e+01  5.73981816e-01  1.01860000e+01  2.91771974e-01 
 1.01930000e+01  5.64546316e-01  1.01930000e+01  2.95065041e-01 
 1.02000000e+01  5.46516502e-01  1.02000000e+01  3.05401688e-01 
 1.02014000e+01  5.46516501e-01  1.02014000e+01  3.05401688e-01 
 1.02042000e+01  5.46516499e-01  1.02042000e+01  3.05401689e-01 
 1.02098000e+01  5.46516501e-01  1.02098000e+01  3.05401688e-01 
 1.02210000e+01  5.46516499e-01  1.02210000e+01  3.05401689e-01 
 1.02410000e+01  5.46516501e-01  1.02410000e+01  3.05401688e-01 
 1.02610000e+01  5.46516499e-01  1.02610000e+01  3.05401689e-01 
 1.02810000e+01  5.46516501e-01  1.02810000e+01  3.05401688e-01 
 1.03010000e+01  5.46516499e-01  1.03010000e+01  3.05401689e-01 
 1.03210000e+01  5.46516501e-01  1.03210000e+01  3.05401688e-01 
 1.03410000e+01  5.46516499e-01  1.03410000e+01  3.05401689e-01 
 1.03610000e+01  5.46516501e-01  1.03610000e+01  3.05401688e-01 
 1.03800000e+01  5.46516499e-01  1.03800000e+01  3.05401689e-01 
 1.03820000e+01  5.45726078e-01  1.03820000e+01  3.04915141e-01 
 1.03860000e+01  5.42106704e-01  1.03860000e+01  3.05714398e-01 
 1.03930000e+01  5.30418473e-01  1.03930000e+01  3.12429499e-01 
 1.04000000e+01  5.15409290e-01  1.04000000e+01  3.24284898e-01 
 1.04014000e+01  5.15409289e-01  1.04014000e+01  3.24284899e-01 
 1.04042000e+01  5.15409287e-01  1.04042000e+01  3.24284900e-01 
 1.04098000e+01  5.15409289e-01  1.04098000e+01  3.24284899e-01 
 1.04210000e+01  5.15409287e-01  1.04210000e+01  3.24284900e-01 
 1.04410000e+01  5.15409289e-01  1.04410000e+01  3.24284899e-01 
 1.04610000e+01  5.15409287e-01  1.04610000e+01  3.24284900e-01 
 1.04810000e+01  5.15409289e-01  1.04810000e+01  3.24284899e-01 
 1.05010000e+01  5.15409287e-01  1.05010000e+01  3.24284900e-01 
 1.05210000e+01  5.15409289e-01  1.05210000e+01  3.24284899e-01 
 1.05410000e+01  5.15409287e-01  1.05410000e+01  3.24284900e-01 
 1.05610000e+01  5.15409289e-01  1.05610000e+01  3.24284899e-01 
 1.05800000e+01  5.15409287e-01  1.05800000e+01  3.24284900e-01 
 1.05820000e+01  5.18185579e-01  1.05820000e+01  3.21780968e-01 
 1.05860000e+01  5.23089053e-01  1.05860000e+01  3.17790754e-01 
 1.05930000e+01  5.25030077e-01  1.05930000e+01  3.17178744e-01 
 1.06000000e+01  5.13139605e-01  1.06000000e+01  3.27964552e-01 
 1.06014000e+01  5.13139609e-01  1.06014000e+01  3.27964550e-01 
 1.06042000e+01  5.13139605e-01  1.06042000e+01  3.27964552e-01 
 1.06098000e+01  5.13139609e-01  1.06098000e+01  3.27964550e-01 
 1.06210000e+01  5.13139605e-01  1.06210000e+01  3.27964552e-01 
 1.06410000e+01  5.13139609e-01  1.06410000e+01  3.27964550e-01 
 1.06610000e+01  5.13139605e-01  1.06610000e+01  3.27964552e-01 
 1.06810000e+01  5.13139609e-01  1.06810000e+01  3.27964550e-01 
 1.07010000e+01  5.13139605e-01  1.07010000e+01  3.27964552e-01 
 1.07210000e+01  5.13139609e-01  1.07210000e+01  3.27964550e-01 
 1.07410000e+01  5.13139605e-01  1.07410000e+01  3.27964552e-01 
 1.07610000e+01  5.13139609e-01  1.07610000e+01  3.27964550e-01 
 1.07800000e+01  5.13139605e-01  1.07800000e+01  3.27964552e-01 
 1.07820000e+01  5.18929016e-01  1.07820000e+01  3.24420324e-01 
 1.07860000e+01  5.29488571e-01  1.07860000e+01  3.18412199e-01 
 1.07930000e+01  5.44842868e-01  1.07930000e+01  3.11059897e-01 
 1.08000000e+01  5.56426593e-01  1.08000000e+01  3.07297571e-01 
 1.08014000e+01  5.56426620e-01  1.08014000e+01  3.07297571e-01 
 1.08042000e+01  5.56426617e-01  1.08042000e+01  3.07297573e-01 
 1.08098000e+01  5.56426619e-01  1.08098000e+01  3.07297572e-01 
 1.08210000e+01  5.56426617e-01  1.08210000e+01  3.07297573e-01 
 1.08410000e+01  5.56426619e-01  1.08410000e+01  3.07297572e-01 
 1.08610000e+01  5.56426617e-01  1.08610000e+01  3.07297573e-01 
 1.08810000e+01  5.56426619e-01  1.08810000e+01  3.07297572e-01 
 1.09010000e+01  5.56426617e-01  1.09010000e+01  3.07297573e-01 
 1.09210000e+01  5.56426619e-01  1.09210000e+01  3.07297572e-01 
 1.09410000e+01  5.56426617e-01  1.09410000e+01  3.07297573e-01 
 1.09610000e+01  5.56426619e-01  1.09610000e+01  3.07297572e-01 
 1.09800000e+01  5.56426617e-01  1.09800000e+01  3.07297573e-01 
 1.09820000e+01  5.61685307e-01  1.09820000e+01  3.04163391e-01 
 1.09860000e+01  5.70669845e-01  1.09860000e+01  2.99087051e-01 
 1.09930000e+01  5.80303017e-01  1.09930000e+01  2.94673260e-01 
 1.10000000e+01  5.79055933e-01  1.10000000e+01  2.97408735e-01 
 1.10014000e+01  5.79055933e-01  1.10014000e+01  2.97408735e-01 
 1.10042000e+01  5.79055933e-01  1.10042000e+01  2.97408735e-01 
 1.10098000e+01  5.79055931e-01  1.10098000e+01  2.97408736e-01 
 1.10210000e+01  5.79055933e-01  1.10210000e+01  2.97408735e-01 
 1.10410000e+01  5.79055931e-01  1.10410000e+01  2.97408736e-01 
 1.10610000e+01  5.79055933e-01  1.10610000e+01  2.97408735e-01 
 1.10810000e+01  5.79055931e-01  1.10810000e+01  2.97408736e-01 
 1.11010000e+01  5.79055933e-01  1.11010000e+01  2.97408735e-01 
 1.11210000e+01  5.79055931e-01  1.11210000e+01  2.97408736e-01 
 1.11410000e+01  5.79055933e-01  1.11410000e+01  2.97408735e-01 
 1.11610000e+01  5.79055931e-01  1.11610000e+01  2.97408736e-01 
 1.11800000e+01  5.79055933e-01  1.11800000e+01  2.97408735e-01 
 1.11820000e+01  5.78793321e-01  1.11820000e+01  2.96401686e-01 
 1.11860000e+01  5.77369632e-01  1.11860000e+01  2.95012078e-01 
 1.11930000e+01  5.72966344e-01  1.11930000e+01  2.94003635e-01 
 1.12000000e+01  5.66830938e-01  1.12000000e+01  2.94456458e-01 
 1.12014000e+01  5.66830939e-01  1.12014000e+01  2.94456457e-01 
 1.12042000e+01  5.66830938e-01  1.12042000e+01  2.94456458e-01 
 1.12098000e+01  5.66830939e-01  1.12098000e+01  2.94456457e-01 
 1.12210000e+01  5.66830938e-01  1.12210000e+01  2.94456458e-01 
 1.12410000e+01  5.66830939e-01  1.12410000e+01  2.94456457e-01 
 1.12610000e+01  5.66830938e-01  1.12610000e+01  2.94456458e-01 
 1.12810000e+01  5.66830939e-01  1.12810000e+01  2.94456457e-01 
 1.13010000e+01  5.66830938e-01  1.13010000e+01  2.94456458e-01 
 1.13210000e+01  5.66830939e-01  1.13210000e+01  2.94456457e-01 
 1.13410000e+01  5.66830938e-01  1.13410000e+01  2.94456458e-01 
 1.13610000e+01  5.66830939e-01  1.13610000e+01  2.94456457e-01 
 1.13800000e+01  5.66830938e-01  1.13800000e+01  2.94456458e-01 
 1.13820000e+01  5.63726111e-01  1.13820000e+01  2.95136962e-01 
 1.13860000e+01  5.55830451e-01  1.13860000e+01  2.98053026e-01 
 1.13930000e+01  5.37711941e-01  1.13930000e+01  3.07924594e-01 
 1.14000000e+01  5.16093793e-01  1.14000000e+01  3.24116716e-01 
 1.14014000e+01  5.16093797e-01  1.14014000e+01  3.24116714e-01 
 1.14042000e+01  5.16093793e-01  1.14042000e+01  3.24116716e-01 
 1.14098000e+01  5.16093797e-01  1.14098000e+01  3.24116714e-01 
 1.14210000e+01  5.16093793e-01  1.14210000e+01  3.24116716e-01 
 1.14410000e+01  5.16093797e-01  1.14410000e+01  3.24116714e-01 
 1.14610000e+01  5.16093793e-01  1.14610000e+01  3.24116716e-01 
 1.14810000e+01  5.16093797e-01  1.14810000e+01  3.24116714e-01 
 1.15010000e+01  5.16093793e-01  1.15010000e+01  3.24116716e-01 
 1.15210000e+01  5.16093797e-01  1.15210000e+01  3.24116714e-01 
 1.15410000e+01  5.16093793e-01  1.15410000e+01  3.24116716e-01 
 1.15610000e+01  5.16093797e-01  1.15610000e+01  3.24116714e-01 
 1.15800000e+01  5.16093793e-01  1.15800000e+01  3.24116716e-01 
 1.15820000e+01  5.23945683e-01  1.15820000e+01  3.17618837e-01 
 1.15860000e+01  5.38609337e-01  1.15860000e+01  3.07254011e-01 
 1.15930000e+01  5.60678601e-01  1.15930000e+01  2.95537835e-01 
 1.16000000e+01  5.75387018e-01  1.16000000e+01  2.91761677e-01 
 1.16014000e+01  5.75387018e-01  1.16014000e+01  2.91761677e-01 
 1.16042000e+01  5.75387017e-01  1.16042000e+01  2.91761678e-01 
 1.16098000e+01  5.75387018e-01  1.16098000e+01  2.91761677e-01 
 1.16210000e+01  5.75387017e-01  1.16210000e+01  2.91761678e-01 
 1.16410000e+01  5.75387018e-01  1.16410000e+01  2.91761677e-01 
 1.16610000e+01  5.75387017e-01  1.16610000e+01  2.91761678e-01 
 1.16810000e+01  5.75387018e-01  1.16810000e+01  2.91761677e-01 
 1.17010000e+01  5.75387017e-01  1.17010000e+01  2.91761678e-01 
 1.17210000e+01  5.75387018e-01  1.17210000e+01  2.91761677e-01 
 1.17410000e+01  5.75387017e-01  1.17410000e+01  2.91761678e-01 
 1.17610000e+01  5.75387018e-01  1.17610000e+01  2.91761677e-01 
 1.17800000e+01  5.75387017e-01  1.17800000e+01  2.91761678e-01 
 1.17820000e+01  5.73576950e-01  1.17820000e+01  2.91934666e-01 
 1.17860000e+01  5.69579728e-01  1.17860000e+01  2.92643725e-01 
 1.17930000e+01  5.60866109e-01  1.17930000e+01  2.95553557e-01 
 1.18000000e+01  5.49919010e-01  1.18000000e+01  3.00754976e-01 
 1.18014000e+01  5.49919010e-01  1.18014000e+01  3.00754976e-01 
 1.18042000e+01  5.49919010e-01  1.18042000e+01  3.00754976e-01 
 1.18098000e+01  5.49919008e-01  1.18098000e+01  3.00754977e-01 
 1.18210000e+01  5.49919010e-01  1.18210000e+01  3.00754976e-01 
 1.18410000e+01  5.49919008e-01  1.18410000e+01  3.00754977e-01 
 1.18610000e+01  5.49919010e-01  1.18610000e+01  3.00754976e-01 
 1.18810000e+01  5.49919008e-01  1.18810000e+01  3.00754977e-01 
 1.19010000e+01  5.49919010e-01  1.19010000e+01  3.00754976e-01 
 1.19210000e+01  5.49919008e-01  1.19210000e+01  3.00754977e-01 
 1.19410000e+01  5.49919010e-01  1.19410000e+01  3.00754976e-01 
 1.19610000e+01  5.49919008e-01  1.19610000e+01  3.00754977e-01 
 1.19800000e+01  5.49919010e-01  1.19800000e+01  3.00754976e-01 
 1.19820000e+01  5.38614904e-01  1.19820000e+01  3.06957928e-01 
 1.19860000e+01  5.08665321e-01  1.19860000e+01  3.29697087e-01 
 1.19930000e+01  4.11944719e-01  1.19930000e+01  4.24744274e-01 
 1.20000000e+01  3.23187212e-01  1.20000000e+01  6.30086441e-01 
 1.20014000e+01  3.23187210e-01  1.20014000e+01  6.30086449e-01 
 1.20042000e+01  3.23187212e-01  1.20042000e+01  6.30086441e-01 
 1.20098000e+01  3.23187210e-01  1.20098000e+01  6.30086449e-01 
 1.20210000e+01  3.23187212e-01  1.20210000e+01  6.30086441e-01 
 1.20410000e+01  3.23187210e-01  1.20410000e+01  6.30086449e-01 
 1.20610000e+01  3.23187212e-01  1.20610000e+01  6.30086441e-01 
 1.20810000e+01  3.23187210e-01  1.20810000e+01  6.30086449e-01 
 1.21010000e+01  3.23187212e-01  1.21010000e+01  6.30086441e-01 
 1.21210000e+01  3.23187210e-01  1.21210000e+01  6.30086449e-01 
 1.21410000e+01  3.23187212e-01  1.21410000e+01  6.30086441e-01 
 1.21610000e+01  3.23187210e-01  1.21610000e+01  6.30086449e-01 
 1.21800000e+01  3.23187212e-01  1.21800000e+01  6.30086441e-01 
 1.21820000e+01  3.56275718e-01  1.21820000e+01  5.00324613e-01 
 1.21860000e+01  4.81853060e-01  1.21860000e+01  3.56156337e-01 
 1.21930000e+01  5.31259350e-01  1.21930000e+01  3.14174896e-01 
 1.22000000e+01  3.74403437e-01  1.22000000e+01  5.82536250e-01 
 1.22014000e+01  3.74403437e-01  1.22014000e+01  5.82536253e-01 
 1.22042000e+01  3.74403437e-01  1.22042000e+01  5.82536250e-01 
 1.22098000e+01  3.74403437e-01  1.22098000e+01  5.82536253e-01 
 1.22210000e+01  3.74403437e-01  1.22210000e+01  5.82536250e-01 
 1.22410000e+01  3.74403437e-01  1.22410000e+01  5.82536253e-01 
 1.22610000e+01  3.74403437e-01  1.22610000e+01  5.82536250e-01 
 1.22810000e+01  3.74403437e-01  1.22810000e+01  5.82536253e-01 
 1.23010000e+01  3.74403437e-01  1.23010000e+01  5.82536250e-01 
 1.23210000e+01  3.74403437e-01  1.23210000e+01  5.82536253e-01 
 1.23410000e+01  3.74403437e-01  1.23410000e+01  5.82536250e-01 
 1.23610000e+01  3.74403437e-01  1.23610000e+01  5.82536253e-01 
 1.23800000e+01  3.74403437e-01  1.23800000e+01  5.82536250e-01 
 1.23820000e+01  3.78391000e-01  1.23820000e+01  4.81436102e-01 
 1.23860000e+01  4.03912170e-01  1.23860000e+01  3.92318387e-01 
 1.23930000e+01  4.53846759e-01  1.23930000e+01  3.78629709e-01 
 1.24000000e+01  3.82853886e-01  1.24000000e+01  4.87241918e-01 
 1.24014000e+01  3.82853886e-01  1.24014000e+01  4.87241918e-01 
 1.24042000e+01  3.82853886e-01  1.24042000e+01  4.87241918e-01 
 1.24098000e+01  3.82853883e-01  1.24098000e+01  4.87241920e-01 
 1.24210000e+01  3.82853886e-01  1.24210000e+01  4.87241918e-01 
 1.24410000e+01  3.82853883e-01  1.24410000e+01  4.87241920e-01 
 1.24610000e+01  3.82853886e-01  1.24610000e+01  4.87241918e-01 
 1.24810000e+01  3.82853883e-01  1.24810000e+01  4.87241920e-01 
 1.25010000e+01  3.82853886e-01  1.25010000e+01  4.87241918e-01 
 1.25210000e+01  3.82853883e-01  1.25210000e+01  4.87241920e-01 
 1.25410000e+01  3.82853886e-01  1.25410000e+01  4.87241918e-01 
 1.25610000e+01  3.82853883e-01  1.25610000e+01  4.87241920e-01 
 1.25800000e+01  3.82853886e-01  1.25800000e+01  4.87241918e-01 
 1.25820000e+01  4.08939945e-01  1.25820000e+01  4.48873618e-01 
 1.25860000e+01  4.50673861e-01  1.25860000e+01  3.93113118e-01 
 1.25930000e+01  4.14803605e-01  1.25930000e+01  4.06618928e-01 
 1.26000000e+01  3.46667853e-01  1.26000000e+01  6.88635317e-01 
 1.26014000e+01  3.46667852e-01  1.26014000e+01  6.88635321e-01 
 1.26042000e+01  3.46667853e-01  1.26042000e+01  6.88635317e-01 
 1.26098000e+01  3.46667852e-01  1.26098000e+01  6.88635321e-01 
 1.26210000e+01  3.46667853e-01  1.26210000e+01  6.88635317e-01 
 1.26410000e+01  3.46667852e-01  1.26410000e+01  6.88635321e-01 
 1.26610000e+01  3.46667853e-01  1.26610000e+01  6.88635317e-01 
 1.26810000e+01  3.46667852e-01  1.26810000e+01  6.88635321e-01 
 1.27010000e+01  3.46667853e-01  1.27010000e+01  6.88635317e-01 
 1.27210000e+01  3.46667852e-01  1.27210000e+01  6.88635321e-01 
 1.27410000e+01  3.46667853e-01  1.27410000e+01  6.88635317e-01 
 1.27610000e+01  3.46667852e-01  1.27610000e+01  6.88635321e-01 
 1.27800000e+01  3.46667853e-01  1.27800000e+01  6.88635317e-01 
 1.27820000e+01  3.67738751e-01  1.27820000e+01  6.23625612e-01 
 1.27860000e+01  4.64011285e-01  1.27860000e+01  3.78461116e-01 
 1.27930000e+01  5.41779315e-01  1.27930000e+01  3.34440876e-01 
 1.28000000e+01  4.02898745e-01  1.28000000e+01  6.41962107e-01 
 1.28014000e+01  4.02898745e-01  1.28014000e+01  6.41962108e-01 
 1.28042000e+01  4.02898745e-01  1.28042000e+01  6.41962107e-01 
 1.28098000e+01  4.02898745e-01  1.28098000e+01  6.41962110e-01 
 1.28210000e+01  4.02898745e-01  1.28210000e+01  6.41962107e-01 
 1.28410000e+01  4.02898745e-01  1.28410000e+01  6.41962110e-01 
 1.28610000e+01  4.02898745e-01  1.28610000e+01  6.41962107e-01 
 1.28810000e+01  4.02898745e-01  1.28810000e+01  6.41962110e-01 
 1.29010000e+01  4.02898745e-01  1.29010000e+01  6.41962107e-01 
 1.29210000e+01  4.02898745e-01  1.29210000e+01  6.41962110e-01 
 1.29410000e+01  4.02898745e-01  1.29410000e+01  6.41962107e-01 
 1.29610000e+01  4.02898745e-01  1.29610000e+01  6.41962110e-01 
 1.29800000e+01  4.02898745e-01  1.29800000e+01  6.41962107e-01 
 1.29820000e+01  4.11311014e-01  1.29820000e+01  5.03379969e-01 
 1.29860000e+01  4.50853609e-01  1.29860000e+01  3.99874948e-01 
 1.29930000e+01  4.51733630e-01  1.29930000e+01  4.12249466e-01 
 1.30000000e+01  3.90788209e-01  1.30000000e+01  5.86425082e-01 
 1.30014000e+01  3.90788209e-01  1.30014000e+01  5.86425082e-01 
 1.30042000e+01  3.90788209e-01  1.30042000e+01  5.86425082e-01 
 1.30098000e+01  3.90788209e-01  1.30098000e+01  5.86425082e-01 
 1.30210000e+01  3.90788209e-01  1.30210000e+01  5.86425082e-01 
 1.30410000e+01  3.90788209e-01  1.30410000e+01  5.86425082e-01 
 1.30610000e+01  3.90788209e-01  1.30610000e+01  5.86425082e-01 
 1.30810000e+01  3.90788209e-01  1.30810000e+01  5.86425082e-01 
 1.31010000e+01  3.90788209e-01  1.31010000e+01  5.86425082e-01 
 1.31210000e+01  3.90788209e-01  1.31210000e+01  5.86425082e-01 
 1.31410000e+01  3.90788209e-01  1.31410000e+01  5.86425082e-01 
 1.31610000e+01  3.90788209e-01  1.31610000e+01  5.86425082e-01 
 1.31800000e+01  3.90788209e-01  1.31800000e+01  5.86425082e-01 
 1.31820000e+01  3.83509840e-01  1.31820000e+01  5.88715862e-01 
 1.31860000e+01  3.67357204e-01  1.31860000e+01  6.19937492e-01 
 1.31930000e+01  3.40920971e-01  1.31930000e+01  7.19526582e-01 
 1.32000000e+01  3.17868926e-01  1.32000000e+01  8.41769179e-01 
 1.32014000e+01  3.17868926e-01  1.32014000e+01  8.41769182e-01 
 1.32042000e+01  3.17868926e-01  1.32042000e+01  8.41769179e-01 
 1.32098000e+01  3.17868926e-01  1.32098000e+01  8.41769182e-01 
 1.32210000e+01  3.17868926e-01  1.32210000e+01  8.41769179e-01 
 1.32410000e+01  3.17868926e-01  1.32410000e+01  8.41769182e-01 
 1.32610000e+01  3.17868926e-01  1.32610000e+01  8.41769179e-01 
 1.32810000e+01  3.17868926e-01  1.32810000e+01  8.41769182e-01 
 1.33010000e+01  3.17868926e-01  1.33010000e+01  8.41769179e-01 
 1.33210000e+01  3.17868926e-01  1.33210000e+01  8.41769182e-01 
 1.33410000e+01  3.17868926e-01  1.33410000e+01  8.41769179e-01 
 1.33610000e+01  3.17868926e-01  1.33610000e+01  8.41769182e-01 
 1.33800000e+01  3.17868926e-01  1.33800000e+01  8.41769179e-01 
 1.33820000e+01  3.29715565e-01  1.33820000e+01  7.70069447e-01 
 1.33860000e+01  4.66056079e-01  1.33860000e+01  3.62442569e-01 
 1.33930000e+01  5.45602313e-01  1.33930000e+01  3.12054467e-01 
 1.34000000e+01  3.76249856e-01  1.34000000e+01  7.27057482e-01 
 1.34014000e+01  3.76249856e-01  1.34014000e+01  7.27057482e-01 
 1.34042000e+01  3.76249856e-01  1.34042000e+01  7.27057482e-01 
 1.34098000e+01  3.76249856e-01  1.34098000e+01  7.27057482e-01 
 1.34210000e+01  3.76249856e-01  1.34210000e+01  7.27057482e-01 
 1.34410000e+01  3.76249856e-01  1.34410000e+01  7.27057482e-01 
 1.34610000e+01  3.76249856e-01  1.34610000e+01  7.27057482e-01 
 1.34810000e+01  3.76249856e-01  1.34810000e+01  7.27057482e-01 
 1.35010000e+01  3.76249856e-01  1.35010000e+01  7.27057482e-01 
 1.35210000e+01  3.76249856e-01  1.35210000e+01  7.27057482e-01 
 1.35410000e+01  3.76249856e-01  1.35410000e+01  7.27057482e-01 
 1.35610000e+01  3.76249856e-01  1.35610000e+01  7.27057482e-01 
 1.35800000e+01  3.76249856e-01  1.35800000e+01  7.27057482e-01 
 1.35820000e+01  3.80979079e-01  1.35820000e+01  5.04875788e-01 
 1.35860000e+01  4.91900139e-01  1.35860000e+01  3.43129758e-01 
 1.35930000e+01  5.40132647e-01  1.35930000e+01  3.08428484e-01 
 1.36000000e+01  3.26916566e-01  1.36000000e+01  7.64677021e-01 
 1.36014000e+01  3.26916565e-01  1.36014000e+01  7.64677023e-01 
 1.36042000e+01  3.26916566e-01  1.36042000e+01  7.64677021e-01 
 1.36098000e+01  3.26916565e-01  1.36098000e+01  7.64677023e-01 
 1.36210000e+01  3.26916566e-01  1.36210000e+01  7.64677021e-01 
 1.36410000e+01  3.26916565e-01  1.36410000e+01  7.64677023e-01 
 1.36610000e+01  3.26916566e-01  1.36610000e+01  7.64677021e-01 
 1.36810000e+01  3.26916565e-01  1.36810000e+01  7.64677023e-01 
 1.37010000e+01  3.26916566e-01  1.37010000e+01  7.64677021e-01 
 1.37210000e+01  3.26916565e-01  1.37210000e+01  7.64677023e-01 
 1.37410000e+01  3.26916566e-01  1.37410000e+01  7.64677021e-01 
 1.37610000e+01  3.26916565e-01  1.37610000e+01  7.64677023e-01 
 1.37800000e+01  3.26916566e-01  1.37800000e+01  7.64677021e-01 
 1.37820000e+01  3.28926833e-01  1.37820000e+01  7.47621387e-01 
 1.37860000e+01  3.33121400e-01  1.37860000e+01  7.12346357e-01 
 1.37930000e+01  3.41109258e-01  1.37930000e+01  6.53156999e-01 
 1.38000000e+01  3.50014953e-01  1.38000000e+01  5.99466366e-01 
 1.38014000e+01  3.50014952e-01  1.38014000e+01  5.99466368e-01 
 1.38042000e+01  3.50014953e-01  1.38042000e+01  5.99466366e-01 
 1.38098000e+01  3.50014952e-01  1.38098000e+01  5.99466368e-01 
 1.38210000e+01  3.50014953e-01  1.38210000e+01  5.99466366e-01 
 1.38410000e+01  3.50014952e-01  1.38410000e+01  5.99466368e-01 
 1.38610000e+01  3.50014953e-01  1.38610000e+01  5.99466366e-01 
 1.38810000e+01  3.50014952e-01  1.38810000e+01  5.99466368e-01 
 1.39010000e+01  3.50014953e-01  1.39010000e+01  5.99466366e-01 
 1.39210000e+01  3.50014952e-01  1.39210000e+01  5.99466368e-01 
 1.39410000e+01  3.50014953e-01  1.39410000e+01  5.99466366e-01 
 1.39610000e+01  3.50014952e-01  1.39610000e+01  5.99466368e-01 
 1.39800000e+01  3.50014953e-01  1.39800000e+01  5.99466366e-01 
 1.39820000e+01  3.53418131e-01  1.39820000e+01  5.46675411e-01 
 1.39860000e+01  3.63484399e-01  1.39860000e+01  4.84001666e-01 
 1.39930000e+01  3.89780523e-01  1.39930000e+01  4.50443482e-01 
 1.40000000e+01  3.75556614e-01  1.40000000e+01  4.88096655e-01 
 1.40014000e+01  3.75556611e-01  1.40014000e+01  4.88096657e-01 
 1.40042000e+01  3.75556614e-01  1.40042000e+01  4.88096655e-01 
 1.40098000e+01  3.75556611e-01  1.40098000e+01  4.88096657e-01 
 1.40210000e+01  3.75556614e-01  1.40210000e+01  4.88096655e-01 
 1.40410000e+01  3.75556611e-01  1.40410000e+01  4.88096657e-01 
 1.40610000e+01  3.75556614e-01  1.40610000e+01  4.88096655e-01 
 1.40810000e+01  3.75556611e-01  1.40810000e+01  4.88096657e-01 
 1.41010000e+01  3.75556614e-01  1.41010000e+01  4.88096655e-01 
 1.41210000e+01  3.75556611e-01  1.41210000e+01  4.88096657e-01 
 1.41410000e+01  3.75556614e-01  1.41410000e+01  4.88096655e-01 
 1.41610000e+01  3.75556611e-01  1.41610000e+01  4.88096657e-01 
 1.41800000e+01  3.75556614e-01  1.41800000e+01  4.88096655e-01 
 1.41820000e+01  4.00745745e-01  1.41820000e+01  4.55683071e-01 
 1.41860000e+01  4.37066142e-01  1.41860000e+01  4.11009525e-01 
 1.41930000e+01  4.60286763e-01  1.41930000e+01  3.77742218e-01 
 1.42000000e+01  3.78688067e-01  1.42000000e+01  4.36176600e-01 
 1.42014000e+01  3.78688066e-01  1.42014000e+01  4.36176601e-01 
 1.42042000e+01  3.78688066e-01  1.42042000e+01  4.36176602e-01 
 1.42098000e+01  3.78688066e-01  1.42098000e+01  4.36176601e-01 
 1.42210000e+01  3.78688066e-01  1.42210000e+01  4.36176602e-01 
 1.42410000e+01  3.78688066e-01  1.42410000e+01  4.36176601e-01 
 1.42610000e+01  3.78688066e-01  1.42610000e+01  4.36176602e-01 
 1.42810000e+01  3.78688066e-01  1.42810000e+01  4.36176601e-01 
 1.43010000e+01  3.78688066e-01  1.43010000e+01  4.36176602e-01 
 1.43210000e+01  3.78688066e-01  1.43210000e+01  4.36176601e-01 
 1.43410000e+01  3.78688066e-01  1.43410000e+01  4.36176602e-01 
 1.43610000e+01  3.78688066e-01  1.43610000e+01  4.36176601e-01 
 1.43800000e+01  3.78688066e-01  1.43800000e+01  4.36176602e-01 
 1.43820000e+01  4.38510028e-01  1.43820000e+01  3.73594363e-01 
 1.43860000e+01  5.28687486e-01  1.43860000e+01  3.14093682e-01 
 1.43930000e+01  5.50999724e-01  1.43930000e+01  3.06114843e-01 
 1.44000000e+01  3.79842805e-01  1.44000000e+01  5.93965030e-01 
 1.44014000e+01  3.79842805e-01  1.44014000e+01  5.93965030e-01 
 1.44042000e+01  3.79842805e-01  1.44042000e+01  5.93965030e-01 
 1.44098000e+01  3.79842805e-01  1.44098000e+01  5.93965030e-01 
 1.44210000e+01  3.79842805e-01  1.44210000e+01  5.93965030e-01 
 1.44410000e+01  3.79842805e-01  1.44410000e+01  5.93965030e-01 
 1.44610000e+01  3.79842805e-01  1.44610000e+01  5.93965030e-01 
 1.44810000e+01  3.79842805e-01  1.44810000e+01  5.93965030e-01 
 1.45010000e+01  3.79842805e-01  1.45010000e+01  5.93965030e-01 
 1.45210000e+01  3.79842805e-01  1.45210000e+01  5.93965030e-01 
 1.45410000e+01  3.79842805e-01  1.45410000e+01  5.93965030e-01 
 1.45610000e+01  3.79842805e-01  1.45610000e+01  5.93965030e-01 
 1.45800000e+01  3.79842805e-01  1.45800000e+01  5.93965030e-01 
 1.45820000e+01  3.89757122e-01  1.45820000e+01  5.72909841e-01 
 1.45860000e+01  4.11666177e-01  1.45860000e+01  4.67429171e-01 
 1.45930000e+01  4.64529500e-01  1.45930000e+01  3.93992575e-01 
 1.46000000e+01  4.71626026e-01  1.46000000e+01  3.92867522e-01 
 1.46014000e+01  4.71626026e-01  1.46014000e+01  3.92867522e-01 
 1.46042000e+01  4.71626026e-01  1.46042000e+01  3.92867522e-01 
 1.46098000e+01  4.71626026e-01  1.46098000e+01  3.92867522e-01 
 1.46210000e+01  4.71626026e-01  1.46210000e+01  3.92867522e-01 
 1.46410000e+01  4.71626026e-01  1.46410000e+01  3.92867522e-01 
 1.46610000e+01  4.71626026e-01  1.46610000e+01  3.92867522e-01 
 1.46810000e+01  4.71626026e-01  1.46810000e+01  3.92867522e-01 
 1.47010000e+01  4.71626026e-01  1.47010000e+01  3.92867522e-01 
 1.47210000e+01  4.71626026e-01  1.47210000e+01  3.92867522e-01 
 1.47410000e+01  4.71626026e-01  1.47410000e+01  3.92867522e-01 
 1.47610000e+01  4.71626026e-01  1.47610000e+01  3.92867522e-01 
 1.47800000e+01  4.71626026e-01  1.47800000e+01  3.92867522e-01 
 1.47820000e+01  5.20810440e-01  1.47820000e+01  3.53871022e-01 
 1.47860000e+01  5.39681321e-01  1.47860000e+01  3.24067259e-01 
 1.47930000e+01  4.35377540e-01  1.47930000e+01  3.93023588e-01 
 1.48000000e+01  3.17289817e-01  1.48000000e+01  6.46706116e-01 
 1.48014000e+01  3.17289817e-01  1.48014000e+01  6.46706116e-01 
 1.48042000e+01  3.17289817e-01  1.48042000e+01  6.46706119e-01 
 1.48098000e+01  3.17289817e-01  1.48098000e+01  6.46706116e-01 
 1.48210000e+01  3.17289817e-01  1.48210000e+01  6.46706119e-01 
 1.48410000e+01  3.17289817e-01  1.48410000e+01  6.46706116e-01 
 1.48610000e+01  3.17289817e-01  1.48610000e+01  6.46706119e-01 
 1.48810000e+01  3.17289817e-01  1.48810000e+01  6.46706116e-01 
 1.49010000e+01  3.17289817e-01  1.49010000e+01  6.46706119e-01 
 1.49210000e+01  3.17289817e-01  1.49210000e+01  6.46706116e-01 
 1.49410000e+01  3.17289817e-01  1.49410000e+01  6.46706119e-01 
 1.49610000e+01  3.17289817e-01  1.49610000e+01  6.46706116e-01 
 1.49800000e+01  3.17289817e-01  1.49800000e+01  6.46706119e-01 
 1.49820000e+01  3.45888523e-01  1.49820000e+01  5.34928154e-01 
 1.49860000e+01  4.49847118e-01  1.49860000e+01  3.93744177e-01 
 1.49930000e+01  5.04317301e-01  1.49930000e+01  3.28766642e-01 
 1.50000000e+01  3.70596782e-01  1.50000000e+01  6.61346978e-01 
 1.50014000e+01  3.70596782e-01  1.50014000e+01  6.61346978e-01 
 1.50042000e+01  3.70596782e-01  1.50042000e+01  6.61346978e-01 
 1.50098000e+01  3.70596782e-01  1.50098000e+01  6.61346978e-01 
 1.50210000e+01  3.70596782e-01  1.50210000e+01  6.61346978e-01 
 1.50410000e+01  3.70596782e-01  1.50410000e+01  6.61346978e-01 
 1.50610000e+01  3.70596782e-01  1.50610000e+01  6.61346978e-01 
 1.50810000e+01  3.70596782e-01  1.50810000e+01  6.61346978e-01 
 1.51010000e+01  3.70596782e-01  1.51010000e+01  6.61346978e-01 
 1.51210000e+01  3.70596782e-01  1.51210000e+01  6.61346978e-01 
 1.51410000e+01  3.70596782e-01  1.51410000e+01  6.61346978e-01 
 1.51610000e+01  3.70596782e-01  1.51610000e+01  6.61346978e-01 
 1.51800000e+01  3.70596782e-01  1.51800000e+01  6.61346978e-01 
 1.51820000e+01  3.68426130e-01  1.51820000e+01  5.71701296e-01 
 1.51860000e+01  3.73892748e-01  1.51860000e+01  4.59443112e-01 
 1.51930000e+01  3.98290917e-01  1.51930000e+01  4.11680188e-01 
 1.52000000e+01  3.95429989e-01  1.52000000e+01  4.55580455e-01 
 1.52014000e+01  3.95429989e-01  1.52014000e+01  4.55580455e-01 
 1.52042000e+01  3.95429988e-01  1.52042000e+01  4.55580456e-01 
 1.52098000e+01  3.95429989e-01  1.52098000e+01  4.55580455e-01 
 1.52210000e+01  3.95429988e-01  1.52210000e+01  4.55580456e-01 
 1.52410000e+01  3.95429989e-01  1.52410000e+01  4.55580455e-01 
 1.52610000e+01  3.95429988e-01  1.52610000e+01  4.55580456e-01 
 1.52810000e+01  3.95429989e-01  1.52810000e+01  4.55580455e-01 
 1.53010000e+01  3.95429988e-01  1.53010000e+01  4.55580456e-01 
 1.53210000e+01  3.95429989e-01  1.53210000e+01  4.55580455e-01 
 1.53410000e+01  3.95429988e-01  1.53410000e+01  4.55580456e-01 
 1.53610000e+01  3.95429989e-01  1.53610000e+01  4.55580455e-01 
 1.53800000e+01  3.95429988e-01  1.53800000e+01  4.55580456e-01 
 1.53820000e+01  4.46085312e-01  1.53820000e+01  3.92644144e-01 
 1.53860000e+01  5.27697055e-01  1.53860000e+01  3.14579326e-01 
 1.53930000e+01  5.76177570e-01  1.53930000e+01  3.03156125e-01 
 1.54000000e+01  4.29560186e-01  1.54000000e+01  5.68008890e-01 
 1.54014000e+01  4.29560186e-01  1.54014000e+01  5.68008890e-01 
 1.54042000e+01  4.29560186e-01  1.54042000e+01  5.68008890e-01 
 1.54098000e+01  4.29560185e-01  1.54098000e+01  5.68008893e-01 
 1.54210000e+01  4.29560186e-01  1.54210000e+01  5.68008890e-01 
 1.54410000e+01  4.29560185e-01  1.54410000e+01  5.68008893e-01 
 1.54610000e+01  4.29560186e-01  1.54610000e+01  5.68008890e-01 
 1.54810000e+01  4.29560185e-01  1.54810000e+01  5.68008893e-01 
 1.55010000e+01  4.29560186e-01  1.55010000e+01  5.68008890e-01 
 1.55210000e+01  4.29560185e-01  1.55210000e+01  5.68008893e-01 
 1.55410000e+01  4.29560186e-01  1.55410000e+01  5.68008890e-01 
 1.55610000e+01  4.29560185e-01  1.55610000e+01  5.68008893e-01 
 1.55800000e+01  4.29560186e-01  1.55800000e+01  5.68008890e-01 
 1.55820000e+01  4.37589055e-01  1.55820000e+01  4.30766601e-01 
 1.55860000e+01  5.03625570e-01  1.55860000e+01  3.46804201e-01 
 1.55930000e+01  4.29348628e-01  1.55930000e+01  4.11151614e-01 
 1.56000000e+01  3.03205927e-01  1.56000000e+01  7.49099805e-01 
 1.56014000e+01  3.03205927e-01  1.56014000e+01  7.49099805e-01 
 1.56042000e+01  3.03205927e-01  1.56042000e+01  7.49099805e-01 
 1.56098000e+01  3.03205927e-01  1.56098000e+01  7.49099805e-01 
 1.56210000e+01  3.03205927e-01  1.56210000e+01  7.49099805e-01 
 1.56410000e+01  3.03205927e-01  1.56410000e+01  7.49099805e-01 
 1.56610000e+01  3.03205927e-01  1.56610000e+01  7.49099805e-01 
 1.56810000e+01  3.03205927e-01  1.56810000e+01  7.49099805e-01 
 1.57010000e+01  3.03205927e-01  1.57010000e+01  7.49099805e-01 
 1.57210000e+01  3.03205927e-01  1.57210000e+01  7.49099805e-01 
 1.57410000e+01  3.03205927e-01  1.57410000e+01  7.49099805e-01 
 1.57610000e+01  3.03205927e-01  1.57610000e+01  7.49099805e-01 
 1.57800000e+01  3.03205927e-01  1.57800000e+01  7.49099805e-01 
 1.57820000e+01  3.12180028e-01  1.57820000e+01  6.79414003e-01 
 1.57860000e+01  3.43583784e-01  1.57860000e+01  5.54670505e-01 
 1.57930000e+01  4.25431826e-01  1.57930000e+01  4.24420821e-01 
 1.58000000e+01  3.87976603e-01  1.58000000e+01  4.20443405e-01 
 1.58014000e+01  3.87976603e-01  1.58014000e+01  4.20443405e-01 
 1.58042000e+01  3.87976602e-01  1.58042000e+01  4.20443406e-01 
 1.58098000e+01  3.87976603e-01  1.58098000e+01  4.20443405e-01 
 1.58210000e+01  3.87976602e-01  1.58210000e+01  4.20443406e-01 
 1.58410000e+01  3.87976603e-01  1.58410000e+01  4.20443405e-01 
 1.58610000e+01  3.87976602e-01  1.58610000e+01  4.20443406e-01 
 1.58810000e+01  3.87976603e-01  1.58810000e+01  4.20443405e-01 
 1.59010000e+01  3.87976602e-01  1.59010000e+01  4.20443406e-01 
 1.59210000e+01  3.87976603e-01  1.59210000e+01  4.20443405e-01 
 1.59410000e+01  3.87976602e-01  1.59410000e+01  4.20443406e-01 
 1.59610000e+01  3.87976603e-01  1.59610000e+01  4.20443405e-01 
 1.59800000e+01  3.87976602e-01  1.59800000e+01  4.20443406e-01 
 1.59820000e+01  3.88846527e-01  1.59820000e+01  4.24830183e-01 
 1.59860000e+01  3.88441215e-01  1.59860000e+01  4.37962580e-01 
 1.59930000e+01  3.76912127e-01  1.59930000e+01  4.72916267e-01 
 1.60000000e+01  3.55568843e-01  1.60000000e+01  5.19963571e-01 
 1.60014000e+01  3.55568842e-01  1.60014000e+01  5.19963572e-01 
 1.60042000e+01  3.55568843e-01  1.60042000e+01  5.19963571e-01 
 1.60098000e+01  3.55568842e-01  1.60098000e+01  5.19963572e-01 
 1.60210000e+01  3.55568843e-01  1.60210000e+01  5.19963571e-01 
 1.60410000e+01  3.55568842e-01  1.60410000e+01  5.19963572e-01 
 1.60610000e+01  3.55568843e-01  1.60610000e+01  5.19963571e-01 
 1.60810000e+01  3.55568842e-01  1.60810000e+01  5.19963572e-01 
 1.61010000e+01  3.55568843e-01  1.61010000e+01  5.19963571e-01 
 1.61210000e+01  3.55568842e-01  1.61210000e+01  5.19963572e-01 
 1.61410000e+01  3.55568843e-01  1.61410000e+01  5.19963571e-01 
 1.61610000e+01  3.55568842e-01  1.61610000e+01  5.19963572e-01 
 1.61800000e+01  3.55568843e-01  1.61800000e+01  5.19963571e-01 
 1.61820000e+01  3.61018281e-01  1.61820000e+01  5.07318264e-01 
 1.61860000e+01  3.71177672e-01  1.61860000e+01  4.84033269e-01 
 1.61930000e+01  3.81878302e-01  1.61930000e+01  4.51961058e-01 
 1.62000000e+01  3.82239132e-01  1.62000000e+01  4.33241624e-01 
 1.62014000e+01  3.82239131e-01  1.62014000e+01  4.33241625e-01 
 1.62042000e+01  3.82239131e-01  1.62042000e+01  4.33241625e-01 
 1.62098000e+01  3.82239131e-01  1.62098000e+01  4.33241625e-01 
 1.62210000e+01  3.82239131e-01  1.62210000e+01  4.33241625e-01 
 1.62410000e+01  3.82239131e-01  1.62410000e+01  4.33241625e-01 
 1.62610000e+01  3.82239131e-01  1.62610000e+01  4.33241625e-01 
 1.62810000e+01  3.82239131e-01  1.62810000e+01  4.33241625e-01 
 1.63010000e+01  3.82239131e-01  1.63010000e+01  4.33241625e-01 
 1.63210000e+01  3.82239131e-01  1.63210000e+01  4.33241625e-01 
 1.63410000e+01  3.82239131e-01  1.63410000e+01  4.33241625e-01 
 1.63610000e+01  3.82239131e-01  1.63610000e+01  4.33241625e-01 
 1.63800000e+01  3.82239131e-01  1.63800000e+01  4.33241625e-01 
 1.63820000e+01  3.91828943e-01  1.63820000e+01  4.24905622e-01 
 1.63860000e+01  4.12745016e-01  1.63860000e+01  4.14886272e-01 
 1.63930000e+01  4.27143383e-01  1.63930000e+01  4.15403419e-01 
 1.64000000e+01  4.18997275e-01  1.64000000e+01  4.34368269e-01 
 1.64014000e+01  4.18997275e-01  1.64014000e+01  4.34368269e-01 
 1.64042000e+01  4.18997275e-01  1.64042000e+01  4.34368269e-01 
 1.64098000e+01  4.18997275e-01  1.64098000e+01  4.34368269e-01 
 1.64210000e+01  4.18997275e-01  1.64210000e+01  4.34368269e-01 
 1.64410000e+01  4.18997275e-01  1.64410000e+01  4.34368269e-01 
 1.64610000e+01  4.18997275e-01  1.64610000e+01  4.34368269e-01 
 1.64810000e+01  4.18997275e-01  1.64810000e+01  4.34368269e-01 
 1.65010000e+01  4.18997275e-01  1.65010000e+01  4.34368269e-01 
 1.65210000e+01  4.18997275e-01  1.65210000e+01  4.34368269e-01 
 1.65410000e+01  4.18997275e-01  1.65410000e+01  4.34368269e-01 
 1.65610000e+01  4.18997275e-01  1.65610000e+01  4.34368269e-01 
 1.65800000e+01  4.18997275e-01  1.65800000e+01  4.34368269e-01 
 1.65820000e+01  4.29472869e-01  1.65820000e+01  4.18965509e-01 
 1.65860000e+01  4.45149992e-01  1.65860000e+01  3.93831331e-01 
 1.65930000e+01  4.47984856e-01  1.65930000e+01  3.70902817e-01 
 1.66000000e+01  4.08221414e-01  1.66000000e+01  3.88061933e-01 
 1.66014000e+01  4.08221414e-01  1.66014000e+01  3.88061933e-01 
 1.66042000e+01  4.08221414e-01  1.66042000e+01  3.88061933e-01 
 1.66098000e+01  4.08221414e-01  1.66098000e+01  3.88061933e-01 
 1.66210000e+01  4.08221414e-01  1.66210000e+01  3.88061933e-01 
 1.66410000e+01  4.08221414e-01  1.66410000e+01  3.88061933e-01 
 1.66610000e+01  4.08221414e-01  1.66610000e+01  3.88061933e-01 
 1.66810000e+01  4.08221414e-01  1.66810000e+01  3.88061933e-01 
 1.67010000e+01  4.08221414e-01  1.67010000e+01  3.88061933e-01 
 1.67210000e+01  4.08221414e-01  1.67210000e+01  3.88061933e-01 
 1.67410000e+01  4.08221414e-01  1.67410000e+01  3.88061933e-01 
 1.67610000e+01  4.08221414e-01  1.67610000e+01  3.88061933e-01 
 1.67800000e+01  4.08221414e-01  1.67800000e+01  3.88061933e-01 
 1.67820000e+01  4.04008121e-01  1.67820000e+01  3.91672058e-01 
 1.67860000e+01  3.96744887e-01  1.67860000e+01  4.02497867e-01 
 1.67930000e+01  3.87279941e-01  1.67930000e+01  4.33666098e-01 
 1.68000000e+01  3.81312779e-01  1.68000000e+01  4.84454073e-01 
 1.68014000e+01  3.81312779e-01  1.68014000e+01  4.84454071e-01 
 1.68042000e+01  3.81312779e-01  1.68042000e+01  4.84454073e-01 
 1.68098000e+01  3.81312779e-01  1.68098000e+01  4.84454071e-01 
 1.68210000e+01  3.81312779e-01  1.68210000e+01  4.84454073e-01 
 1.68410000e+01  3.81312779e-01  1.68410000e+01  4.84454071e-01 
 1.68610000e+01  3.81312779e-01  1.68610000e+01  4.84454073e-01 
 1.68810000e+01  3.81312779e-01  1.68810000e+01  4.84454071e-01 
 1.69010000e+01  3.81312779e-01  1.69010000e+01  4.84454073e-01 
 1.69210000e+01  3.81312779e-01  1.69210000e+01  4.84454071e-01 
 1.69410000e+01  3.81312779e-01  1.69410000e+01  4.84454073e-01 
 1.69610000e+01  3.81312779e-01  1.69610000e+01  4.84454071e-01 
 1.69800000e+01  3.81312779e-01  1.69800000e+01  4.84454073e-01 
 1.69820000e+01  3.80412360e-01  1.69820000e+01  4.81193877e-01 
 1.69860000e+01  3.78373066e-01  1.69860000e+01  4.76532641e-01 
 1.69930000e+01  3.73825128e-01  1.69930000e+01  4.75432830e-01 
 1.70000000e+01  3.67963241e-01  1.70000000e+01  4.85416708e-01 
 1.70014000e+01  3.67963241e-01  1.70014000e+01  4.85416708e-01 
 1.70042000e+01  3.67963241e-01  1.70042000e+01  4.85416708e-01 
 1.70098000e+01  3.67963241e-01  1.70098000e+01  4.85416708e-01 
 1.70210000e+01  3.67963241e-01  1.70210000e+01  4.85416708e-01 
 1.70410000e+01  3.67963241e-01  1.70410000e+01  4.85416708e-01 
 1.70610000e+01  3.67963241e-01  1.70610000e+01  4.85416708e-01 
 1.70810000e+01  3.67963241e-01  1.70810000e+01  4.85416708e-01 
 1.71010000e+01  3.67963241e-01  1.71010000e+01  4.85416708e-01 
 1.71210000e+01  3.67963241e-01  1.71210000e+01  4.85416708e-01 
 1.71410000e+01  3.67963241e-01  1.71410000e+01  4.85416708e-01 
 1.71610000e+01  3.67963241e-01  1.71610000e+01  4.85416708e-01 
 1.71800000e+01  3.67963241e-01  1.71800000e+01  4.85416708e-01 
 1.71820000e+01  3.82024755e-01  1.71820000e+01  4.45697021e-01 
 1.71860000e+01  4.05304565e-01  1.71860000e+01  4.19215135e-01 
 1.71930000e+01  4.34503127e-01  1.71930000e+01  4.20147285e-01 
 1.72000000e+01  4.43623533e-01  1.72000000e+01  5.32641202e-01 
 1.72014000e+01  4.43604176e-01  1.72014000e+01  5.32644304e-01 
 1.72042000e+01  4.43604176e-01  1.72042000e+01  5.32644304e-01 
 1.72098000e+01  4.43604176e-01  1.72098000e+01  5.32644304e-01 
 1.72210000e+01  4.43604176e-01  1.72210000e+01  5.32644304e-01 
 1.72410000e+01  4.43604176e-01  1.72410000e+01  5.32644304e-01 
 1.72610000e+01  4.43604176e-01  1.72610000e+01  5.32644304e-01 
 1.72810000e+01  4.43604176e-01  1.72810000e+01  5.32644304e-01 
 1.73010000e+01  4.43604176e-01  1.73010000e+01  5.32644304e-01 
 1.73210000e+01  4.43604176e-01  1.73210000e+01  5.32644304e-01 
 1.73410000e+01  4.43604176e-01  1.73410000e+01  5.32644304e-01 
 1.73610000e+01  4.43604176e-01  1.73610000e+01  5.32644304e-01 
 1.73800000e+01  4.43604176e-01  1.73800000e+01  5.32644304e-01 
 1.73820000e+01  4.43360815e-01  1.73820000e+01  4.99411821e-01 
 1.73860000e+01  4.48477800e-01  1.73860000e+01  4.28082702e-01 
 1.73930000e+01  4.38957626e-01  1.73930000e+01  4.06518369e-01 
 1.74000000e+01  3.65919632e-01  1.74000000e+01  5.55535517e-01 
 1.74014000e+01  3.65919632e-01  1.74014000e+01  5.55535518e-01 
 1.74042000e+01  3.65919632e-01  1.74042000e+01  5.55535517e-01 
 1.74098000e+01  3.65919632e-01  1.74098000e+01  5.55535518e-01 
 1.74210000e+01  3.65919632e-01  1.74210000e+01  5.55535517e-01 
 1.74410000e+01  3.65919632e-01  1.74410000e+01  5.55535518e-01 
 1.74610000e+01  3.65919632e-01  1.74610000e+01  5.55535517e-01 
 1.74810000e+01  3.65919632e-01  1.74810000e+01  5.55535518e-01 
 1.75010000e+01  3.65919632e-01  1.75010000e+01  5.55535517e-01 
 1.75210000e+01  3.65919632e-01  1.75210000e+01  5.55535518e-01 
 1.75410000e+01  3.65919632e-01  1.75410000e+01  5.55535517e-01 
 1.75610000e+01  3.65919632e-01  1.75610000e+01  5.55535518e-01 
 1.75800000e+01  3.65919632e-01  1.75800000e+01  5.55535517e-01 
 1.75820000e+01  3.81860991e-01  1.75820000e+01  4.93519780e-01 
 1.75860000e+01  4.18690863e-01  1.75860000e+01  4.19677152e-01 
 1.75930000e+01  4.67553568e-01  1.75930000e+01  3.90738055e-01 
 1.76000000e+01  4.46955208e-01  1.76000000e+01  4.37239642e-01 
 1.76014000e+01  4.46955208e-01  1.76014000e+01  4.37239642e-01 
 1.76042000e+01  4.46955208e-01  1.76042000e+01  4.37239643e-01 
 1.76098000e+01  4.46955208e-01  1.76098000e+01  4.37239642e-01 
 1.76210000e+01  4.46955208e-01  1.76210000e+01  4.37239643e-01 
 1.76410000e+01  4.46955208e-01  1.76410000e+01  4.37239642e-01 
 1.76610000e+01  4.46955208e-01  1.76610000e+01  4.37239643e-01 
 1.76810000e+01  4.46955208e-01  1.76810000e+01  4.37239642e-01 
 1.77010000e+01  4.46955208e-01  1.77010000e+01  4.37239643e-01 
 1.77210000e+01  4.46955208e-01  1.77210000e+01  4.37239642e-01 
 1.77410000e+01  4.46955208e-01  1.77410000e+01  4.37239643e-01 
 1.77610000e+01  4.46955208e-01  1.77610000e+01  4.37239642e-01 
 1.77800000e+01  4.46955208e-01  1.77800000e+01  4.37239643e-01 
 1.77820000e+01  4.94319010e-01  1.77820000e+01  3.73933535e-01 
 1.77860000e+01  5.61286939e-01  1.77860000e+01  3.16819603e-01 
 1.77930000e+01  5.12302650e-01  1.77930000e+01  3.24299045e-01 
 1.78000000e+01  3.60246394e-01  1.78000000e+01  4.93499934e-01 
 1.78014000e+01  3.60246393e-01  1.78014000e+01  4.93499935e-01 
 1.78042000e+01  3.60246394e-01  1.78042000e+01  4.93499934e-01 
 1.78098000e+01  3.60246393e-01  1.78098000e+01  4.93499935e-01 
 1.78210000e+01  3.60246394e-01  1.78210000e+01  4.93499934e-01 
 1.78410000e+01  3.60246393e-01  1.78410000e+01  4.93499935e-01 
 1.78610000e+01  3.60246394e-01  1.78610000e+01  4.93499934e-01 
 1.78810000e+01  3.60246393e-01  1.78810000e+01  4.93499935e-01 
 1.79010000e+01  3.60246394e-01  1.79010000e+01  4.93499934e-01 
 1.79210000e+01  3.60246393e-01  1.79210000e+01  4.93499935e-01 
 1.79410000e+01  3.60246394e-01  1.79410000e+01  4.93499934e-01 
 1.79610000e+01  3.60246393e-01  1.79610000e+01  4.93499935e-01 
 1.79800000e+01  3.60246394e-01  1.79800000e+01  4.93499934e-01 
 1.79820000e+01  3.82497050e-01  1.79820000e+01  4.69352713e-01 
 1.79860000e+01  4.02836519e-01  1.79860000e+01  4.57145352e-01 
 1.79930000e+01  3.62140886e-01  1.79930000e+01  5.15185728e-01 
 1.80000000e+01  3.11531721e-01  1.80000000e+01  6.80141648e-01 
 1.80014000e+01  3.11531721e-01  1.80014000e+01  6.80141648e-01 
 1.80042000e+01  3.11531719e-01  1.80042000e+01  6.80141655e-01 
 1.80098000e+01  3.11531721e-01  1.80098000e+01  6.80141648e-01 
 1.80210000e+01  3.11531719e-01  1.80210000e+01  6.80141655e-01 
 1.80410000e+01  3.11531721e-01  1.80410000e+01  6.80141648e-01 
 1.80610000e+01  3.11531719e-01  1.80610000e+01  6.80141655e-01 
 1.80810000e+01  3.11531721e-01  1.80810000e+01  6.80141648e-01 
 1.81010000e+01  3.11531719e-01  1.81010000e+01  6.80141655e-01 
 1.81210000e+01  3.11531721e-01  1.81210000e+01  6.80141648e-01 
 1.81410000e+01  3.11531719e-01  1.81410000e+01  6.80141655e-01 
 1.81610000e+01  3.11531721e-01  1.81610000e+01  6.80141648e-01 
 1.81800000e+01  3.11531719e-01  1.81800000e+01  6.80141655e-01 
 1.81820000e+01  3.14292425e-01  1.81820000e+01  6.65372754e-01 
 1.81860000e+01  3.17958577e-01  1.81860000e+01  6.64591279e-01 
 1.81930000e+01  3.20733099e-01  1.81930000e+01  7.92387898e-01 
 1.82000000e+01  3.35707581e-01  1.82000000e+01  7.44994356e-01 
 1.82014000e+01  3.35707581e-01  1.82014000e+01  7.44994354e-01 
 1.82042000e+01  3.35707581e-01  1.82042000e+01  7.44994359e-01 
 1.82098000e+01  3.35707581e-01  1.82098000e+01  7.44994354e-01 
 1.82210000e+01  3.35707581e-01  1.82210000e+01  7.44994359e-01 
 1.82410000e+01  3.35707581e-01  1.82410000e+01  7.44994354e-01 
 1.82610000e+01  3.35707581e-01  1.82610000e+01  7.44994359e-01 
 1.82810000e+01  3.35707581e-01  1.82810000e+01  7.44994354e-01 
 1.83010000e+01  3.35707581e-01  1.83010000e+01  7.44994359e-01 
 1.83210000e+01  3.35707581e-01  1.83210000e+01  7.44994354e-01 
 1.83410000e+01  3.35707581e-01  1.83410000e+01  7.44994359e-01 
 1.83610000e+01  3.35707581e-01  1.83610000e+01  7.44994354e-01 
 1.83800000e+01  3.35707581e-01  1.83800000e+01  7.44994359e-01 
 1.83820000e+01  3.44614045e-01  1.83820000e+01  7.02380832e-01 
 1.83860000e+01  4.62032714e-01  1.83860000e+01  3.65531459e-01 
 1.83930000e+01  5.35215140e-01  1.83930000e+01  3.09796853e-01 
 1.84000000e+01  3.62390352e-01  1.84000000e+01  4.79869616e-01 
 1.84014000e+01  3.62295149e-01  1.84014000e+01  4.79849102e-01 
 1.84042000e+01  3.62390352e-01  1.84042000e+01  4.79869616e-01 
 1.84098000e+01  3.62390352e-01  1.84098000e+01  4.79869616e-01 
 1.84210000e+01  3.62390352e-01  1.84210000e+01  4.79869616e-01 
 1.84410000e+01  3.62390352e-01  1.84410000e+01  4.79869616e-01 
 1.84610000e+01  3.62390352e-01  1.84610000e+01  4.79869616e-01 
 1.84810000e+01  3.62390352e-01  1.84810000e+01  4.79869616e-01 
 1.85010000e+01  3.62390352e-01  1.85010000e+01  4.79869616e-01 
 1.85210000e+01  3.62390352e-01  1.85210000e+01  4.79869616e-01 
 1.85410000e+01  3.62390352e-01  1.85410000e+01  4.79869616e-01 
 1.85610000e+01  3.62390352e-01  1.85610000e+01  4.79869616e-01 
 1.85800000e+01  3.62390352e-01  1.85800000e+01  4.79869616e-01 
 1.85820000e+01  3.61592089e-01  1.85820000e+01  4.80844410e-01 
 1.85860000e+01  3.59783529e-01  1.85860000e+01  4.84724716e-01 
 1.85930000e+01  3.55779240e-01  1.85930000e+01  4.96747645e-01 
 1.86000000e+01  3.50538017e-01  1.86000000e+01  5.13988748e-01 
 1.86014000e+01  3.50538017e-01  1.86014000e+01  5.13988748e-01 
 1.86042000e+01  3.50538017e-01  1.86042000e+01  5.13988748e-01 
 1.86098000e+01  3.50538017e-01  1.86098000e+01  5.13988748e-01 
 1.86210000e+01  3.50538017e-01  1.86210000e+01  5.13988748e-01 
 1.86410000e+01  3.50538017e-01  1.86410000e+01  5.13988748e-01 
 1.86610000e+01  3.50538017e-01  1.86610000e+01  5.13988748e-01 
 1.86810000e+01  3.50538017e-01  1.86810000e+01  5.13988748e-01 
 1.87010000e+01  3.50538017e-01  1.87010000e+01  5.13988748e-01 
 1.87210000e+01  3.50538017e-01  1.87210000e+01  5.13988748e-01 
 1.87410000e+01  3.50538017e-01  1.87410000e+01  5.13988748e-01 
 1.87610000e+01  3.50538017e-01  1.87610000e+01  5.13988748e-01 
 1.87800000e+01  3.50538017e-01  1.87800000e+01  5.13988748e-01 
 1.87820000e+01  3.51541761e-01  1.87820000e+01  5.10652301e-01 
 1.87860000e+01  3.53417263e-01  1.87860000e+01  5.04415959e-01 
 1.87930000e+01  3.56278894e-01  1.87930000e+01  4.95091943e-01 
 1.88000000e+01  3.58640608e-01  1.88000000e+01  4.88142136e-01 
 1.88014000e+01  3.58640608e-01  1.88014000e+01  4.88142136e-01 
 1.88042000e+01  3.58640608e-01  1.88042000e+01  4.88142136e-01 
 1.88098000e+01  3.58640608e-01  1.88098000e+01  4.88142136e-01 
 1.88210000e+01  3.58640608e-01  1.88210000e+01  4.88142136e-01 
 1.88410000e+01  3.58640608e-01  1.88410000e+01  4.88142136e-01 
 1.88610000e+01  3.58640608e-01  1.88610000e+01  4.88142136e-01 
 1.88810000e+01  3.58640608e-01  1.88810000e+01  4.88142136e-01 
 1.89010000e+01  3.58640608e-01  1.89010000e+01  4.88142136e-01 
 1.89210000e+01  3.58640608e-01  1.89210000e+01  4.88142136e-01 
 1.89410000e+01  3.58640608e-01  1.89410000e+01  4.88142136e-01 
 1.89610000e+01  3.58640608e-01  1.89610000e+01  4.88142136e-01 
 1.89800000e+01  3.58640608e-01  1.89800000e+01  4.88142136e-01 
 1.89820000e+01  3.90781078e-01  1.89820000e+01  4.27001693e-01 
 1.89860000e+01  4.68996707e-01  1.89860000e+01  3.66873650e-01 
 1.89930000e+01  4.62063499e-01  1.89930000e+01  3.79340396e-01 
 1.90000000e+01  3.33111029e-01  1.90000000e+01  5.83957525e-01 
 1.90014000e+01  3.33111029e-01  1.90014000e+01  5.83957525e-01 
 1.90042000e+01  3.33111029e-01  1.90042000e+01  5.83957525e-01 
 1.90098000e+01  3.33111029e-01  1.90098000e+01  5.83957525e-01 
 1.90210000e+01  3.33111029e-01  1.90210000e+01  5.83957525e-01 
 1.90410000e+01  3.33111029e-01  1.90410000e+01  5.83957525e-01 
 1.90610000e+01  3.33111029e-01  1.90610000e+01  5.83957525e-01 
 1.90810000e+01  3.33111029e-01  1.90810000e+01  5.83957525e-01 
 1.91010000e+01  3.33111029e-01  1.91010000e+01  5.83957525e-01 
 1.91210000e+01  3.33111029e-01  1.91210000e+01  5.83957525e-01 
 1.91410000e+01  3.33111029e-01  1.91410000e+01  5.83957525e-01 
 1.91610000e+01  3.33111029e-01  1.91610000e+01  5.83957525e-01 
 1.91800000e+01  3.33111029e-01  1.91800000e+01  5.83957525e-01 
 1.91820000e+01  3.68402616e-01  1.91820000e+01  4.73971030e-01 
 1.91860000e+01  4.74040602e-01  1.91860000e+01  3.64748603e-01 
 1.91930000e+01  5.11557568e-01  1.91930000e+01  3.25470921e-01 
 1.92000000e+01  3.71485471e-01  1.92000000e+01  4.57697829e-01 
 1.92014000e+01  3.71485471e-01  1.92014000e+01  4.57697829e-01 
 1.92042000e+01  3.71485470e-01  1.92042000e+01  4.57697831e-01 
 1.92098000e+01  3.71485471e-01  1.92098000e+01  4.57697829e-01 
 1.92210000e+01  3.71485470e-01  1.92210000e+01  4.57697831e-01 
 1.92410000e+01  3.71485471e-01  1.92410000e+01  4.57697829e-01 
 1.92610000e+01  3.71485470e-01  1.92610000e+01  4.57697831e-01 
 1.92810000e+01  3.71485471e-01  1.92810000e+01  4.57697829e-01 
 1.93010000e+01  3.71485470e-01  1.93010000e+01  4.57697831e-01 
 1.93210000e+01  3.71485471e-01  1.93210000e+01  4.57697829e-01 
 1.93410000e+01  3.71485470e-01  1.93410000e+01  4.57697831e-01 
 1.93610000e+01  3.71485471e-01  1.93610000e+01  4.57697829e-01 
 1.93800000e+01  3.71485470e-01  1.93800000e+01  4.57697831e-01 
 1.93820000e+01  3.92687548e-01  1.93820000e+01  4.11872236e-01 
 1.93860000e+01  4.37934525e-01  1.93860000e+01  3.75221108e-01 
 1.93930000e+01  4.85805266e-01  1.93930000e+01  3.71375424e-01 
 1.94000000e+01  4.44276456e-01  1.94000000e+01  6.03949799e-01 
 1.94014000e+01  4.44276456e-01  1.94014000e+01  6.03949800e-01 
 1.94042000e+01  4.44276456e-01  1.94042000e+01  6.03949800e-01 
 1.94098000e+01  4.44276456e-01  1.94098000e+01  6.03949800e-01 
 1.94210000e+01  4.44276456e-01  1.94210000e+01  6.03949800e-01 
 1.94410000e+01  4.44276456e-01  1.94410000e+01  6.03949800e-01 
 1.94610000e+01  4.44276456e-01  1.94610000e+01  6.03949800e-01 
 1.94810000e+01  4.44276456e-01  1.94810000e+01  6.03949800e-01 
 1.95010000e+01  4.44276456e-01  1.95010000e+01  6.03949800e-01 
 1.95210000e+01  4.44276456e-01  1.95210000e+01  6.03949800e-01 
 1.95410000e+01  4.44276456e-01  1.95410000e+01  6.03949800e-01 
 1.95610000e+01  4.44276456e-01  1.95610000e+01  6.03949800e-01 
 1.95800000e+01  4.44276456e-01  1.95800000e+01  6.03949800e-01 
 1.95820000e+01  4.43330113e-01  1.95820000e+01  5.48280879e-01 
 1.95860000e+01  4.42975676e-01  1.95860000e+01  4.75312888e-01 
 1.95930000e+01  4.34303922e-01  1.95930000e+01  4.37032787e-01 
 1.96000000e+01  4.08588944e-01  1.96000000e+01  4.74539812e-01 
 1.96014000e+01  4.08588944e-01  1.96014000e+01  4.74539812e-01 
 1.96042000e+01  4.08588944e-01  1.96042000e+01  4.74539812e-01 
 1.96098000e+01  4.08588944e-01  1.96098000e+01  4.74539812e-01 
 1.96210000e+01  4.08588944e-01  1.96210000e+01  4.74539812e-01 
 1.96410000e+01  4.08588944e-01  1.96410000e+01  4.74539812e-01 
 1.96610000e+01  4.08588944e-01  1.96610000e+01  4.74539812e-01 
 1.96810000e+01  4.08588944e-01  1.96810000e+01  4.74539812e-01 
 1.97010000e+01  4.08588944e-01  1.97010000e+01  4.74539812e-01 
 1.97210000e+01  4.08588944e-01  1.97210000e+01  4.74539812e-01 
 1.97410000e+01  4.08588944e-01  1.97410000e+01  4.74539812e-01 
 1.97610000e+01  4.08588944e-01  1.97610000e+01  4.74539812e-01 
 1.97800000e+01  4.08588944e-01  1.97800000e+01  4.74539812e-01 
 1.97820000e+01  4.06674154e-01  1.97820000e+01  4.72791910e-01 
 1.97860000e+01  4.02784419e-01  1.97860000e+01  4.70581160e-01 
 1.97930000e+01  3.95628518e-01  1.97930000e+01  4.70386738e-01 
 1.98000000e+01  3.87916642e-01  1.98000000e+01  4.74662569e-01 
 1.98014000e+01  3.87916642e-01  1.98014000e+01  4.74662569e-01 
 1.98042000e+01  3.87916642e-01  1.98042000e+01  4.74662569e-01 
 1.98098000e+01  3.87916642e-01  1.98098000e+01  4.74662569e-01 
 1.98210000e+01  3.87916642e-01  1.98210000e+01  4.74662569e-01 
 1.98410000e+01  3.87916642e-01  1.98410000e+01  4.74662569e-01 
 1.98610000e+01  3.87916642e-01  1.98610000e+01  4.74662569e-01 
 1.98810000e+01  3.87916642e-01  1.98810000e+01  4.74662569e-01 
 1.99010000e+01  3.87916642e-01  1.99010000e+01  4.74662569e-01 
 1.99210000e+01  3.87916642e-01  1.99210000e+01  4.74662569e-01 
 1.99410000e+01  3.87916642e-01  1.99410000e+01  4.74662569e-01 
 1.99610000e+01  3.87916642e-01  1.99610000e+01  4.74662569e-01 
 1.99800000e+01  3.87916642e-01  1.99800000e+01  4.74662569e-01 
 1.99820000e+01  4.20587314e-01  1.99820000e+01  3.86355947e-01 
 1.99860000e+01  5.42165572e-01  1.99860000e+01  3.07872853e-01 
 1.99930000e+01  4.59431261e-01  1.99930000e+01  3.80233165e-01 
 2.00000000e+01  3.05028403e-01  2.00000000e+01  7.45933319e-01 
 2.00014000e+01  3.05028403e-01  2.00014000e+01  7.45933319e-01 
 2.00042000e+01  3.05028403e-01  2.00042000e+01  7.45933326e-01 
 2.00098000e+01  3.05028403e-01  2.00098000e+01  7.45933319e-01 
 2.00210000e+01  3.05028403e-01  2.00210000e+01  7.45933326e-01 
 2.00410000e+01  3.05028403e-01  2.00410000e+01  7.45933319e-01 
 2.00610000e+01  3.05028403e-01  2.00610000e+01  7.45933326e-01 
 2.00810000e+01  3.05028403e-01  2.00810000e+01  7.45933319e-01 
 2.01010000e+01  3.05028403e-01  2.01010000e+01  7.45933326e-01 
 2.01210000e+01  3.05028403e-01  2.01210000e+01  7.45933319e-01 
 2.01410000e+01  3.05028403e-01  2.01410000e+01  7.45933326e-01 
 2.01610000e+01  3.05028403e-01  2.01610000e+01  7.45933319e-01 
 2.01800000e+01  3.05028403e-01  2.01800000e+01  7.45933326e-01 
 2.01820000e+01  3.26730721e-01  2.01820000e+01  6.02224897e-01 
 2.01860000e+01  4.56621321e-01  2.01860000e+01  3.79323229e-01 
 2.01930000e+01  5.61820054e-01  2.01930000e+01  3.04127067e-01 
 2.02000000e+01  3.98894518e-01  2.02000000e+01  7.15778937e-01 
 2.02014000e+01  3.98894518e-01  2.02014000e+01  7.15778937e-01 
 2.02042000e+01  3.98894518e-01  2.02042000e+01  7.15778937e-01 
 2.02098000e+01  3.98894518e-01  2.02098000e+01  7.15778937e-01 
 2.02210000e+01  3.98894518e-01  2.02210000e+01  7.15778937e-01 
 2.02410000e+01  3.98894518e-01  2.02410000e+01  7.15778937e-01 
 2.02610000e+01  3.98894518e-01  2.02610000e+01  7.15778937e-01 
 2.02810000e+01  3.98894518e-01  2.02810000e+01  7.15778937e-01 
 2.03010000e+01  3.98894518e-01  2.03010000e+01  7.15778937e-01 
 2.03210000e+01  3.98894518e-01  2.03210000e+01  7.15778937e-01 
 2.03410000e+01  3.98894518e-01  2.03410000e+01  7.15778937e-01 
 2.03610000e+01  3.98894518e-01  2.03610000e+01  7.15778937e-01 
 2.03800000e+01  3.98894518e-01  2.03800000e+01  7.15778937e-01 
 2.03820000e+01  4.06300937e-01  2.03820000e+01  4.77944114e-01 
 2.03860000e+01  5.43171681e-01  2.03860000e+01  3.28648175e-01 
 2.03930000e+01  4.57756340e-01  2.03930000e+01  3.74879970e-01 
 2.04000000e+01  3.21334264e-01  2.04000000e+01  8.23131908e-01 
 2.04014000e+01  3.21334264e-01  2.04014000e+01  8.23131910e-01 
 2.04042000e+01  3.21334264e-01  2.04042000e+01  8.23131911e-01 
 2.04098000e+01  3.21334264e-01  2.04098000e+01  8.23131910e-01 
 2.04210000e+01  3.21334264e-01  2.04210000e+01  8.23131911e-01 
 2.04410000e+01  3.21334264e-01  2.04410000e+01  8.23131910e-01 
 2.04610000e+01  3.21334264e-01  2.04610000e+01  8.23131911e-01 
 2.04810000e+01  3.21334264e-01  2.04810000e+01  8.23131910e-01 
 2.05010000e+01  3.21334264e-01  2.05010000e+01  8.23131911e-01 
 2.05210000e+01  3.21334264e-01  2.05210000e+01  8.23131910e-01 
 2.05410000e+01  3.21334264e-01  2.05410000e+01  8.23131911e-01 
 2.05610000e+01  3.21334264e-01  2.05610000e+01  8.23131910e-01 
 2.05800000e+01  3.21334264e-01  2.05800000e+01  8.23131911e-01 
 2.05820000e+01  3.23302620e-01  2.05820000e+01  8.10807180e-01 
 2.05860000e+01  3.27302473e-01  2.05860000e+01  7.85853661e-01 
 2.05930000e+01  3.35805900e-01  2.05930000e+01  7.41267563e-01 
 2.06000000e+01  3.55587927e-01  2.06000000e+01  5.70235917e-01 
 2.06014000e+01  3.55587928e-01  2.06014000e+01  5.70235913e-01 
 2.06042000e+01  3.55587927e-01  2.06042000e+01  5.70235917e-01 
 2.06098000e+01  3.55587928e-01  2.06098000e+01  5.70235913e-01 
 2.06210000e+01  3.55587927e-01  2.06210000e+01  5.70235917e-01 
 2.06410000e+01  3.55587928e-01  2.06410000e+01  5.70235913e-01 
 2.06610000e+01  3.55587927e-01  2.06610000e+01  5.70235917e-01 
 2.06810000e+01  3.55587928e-01  2.06810000e+01  5.70235913e-01 
 2.07010000e+01  3.55587927e-01  2.07010000e+01  5.70235917e-01 
 2.07210000e+01  3.55587928e-01  2.07210000e+01  5.70235913e-01 
 2.07410000e+01  3.55587927e-01  2.07410000e+01  5.70235917e-01 
 2.07610000e+01  3.55587928e-01  2.07610000e+01  5.70235913e-01 
 2.07800000e+01  3.55587927e-01  2.07800000e+01  5.70235917e-01 
 2.07820000e+01  3.70348981e-01  2.07820000e+01  5.16398212e-01 
 2.07860000e+01  4.02455099e-01  2.07860000e+01  4.42290424e-01 
 2.07930000e+01  4.37773716e-01  2.07930000e+01  4.21032745e-01 
 2.08000000e+01  4.36652705e-01  2.08000000e+01  5.02991723e-01 
 2.08014000e+01  4.36652705e-01  2.08014000e+01  5.02991723e-01 
 2.08042000e+01  4.36652705e-01  2.08042000e+01  5.02991723e-01 
 2.08098000e+01  4.36652705e-01  2.08098000e+01  5.02991723e-01 
 2.08210000e+01  4.36652705e-01  2.08210000e+01  5.02991723e-01 
 2.08410000e+01  4.36652705e-01  2.08410000e+01  5.02991723e-01 
 2.08610000e+01  4.36652705e-01  2.08610000e+01  5.02991723e-01 
 2.08810000e+01  4.36652705e-01  2.08810000e+01  5.02991723e-01 
 2.09010000e+01  4.36652705e-01  2.09010000e+01  5.02991723e-01 
 2.09210000e+01  4.36652705e-01  2.09210000e+01  5.02991723e-01 
 2.09410000e+01  4.36652705e-01  2.09410000e+01  5.02991723e-01 
 2.09610000e+01  4.36652705e-01  2.09610000e+01  5.02991723e-01 
 2.09800000e+01  4.36652705e-01  2.09800000e+01  5.02991723e-01 
 2.09820000e+01  4.55569136e-01  2.09820000e+01  4.14191043e-01 
 2.09860000e+01  5.18672544e-01  2.09860000e+01  3.51327490e-01 
 2.09930000e+01  4.51140984e-01  2.09930000e+01  3.68563332e-01 
 2.10000000e+01  3.68168065e-01  2.10000000e+01  4.78654110e-01 
 2.10014000e+01  3.68168065e-01  2.10014000e+01  4.78654110e-01 
 2.10042000e+01  3.68168065e-01  2.10042000e+01  4.78654112e-01 
 2.10098000e+01  3.68168065e-01  2.10098000e+01  4.78654110e-01 
 2.10210000e+01  3.68168065e-01  2.10210000e+01  4.78654112e-01 
 2.10410000e+01  3.68168065e-01  2.10410000e+01  4.78654110e-01 
 2.10610000e+01  3.68168065e-01  2.10610000e+01  4.78654112e-01 
 2.10810000e+01  3.68168065e-01  2.10810000e+01  4.78654110e-01 
 2.11010000e+01  3.68168065e-01  2.11010000e+01  4.78654112e-01 
 2.11210000e+01  3.68168065e-01  2.11210000e+01  4.78654110e-01 
 2.11410000e+01  3.68168065e-01  2.11410000e+01  4.78654112e-01 
 2.11610000e+01  3.68168065e-01  2.11610000e+01  4.78654110e-01 
 2.11800000e+01  3.68168065e-01  2.11800000e+01  4.78654112e-01 
 2.11820000e+01  3.81469776e-01  2.11820000e+01  4.45678298e-01 
 2.11860000e+01  4.00075257e-01  2.11860000e+01  4.34254611e-01 
 2.11930000e+01  4.21114756e-01  2.11930000e+01  4.70807890e-01 
 2.12000000e+01  4.46721922e-01  2.12000000e+01  5.86151359e-01 
 2.12014000e+01  4.46721922e-01  2.12014000e+01  5.86151359e-01 
 2.12042000e+01  4.46721922e-01  2.12042000e+01  5.86151359e-01 
 2.12098000e+01  4.46721922e-01  2.12098000e+01  5.86151359e-01 
 2.12210000e+01  4.46721922e-01  2.12210000e+01  5.86151359e-01 
 2.12410000e+01  4.46721922e-01  2.12410000e+01  5.86151359e-01 
 2.12610000e+01  4.46721922e-01  2.12610000e+01  5.86151359e-01 
 2.12810000e+01  4.46721922e-01  2.12810000e+01  5.86151359e-01 
 2.13010000e+01  4.46721922e-01  2.13010000e+01  5.86151359e-01 
 2.13210000e+01  4.46721922e-01  2.13210000e+01  5.86151359e-01 
 2.13410000e+01  4.46721922e-01  2.13410000e+01  5.86151359e-01 
 2.13610000e+01  4.46721922e-01  2.13610000e+01  5.86151359e-01 
 2.13800000e+01  4.46721922e-01  2.13800000e+01  5.86151359e-01 
 2.13820000e+01  4.41860585e-01  2.13820000e+01  4.93429564e-01 
 2.13860000e+01  5.32204387e-01  2.13860000e+01  3.45572187e-01 
 2.13930000e+01  4.83833465e-01  2.13930000e+01  3.48439404e-01 
 2.14000000e+01  3.12346926e-01  2.14000000e+01  6.75216869e-01 
 2.14014000e+01  3.12346926e-01  2.14014000e+01  6.75216869e-01 
 2.14042000e+01  3.12346926e-01  2.14042000e+01  6.75216869e-01 
 2.14098000e+01  3.12346926e-01  2.14098000e+01  6.75216869e-01 
 2.14210000e+01  3.12346926e-01  2.14210000e+01  6.75216869e-01 
 2.14410000e+01  3.12346926e-01  2.14410000e+01  6.75216869e-01 
 2.14610000e+01  3.12346926e-01  2.14610000e+01  6.75216869e-01 
 2.14810000e+01  3.12346926e-01  2.14810000e+01  6.75216869e-01 
 2.15010000e+01  3.12346926e-01  2.15010000e+01  6.75216869e-01 
 2.15210000e+01  3.12346926e-01  2.15210000e+01  6.75216869e-01 
 2.15410000e+01  3.12346926e-01  2.15410000e+01  6.75216869e-01 
 2.15610000e+01  3.12346926e-01  2.15610000e+01  6.75216869e-01 
 2.15800000e+01  3.12346926e-01  2.15800000e+01  6.75216869e-01 
 2.15820000e+01  3.37933774e-01  2.15820000e+01  5.57571135e-01 
 2.15860000e+01  4.62636944e-01  2.15860000e+01  3.75462411e-01 
 2.15930000e+01  5.75225759e-01  2.15930000e+01  2.98617247e-01 
 2.16000000e+01  4.14376890e-01  2.16000000e+01  5.66586186e-01 
 2.16014000e+01  4.14376891e-01  2.16014000e+01  5.66586184e-01 
 2.16042000e+01  4.14376890e-01  2.16042000e+01  5.66586186e-01 
 2.16098000e+01  4.14376891e-01  2.16098000e+01  5.66586184e-01 
 2.16210000e+01  4.14376890e-01  2.16210000e+01  5.66586186e-01 
 2.16410000e+01  4.14376891e-01  2.16410000e+01  5.66586184e-01 
 2.16610000e+01  4.14376890e-01  2.16610000e+01  5.66586186e-01 
 2.16810000e+01  4.14376891e-01  2.16810000e+01  5.66586184e-01 
 2.17010000e+01  4.14376890e-01  2.17010000e+01  5.66586186e-01 
 2.17210000e+01  4.14376891e-01  2.17210000e+01  5.66586184e-01 
 2.17410000e+01  4.14376890e-01  2.17410000e+01  5.66586186e-01 
 2.17610000e+01  4.14376891e-01  2.17610000e+01  5.66586184e-01 
 2.17800000e+01  4.14376890e-01  2.17800000e+01  5.66586186e-01 
 2.17820000e+01  4.18354283e-01  2.17820000e+01  4.50607050e-01 
 2.17860000e+01  5.11346168e-01  2.17860000e+01  3.39890893e-01 
 2.17930000e+01  5.18685081e-01  2.17930000e+01  3.21865286e-01 
 2.18000000e+01  3.53837466e-01  2.18000000e+01  5.32281210e-01 
 2.18014000e+01  3.53837463e-01  2.18014000e+01  5.32281213e-01 
 2.18042000e+01  3.53837466e-01  2.18042000e+01  5.32281210e-01 
 2.18098000e+01  3.53837463e-01  2.18098000e+01  5.32281213e-01 
 2.18210000e+01  3.53837466e-01  2.18210000e+01  5.32281210e-01 
 2.18410000e+01  3.53837463e-01  2.18410000e+01  5.32281213e-01 
 2.18610000e+01  3.53837466e-01  2.18610000e+01  5.32281210e-01 
 2.18810000e+01  3.53837463e-01  2.18810000e+01  5.32281213e-01 
 2.19010000e+01  3.53837466e-01  2.19010000e+01  5.32281210e-01 
 2.19210000e+01  3.53837463e-01  2.19210000e+01  5.32281213e-01 
 2.19410000e+01  3.53837466e-01  2.19410000e+01  5.32281210e-01 
 2.19610000e+01  3.53837463e-01  2.19610000e+01  5.32281213e-01 
 2.19800000e+01  3.53837466e-01  2.19800000e+01  5.32281210e-01 
 2.19820000e+01  3.95341654e-01  2.19820000e+01  4.66069074e-01 
 2.19860000e+01  4.68332012e-01  2.19860000e+01  3.72274982e-01 
 2.19930000e+01  5.36980872e-01  2.19930000e+01  3.14975335e-01 
 2.20000000e+01  4.44905310e-01  2.20000000e+01  4.10988649e-01 
 2.20014000e+01  4.44905309e-01  2.20014000e+01  4.10988650e-01 
 2.20042000e+01  4.44905310e-01  2.20042000e+01  4.10988649e-01 
 2.20098000e+01  4.44905309e-01  2.20098000e+01  4.10988650e-01 
 2.20210000e+01  4.44905310e-01  2.20210000e+01  4.10988649e-01 
 2.20410000e+01  4.44905309e-01  2.20410000e+01  4.10988650e-01 
 2.20610000e+01  4.44905310e-01  2.20610000e+01  4.10988649e-01 
 2.20810000e+01  4.44905309e-01  2.20810000e+01  4.10988650e-01 
 2.21010000e+01  4.44905310e-01  2.21010000e+01  4.10988649e-01 
 2.21210000e+01  4.44905309e-01  2.21210000e+01  4.10988650e-01 
 2.21410000e+01  4.44905310e-01  2.21410000e+01  4.10988649e-01 
 2.21610000e+01  4.44905309e-01  2.21610000e+01  4.10988650e-01 
 2.21800000e+01  4.44905310e-01  2.21800000e+01  4.10988649e-01 
 2.21820000e+01  5.06974698e-01  2.21820000e+01  3.56902613e-01 
 2.21860000e+01  5.73893133e-01  2.21860000e+01  3.01123080e-01 
 2.21930000e+01  5.44931673e-01  2.21930000e+01  3.04840352e-01 
 2.22000000e+01  4.27437620e-01  2.22000000e+01  4.01216939e-01 
 2.22014000e+01  4.27437619e-01  2.22014000e+01  4.01216940e-01 
 2.22042000e+01  4.27437618e-01  2.22042000e+01  4.01216941e-01 
 2.22098000e+01  4.27437619e-01  2.22098000e+01  4.01216940e-01 
 2.22210000e+01  4.27437618e-01  2.22210000e+01  4.01216941e-01 
 2.22410000e+01  4.27437619e-01  2.22410000e+01  4.01216940e-01 
 2.22610000e+01  4.27437618e-01  2.22610000e+01  4.01216941e-01 
 2.22810000e+01  4.27437619e-01  2.22810000e+01  4.01216940e-01 
 2.23010000e+01  4.27437618e-01  2.23010000e+01  4.01216941e-01 
 2.23210000e+01  4.27437619e-01  2.23210000e+01  4.01216940e-01 
 2.23410000e+01  4.27437618e-01  2.23410000e+01  4.01216941e-01 
 2.23610000e+01  4.27437619e-01  2.23610000e+01  4.01216940e-01 
 2.23800000e+01  4.27437618e-01  2.23800000e+01  4.01216941e-01 
 2.23820000e+01  4.27873160e-01  2.23820000e+01  4.01809844e-01 
 2.23860000e+01  4.28511444e-01  2.23860000e+01  4.03173655e-01 
 2.23930000e+01  4.28903873e-01  2.23930000e+01  4.06120060e-01 
 2.24000000e+01  4.28411892e-01  2.24000000e+01  4.09762603e-01 
 2.24014000e+01  4.28411893e-01  2.24014000e+01  4.09762602e-01 
 2.24042000e+01  4.28411892e-01  2.24042000e+01  4.09762603e-01 
 2.24098000e+01  4.28411893e-01  2.24098000e+01  4.09762602e-01 
 2.24210000e+01  4.28411892e-01  2.24210000e+01  4.09762603e-01 
 2.24410000e+01  4.28411893e-01  2.24410000e+01  4.09762602e-01 
 2.24610000e+01  4.28411892e-01  2.24610000e+01  4.09762603e-01 
 2.24810000e+01  4.28411893e-01  2.24810000e+01  4.09762602e-01 
 2.25010000e+01  4.28411892e-01  2.25010000e+01  4.09762603e-01 
 2.25210000e+01  4.28411893e-01  2.25210000e+01  4.09762602e-01 
 2.25410000e+01  4.28411892e-01  2.25410000e+01  4.09762603e-01 
 2.25610000e+01  4.28411893e-01  2.25610000e+01  4.09762602e-01 
 2.25800000e+01  4.28411892e-01  2.25800000e+01  4.09762603e-01 
 2.25820000e+01  4.41097727e-01  2.25820000e+01  4.01414682e-01 
 2.25860000e+01  4.45290464e-01  2.25860000e+01  4.01719386e-01 
 2.25930000e+01  4.09992550e-01  2.25930000e+01  4.43840427e-01 
 2.26000000e+01  3.37554589e-01  2.26000000e+01  5.58170340e-01 
 2.26014000e+01  3.37554590e-01  2.26014000e+01  5.58170337e-01 
 2.26042000e+01  3.37554589e-01  2.26042000e+01  5.58170340e-01 
 2.26098000e+01  3.37554590e-01  2.26098000e+01  5.58170337e-01 
 2.26210000e+01  3.37554589e-01  2.26210000e+01  5.58170340e-01 
 2.26410000e+01  3.37554590e-01  2.26410000e+01  5.58170337e-01 
 2.26610000e+01  3.37554589e-01  2.26610000e+01  5.58170340e-01 
 2.26810000e+01  3.37554590e-01  2.26810000e+01  5.58170337e-01 
 2.27010000e+01  3.37554589e-01  2.27010000e+01  5.58170340e-01 
 2.27210000e+01  3.37554590e-01  2.27210000e+01  5.58170337e-01 
 2.27410000e+01  3.37554589e-01  2.27410000e+01  5.58170340e-01 
 2.27610000e+01  3.37554590e-01  2.27610000e+01  5.58170337e-01 
 2.27800000e+01  3.37554589e-01  2.27800000e+01  5.58170340e-01 
 2.27820000e+01  3.59412598e-01  2.27820000e+01  5.07343744e-01 
 2.27860000e+01  4.07146989e-01  2.27860000e+01  4.47867204e-01 
 2.27930000e+01  4.38799103e-01  2.27930000e+01  4.09276376e-01 
 2.28000000e+01  3.75582234e-01  2.28000000e+01  4.58939740e-01 
 2.28014000e+01  3.75582235e-01  2.28014000e+01  4.58939738e-01 
 2.28042000e+01  3.75582234e-01  2.28042000e+01  4.58939740e-01 
 2.28098000e+01  3.75582235e-01  2.28098000e+01  4.58939738e-01 
 2.28210000e+01  3.75582234e-01  2.28210000e+01  4.58939740e-01 
 2.28410000e+01  3.75582235e-01  2.28410000e+01  4.58939738e-01 
 2.28610000e+01  3.75582234e-01  2.28610000e+01  4.58939740e-01 
 2.28810000e+01  3.75582235e-01  2.28810000e+01  4.58939738e-01 
 2.29010000e+01  3.75582234e-01  2.29010000e+01  4.58939740e-01 
 2.29210000e+01  3.75582235e-01  2.29210000e+01  4.58939738e-01 
 2.29410000e+01  3.75582234e-01  2.29410000e+01  4.58939740e-01 
 2.29610000e+01  3.75582235e-01  2.29610000e+01  4.58939738e-01 
 2.29800000e+01  3.75582234e-01  2.29800000e+01  4.58939740e-01 
 2.29820000e+01  3.76667188e-01  2.29820000e+01  4.57353349e-01 
 2.29860000e+01  3.78926815e-01  2.29860000e+01  4.54207143e-01 
 2.29930000e+01  3.83214139e-01  2.29930000e+01  4.48787186e-01 
 2.30000000e+01  3.88031397e-01  2.30000000e+01  4.43477614e-01 
 2.30014000e+01  3.88031398e-01  2.30014000e+01  4.43477613e-01 
 2.30042000e+01  3.88031397e-01  2.30042000e+01  4.43477614e-01 
 2.30098000e+01  3.88031398e-01  2.30098000e+01  4.43477613e-01 
 2.30210000e+01  3.88031397e-01  2.30210000e+01  4.43477614e-01 
 2.30410000e+01  3.88031398e-01  2.30410000e+01  4.43477613e-01 
 2.30610000e+01  3.88031397e-01  2.30610000e+01  4.43477614e-01 
 2.30810000e+01  3.88031398e-01  2.30810000e+01  4.43477613e-01 
 2.31010000e+01  3.88031397e-01  2.31010000e+01  4.43477614e-01 
 2.31210000e+01  3.88031398e-01  2.31210000e+01  4.43477613e-01 
 2.31410000e+01  3.88031397e-01  2.31410000e+01  4.43477614e-01 
 2.31610000e+01  3.88031398e-01  2.31610000e+01  4.43477613e-01 
 2.31800000e+01  3.88031397e-01  2.31800000e+01  4.43477614e-01 
 2.31820000e+01  3.85166131e-01  2.31820000e+01  4.45223648e-01 
 2.31860000e+01  3.79997354e-01  2.31860000e+01  4.49215680e-01 
 2.31930000e+01  3.72306641e-01  2.31930000e+01  4.57883756e-01 
 2.32000000e+01  3.65892429e-01  2.32000000e+01  4.68833687e-01 
 2.32014000e+01  3.65892429e-01  2.32014000e+01  4.68833687e-01 
 2.32042000e+01  3.65892429e-01  2.32042000e+01  4.68833687e-01 
 2.32098000e+01  3.65892429e-01  2.32098000e+01  4.68833687e-01 
 2.32210000e+01  3.65892429e-01  2.32210000e+01  4.68833687e-01 
 2.32410000e+01  3.65892429e-01  2.32410000e+01  4.68833687e-01 
 2.32610000e+01  3.65892429e-01  2.32610000e+01  4.68833687e-01 
 2.32810000e+01  3.65892429e-01  2.32810000e+01  4.68833687e-01 
 2.33010000e+01  3.65892429e-01  2.33010000e+01  4.68833687e-01 
 2.33210000e+01  3.65892429e-01  2.33210000e+01  4.68833687e-01 
 2.33410000e+01  3.65892429e-01  2.33410000e+01  4.68833687e-01 
 2.33610000e+01  3.65892429e-01  2.33610000e+01  4.68833687e-01 
 2.33800000e+01  3.65892429e-01  2.33800000e+01  4.68833687e-01 
 2.33820000e+01  3.74516140e-01  2.33820000e+01  4.43124667e-01 
 2.33860000e+01  3.82874382e-01  2.33860000e+01  4.28977753e-01 
 2.33930000e+01  3.83112620e-01  2.33930000e+01  5.88109307e-01 
 2.34000000e+01  4.21243525e-01  2.34000000e+01  8.03551113e-01 
 2.34014000e+01  4.21243525e-01  2.34014000e+01  8.03551113e-01 
 2.34042000e+01  4.21243525e-01  2.34042000e+01  8.03551116e-01 
 2.34098000e+01  4.21243525e-01  2.34098000e+01  8.03551114e-01 
 2.34210000e+01  4.21243525e-01  2.34210000e+01  8.03551113e-01 
 2.34410000e+01  4.21243525e-01  2.34410000e+01  8.03551116e-01 
 2.34610000e+01  4.21243525e-01  2.34610000e+01  8.03551116e-01 
 2.34810000e+01  4.21243525e-01  2.34810000e+01  8.03551114e-01 
 2.35010000e+01  4.21243525e-01  2.35010000e+01  8.03551116e-01 
 2.35210000e+01  4.21243525e-01  2.35210000e+01  8.03551115e-01 
 2.35410000e+01  4.21243525e-01  2.35410000e+01  8.03551114e-01 
 2.35610000e+01  4.21243525e-01  2.35610000e+01  8.03551116e-01 
 2.35800000e+01  4.21243525e-01  2.35800000e+01  8.03551115e-01 
 2.35820000e+01  4.12050774e-01  2.35820000e+01  7.38375943e-01 
 2.35860000e+01  4.22984084e-01  2.35860000e+01  4.51772143e-01 
 2.35930000e+01  5.30324823e-01  2.35930000e+01  3.45685801e-01 
 2.36000000e+01  3.86561862e-01  2.36000000e+01  5.80810041e-01 
 2.36014000e+01  3.86561862e-01  2.36014000e+01  5.80810041e-01 
 2.36042000e+01  3.86561862e-01  2.36042000e+01  5.80810041e-01 
 2.36098000e+01  3.86561861e-01  2.36098000e+01  5.80810045e-01 
 2.36210000e+01  3.86561862e-01  2.36210000e+01  5.80810041e-01 
 2.36410000e+01  3.86561861e-01  2.36410000e+01  5.80810045e-01 
 2.36610000e+01  3.86561862e-01  2.36610000e+01  5.80810041e-01 
 2.36810000e+01  3.86561861e-01  2.36810000e+01  5.80810045e-01 
 2.37010000e+01  3.86561862e-01  2.37010000e+01  5.80810041e-01 
 2.37210000e+01  3.86561861e-01  2.37210000e+01  5.80810045e-01 
 2.37410000e+01  3.86561862e-01  2.37410000e+01  5.80810041e-01 
 2.37610000e+01  3.86561861e-01  2.37610000e+01  5.80810045e-01 
 2.37800000e+01  3.86561862e-01  2.37800000e+01  5.80810041e-01 
 2.37820000e+01  4.07894263e-01  2.37820000e+01  4.35440431e-01 
 2.37860000e+01  5.37299417e-01  2.37860000e+01  3.15011853e-01 
 2.37930000e+01  5.12739331e-01  2.37930000e+01  3.25877750e-01 
 2.38000000e+01  3.50430848e-01  2.38000000e+01  5.15409857e-01 
 2.38014000e+01  3.50430849e-01  2.38014000e+01  5.15409856e-01 
 2.38042000e+01  3.50430848e-01  2.38042000e+01  5.15409857e-01 
 2.38098000e+01  3.50430849e-01  2.38098000e+01  5.15409856e-01 
 2.38210000e+01  3.50430848e-01  2.38210000e+01  5.15409857e-01 
 2.38410000e+01  3.50430849e-01  2.38410000e+01  5.15409856e-01 
 2.38610000e+01  3.50430848e-01  2.38610000e+01  5.15409857e-01 
 2.38810000e+01  3.50430849e-01  2.38810000e+01  5.15409856e-01 
 2.39010000e+01  3.50430848e-01  2.39010000e+01  5.15409857e-01 
 2.39210000e+01  3.50430849e-01  2.39210000e+01  5.15409856e-01 
 2.39410000e+01  3.50430848e-01  2.39410000e+01  5.15409857e-01 
 2.39610000e+01  3.50430849e-01  2.39610000e+01  5.15409856e-01 
 2.39800000e+01  3.50430848e-01  2.39800000e+01  5.15409857e-01 
 2.39820000e+01  3.50430849e-01  2.39820000e+01  5.15409856e-01 
 2.39860000e+01  3.50430848e-01  2.39860000e+01  5.15409857e-01 
 2.39930000e+01  3.50430849e-01  2.39930000e+01  5.15409856e-01 
 2.40000000e+01  3.50430848e-01  2.40000000e+01  5.15409857e-01 
