 1.02000000e-03  1.54043401e+00  1.02000000e-03  1.37195159e+00  1.02000000e-03  1.39423120e+00  1.02000000e-03  1.56208923e+00  1.02000000e-03  1.45407735e+00  1.02000000e-03  1.37095497e+00  1.02000000e-03  1.12586211e+00  1.02000000e-03  1.38778025e+00  1.02000000e-03  1.52090396e+00  1.02000000e-03  8.75975197e-01  1.02000000e-03  7.27268104e-01  1.02000000e-03  1.35143787e+00  1.02000000e-03  1.90231515e+00  1.02000000e-03  8.48576413e-01  1.02000000e-03  8.60130896e-01  1.02000000e-03  1.88464642e+00  1.02000000e-03  7.35676297e-01  1.02000000e-03  8.78247218e-01  1.02000000e-03  1.05663714e+00  1.02000000e-03  1.03006002e+00  1.02000000e-03  1.25771565e+00  1.02000000e-03  2.03675530e+00  1.02000000e-03  1.05211061e+00  1.02000000e-03  1.05507400e+00  1.02000000e-03  2.49107642e+00  1.02000000e-03  1.03189124e+00  1.02000000e-03  1.05862425e+00  1.02000000e-03  2.91536358e+00  1.02000000e-03  2.86312928e+00  1.02000000e-03  2.93798205e+00  1.02000000e-03  2.93835781e+00  1.02000000e-03  2.90933777e+00  1.02000000e-03  2.91201233e+00  1.02000000e-03  2.93834586e+00  1.02000000e-03  2.86801038e+00  1.02000000e-03  2.91581568e+00 
 2.04000000e-03  1.54043401e+00  2.04000000e-03  1.37195159e+00  2.04000000e-03  1.39423120e+00  2.04000000e-03  1.56208923e+00  2.04000000e-03  1.45407735e+00  2.04000000e-03  1.37095497e+00  2.04000000e-03  1.12586211e+00  2.04000000e-03  1.38778025e+00  2.04000000e-03  1.52090396e+00  2.04000000e-03  8.75975197e-01  2.04000000e-03  7.27268104e-01  2.04000000e-03  1.35143787e+00  2.04000000e-03  1.90231515e+00  2.04000000e-03  8.48576413e-01  2.04000000e-03  8.60130896e-01  2.04000000e-03  1.88464642e+00  2.04000000e-03  7.35676297e-01  2.04000000e-03  8.78247218e-01  2.04000000e-03  1.05663714e+00  2.04000000e-03  1.03006002e+00  2.04000000e-03  1.25771565e+00  2.04000000e-03  2.03675530e+00  2.04000000e-03  1.05211061e+00  2.04000000e-03  1.05507400e+00  2.04000000e-03  2.49107642e+00  2.04000000e-03  1.03189124e+00  2.04000000e-03  1.05862425e+00  2.04000000e-03  2.91536358e+00  2.04000000e-03  2.86312928e+00  2.04000000e-03  2.93798205e+00  2.04000000e-03  2.93835781e+00  2.04000000e-03  2.90933777e+00  2.04000000e-03  2.91201233e+00  2.04000000e-03  2.93834586e+00  2.04000000e-03  2.86801038e+00  2.04000000e-03  2.91581568e+00 
 4.08000000e-03  1.54043401e+00  4.08000000e-03  1.37195159e+00  4.08000000e-03  1.39423120e+00  4.08000000e-03  1.56208923e+00  4.08000000e-03  1.45407735e+00  4.08000000e-03  1.37095497e+00  4.08000000e-03  1.12586211e+00  4.08000000e-03  1.38778025e+00  4.08000000e-03  1.52090396e+00  4.08000000e-03  8.75975197e-01  4.08000000e-03  7.27268104e-01  4.08000000e-03  1.35143787e+00  4.08000000e-03  1.90231515e+00  4.08000000e-03  8.48576413e-01  4.08000000e-03  8.60130896e-01  4.08000000e-03  1.88464642e+00  4.08000000e-03  7.35676297e-01  4.08000000e-03  8.78247218e-01  4.08000000e-03  1.05663714e+00  4.08000000e-03  1.03006002e+00  4.08000000e-03  1.25771565e+00  4.08000000e-03  2.03675530e+00  4.08000000e-03  1.05211061e+00  4.08000000e-03  1.05507400e+00  4.08000000e-03  2.49107642e+00  4.08000000e-03  1.03189124e+00  4.08000000e-03  1.05862425e+00  4.08000000e-03  2.91536358e+00  4.08000000e-03  2.86312928e+00  4.08000000e-03  2.93798205e+00  4.08000000e-03  2.93835781e+00  4.08000000e-03  2.90933777e+00  4.08000000e-03  2.91201233e+00  4.08000000e-03  2.93834586e+00  4.08000000e-03  2.86801038e+00  4.08000000e-03  2.91581568e+00 
 8.16000000e-03  1.54043401e+00  8.16000000e-03  1.37195159e+00  8.16000000e-03  1.39423120e+00  8.16000000e-03  1.56208923e+00  8.16000000e-03  1.45407735e+00  8.16000000e-03  1.37095497e+00  8.16000000e-03  1.12586211e+00  8.16000000e-03  1.38778025e+00  8.16000000e-03  1.52090396e+00  8.16000000e-03  8.75975197e-01  8.16000000e-03  7.27268104e-01  8.16000000e-03  1.35143787e+00  8.16000000e-03  1.90231515e+00  8.16000000e-03  8.48576413e-01  8.16000000e-03  8.60130896e-01  8.16000000e-03  1.88464642e+00  8.16000000e-03  7.35676297e-01  8.16000000e-03  8.78247218e-01  8.16000000e-03  1.05663714e+00  8.16000000e-03  1.03006002e+00  8.16000000e-03  1.25771565e+00  8.16000000e-03  2.03675530e+00  8.16000000e-03  1.05211061e+00  8.16000000e-03  1.05507400e+00  8.16000000e-03  2.49107642e+00  8.16000000e-03  1.03189124e+00  8.16000000e-03  1.05862425e+00  8.16000000e-03  2.91536358e+00  8.16000000e-03  2.86312928e+00  8.16000000e-03  2.93798205e+00  8.16000000e-03  2.93835781e+00  8.16000000e-03  2.90933777e+00  8.16000000e-03  2.91201233e+00  8.16000000e-03  2.93834586e+00  8.16000000e-03  2.86801038e+00  8.16000000e-03  2.91581568e+00 
 1.63200000e-02  1.54043401e+00  1.63200000e-02  1.37195159e+00  1.63200000e-02  1.39423120e+00  1.63200000e-02  1.56208923e+00  1.63200000e-02  1.45407735e+00  1.63200000e-02  1.37095497e+00  1.63200000e-02  1.12586211e+00  1.63200000e-02  1.38778025e+00  1.63200000e-02  1.52090396e+00  1.63200000e-02  8.75975197e-01  1.63200000e-02  7.27268104e-01  1.63200000e-02  1.35143787e+00  1.63200000e-02  1.90231515e+00  1.63200000e-02  8.48576413e-01  1.63200000e-02  8.60130896e-01  1.63200000e-02  1.88464642e+00  1.63200000e-02  7.35676297e-01  1.63200000e-02  8.78247218e-01  1.63200000e-02  1.05663714e+00  1.63200000e-02  1.03006002e+00  1.63200000e-02  1.25771565e+00  1.63200000e-02  2.03675530e+00  1.63200000e-02  1.05211061e+00  1.63200000e-02  1.05507400e+00  1.63200000e-02  2.49107642e+00  1.63200000e-02  1.03189124e+00  1.63200000e-02  1.05862425e+00  1.63200000e-02  2.91536358e+00  1.63200000e-02  2.86312928e+00  1.63200000e-02  2.93798205e+00  1.63200000e-02  2.93835781e+00  1.63200000e-02  2.90933777e+00  1.63200000e-02  2.91201233e+00  1.63200000e-02  2.93834586e+00  1.63200000e-02  2.86801038e+00  1.63200000e-02  2.91581568e+00 
 3.26400000e-02  1.54043401e+00  3.26400000e-02  1.37195159e+00  3.26400000e-02  1.39423120e+00  3.26400000e-02  1.56208923e+00  3.26400000e-02  1.45407735e+00  3.26400000e-02  1.37095497e+00  3.26400000e-02  1.12586211e+00  3.26400000e-02  1.38778025e+00  3.26400000e-02  1.52090396e+00  3.26400000e-02  8.75975197e-01  3.26400000e-02  7.27268104e-01  3.26400000e-02  1.35143787e+00  3.26400000e-02  1.90231515e+00  3.26400000e-02  8.48576413e-01  3.26400000e-02  8.60130896e-01  3.26400000e-02  1.88464642e+00  3.26400000e-02  7.35676297e-01  3.26400000e-02  8.78247218e-01  3.26400000e-02  1.05663714e+00  3.26400000e-02  1.03006002e+00  3.26400000e-02  1.25771565e+00  3.26400000e-02  2.03675530e+00  3.26400000e-02  1.05211061e+00  3.26400000e-02  1.05507400e+00  3.26400000e-02  2.49107642e+00  3.26400000e-02  1.03189124e+00  3.26400000e-02  1.05862425e+00  3.26400000e-02  2.91536358e+00  3.26400000e-02  2.86312928e+00  3.26400000e-02  2.93798205e+00  3.26400000e-02  2.93835781e+00  3.26400000e-02  2.90933777e+00  3.26400000e-02  2.91201233e+00  3.26400000e-02  2.93834586e+00  3.26400000e-02  2.86801038e+00  3.26400000e-02  2.91581568e+00 
 6.52800000e-02  1.54043401e+00  6.52800000e-02  1.37195159e+00  6.52800000e-02  1.39423120e+00  6.52800000e-02  1.56208923e+00  6.52800000e-02  1.45407735e+00  6.52800000e-02  1.37095497e+00  6.52800000e-02  1.12586211e+00  6.52800000e-02  1.38778025e+00  6.52800000e-02  1.52090396e+00  6.52800000e-02  8.75975197e-01  6.52800000e-02  7.27268104e-01  6.52800000e-02  1.35143787e+00  6.52800000e-02  1.90231515e+00  6.52800000e-02  8.48576413e-01  6.52800000e-02  8.60130896e-01  6.52800000e-02  1.88464642e+00  6.52800000e-02  7.35676297e-01  6.52800000e-02  8.78247218e-01  6.52800000e-02  1.05663714e+00  6.52800000e-02  1.03006002e+00  6.52800000e-02  1.25771565e+00  6.52800000e-02  2.03675530e+00  6.52800000e-02  1.05211061e+00  6.52800000e-02  1.05507400e+00  6.52800000e-02  2.49107642e+00  6.52800000e-02  1.03189124e+00  6.52800000e-02  1.05862425e+00  6.52800000e-02  2.91536358e+00  6.52800000e-02  2.86312928e+00  6.52800000e-02  2.93798205e+00  6.52800000e-02  2.93835781e+00  6.52800000e-02  2.90933777e+00  6.52800000e-02  2.91201233e+00  6.52800000e-02  2.93834586e+00  6.52800000e-02  2.86801038e+00  6.52800000e-02  2.91581568e+00 
 1.02000000e-01  1.54043401e+00  1.02000000e-01  1.37195159e+00  1.02000000e-01  1.39423120e+00  1.02000000e-01  1.56208923e+00  1.02000000e-01  1.45407735e+00  1.02000000e-01  1.37095497e+00  1.02000000e-01  1.12586211e+00  1.02000000e-01  1.38778025e+00  1.02000000e-01  1.52090396e+00  1.02000000e-01  8.75975197e-01  1.02000000e-01  7.27268104e-01  1.02000000e-01  1.35143787e+00  1.02000000e-01  1.90231515e+00  1.02000000e-01  8.48576413e-01  1.02000000e-01  8.60130896e-01  1.02000000e-01  1.88464642e+00  1.02000000e-01  7.35676297e-01  1.02000000e-01  8.78247218e-01  1.02000000e-01  1.05663714e+00  1.02000000e-01  1.03006002e+00  1.02000000e-01  1.25771565e+00  1.02000000e-01  2.03675530e+00  1.02000000e-01  1.05211061e+00  1.02000000e-01  1.05507400e+00  1.02000000e-01  2.49107642e+00  1.02000000e-01  1.03189124e+00  1.02000000e-01  1.05862425e+00  1.02000000e-01  2.91536358e+00  1.02000000e-01  2.86312928e+00  1.02000000e-01  2.93798205e+00  1.02000000e-01  2.93835781e+00  1.02000000e-01  2.90933777e+00  1.02000000e-01  2.91201233e+00  1.02000000e-01  2.93834586e+00  1.02000000e-01  2.86801038e+00  1.02000000e-01  2.91581568e+00 
 1.08528000e-01  1.54043401e+00  1.08528000e-01  1.37195159e+00  1.08528000e-01  1.39423120e+00  1.08528000e-01  1.56208923e+00  1.08528000e-01  1.45407735e+00  1.08528000e-01  1.37095497e+00  1.08528000e-01  1.12586211e+00  1.08528000e-01  1.38778025e+00  1.08528000e-01  1.52090396e+00  1.08528000e-01  8.75975197e-01  1.08528000e-01  7.27268104e-01  1.08528000e-01  1.35143787e+00  1.08528000e-01  1.90231515e+00  1.08528000e-01  8.48576413e-01  1.08528000e-01  8.60130896e-01  1.08528000e-01  1.88464642e+00  1.08528000e-01  7.35676297e-01  1.08528000e-01  8.78247218e-01  1.08528000e-01  1.05663714e+00  1.08528000e-01  1.03006002e+00  1.08528000e-01  1.25771565e+00  1.08528000e-01  2.03675530e+00  1.08528000e-01  1.05211061e+00  1.08528000e-01  1.05507400e+00  1.08528000e-01  2.49107642e+00  1.08528000e-01  1.03189124e+00  1.08528000e-01  1.05862425e+00  1.08528000e-01  2.91536358e+00  1.08528000e-01  2.86312928e+00  1.08528000e-01  2.93798205e+00  1.08528000e-01  2.93835781e+00  1.08528000e-01  2.90933777e+00  1.08528000e-01  2.91201233e+00  1.08528000e-01  2.93834586e+00  1.08528000e-01  2.86801038e+00  1.08528000e-01  2.91581568e+00 
 1.21584000e-01  1.54043401e+00  1.21584000e-01  1.37195159e+00  1.21584000e-01  1.39423120e+00  1.21584000e-01  1.56208923e+00  1.21584000e-01  1.45407735e+00  1.21584000e-01  1.37095497e+00  1.21584000e-01  1.12586211e+00  1.21584000e-01  1.38778025e+00  1.21584000e-01  1.52090396e+00  1.21584000e-01  8.75975197e-01  1.21584000e-01  7.27268104e-01  1.21584000e-01  1.35143787e+00  1.21584000e-01  1.90231515e+00  1.21584000e-01  8.48576413e-01  1.21584000e-01  8.60130896e-01  1.21584000e-01  1.88464642e+00  1.21584000e-01  7.35676297e-01  1.21584000e-01  8.78247218e-01  1.21584000e-01  1.05663714e+00  1.21584000e-01  1.03006002e+00  1.21584000e-01  1.25771565e+00  1.21584000e-01  2.03675530e+00  1.21584000e-01  1.05211061e+00  1.21584000e-01  1.05507400e+00  1.21584000e-01  2.49107642e+00  1.21584000e-01  1.03189124e+00  1.21584000e-01  1.05862425e+00  1.21584000e-01  2.91536358e+00  1.21584000e-01  2.86312928e+00  1.21584000e-01  2.93798205e+00  1.21584000e-01  2.93835781e+00  1.21584000e-01  2.90933777e+00  1.21584000e-01  2.91201233e+00  1.21584000e-01  2.93834586e+00  1.21584000e-01  2.86801038e+00  1.21584000e-01  2.91581568e+00 
 1.47696000e-01  1.54043401e+00  1.47696000e-01  1.37195159e+00  1.47696000e-01  1.39423120e+00  1.47696000e-01  1.56208923e+00  1.47696000e-01  1.45407735e+00  1.47696000e-01  1.37095497e+00  1.47696000e-01  1.12586211e+00  1.47696000e-01  1.38778025e+00  1.47696000e-01  1.52090396e+00  1.47696000e-01  8.75975197e-01  1.47696000e-01  7.27268104e-01  1.47696000e-01  1.35143787e+00  1.47696000e-01  1.90231515e+00  1.47696000e-01  8.48576413e-01  1.47696000e-01  8.60130896e-01  1.47696000e-01  1.88464642e+00  1.47696000e-01  7.35676297e-01  1.47696000e-01  8.78247218e-01  1.47696000e-01  1.05663714e+00  1.47696000e-01  1.03006002e+00  1.47696000e-01  1.25771565e+00  1.47696000e-01  2.03675530e+00  1.47696000e-01  1.05211061e+00  1.47696000e-01  1.05507400e+00  1.47696000e-01  2.49107642e+00  1.47696000e-01  1.03189124e+00  1.47696000e-01  1.05862425e+00  1.47696000e-01  2.91536358e+00  1.47696000e-01  2.86312928e+00  1.47696000e-01  2.93798205e+00  1.47696000e-01  2.93835781e+00  1.47696000e-01  2.90933777e+00  1.47696000e-01  2.91201233e+00  1.47696000e-01  2.93834586e+00  1.47696000e-01  2.86801038e+00  1.47696000e-01  2.91581568e+00 
 1.98000000e-01  1.54043401e+00  1.98000000e-01  1.37195159e+00  1.98000000e-01  1.39423120e+00  1.98000000e-01  1.56208923e+00  1.98000000e-01  1.45407735e+00  1.98000000e-01  1.37095497e+00  1.98000000e-01  1.12586211e+00  1.98000000e-01  1.38778025e+00  1.98000000e-01  1.52090396e+00  1.98000000e-01  8.75975197e-01  1.98000000e-01  7.27268104e-01  1.98000000e-01  1.35143787e+00  1.98000000e-01  1.90231515e+00  1.98000000e-01  8.48576413e-01  1.98000000e-01  8.60130896e-01  1.98000000e-01  1.88464642e+00  1.98000000e-01  7.35676297e-01  1.98000000e-01  8.78247218e-01  1.98000000e-01  1.05663714e+00  1.98000000e-01  1.03006002e+00  1.98000000e-01  1.25771565e+00  1.98000000e-01  2.03675530e+00  1.98000000e-01  1.05211061e+00  1.98000000e-01  1.05507400e+00  1.98000000e-01  2.49107642e+00  1.98000000e-01  1.03189124e+00  1.98000000e-01  1.05862425e+00  1.98000000e-01  2.91536358e+00  1.98000000e-01  2.86312928e+00  1.98000000e-01  2.93798205e+00  1.98000000e-01  2.93835781e+00  1.98000000e-01  2.90933777e+00  1.98000000e-01  2.91201233e+00  1.98000000e-01  2.93834586e+00  1.98000000e-01  2.86801038e+00  1.98000000e-01  2.91581568e+00 
 2.03222400e-01  1.53065387e+00  2.03222400e-01  1.37163264e+00  2.03222400e-01  1.38380944e+00  2.03222400e-01  1.54381993e+00  2.03222400e-01  1.44097143e+00  2.03222400e-01  1.37745056e+00  2.03222400e-01  1.13272600e+00  2.03222400e-01  1.39056076e+00  2.03222400e-01  1.49934393e+00  2.03222400e-01  8.44918938e-01  2.03222400e-01  7.29237169e-01  2.03222400e-01  1.34529980e+00  2.03222400e-01  1.83399048e+00  2.03222400e-01  8.57267952e-01  2.03222400e-01  8.74999322e-01  2.03222400e-01  1.83664748e+00  2.03222400e-01  6.88868970e-01  2.03222400e-01  8.80700005e-01  2.03222400e-01  1.04747236e+00  2.03222400e-01  1.02786184e+00  2.03222400e-01  1.24999861e+00  2.03222400e-01  1.70803853e+00  2.03222400e-01  1.05139255e+00  2.03222400e-01  1.05583140e+00  2.03222400e-01  2.46259487e+00  2.03222400e-01  1.02292386e+00  2.03222400e-01  1.05644856e+00  2.03222400e-01  2.90844813e+00  2.03222400e-01  2.86430998e+00  2.03222400e-01  2.93797782e+00  2.03222400e-01  2.93831158e+00  2.03222400e-01  2.91136840e+00  2.03222400e-01  2.91516725e+00  2.03222400e-01  2.93831338e+00  2.03222400e-01  2.83340025e+00  2.03222400e-01  2.91629601e+00 
 2.13667200e-01  1.51557518e+00  2.13667200e-01  1.38185288e+00  2.13667200e-01  1.36424773e+00  2.13667200e-01  1.50358696e+00  2.13667200e-01  1.41434442e+00  2.13667200e-01  1.40794232e+00  2.13667200e-01  1.15875021e+00  2.13667200e-01  1.41074494e+00  2.13667200e-01  1.44888563e+00  2.13667200e-01  7.84327351e-01  2.13667200e-01  7.33865457e-01  2.13667200e-01  1.33280102e+00  2.13667200e-01  1.68812030e+00  2.13667200e-01  8.76628266e-01  2.13667200e-01  9.02188006e-01  2.13667200e-01  1.73254099e+00  2.13667200e-01  6.00748075e-01  2.13667200e-01  8.85568598e-01  2.13667200e-01  1.02581699e+00  2.13667200e-01  1.01869115e+00  2.13667200e-01  1.22755642e+00  2.13667200e-01  1.43454270e+00  2.13667200e-01  1.04524794e+00  2.13667200e-01  1.05192265e+00  2.13667200e-01  2.36729348e+00  2.13667200e-01  1.00468869e+00  2.13667200e-01  1.04670599e+00  2.13667200e-01  2.89006964e+00  2.13667200e-01  2.86699359e+00  2.13667200e-01  2.93796921e+00  2.13667200e-01  2.93821253e+00  2.13667200e-01  2.91549424e+00  2.13667200e-01  2.92017258e+00  2.13667200e-01  2.93824274e+00  2.13667200e-01  2.00696582e+00  2.13667200e-01  2.91722594e+00 
 2.34556800e-01  1.55240942e+00  2.34556800e-01  1.43258366e+00  2.34556800e-01  1.35079937e+00  2.34556800e-01  1.48671407e+00  2.34556800e-01  1.40064199e+00  2.34556800e-01  1.50742300e+00  2.34556800e-01  1.18429950e+00  2.34556800e-01  1.48794549e+00  2.34556800e-01  1.39567598e+00  2.34556800e-01  6.70614565e-01  2.34556800e-01  7.46011155e-01  2.34556800e-01  1.30688791e+00  2.34556800e-01  1.39207239e+00  2.34556800e-01  9.47985907e-01  2.34556800e-01  9.45961379e-01  2.34556800e-01  1.52338263e+00  2.34556800e-01  4.82457497e-01  2.34556800e-01  8.95500534e-01  2.34556800e-01  9.90631580e-01  2.34556800e-01  1.00101621e+00  2.34556800e-01  1.18540933e+00  2.34556800e-01  1.20113357e+00  2.34556800e-01  1.04231247e+00  2.34556800e-01  1.04217493e+00  2.34556800e-01  1.46665265e+00  2.34556800e-01  9.82108047e-01  2.34556800e-01  1.02822273e+00  2.34556800e-01  2.81081370e+00  2.34556800e-01  2.87349008e+00  2.34556800e-01  2.93795135e+00  2.34556800e-01  2.93801000e+00  2.34556800e-01  2.92659333e+00  2.34556800e-01  2.92635981e+00  2.34556800e-01  2.93810008e+00  2.34556800e-01  3.75677232e-01  2.34556800e-01  2.91902844e+00 
 2.67278400e-01  1.53617411e+00  2.67278400e-01  1.44474668e+00  2.67278400e-01  1.34101212e+00  2.67278400e-01  1.45636229e+00  2.67278400e-01  1.38165211e+00  2.67278400e-01  1.52980485e+00  2.67278400e-01  1.20487030e+00  2.67278400e-01  1.51523369e+00  2.67278400e-01  1.36945585e+00  2.67278400e-01  5.18218899e-01  2.67278400e-01  7.73066750e-01  2.67278400e-01  1.26372203e+00  2.67278400e-01  9.51824565e-01  2.67278400e-01  1.13890939e+00  2.67278400e-01  9.84787699e-01  2.67278400e-01  1.21294893e+00  2.67278400e-01  4.77655065e-01  2.67278400e-01  9.12698821e-01  2.67278400e-01  9.45056662e-01  2.67278400e-01  9.67740004e-01  2.67278400e-01  1.11532621e+00  2.67278400e-01  1.00043871e+00  2.67278400e-01  1.06009408e+00  2.67278400e-01  1.01228969e+00  2.67278400e-01  1.11839279e+00  2.67278400e-01  9.45435955e-01  2.67278400e-01  9.93215108e-01  2.67278400e-01  8.37050718e-01  2.67278400e-01  2.88570700e+00  2.67278400e-01  2.93792157e+00  2.67278400e-01  2.92702362e+00  2.67278400e-01  2.93639000e+00  2.67278400e-01  2.93004710e+00  2.67278400e-01  2.93770582e+00  2.67278400e-01  3.16479416e-01  2.67278400e-01  2.92186121e+00 
 3.00000000e-01  1.43133706e+00  3.00000000e-01  1.47151626e+00  3.00000000e-01  1.32643676e+00  3.00000000e-01  1.33954732e+00  3.00000000e-01  1.31919535e+00  3.00000000e-01  1.55251684e+00  3.00000000e-01  1.30139027e+00  3.00000000e-01  1.59172154e+00  3.00000000e-01  1.31640960e+00  3.00000000e-01  4.05032669e-01  3.00000000e-01  8.09679161e-01  3.00000000e-01  1.21721101e+00  3.00000000e-01  5.77767649e-01  3.00000000e-01  1.41532805e+00  3.00000000e-01  1.00342278e+00  3.00000000e-01  9.37795509e-01  3.00000000e-01  5.73937548e-01  3.00000000e-01  9.30950571e-01  3.00000000e-01  9.37316060e-01  3.00000000e-01  9.66032098e-01  3.00000000e-01  1.08570879e+00  3.00000000e-01  9.38100335e-01  3.00000000e-01  1.16887455e+00  3.00000000e-01  1.00872222e+00  3.00000000e-01  1.00119094e+00  3.00000000e-01  9.39457894e-01  3.00000000e-01  9.89392218e-01  3.00000000e-01  1.47022270e-01  3.00000000e-01  2.89868561e+00  3.00000000e-01  2.93774645e+00  3.00000000e-01  1.66990867e+00  3.00000000e-01  2.93802599e+00  3.00000000e-01  2.93121797e+00  3.00000000e-01  2.92537153e+00  3.00000000e-01  1.61443352e+00  3.00000000e-01  2.92448548e+00 
 3.06544320e-01  1.43133706e+00  3.06544320e-01  1.47151626e+00  3.06544320e-01  1.32643676e+00  3.06544320e-01  1.33954732e+00  3.06544320e-01  1.31919535e+00  3.06544320e-01  1.55251684e+00  3.06544320e-01  1.30139027e+00  3.06544320e-01  1.59172154e+00  3.06544320e-01  1.31640960e+00  3.06544320e-01  4.05032669e-01  3.06544320e-01  8.09679161e-01  3.06544320e-01  1.21721101e+00  3.06544320e-01  5.77767649e-01  3.06544320e-01  1.41532805e+00  3.06544320e-01  1.00342278e+00  3.06544320e-01  9.37795509e-01  3.06544320e-01  5.73937548e-01  3.06544320e-01  9.30950571e-01  3.06544320e-01  9.37316061e-01  3.06544320e-01  9.66032098e-01  3.06544320e-01  1.08570879e+00  3.06544320e-01  9.38100335e-01  3.06544320e-01  1.16887455e+00  3.06544320e-01  1.00872222e+00  3.06544320e-01  1.00119094e+00  3.06544320e-01  9.39457894e-01  3.06544320e-01  9.89392218e-01  3.06544320e-01  1.47022270e-01  3.06544320e-01  2.89868561e+00  3.06544320e-01  2.93774645e+00  3.06544320e-01  1.66990867e+00  3.06544320e-01  2.93802599e+00  3.06544320e-01  2.93121797e+00  3.06544320e-01  2.92537153e+00  3.06544320e-01  1.61443352e+00  3.06544320e-01  2.92448548e+00 
 3.19632960e-01  1.43133706e+00  3.19632960e-01  1.47151626e+00  3.19632960e-01  1.32643676e+00  3.19632960e-01  1.33954732e+00  3.19632960e-01  1.31919535e+00  3.19632960e-01  1.55251684e+00  3.19632960e-01  1.30139027e+00  3.19632960e-01  1.59172154e+00  3.19632960e-01  1.31640960e+00  3.19632960e-01  4.05032669e-01  3.19632960e-01  8.09679161e-01  3.19632960e-01  1.21721101e+00  3.19632960e-01  5.77767649e-01  3.19632960e-01  1.41532805e+00  3.19632960e-01  1.00342278e+00  3.19632960e-01  9.37795509e-01  3.19632960e-01  5.73937548e-01  3.19632960e-01  9.30950571e-01  3.19632960e-01  9.37316061e-01  3.19632960e-01  9.66032098e-01  3.19632960e-01  1.08570879e+00  3.19632960e-01  9.38100335e-01  3.19632960e-01  1.16887455e+00  3.19632960e-01  1.00872222e+00  3.19632960e-01  1.00119094e+00  3.19632960e-01  9.39457894e-01  3.19632960e-01  9.89392218e-01  3.19632960e-01  1.47022270e-01  3.19632960e-01  2.89868561e+00  3.19632960e-01  2.93774645e+00  3.19632960e-01  1.66990867e+00  3.19632960e-01  2.93802599e+00  3.19632960e-01  2.93121797e+00  3.19632960e-01  2.92537153e+00  3.19632960e-01  1.61443352e+00  3.19632960e-01  2.92448548e+00 
 3.45810240e-01  1.43133706e+00  3.45810240e-01  1.47151626e+00  3.45810240e-01  1.32643676e+00  3.45810240e-01  1.33954732e+00  3.45810240e-01  1.31919535e+00  3.45810240e-01  1.55251684e+00  3.45810240e-01  1.30139027e+00  3.45810240e-01  1.59172154e+00  3.45810240e-01  1.31640960e+00  3.45810240e-01  4.05032669e-01  3.45810240e-01  8.09679161e-01  3.45810240e-01  1.21721101e+00  3.45810240e-01  5.77767649e-01  3.45810240e-01  1.41532805e+00  3.45810240e-01  1.00342278e+00  3.45810240e-01  9.37795509e-01  3.45810240e-01  5.73937548e-01  3.45810240e-01  9.30950571e-01  3.45810240e-01  9.37316060e-01  3.45810240e-01  9.66032098e-01  3.45810240e-01  1.08570879e+00  3.45810240e-01  9.38100335e-01  3.45810240e-01  1.16887455e+00  3.45810240e-01  1.00872222e+00  3.45810240e-01  1.00119094e+00  3.45810240e-01  9.39457894e-01  3.45810240e-01  9.89392218e-01  3.45810240e-01  1.47022270e-01  3.45810240e-01  2.89868561e+00  3.45810240e-01  2.93774645e+00  3.45810240e-01  1.66990867e+00  3.45810240e-01  2.93802599e+00  3.45810240e-01  2.93121797e+00  3.45810240e-01  2.92537153e+00  3.45810240e-01  1.61443352e+00  3.45810240e-01  2.92448548e+00 
 3.98164800e-01  1.43133706e+00  3.98164800e-01  1.47151626e+00  3.98164800e-01  1.32643676e+00  3.98164800e-01  1.33954732e+00  3.98164800e-01  1.31919535e+00  3.98164800e-01  1.55251684e+00  3.98164800e-01  1.30139027e+00  3.98164800e-01  1.59172154e+00  3.98164800e-01  1.31640960e+00  3.98164800e-01  4.05032669e-01  3.98164800e-01  8.09679161e-01  3.98164800e-01  1.21721101e+00  3.98164800e-01  5.77767649e-01  3.98164800e-01  1.41532805e+00  3.98164800e-01  1.00342278e+00  3.98164800e-01  9.37795509e-01  3.98164800e-01  5.73937548e-01  3.98164800e-01  9.30950571e-01  3.98164800e-01  9.37316062e-01  3.98164800e-01  9.66032098e-01  3.98164800e-01  1.08570879e+00  3.98164800e-01  9.38100336e-01  3.98164800e-01  1.16887455e+00  3.98164800e-01  1.00872222e+00  3.98164800e-01  1.00119094e+00  3.98164800e-01  9.39457894e-01  3.98164800e-01  9.89392218e-01  3.98164800e-01  1.47022270e-01  3.98164800e-01  2.89868561e+00  3.98164800e-01  2.93774645e+00  3.98164800e-01  1.66990867e+00  3.98164800e-01  2.93802599e+00  3.98164800e-01  2.93121797e+00  3.98164800e-01  2.92537153e+00  3.98164800e-01  1.61443352e+00  3.98164800e-01  2.92448548e+00 
 4.98000000e-01  1.43133706e+00  4.98000000e-01  1.47151626e+00  4.98000000e-01  1.32643676e+00  4.98000000e-01  1.33954732e+00  4.98000000e-01  1.31919535e+00  4.98000000e-01  1.55251684e+00  4.98000000e-01  1.30139027e+00  4.98000000e-01  1.59172154e+00  4.98000000e-01  1.31640960e+00  4.98000000e-01  4.05032669e-01  4.98000000e-01  8.09679161e-01  4.98000000e-01  1.21721101e+00  4.98000000e-01  5.77767649e-01  4.98000000e-01  1.41532805e+00  4.98000000e-01  1.00342278e+00  4.98000000e-01  9.37795509e-01  4.98000000e-01  5.73937548e-01  4.98000000e-01  9.30950571e-01  4.98000000e-01  9.37316060e-01  4.98000000e-01  9.66032098e-01  4.98000000e-01  1.08570879e+00  4.98000000e-01  9.38100335e-01  4.98000000e-01  1.16887455e+00  4.98000000e-01  1.00872222e+00  4.98000000e-01  1.00119094e+00  4.98000000e-01  9.39457894e-01  4.98000000e-01  9.89392218e-01  4.98000000e-01  1.47022270e-01  4.98000000e-01  2.89868561e+00  4.98000000e-01  2.93774645e+00  4.98000000e-01  1.66990867e+00  4.98000000e-01  2.93802599e+00  4.98000000e-01  2.93121797e+00  4.98000000e-01  2.92537153e+00  4.98000000e-01  1.61443352e+00  4.98000000e-01  2.92448548e+00 
 5.08200000e-01  1.47408229e+00  5.08200000e-01  1.44720084e+00  5.08200000e-01  1.32623663e+00  5.08200000e-01  1.39129563e+00  5.08200000e-01  1.34330626e+00  5.08200000e-01  1.52798260e+00  5.08200000e-01  1.24230752e+00  5.08200000e-01  1.54161798e+00  5.08200000e-01  1.33789236e+00  5.08200000e-01  4.49856802e-01  5.08200000e-01  8.31198756e-01  5.08200000e-01  1.21127080e+00  5.08200000e-01  6.01047753e-01  5.08200000e-01  1.42846324e+00  5.08200000e-01  9.99891877e-01  5.08200000e-01  9.47376270e-01  5.08200000e-01  5.58943739e-01  5.08200000e-01  9.43501372e-01  5.08200000e-01  9.39705595e-01  5.08200000e-01  9.72486171e-01  5.08200000e-01  1.08623108e+00  5.08200000e-01  9.41758236e-01  5.08200000e-01  1.17916402e+00  5.08200000e-01  1.01038165e+00  5.08200000e-01  1.00659705e+00  5.08200000e-01  9.41198790e-01  5.08200000e-01  9.94991903e-01  5.08200000e-01  2.10999158e-01  5.08200000e-01  2.90491460e+00  5.08200000e-01  2.93768870e+00  5.08200000e-01  2.01140423e+00  5.08200000e-01  2.93803501e+00  5.08200000e-01  2.93102665e+00  5.08200000e-01  2.92652349e+00  5.08200000e-01  1.39948740e+00  5.08200000e-01  2.92606992e+00 
 5.28600000e-01  1.53994903e+00  5.28600000e-01  1.44971273e+00  5.28600000e-01  1.34420833e+00  5.28600000e-01  1.45992961e+00  5.28600000e-01  1.38438921e+00  5.28600000e-01  1.53478643e+00  5.28600000e-01  1.20475601e+00  5.28600000e-01  1.52356778e+00  5.28600000e-01  1.37476051e+00  5.28600000e-01  5.45659651e-01  5.28600000e-01  8.75555994e-01  5.28600000e-01  1.19478329e+00  5.28600000e-01  6.49605107e-01  5.28600000e-01  1.44995754e+00  5.28600000e-01  9.92814416e-01  5.28600000e-01  9.66724487e-01  5.28600000e-01  5.45912406e-01  5.28600000e-01  9.69111683e-01  5.28600000e-01  9.45305988e-01  5.28600000e-01  9.86662737e-01  5.28600000e-01  1.08564416e+00  5.28600000e-01  9.50369950e-01  5.28600000e-01  1.19807625e+00  5.28600000e-01  1.01389249e+00  5.28600000e-01  1.01791929e+00  5.28600000e-01  9.45684054e-01  5.28600000e-01  1.00681865e+00  5.28600000e-01  1.21232031e+00  5.28600000e-01  2.91527940e+00  5.28600000e-01  2.93748735e+00  5.28600000e-01  2.74108164e+00  5.28600000e-01  2.93804976e+00  5.28600000e-01  2.93059994e+00  5.28600000e-01  2.92853935e+00  5.28600000e-01  1.21585046e+00  5.28600000e-01  2.92875938e+00 
 5.64300000e-01  1.57044888e+00  5.64300000e-01  1.43685131e+00  5.64300000e-01  1.35915991e+00  5.64300000e-01  1.50742925e+00  5.64300000e-01  1.41380812e+00  5.64300000e-01  1.51066661e+00  5.64300000e-01  1.17425917e+00  5.64300000e-01  1.49051916e+00  5.64300000e-01  1.41264752e+00  5.64300000e-01  7.31083865e-01  5.64300000e-01  9.66485511e-01  5.64300000e-01  1.15876158e+00  5.64300000e-01  7.40472539e-01  5.64300000e-01  1.48051592e+00  5.64300000e-01  9.88875441e-01  5.64300000e-01  1.00020377e+00  5.64300000e-01  5.11885272e-01  5.64300000e-01  1.01551411e+00  5.64300000e-01  9.73461048e-01  5.64300000e-01  1.02261156e+00  5.64300000e-01  1.08737677e+00  5.64300000e-01  9.74047264e-01  5.64300000e-01  1.23599293e+00  5.64300000e-01  1.02717939e+00  5.64300000e-01  1.04351271e+00  5.64300000e-01  9.58130700e-01  5.64300000e-01  1.03401633e+00  5.64300000e-01  2.86539579e+00  5.64300000e-01  2.92851697e+00  5.64300000e-01  2.93685034e+00  5.64300000e-01  2.87061926e+00  5.64300000e-01  2.93807072e+00  5.64300000e-01  2.93033774e+00  5.64300000e-01  2.93104413e+00  5.64300000e-01  7.52879594e-01  5.64300000e-01  2.93183120e+00 
 6.00000000e-01  1.48221777e+00  6.00000000e-01  1.34723970e+00  6.00000000e-01  1.36927978e+00  6.00000000e-01  1.50340507e+00  6.00000000e-01  1.41685474e+00  6.00000000e-01  1.34278843e+00  6.00000000e-01  1.15038184e+00  6.00000000e-01  1.35907086e+00  6.00000000e-01  1.47402736e+00  6.00000000e-01  9.37582401e-01  6.00000000e-01  1.08214850e+00  6.00000000e-01  1.12027575e+00  6.00000000e-01  8.37816923e-01  6.00000000e-01  1.51032024e+00  6.00000000e-01  1.00292683e+00  6.00000000e-01  1.03048394e+00  6.00000000e-01  4.52029238e-01  6.00000000e-01  1.06382476e+00  6.00000000e-01  1.03330375e+00  6.00000000e-01  1.08135854e+00  6.00000000e-01  1.09790638e+00  6.00000000e-01  1.01206888e+00  6.00000000e-01  1.29040781e+00  6.00000000e-01  1.05429636e+00  6.00000000e-01  1.07855445e+00  6.00000000e-01  9.79175393e-01  6.00000000e-01  1.07276689e+00  6.00000000e-01  2.92534474e+00  6.00000000e-01  2.93466116e+00  6.00000000e-01  2.93588961e+00  6.00000000e-01  2.90665870e+00  6.00000000e-01  2.93809114e+00  6.00000000e-01  2.93119197e+00  6.00000000e-01  2.93254629e+00  6.00000000e-01  2.15270578e-01  6.00000000e-01  2.93397180e+00 
 6.07140000e-01  1.48221777e+00  6.07140000e-01  1.34723970e+00  6.07140000e-01  1.36927978e+00  6.07140000e-01  1.50340507e+00  6.07140000e-01  1.41685474e+00  6.07140000e-01  1.34278843e+00  6.07140000e-01  1.15038184e+00  6.07140000e-01  1.35907086e+00  6.07140000e-01  1.47402736e+00  6.07140000e-01  9.37582401e-01  6.07140000e-01  1.08214850e+00  6.07140000e-01  1.12027575e+00  6.07140000e-01  8.37816923e-01  6.07140000e-01  1.51032024e+00  6.07140000e-01  1.00292683e+00  6.07140000e-01  1.03048394e+00  6.07140000e-01  4.52029238e-01  6.07140000e-01  1.06382476e+00  6.07140000e-01  1.03330375e+00  6.07140000e-01  1.08135854e+00  6.07140000e-01  1.09790638e+00  6.07140000e-01  1.01206888e+00  6.07140000e-01  1.29040781e+00  6.07140000e-01  1.05429636e+00  6.07140000e-01  1.07855445e+00  6.07140000e-01  9.79175395e-01  6.07140000e-01  1.07276690e+00  6.07140000e-01  2.92534474e+00  6.07140000e-01  2.93466116e+00  6.07140000e-01  2.93588961e+00  6.07140000e-01  2.90665870e+00  6.07140000e-01  2.93809114e+00  6.07140000e-01  2.93119197e+00  6.07140000e-01  2.93254629e+00  6.07140000e-01  2.15270578e-01  6.07140000e-01  2.93397180e+00 
 6.21420000e-01  1.48221777e+00  6.21420000e-01  1.34723970e+00  6.21420000e-01  1.36927978e+00  6.21420000e-01  1.50340507e+00  6.21420000e-01  1.41685474e+00  6.21420000e-01  1.34278843e+00  6.21420000e-01  1.15038184e+00  6.21420000e-01  1.35907086e+00  6.21420000e-01  1.47402736e+00  6.21420000e-01  9.37582401e-01  6.21420000e-01  1.08214850e+00  6.21420000e-01  1.12027575e+00  6.21420000e-01  8.37816923e-01  6.21420000e-01  1.51032024e+00  6.21420000e-01  1.00292683e+00  6.21420000e-01  1.03048394e+00  6.21420000e-01  4.52029238e-01  6.21420000e-01  1.06382476e+00  6.21420000e-01  1.03330375e+00  6.21420000e-01  1.08135854e+00  6.21420000e-01  1.09790638e+00  6.21420000e-01  1.01206888e+00  6.21420000e-01  1.29040781e+00  6.21420000e-01  1.05429636e+00  6.21420000e-01  1.07855445e+00  6.21420000e-01  9.79175393e-01  6.21420000e-01  1.07276689e+00  6.21420000e-01  2.92534474e+00  6.21420000e-01  2.93466116e+00  6.21420000e-01  2.93588961e+00  6.21420000e-01  2.90665870e+00  6.21420000e-01  2.93809114e+00  6.21420000e-01  2.93119197e+00  6.21420000e-01  2.93254629e+00  6.21420000e-01  2.15270578e-01  6.21420000e-01  2.93397180e+00 
 6.49980000e-01  1.48221777e+00  6.49980000e-01  1.34723970e+00  6.49980000e-01  1.36927978e+00  6.49980000e-01  1.50340507e+00  6.49980000e-01  1.41685474e+00  6.49980000e-01  1.34278843e+00  6.49980000e-01  1.15038184e+00  6.49980000e-01  1.35907086e+00  6.49980000e-01  1.47402736e+00  6.49980000e-01  9.37582401e-01  6.49980000e-01  1.08214850e+00  6.49980000e-01  1.12027575e+00  6.49980000e-01  8.37816923e-01  6.49980000e-01  1.51032024e+00  6.49980000e-01  1.00292683e+00  6.49980000e-01  1.03048394e+00  6.49980000e-01  4.52029238e-01  6.49980000e-01  1.06382476e+00  6.49980000e-01  1.03330375e+00  6.49980000e-01  1.08135854e+00  6.49980000e-01  1.09790638e+00  6.49980000e-01  1.01206888e+00  6.49980000e-01  1.29040781e+00  6.49980000e-01  1.05429636e+00  6.49980000e-01  1.07855445e+00  6.49980000e-01  9.79175395e-01  6.49980000e-01  1.07276690e+00  6.49980000e-01  2.92534474e+00  6.49980000e-01  2.93466116e+00  6.49980000e-01  2.93588961e+00  6.49980000e-01  2.90665870e+00  6.49980000e-01  2.93809114e+00  6.49980000e-01  2.93119197e+00  6.49980000e-01  2.93254629e+00  6.49980000e-01  2.15270578e-01  6.49980000e-01  2.93397180e+00 
 7.07100000e-01  1.48221777e+00  7.07100000e-01  1.34723970e+00  7.07100000e-01  1.36927978e+00  7.07100000e-01  1.50340507e+00  7.07100000e-01  1.41685474e+00  7.07100000e-01  1.34278843e+00  7.07100000e-01  1.15038184e+00  7.07100000e-01  1.35907086e+00  7.07100000e-01  1.47402736e+00  7.07100000e-01  9.37582401e-01  7.07100000e-01  1.08214850e+00  7.07100000e-01  1.12027575e+00  7.07100000e-01  8.37816923e-01  7.07100000e-01  1.51032024e+00  7.07100000e-01  1.00292683e+00  7.07100000e-01  1.03048394e+00  7.07100000e-01  4.52029238e-01  7.07100000e-01  1.06382476e+00  7.07100000e-01  1.03330375e+00  7.07100000e-01  1.08135854e+00  7.07100000e-01  1.09790638e+00  7.07100000e-01  1.01206888e+00  7.07100000e-01  1.29040781e+00  7.07100000e-01  1.05429636e+00  7.07100000e-01  1.07855445e+00  7.07100000e-01  9.79175393e-01  7.07100000e-01  1.07276689e+00  7.07100000e-01  2.92534474e+00  7.07100000e-01  2.93466116e+00  7.07100000e-01  2.93588961e+00  7.07100000e-01  2.90665870e+00  7.07100000e-01  2.93809114e+00  7.07100000e-01  2.93119197e+00  7.07100000e-01  2.93254629e+00  7.07100000e-01  2.15270578e-01  7.07100000e-01  2.93397180e+00 
 7.98000000e-01  1.48221777e+00  7.98000000e-01  1.34723970e+00  7.98000000e-01  1.36927978e+00  7.98000000e-01  1.50340507e+00  7.98000000e-01  1.41685474e+00  7.98000000e-01  1.34278843e+00  7.98000000e-01  1.15038184e+00  7.98000000e-01  1.35907086e+00  7.98000000e-01  1.47402736e+00  7.98000000e-01  9.37582401e-01  7.98000000e-01  1.08214850e+00  7.98000000e-01  1.12027575e+00  7.98000000e-01  8.37816923e-01  7.98000000e-01  1.51032024e+00  7.98000000e-01  1.00292683e+00  7.98000000e-01  1.03048394e+00  7.98000000e-01  4.52029238e-01  7.98000000e-01  1.06382476e+00  7.98000000e-01  1.03330375e+00  7.98000000e-01  1.08135854e+00  7.98000000e-01  1.09790638e+00  7.98000000e-01  1.01206888e+00  7.98000000e-01  1.29040781e+00  7.98000000e-01  1.05429636e+00  7.98000000e-01  1.07855445e+00  7.98000000e-01  9.79175395e-01  7.98000000e-01  1.07276690e+00  7.98000000e-01  2.92534474e+00  7.98000000e-01  2.93466116e+00  7.98000000e-01  2.93588961e+00  7.98000000e-01  2.90665870e+00  7.98000000e-01  2.93809114e+00  7.98000000e-01  2.93119197e+00  7.98000000e-01  2.93254629e+00  7.98000000e-01  2.15270578e-01  7.98000000e-01  2.93397180e+00 
 8.08200000e-01  1.49578618e+00  8.08200000e-01  1.36346833e+00  8.08200000e-01  1.36213695e+00  8.08200000e-01  1.49725143e+00  8.08200000e-01  1.41053908e+00  8.08200000e-01  1.37699141e+00  8.08200000e-01  1.15509005e+00  8.08200000e-01  1.38462748e+00  8.08200000e-01  1.45318191e+00  8.08200000e-01  8.91520024e-01  8.08200000e-01  1.03829539e+00  8.08200000e-01  1.12806746e+00  8.08200000e-01  8.77407974e-01  8.08200000e-01  1.50561223e+00  8.08200000e-01  9.91190587e-01  8.08200000e-01  1.07400984e+00  8.08200000e-01  4.45161922e-01  8.08200000e-01  1.04297043e+00  8.08200000e-01  1.02074549e+00  8.08200000e-01  1.06456512e+00  8.08200000e-01  1.09838624e+00  8.08200000e-01  1.01783930e+00  8.08200000e-01  1.28352062e+00  8.08200000e-01  1.04868473e+00  8.08200000e-01  1.09366046e+00  8.08200000e-01  9.77067833e-01  8.08200000e-01  1.06367335e+00  8.08200000e-01  2.91832106e+00  8.08200000e-01  2.93290062e+00  8.08200000e-01  2.93610684e+00  8.08200000e-01  2.91564949e+00  8.08200000e-01  2.93808792e+00  8.08200000e-01  2.93049398e+00  8.08200000e-01  2.93436302e+00  8.08200000e-01  2.02347740e-01  8.08200000e-01  2.93310664e+00 
 8.28600000e-01  1.56180613e+00  8.28600000e-01  1.42695543e+00  8.28600000e-01  1.36184773e+00  8.28600000e-01  1.50955599e+00  8.28600000e-01  1.41597538e+00  8.28600000e-01  1.49076309e+00  8.28600000e-01  1.17035555e+00  8.28600000e-01  1.47577760e+00  8.28600000e-01  1.42288406e+00  8.28600000e-01  8.01616908e-01  8.28600000e-01  9.57770197e-01  8.28600000e-01  1.14308674e+00  8.28600000e-01  9.59961810e-01  8.28600000e-01  1.49696434e+00  8.28600000e-01  9.73354533e-01  8.28600000e-01  1.16450427e+00  8.28600000e-01  4.38609514e-01  8.28600000e-01  1.00091493e+00  8.28600000e-01  1.00202448e+00  8.28600000e-01  1.03934989e+00  8.28600000e-01  1.10243434e+00  8.28600000e-01  1.03533044e+00  8.28600000e-01  1.27510346e+00  8.28600000e-01  1.04218748e+00  8.28600000e-01  1.13344198e+00  8.28600000e-01  9.75554920e-01  8.28600000e-01  1.04924606e+00  8.28600000e-01  2.89610931e+00  8.28600000e-01  2.92765788e+00  8.28600000e-01  2.93649314e+00  8.28600000e-01  2.92788181e+00  8.28600000e-01  2.93808199e+00  8.28600000e-01  2.92913488e+00  8.28600000e-01  2.93696929e+00  8.28600000e-01  1.91346855e-01  8.28600000e-01  2.93108357e+00 
 8.64300000e-01  1.56580078e+00  8.64300000e-01  1.45611201e+00  8.64300000e-01  1.35245084e+00  8.64300000e-01  1.48521604e+00  8.64300000e-01  1.39983303e+00  8.64300000e-01  1.54383463e+00  8.64300000e-01  1.19258554e+00  8.64300000e-01  1.52708883e+00  8.64300000e-01  1.39028284e+00  8.64300000e-01  6.52561335e-01  8.64300000e-01  8.40025488e-01  8.64300000e-01  1.16746355e+00  8.64300000e-01  1.11437742e+00  8.64300000e-01  1.51376836e+00  8.64300000e-01  9.62185411e-01  8.64300000e-01  1.33269963e+00  8.64300000e-01  4.64819574e-01  8.64300000e-01  9.30073595e-01  8.64300000e-01  9.90530510e-01  8.64300000e-01  1.01956061e+00  8.64300000e-01  1.12196387e+00  8.64300000e-01  1.08919823e+00  8.64300000e-01  1.30031202e+00  8.64300000e-01  1.04782707e+00  8.64300000e-01  1.24851059e+00  8.64300000e-01  9.83414868e-01  8.64300000e-01  1.03848854e+00  8.64300000e-01  2.76637820e+00  8.64300000e-01  2.90722410e+00  8.64300000e-01  2.93702806e+00  8.64300000e-01  2.93571755e+00  8.64300000e-01  2.93809350e+00  8.64300000e-01  2.92810359e+00  8.64300000e-01  2.93796914e+00  8.64300000e-01  2.45741977e-01  8.64300000e-01  2.92436813e+00 
 9.00000000e-01  1.44293515e+00  9.00000000e-01  1.47923778e+00  9.00000000e-01  1.33115144e+00  9.00000000e-01  1.34940079e+00  9.00000000e-01  1.32547004e+00  9.00000000e-01  1.56229565e+00  9.00000000e-01  1.29777910e+00  9.00000000e-01  1.60292652e+00  9.00000000e-01  1.32440048e+00  9.00000000e-01  5.16233213e-01  9.00000000e-01  7.44203557e-01  9.00000000e-01  1.18295660e+00  9.00000000e-01  1.27990603e+00  9.00000000e-01  1.56935605e+00  9.00000000e-01  9.42907493e-01  9.00000000e-01  1.51098773e+00  9.00000000e-01  5.71819094e-01  9.00000000e-01  8.65762677e-01  9.00000000e-01  1.00002193e+00  9.00000000e-01  1.01915108e+00  9.00000000e-01  1.14950156e+00  9.00000000e-01  1.17315666e+00  9.00000000e-01  1.37677394e+00  9.00000000e-01  1.06091219e+00  9.00000000e-01  1.52629978e+00  9.00000000e-01  1.00186711e+00  9.00000000e-01  1.04070912e+00  9.00000000e-01  8.10556172e-01  9.00000000e-01  2.87256908e+00  9.00000000e-01  2.93730724e+00  9.00000000e-01  2.93793274e+00  9.00000000e-01  2.93813153e+00  9.00000000e-01  2.92599892e+00  9.00000000e-01  2.93809160e+00  9.00000000e-01  1.58384504e+00  9.00000000e-01  2.91324411e+00 
 9.07140000e-01  1.44293515e+00  9.07140000e-01  1.47923778e+00  9.07140000e-01  1.33115144e+00  9.07140000e-01  1.34940079e+00  9.07140000e-01  1.32547004e+00  9.07140000e-01  1.56229565e+00  9.07140000e-01  1.29777910e+00  9.07140000e-01  1.60292652e+00  9.07140000e-01  1.32440048e+00  9.07140000e-01  5.16233213e-01  9.07140000e-01  7.44203557e-01  9.07140000e-01  1.18295660e+00  9.07140000e-01  1.27990603e+00  9.07140000e-01  1.56935605e+00  9.07140000e-01  9.42907493e-01  9.07140000e-01  1.51098773e+00  9.07140000e-01  5.71819094e-01  9.07140000e-01  8.65762677e-01  9.07140000e-01  1.00002193e+00  9.07140000e-01  1.01915108e+00  9.07140000e-01  1.14950156e+00  9.07140000e-01  1.17315666e+00  9.07140000e-01  1.37677394e+00  9.07140000e-01  1.06091219e+00  9.07140000e-01  1.52629978e+00  9.07140000e-01  1.00186711e+00  9.07140000e-01  1.04070912e+00  9.07140000e-01  8.10556172e-01  9.07140000e-01  2.87256908e+00  9.07140000e-01  2.93730724e+00  9.07140000e-01  2.93793274e+00  9.07140000e-01  2.93813153e+00  9.07140000e-01  2.92599892e+00  9.07140000e-01  2.93809160e+00  9.07140000e-01  1.58384504e+00  9.07140000e-01  2.91324411e+00 
 9.21420000e-01  1.44293515e+00  9.21420000e-01  1.47923778e+00  9.21420000e-01  1.33115144e+00  9.21420000e-01  1.34940079e+00  9.21420000e-01  1.32547004e+00  9.21420000e-01  1.56229565e+00  9.21420000e-01  1.29777910e+00  9.21420000e-01  1.60292652e+00  9.21420000e-01  1.32440048e+00  9.21420000e-01  5.16233213e-01  9.21420000e-01  7.44203557e-01  9.21420000e-01  1.18295660e+00  9.21420000e-01  1.27990603e+00  9.21420000e-01  1.56935605e+00  9.21420000e-01  9.42907493e-01  9.21420000e-01  1.51098773e+00  9.21420000e-01  5.71819094e-01  9.21420000e-01  8.65762677e-01  9.21420000e-01  1.00002193e+00  9.21420000e-01  1.01915108e+00  9.21420000e-01  1.14950156e+00  9.21420000e-01  1.17315666e+00  9.21420000e-01  1.37677394e+00  9.21420000e-01  1.06091219e+00  9.21420000e-01  1.52629978e+00  9.21420000e-01  1.00186711e+00  9.21420000e-01  1.04070912e+00  9.21420000e-01  8.10556172e-01  9.21420000e-01  2.87256908e+00  9.21420000e-01  2.93730724e+00  9.21420000e-01  2.93793274e+00  9.21420000e-01  2.93813153e+00  9.21420000e-01  2.92599892e+00  9.21420000e-01  2.93809160e+00  9.21420000e-01  1.58384504e+00  9.21420000e-01  2.91324411e+00 
 9.49980000e-01  1.44293515e+00  9.49980000e-01  1.47923778e+00  9.49980000e-01  1.33115144e+00  9.49980000e-01  1.34940079e+00  9.49980000e-01  1.32547004e+00  9.49980000e-01  1.56229565e+00  9.49980000e-01  1.29777910e+00  9.49980000e-01  1.60292652e+00  9.49980000e-01  1.32440048e+00  9.49980000e-01  5.16233213e-01  9.49980000e-01  7.44203557e-01  9.49980000e-01  1.18295660e+00  9.49980000e-01  1.27990603e+00  9.49980000e-01  1.56935605e+00  9.49980000e-01  9.42907493e-01  9.49980000e-01  1.51098773e+00  9.49980000e-01  5.71819094e-01  9.49980000e-01  8.65762677e-01  9.49980000e-01  1.00002193e+00  9.49980000e-01  1.01915108e+00  9.49980000e-01  1.14950156e+00  9.49980000e-01  1.17315666e+00  9.49980000e-01  1.37677394e+00  9.49980000e-01  1.06091219e+00  9.49980000e-01  1.52629978e+00  9.49980000e-01  1.00186711e+00  9.49980000e-01  1.04070912e+00  9.49980000e-01  8.10556172e-01  9.49980000e-01  2.87256908e+00  9.49980000e-01  2.93730724e+00  9.49980000e-01  2.93793274e+00  9.49980000e-01  2.93813153e+00  9.49980000e-01  2.92599892e+00  9.49980000e-01  2.93809160e+00  9.49980000e-01  1.58384504e+00  9.49980000e-01  2.91324411e+00 
 1.00710000e+00  1.44293515e+00  1.00710000e+00  1.47923778e+00  1.00710000e+00  1.33115144e+00  1.00710000e+00  1.34940079e+00  1.00710000e+00  1.32547004e+00  1.00710000e+00  1.56229565e+00  1.00710000e+00  1.29777910e+00  1.00710000e+00  1.60292652e+00  1.00710000e+00  1.32440048e+00  1.00710000e+00  5.16233213e-01  1.00710000e+00  7.44203557e-01  1.00710000e+00  1.18295660e+00  1.00710000e+00  1.27990603e+00  1.00710000e+00  1.56935605e+00  1.00710000e+00  9.42907493e-01  1.00710000e+00  1.51098773e+00  1.00710000e+00  5.71819094e-01  1.00710000e+00  8.65762677e-01  1.00710000e+00  1.00002193e+00  1.00710000e+00  1.01915108e+00  1.00710000e+00  1.14950156e+00  1.00710000e+00  1.17315666e+00  1.00710000e+00  1.37677394e+00  1.00710000e+00  1.06091219e+00  1.00710000e+00  1.52629978e+00  1.00710000e+00  1.00186711e+00  1.00710000e+00  1.04070912e+00  1.00710000e+00  8.10556172e-01  1.00710000e+00  2.87256908e+00  1.00710000e+00  2.93730724e+00  1.00710000e+00  2.93793274e+00  1.00710000e+00  2.93813153e+00  1.00710000e+00  2.92599892e+00  1.00710000e+00  2.93809160e+00  1.00710000e+00  1.58384504e+00  1.00710000e+00  2.91324411e+00 
 1.09800000e+00  1.44293515e+00  1.09800000e+00  1.47923778e+00  1.09800000e+00  1.33115144e+00  1.09800000e+00  1.34940079e+00  1.09800000e+00  1.32547004e+00  1.09800000e+00  1.56229565e+00  1.09800000e+00  1.29777910e+00  1.09800000e+00  1.60292652e+00  1.09800000e+00  1.32440048e+00  1.09800000e+00  5.16233213e-01  1.09800000e+00  7.44203557e-01  1.09800000e+00  1.18295660e+00  1.09800000e+00  1.27990603e+00  1.09800000e+00  1.56935605e+00  1.09800000e+00  9.42907493e-01  1.09800000e+00  1.51098773e+00  1.09800000e+00  5.71819094e-01  1.09800000e+00  8.65762677e-01  1.09800000e+00  1.00002193e+00  1.09800000e+00  1.01915108e+00  1.09800000e+00  1.14950156e+00  1.09800000e+00  1.17315666e+00  1.09800000e+00  1.37677394e+00  1.09800000e+00  1.06091219e+00  1.09800000e+00  1.52629978e+00  1.09800000e+00  1.00186711e+00  1.09800000e+00  1.04070912e+00  1.09800000e+00  8.10556172e-01  1.09800000e+00  2.87256908e+00  1.09800000e+00  2.93730724e+00  1.09800000e+00  2.93793274e+00  1.09800000e+00  2.93813153e+00  1.09800000e+00  2.92599892e+00  1.09800000e+00  2.93809160e+00  1.09800000e+00  1.58384504e+00  1.09800000e+00  2.91324411e+00 
 1.10820000e+00  1.44337560e+00  1.10820000e+00  1.47838143e+00  1.10820000e+00  1.33109767e+00  1.10820000e+00  1.35026440e+00  1.10820000e+00  1.32586442e+00  1.10820000e+00  1.56119872e+00  1.10820000e+00  1.29663477e+00  1.10820000e+00  1.60135469e+00  1.10820000e+00  1.32483157e+00  1.10820000e+00  5.18060804e-01  1.10820000e+00  7.44774197e-01  1.10820000e+00  1.18306943e+00  1.10820000e+00  1.21593825e+00  1.10820000e+00  1.55336252e+00  1.10820000e+00  9.46515204e-01  1.10820000e+00  1.45625936e+00  1.10820000e+00  5.56752549e-01  1.10820000e+00  8.69246651e-01  1.10820000e+00  9.92778704e-01  1.10820000e+00  1.01181064e+00  1.10820000e+00  1.14035891e+00  1.10820000e+00  1.13727819e+00  1.10820000e+00  1.34813180e+00  1.10820000e+00  1.05394657e+00  1.10820000e+00  1.39122184e+00  1.10820000e+00  9.93923013e-01  1.10820000e+00  1.03383476e+00  1.10820000e+00  8.34937805e-01  1.10820000e+00  2.87286146e+00  1.10820000e+00  2.93730909e+00  1.10820000e+00  2.93773475e+00  1.10820000e+00  2.93812059e+00  1.10820000e+00  2.92642415e+00  1.10820000e+00  2.93805409e+00  1.10820000e+00  1.36839216e+00  1.10820000e+00  2.91398345e+00 
 1.12860000e+00  1.44079004e+00  1.12860000e+00  1.47573394e+00  1.12860000e+00  1.32969981e+00  1.12860000e+00  1.34828942e+00  1.12860000e+00  1.32445017e+00  1.12860000e+00  1.55800388e+00  1.12860000e+00  1.29670010e+00  1.12860000e+00  1.59722839e+00  1.12860000e+00  1.32279745e+00  1.12860000e+00  5.21722786e-01  1.12860000e+00  7.45917017e-01  1.12860000e+00  1.18329282e+00  1.12860000e+00  1.09205872e+00  1.12860000e+00  1.52939785e+00  1.12860000e+00  9.50254875e-01  1.12860000e+00  1.34843396e+00  1.12860000e+00  5.46451419e-01  1.12860000e+00  8.76398014e-01  1.12860000e+00  9.78157487e-01  1.12860000e+00  9.97020016e-01  1.12860000e+00  1.12208192e+00  1.12860000e+00  1.07582258e+00  1.12860000e+00  1.30215363e+00  1.12860000e+00  1.03900822e+00  1.12860000e+00  1.25157147e+00  1.12860000e+00  9.78901810e-01  1.12860000e+00  1.01995556e+00  1.12860000e+00  8.84032400e-01  1.12860000e+00  2.87344249e+00  1.12860000e+00  2.93731276e+00  1.12860000e+00  2.93500701e+00  1.12860000e+00  2.93810420e+00  1.12860000e+00  2.92684965e+00  1.12860000e+00  2.93797998e+00  1.12860000e+00  1.22338286e+00  1.12860000e+00  2.91544824e+00 
 1.16430000e+00  1.43585712e+00  1.16430000e+00  1.47266541e+00  1.16430000e+00  1.32788352e+00  1.16430000e+00  1.34416476e+00  1.16430000e+00  1.32188091e+00  1.16430000e+00  1.55396629e+00  1.16430000e+00  1.29835799e+00  1.16430000e+00  1.59285553e+00  1.16430000e+00  1.31970018e+00  1.16430000e+00  5.28153020e-01  1.16430000e+00  7.47921883e-01  1.16430000e+00  1.18367644e+00  1.16430000e+00  8.90480312e-01  1.16430000e+00  1.51289471e+00  1.16430000e+00  9.45727949e-01  1.16430000e+00  1.16689910e+00  1.16430000e+00  5.87097119e-01  1.16430000e+00  8.89684270e-01  1.16430000e+00  9.57014576e-01  1.16430000e+00  9.75690147e-01  1.16430000e+00  1.09601203e+00  1.16430000e+00  9.99267862e-01  1.16430000e+00  1.25453989e+00  1.16430000e+00  1.01496971e+00  1.16430000e+00  1.11073917e+00  1.16430000e+00  9.59495745e-01  1.16430000e+00  1.00050478e+00  1.16430000e+00  9.70995250e-01  1.16430000e+00  2.87444753e+00  1.16430000e+00  2.93731903e+00  1.16430000e+00  2.91813300e+00  1.16430000e+00  2.93809290e+00  1.16430000e+00  2.92633259e+00  1.16430000e+00  2.93701698e+00  1.16430000e+00  1.80591693e+00  1.16430000e+00  2.91798809e+00 
 1.20000000e+00  1.43446037e+00  1.20000000e+00  1.47151866e+00  1.20000000e+00  1.32758440e+00  1.20000000e+00  1.34340998e+00  1.20000000e+00  1.32143170e+00  1.20000000e+00  1.55218114e+00  1.20000000e+00  1.29845881e+00  1.20000000e+00  1.59116843e+00  1.20000000e+00  1.31946147e+00  1.20000000e+00  5.34610874e-01  1.20000000e+00  7.49933019e-01  1.20000000e+00  1.18405079e+00  1.20000000e+00  7.12072004e-01  1.20000000e+00  1.52606615e+00  1.20000000e+00  9.35542778e-01  1.20000000e+00  9.97743306e-01  1.20000000e+00  6.46656928e-01  1.20000000e+00  9.03822739e-01  1.20000000e+00  9.43853243e-01  1.20000000e+00  9.62448458e-01  1.20000000e+00  1.07993769e+00  1.20000000e+00  9.55756769e-01  1.20000000e+00  1.24114422e+00  1.20000000e+00  9.98257073e-01  1.20000000e+00  1.02666939e+00  1.20000000e+00  9.50537936e-01  1.20000000e+00  9.89651702e-01  1.20000000e+00  1.05926297e+00  1.20000000e+00  2.87543793e+00  1.20000000e+00  2.93732512e+00  1.20000000e+00  2.85310592e+00  1.20000000e+00  2.93810192e+00  1.20000000e+00  2.92508575e+00  1.20000000e+00  2.93090318e+00  1.20000000e+00  2.69632844e+00  1.20000000e+00  2.92044393e+00 
 1.20714000e+00  1.43446037e+00  1.20714000e+00  1.47151866e+00  1.20714000e+00  1.32758440e+00  1.20714000e+00  1.34340998e+00  1.20714000e+00  1.32143170e+00  1.20714000e+00  1.55218114e+00  1.20714000e+00  1.29845881e+00  1.20714000e+00  1.59116843e+00  1.20714000e+00  1.31946147e+00  1.20714000e+00  5.34610874e-01  1.20714000e+00  7.49933019e-01  1.20714000e+00  1.18405079e+00  1.20714000e+00  7.12072004e-01  1.20714000e+00  1.52606615e+00  1.20714000e+00  9.35542778e-01  1.20714000e+00  9.97743306e-01  1.20714000e+00  6.46656928e-01  1.20714000e+00  9.03822739e-01  1.20714000e+00  9.43853243e-01  1.20714000e+00  9.62448458e-01  1.20714000e+00  1.07993769e+00  1.20714000e+00  9.55756769e-01  1.20714000e+00  1.24114422e+00  1.20714000e+00  9.98257073e-01  1.20714000e+00  1.02666939e+00  1.20714000e+00  9.50537936e-01  1.20714000e+00  9.89651702e-01  1.20714000e+00  1.05926297e+00  1.20714000e+00  2.87543793e+00  1.20714000e+00  2.93732512e+00  1.20714000e+00  2.85310592e+00  1.20714000e+00  2.93810192e+00  1.20714000e+00  2.92508575e+00  1.20714000e+00  2.93090318e+00  1.20714000e+00  2.69632844e+00  1.20714000e+00  2.92044393e+00 
 1.22142000e+00  1.43446037e+00  1.22142000e+00  1.47151866e+00  1.22142000e+00  1.32758440e+00  1.22142000e+00  1.34340998e+00  1.22142000e+00  1.32143170e+00  1.22142000e+00  1.55218114e+00  1.22142000e+00  1.29845881e+00  1.22142000e+00  1.59116843e+00  1.22142000e+00  1.31946147e+00  1.22142000e+00  5.34610874e-01  1.22142000e+00  7.49933019e-01  1.22142000e+00  1.18405079e+00  1.22142000e+00  7.12072004e-01  1.22142000e+00  1.52606615e+00  1.22142000e+00  9.35542778e-01  1.22142000e+00  9.97743306e-01  1.22142000e+00  6.46656928e-01  1.22142000e+00  9.03822739e-01  1.22142000e+00  9.43853243e-01  1.22142000e+00  9.62448458e-01  1.22142000e+00  1.07993769e+00  1.22142000e+00  9.55756769e-01  1.22142000e+00  1.24114422e+00  1.22142000e+00  9.98257073e-01  1.22142000e+00  1.02666939e+00  1.22142000e+00  9.50537936e-01  1.22142000e+00  9.89651702e-01  1.22142000e+00  1.05926297e+00  1.22142000e+00  2.87543793e+00  1.22142000e+00  2.93732512e+00  1.22142000e+00  2.85310592e+00  1.22142000e+00  2.93810192e+00  1.22142000e+00  2.92508575e+00  1.22142000e+00  2.93090318e+00  1.22142000e+00  2.69632844e+00  1.22142000e+00  2.92044393e+00 
 1.24998000e+00  1.43446037e+00  1.24998000e+00  1.47151866e+00  1.24998000e+00  1.32758440e+00  1.24998000e+00  1.34340998e+00  1.24998000e+00  1.32143170e+00  1.24998000e+00  1.55218114e+00  1.24998000e+00  1.29845881e+00  1.24998000e+00  1.59116843e+00  1.24998000e+00  1.31946147e+00  1.24998000e+00  5.34610874e-01  1.24998000e+00  7.49933019e-01  1.24998000e+00  1.18405079e+00  1.24998000e+00  7.12072004e-01  1.24998000e+00  1.52606615e+00  1.24998000e+00  9.35542778e-01  1.24998000e+00  9.97743306e-01  1.24998000e+00  6.46656928e-01  1.24998000e+00  9.03822739e-01  1.24998000e+00  9.43853243e-01  1.24998000e+00  9.62448458e-01  1.24998000e+00  1.07993769e+00  1.24998000e+00  9.55756769e-01  1.24998000e+00  1.24114422e+00  1.24998000e+00  9.98257073e-01  1.24998000e+00  1.02666939e+00  1.24998000e+00  9.50537936e-01  1.24998000e+00  9.89651702e-01  1.24998000e+00  1.05926297e+00  1.24998000e+00  2.87543793e+00  1.24998000e+00  2.93732512e+00  1.24998000e+00  2.85310592e+00  1.24998000e+00  2.93810192e+00  1.24998000e+00  2.92508575e+00  1.24998000e+00  2.93090318e+00  1.24998000e+00  2.69632844e+00  1.24998000e+00  2.92044393e+00 
 1.30710000e+00  1.43446037e+00  1.30710000e+00  1.47151866e+00  1.30710000e+00  1.32758440e+00  1.30710000e+00  1.34340998e+00  1.30710000e+00  1.32143170e+00  1.30710000e+00  1.55218114e+00  1.30710000e+00  1.29845881e+00  1.30710000e+00  1.59116843e+00  1.30710000e+00  1.31946147e+00  1.30710000e+00  5.34610874e-01  1.30710000e+00  7.49933019e-01  1.30710000e+00  1.18405079e+00  1.30710000e+00  7.12072004e-01  1.30710000e+00  1.52606615e+00  1.30710000e+00  9.35542778e-01  1.30710000e+00  9.97743306e-01  1.30710000e+00  6.46656928e-01  1.30710000e+00  9.03822739e-01  1.30710000e+00  9.43853243e-01  1.30710000e+00  9.62448458e-01  1.30710000e+00  1.07993769e+00  1.30710000e+00  9.55756769e-01  1.30710000e+00  1.24114422e+00  1.30710000e+00  9.98257073e-01  1.30710000e+00  1.02666939e+00  1.30710000e+00  9.50537936e-01  1.30710000e+00  9.89651702e-01  1.30710000e+00  1.05926297e+00  1.30710000e+00  2.87543793e+00  1.30710000e+00  2.93732512e+00  1.30710000e+00  2.85310592e+00  1.30710000e+00  2.93810192e+00  1.30710000e+00  2.92508575e+00  1.30710000e+00  2.93090318e+00  1.30710000e+00  2.69632844e+00  1.30710000e+00  2.92044393e+00 
 1.39800000e+00  1.43446037e+00  1.39800000e+00  1.47151866e+00  1.39800000e+00  1.32758440e+00  1.39800000e+00  1.34340998e+00  1.39800000e+00  1.32143170e+00  1.39800000e+00  1.55218114e+00  1.39800000e+00  1.29845881e+00  1.39800000e+00  1.59116843e+00  1.39800000e+00  1.31946147e+00  1.39800000e+00  5.34610874e-01  1.39800000e+00  7.49933019e-01  1.39800000e+00  1.18405079e+00  1.39800000e+00  7.12072004e-01  1.39800000e+00  1.52606615e+00  1.39800000e+00  9.35542778e-01  1.39800000e+00  9.97743306e-01  1.39800000e+00  6.46656928e-01  1.39800000e+00  9.03822739e-01  1.39800000e+00  9.43853243e-01  1.39800000e+00  9.62448458e-01  1.39800000e+00  1.07993769e+00  1.39800000e+00  9.55756769e-01  1.39800000e+00  1.24114422e+00  1.39800000e+00  9.98257073e-01  1.39800000e+00  1.02666939e+00  1.39800000e+00  9.50537936e-01  1.39800000e+00  9.89651702e-01  1.39800000e+00  1.05926297e+00  1.39800000e+00  2.87543793e+00  1.39800000e+00  2.93732512e+00  1.39800000e+00  2.85310592e+00  1.39800000e+00  2.93810192e+00  1.39800000e+00  2.92508575e+00  1.39800000e+00  2.93090318e+00  1.39800000e+00  2.69632844e+00  1.39800000e+00  2.92044393e+00 
 1.40820000e+00  1.43224900e+00  1.40820000e+00  1.47049397e+00  1.40820000e+00  1.32686300e+00  1.40820000e+00  1.34143521e+00  1.40820000e+00  1.32025154e+00  1.40820000e+00  1.55079631e+00  1.40820000e+00  1.29949892e+00  1.40820000e+00  1.58982088e+00  1.40820000e+00  1.31808307e+00  1.40820000e+00  5.32029715e-01  1.40820000e+00  7.46448643e-01  1.40820000e+00  1.16001799e+00  1.40820000e+00  7.33593500e-01  1.40820000e+00  1.52194524e+00  1.40820000e+00  9.06002504e-01  1.40820000e+00  1.02168719e+00  1.40820000e+00  6.41332268e-01  1.40820000e+00  8.98606407e-01  1.40820000e+00  9.42008398e-01  1.40820000e+00  9.60117030e-01  1.40820000e+00  1.06852159e+00  1.40820000e+00  9.56663573e-01  1.40820000e+00  1.23569011e+00  1.40820000e+00  9.89607204e-01  1.40820000e+00  1.03289791e+00  1.40820000e+00  9.48272034e-01  1.40820000e+00  9.86580758e-01  1.40820000e+00  1.02387380e+00  1.40820000e+00  2.87371075e+00  1.40820000e+00  2.93687692e+00  1.40820000e+00  2.86683932e+00  1.40820000e+00  2.93809910e+00  1.40820000e+00  2.92080072e+00  1.40820000e+00  2.93213190e+00  1.40820000e+00  2.61560666e+00  1.40820000e+00  2.91956667e+00 
 1.42860000e+00  1.42844981e+00  1.42860000e+00  1.46880020e+00  1.42860000e+00  1.32561548e+00  1.42860000e+00  1.33799089e+00  1.42860000e+00  1.31819569e+00  1.42860000e+00  1.54852486e+00  1.42860000e+00  1.30135216e+00  1.42860000e+00  1.58761998e+00  1.42860000e+00  1.31566043e+00  1.42860000e+00  5.26943248e-01  1.42860000e+00  7.39526537e-01  1.42860000e+00  1.11113555e+00  1.42860000e+00  7.77781046e-01  1.42860000e+00  1.51516719e+00  1.42860000e+00  8.51002357e-01  1.42860000e+00  1.07047014e+00  1.42860000e+00  6.31090151e-01  1.42860000e+00  8.87717084e-01  1.42860000e+00  9.39218491e-01  1.42860000e+00  9.56386759e-01  1.42860000e+00  1.04763763e+00  1.42860000e+00  9.60217774e-01  1.42860000e+00  1.22724551e+00  1.42860000e+00  9.75376191e-01  1.42860000e+00  1.04774077e+00  1.42860000e+00  9.44716493e-01  1.42860000e+00  9.81331053e-01  1.42860000e+00  9.54562231e-01  1.42860000e+00  2.87011405e+00  1.42860000e+00  2.93562019e+00  1.42860000e+00  2.88757837e+00  1.42860000e+00  2.93809446e+00  1.42860000e+00  2.90991622e+00  1.42860000e+00  2.93422935e+00  1.42860000e+00  2.46078918e+00  1.42860000e+00  2.91762652e+00 
 1.46430000e+00  1.42382835e+00  1.46430000e+00  1.46683825e+00  1.46430000e+00  1.32405486e+00  1.46430000e+00  1.33369133e+00  1.46430000e+00  1.31562551e+00  1.46430000e+00  1.54595349e+00  1.46430000e+00  1.30371779e+00  1.46430000e+00  1.58510782e+00  1.46430000e+00  1.31256396e+00  1.46430000e+00  5.18284965e-01  1.46430000e+00  7.27563291e-01  1.46430000e+00  1.02372056e+00  1.46430000e+00  8.58574224e-01  1.46430000e+00  1.51098287e+00  1.46430000e+00  7.67035926e-01  1.46430000e+00  1.15847506e+00  1.46430000e+00  6.17130842e-01  1.46430000e+00  8.69236277e-01  1.46430000e+00  9.37521907e-01  1.46430000e+00  9.53140444e-01  1.46430000e+00  1.01762162e+00  1.46430000e+00  9.72539118e-01  1.46430000e+00  1.22225944e+00  1.46430000e+00  9.59249515e-01  1.46430000e+00  1.08246642e+00  1.46430000e+00  9.42081654e-01  1.46430000e+00  9.75741303e-01  1.46430000e+00  8.37933853e-01  1.46430000e+00  2.86330782e+00  1.46430000e+00  2.93222915e+00  1.46430000e+00  2.91166371e+00  1.46430000e+00  2.93809159e+00  1.46430000e+00  2.88321193e+00  1.46430000e+00  2.93684424e+00  1.46430000e+00  2.25097533e+00  1.46430000e+00  2.91398127e+00 
 1.50000000e+00  1.42137052e+00  1.50000000e+00  1.46588429e+00  1.50000000e+00  1.32318178e+00  1.50000000e+00  1.33130041e+00  1.50000000e+00  1.31419216e+00  1.50000000e+00  1.54476464e+00  1.50000000e+00  1.30508063e+00  1.50000000e+00  1.58392049e+00  1.50000000e+00  1.31077147e+00  1.50000000e+00  5.09935462e-01  1.50000000e+00  7.15792887e-01  1.50000000e+00  9.42910022e-01  1.50000000e+00  9.43407997e-01  1.50000000e+00  1.51704737e+00  1.50000000e+00  6.91210816e-01  1.50000000e+00  1.24941159e+00  1.50000000e+00  6.08517602e-01  1.50000000e+00  8.51441014e-01  1.50000000e+00  9.39942576e-01  1.50000000e+00  9.54113559e-01  1.50000000e+00  9.97883273e-01  1.50000000e+00  9.93129065e-01  1.50000000e+00  1.22990049e+00  1.50000000e+00  9.51747449e-01  1.50000000e+00  1.13038927e+00  1.50000000e+00  9.43984914e-01  1.50000000e+00  9.74717783e-01  1.50000000e+00  7.27167961e-01  1.50000000e+00  2.85572454e+00  1.50000000e+00  2.92599923e+00  1.50000000e+00  2.92605878e+00  1.50000000e+00  2.93809575e+00  1.50000000e+00  2.83572563e+00  1.50000000e+00  2.93791153e+00  1.50000000e+00  2.12235111e+00  1.50000000e+00  2.91001984e+00 
 1.50714000e+00  1.42137052e+00  1.50714000e+00  1.46588429e+00  1.50714000e+00  1.32318178e+00  1.50714000e+00  1.33130041e+00  1.50714000e+00  1.31419216e+00  1.50714000e+00  1.54476464e+00  1.50714000e+00  1.30508063e+00  1.50714000e+00  1.58392049e+00  1.50714000e+00  1.31077147e+00  1.50714000e+00  5.09935462e-01  1.50714000e+00  7.15792887e-01  1.50714000e+00  9.42910022e-01  1.50714000e+00  9.43407997e-01  1.50714000e+00  1.51704737e+00  1.50714000e+00  6.91210816e-01  1.50714000e+00  1.24941159e+00  1.50714000e+00  6.08517602e-01  1.50714000e+00  8.51441014e-01  1.50714000e+00  9.39942576e-01  1.50714000e+00  9.54113559e-01  1.50714000e+00  9.97883273e-01  1.50714000e+00  9.93129065e-01  1.50714000e+00  1.22990049e+00  1.50714000e+00  9.51747449e-01  1.50714000e+00  1.13038927e+00  1.50714000e+00  9.43984914e-01  1.50714000e+00  9.74717783e-01  1.50714000e+00  7.27167961e-01  1.50714000e+00  2.85572454e+00  1.50714000e+00  2.92599923e+00  1.50714000e+00  2.92605878e+00  1.50714000e+00  2.93809575e+00  1.50714000e+00  2.83572563e+00  1.50714000e+00  2.93791153e+00  1.50714000e+00  2.12235111e+00  1.50714000e+00  2.91001984e+00 
 1.52142000e+00  1.42137052e+00  1.52142000e+00  1.46588429e+00  1.52142000e+00  1.32318178e+00  1.52142000e+00  1.33130041e+00  1.52142000e+00  1.31419216e+00  1.52142000e+00  1.54476464e+00  1.52142000e+00  1.30508063e+00  1.52142000e+00  1.58392049e+00  1.52142000e+00  1.31077147e+00  1.52142000e+00  5.09935462e-01  1.52142000e+00  7.15792887e-01  1.52142000e+00  9.42910022e-01  1.52142000e+00  9.43407997e-01  1.52142000e+00  1.51704737e+00  1.52142000e+00  6.91210816e-01  1.52142000e+00  1.24941159e+00  1.52142000e+00  6.08517602e-01  1.52142000e+00  8.51441014e-01  1.52142000e+00  9.39942576e-01  1.52142000e+00  9.54113559e-01  1.52142000e+00  9.97883273e-01  1.52142000e+00  9.93129065e-01  1.52142000e+00  1.22990049e+00  1.52142000e+00  9.51747449e-01  1.52142000e+00  1.13038927e+00  1.52142000e+00  9.43984914e-01  1.52142000e+00  9.74717783e-01  1.52142000e+00  7.27167961e-01  1.52142000e+00  2.85572454e+00  1.52142000e+00  2.92599923e+00  1.52142000e+00  2.92605878e+00  1.52142000e+00  2.93809575e+00  1.52142000e+00  2.83572563e+00  1.52142000e+00  2.93791153e+00  1.52142000e+00  2.12235111e+00  1.52142000e+00  2.91001984e+00 
 1.54998000e+00  1.42137052e+00  1.54998000e+00  1.46588429e+00  1.54998000e+00  1.32318178e+00  1.54998000e+00  1.33130041e+00  1.54998000e+00  1.31419216e+00  1.54998000e+00  1.54476464e+00  1.54998000e+00  1.30508063e+00  1.54998000e+00  1.58392049e+00  1.54998000e+00  1.31077147e+00  1.54998000e+00  5.09935462e-01  1.54998000e+00  7.15792887e-01  1.54998000e+00  9.42910022e-01  1.54998000e+00  9.43407997e-01  1.54998000e+00  1.51704737e+00  1.54998000e+00  6.91210816e-01  1.54998000e+00  1.24941159e+00  1.54998000e+00  6.08517602e-01  1.54998000e+00  8.51441014e-01  1.54998000e+00  9.39942576e-01  1.54998000e+00  9.54113559e-01  1.54998000e+00  9.97883273e-01  1.54998000e+00  9.93129065e-01  1.54998000e+00  1.22990049e+00  1.54998000e+00  9.51747449e-01  1.54998000e+00  1.13038927e+00  1.54998000e+00  9.43984914e-01  1.54998000e+00  9.74717783e-01  1.54998000e+00  7.27167961e-01  1.54998000e+00  2.85572454e+00  1.54998000e+00  2.92599923e+00  1.54998000e+00  2.92605878e+00  1.54998000e+00  2.93809575e+00  1.54998000e+00  2.83572563e+00  1.54998000e+00  2.93791153e+00  1.54998000e+00  2.12235111e+00  1.54998000e+00  2.91001984e+00 
 1.60710000e+00  1.42137052e+00  1.60710000e+00  1.46588429e+00  1.60710000e+00  1.32318178e+00  1.60710000e+00  1.33130041e+00  1.60710000e+00  1.31419216e+00  1.60710000e+00  1.54476464e+00  1.60710000e+00  1.30508063e+00  1.60710000e+00  1.58392049e+00  1.60710000e+00  1.31077147e+00  1.60710000e+00  5.09935462e-01  1.60710000e+00  7.15792887e-01  1.60710000e+00  9.42910022e-01  1.60710000e+00  9.43407997e-01  1.60710000e+00  1.51704737e+00  1.60710000e+00  6.91210816e-01  1.60710000e+00  1.24941159e+00  1.60710000e+00  6.08517602e-01  1.60710000e+00  8.51441014e-01  1.60710000e+00  9.39942576e-01  1.60710000e+00  9.54113559e-01  1.60710000e+00  9.97883273e-01  1.60710000e+00  9.93129065e-01  1.60710000e+00  1.22990049e+00  1.60710000e+00  9.51747449e-01  1.60710000e+00  1.13038927e+00  1.60710000e+00  9.43984914e-01  1.60710000e+00  9.74717783e-01  1.60710000e+00  7.27167961e-01  1.60710000e+00  2.85572454e+00  1.60710000e+00  2.92599923e+00  1.60710000e+00  2.92605878e+00  1.60710000e+00  2.93809575e+00  1.60710000e+00  2.83572563e+00  1.60710000e+00  2.93791153e+00  1.60710000e+00  2.12235111e+00  1.60710000e+00  2.91001984e+00 
 1.69800000e+00  1.42137052e+00  1.69800000e+00  1.46588429e+00  1.69800000e+00  1.32318178e+00  1.69800000e+00  1.33130041e+00  1.69800000e+00  1.31419216e+00  1.69800000e+00  1.54476464e+00  1.69800000e+00  1.30508063e+00  1.69800000e+00  1.58392049e+00  1.69800000e+00  1.31077147e+00  1.69800000e+00  5.09935462e-01  1.69800000e+00  7.15792887e-01  1.69800000e+00  9.42910022e-01  1.69800000e+00  9.43407997e-01  1.69800000e+00  1.51704737e+00  1.69800000e+00  6.91210816e-01  1.69800000e+00  1.24941159e+00  1.69800000e+00  6.08517602e-01  1.69800000e+00  8.51441014e-01  1.69800000e+00  9.39942576e-01  1.69800000e+00  9.54113559e-01  1.69800000e+00  9.97883273e-01  1.69800000e+00  9.93129065e-01  1.69800000e+00  1.22990049e+00  1.69800000e+00  9.51747449e-01  1.69800000e+00  1.13038927e+00  1.69800000e+00  9.43984914e-01  1.69800000e+00  9.74717783e-01  1.69800000e+00  7.27167961e-01  1.69800000e+00  2.85572454e+00  1.69800000e+00  2.92599923e+00  1.69800000e+00  2.92605878e+00  1.69800000e+00  2.93809575e+00  1.69800000e+00  2.83572563e+00  1.69800000e+00  2.93791153e+00  1.69800000e+00  2.12235111e+00  1.69800000e+00  2.91001984e+00 
 1.70820000e+00  1.46317702e+00  1.70820000e+00  1.43915589e+00  1.70820000e+00  1.32165637e+00  1.70820000e+00  1.38244796e+00  1.70820000e+00  1.33751469e+00  1.70820000e+00  1.51770303e+00  1.70820000e+00  1.24473397e+00  1.70820000e+00  1.52986109e+00  1.70820000e+00  1.33068463e+00  1.70820000e+00  5.13145339e-01  1.70820000e+00  6.96357956e-01  1.70820000e+00  9.10010855e-01  1.70820000e+00  1.03279635e+00  1.70820000e+00  1.44649286e+00  1.70820000e+00  6.58807324e-01  1.70820000e+00  1.30356258e+00  1.70820000e+00  5.72872737e-01  1.70820000e+00  8.55606737e-01  1.70820000e+00  9.39776789e-01  1.70820000e+00  9.51520742e-01  1.70820000e+00  9.89525171e-01  1.70820000e+00  1.01544575e+00  1.70820000e+00  1.18897569e+00  1.70820000e+00  9.48216363e-01  1.70820000e+00  1.16077651e+00  1.70820000e+00  9.41789734e-01  1.70820000e+00  9.75351681e-01  1.70820000e+00  7.69546548e-01  1.70820000e+00  2.84052512e+00  1.70820000e+00  2.92144193e+00  1.70820000e+00  2.93265251e+00  1.70820000e+00  2.93804738e+00  1.70820000e+00  2.78775367e+00  1.70820000e+00  2.93794906e+00  1.70820000e+00  1.59905004e+00  1.70820000e+00  2.91098917e+00 
 1.72860000e+00  1.52271934e+00  1.72860000e+00  1.43858556e+00  1.72860000e+00  1.33673161e+00  1.72860000e+00  1.44487809e+00  1.72860000e+00  1.37452376e+00  1.72860000e+00  1.52099879e+00  1.72860000e+00  1.20921830e+00  1.72860000e+00  1.50818408e+00  1.72860000e+00  1.36253259e+00  1.72860000e+00  5.25118381e-01  1.72860000e+00  6.59315896e-01  1.72860000e+00  8.50436983e-01  1.72860000e+00  1.22805872e+00  1.72860000e+00  1.30483786e+00  1.72860000e+00  6.00665402e-01  1.72860000e+00  1.41504823e+00  1.72860000e+00  5.24516869e-01  1.72860000e+00  8.63881222e-01  1.72860000e+00  9.44796353e-01  1.72860000e+00  9.52398290e-01  1.72860000e+00  9.81282460e-01  1.72860000e+00  1.08331957e+00  1.72860000e+00  1.12571231e+00  1.72860000e+00  9.48543601e-01  1.72860000e+00  1.24484134e+00  1.72860000e+00  9.45168775e-01  1.72860000e+00  9.82134926e-01  1.72860000e+00  9.29836657e-01  1.72860000e+00  2.78904112e+00  1.72860000e+00  2.90978223e+00  1.72860000e+00  2.93783075e+00  1.72860000e+00  2.93794994e+00  1.72860000e+00  2.00574156e+00  1.72860000e+00  2.93802579e+00  1.72860000e+00  9.21703260e-01  1.72860000e+00  2.91283768e+00 
 1.76430000e+00  1.54198216e+00  1.76430000e+00  1.42252124e+00  1.76430000e+00  1.33234899e+00  1.76430000e+00  1.46412366e+00  1.76430000e+00  1.38334171e+00  1.76430000e+00  1.50904960e+00  1.76430000e+00  1.19162359e+00  1.76430000e+00  1.47046662e+00  1.76430000e+00  1.35790018e+00  1.76430000e+00  5.62377830e-01  1.76430000e+00  6.00692171e-01  1.76430000e+00  7.66705206e-01  1.76430000e+00  1.60096374e+00  1.76430000e+00  1.05990952e+00  1.76430000e+00  5.21339375e-01  1.76430000e+00  1.61787098e+00  1.76430000e+00  5.17373880e-01  1.76430000e+00  8.78168604e-01  1.76430000e+00  9.64542113e-01  1.76430000e+00  9.66237604e-01  1.76430000e+00  9.84709989e-01  1.76430000e+00  1.29173805e+00  1.76430000e+00  1.05482329e+00  1.76430000e+00  9.64134977e-01  1.76430000e+00  1.69714808e+00  1.76430000e+00  9.63740949e-01  1.76430000e+00  1.00484317e+00  1.76430000e+00  1.44838900e+00  1.76430000e+00  2.00613797e+00  1.76430000e+00  2.88307166e+00  1.76430000e+00  2.93815312e+00  1.76430000e+00  2.93381599e+00  1.76430000e+00  8.78877310e-01  1.76430000e+00  2.93816466e+00  1.76430000e+00  8.25764167e-01  1.76430000e+00  2.91580016e+00 
 1.80000000e+00  1.48587817e+00  1.80000000e+00  1.34617363e+00  1.80000000e+00  1.27539804e+00  1.80000000e+00  1.40053957e+00  1.80000000e+00  1.33531979e+00  1.80000000e+00  1.44286589e+00  1.80000000e+00  1.20446407e+00  1.80000000e+00  1.33755699e+00  1.80000000e+00  1.25369398e+00  1.80000000e+00  6.17495672e-01  1.80000000e+00  5.50443441e-01  1.80000000e+00  7.09645082e-01  1.80000000e+00  1.98932759e+00  1.80000000e+00  8.52605220e-01  1.80000000e+00  4.73479391e-01  1.80000000e+00  1.81770243e+00  1.80000000e+00  5.83243465e-01  1.80000000e+00  8.92192089e-01  1.80000000e+00  9.80586016e-01  1.80000000e+00  9.75812070e-01  1.80000000e+00  9.88599132e-01  1.80000000e+00  1.99067079e+00  1.80000000e+00  1.01351141e+00  1.80000000e+00  9.76038704e-01  1.80000000e+00  2.37428652e+00  1.80000000e+00  9.78055675e-01  1.80000000e+00  1.02179803e+00  1.80000000e+00  2.25643859e+00  1.80000000e+00  1.27934325e+00  1.80000000e+00  2.85133220e+00  1.80000000e+00  2.93841653e+00  1.80000000e+00  2.91029341e+00  1.80000000e+00  2.78667235e-01  1.80000000e+00  2.93830054e+00  1.80000000e+00  1.74959062e+00  1.80000000e+00  2.91844189e+00 
 1.80714000e+00  1.48587817e+00  1.80714000e+00  1.34617363e+00  1.80714000e+00  1.27539804e+00  1.80714000e+00  1.40053957e+00  1.80714000e+00  1.33531979e+00  1.80714000e+00  1.44286589e+00  1.80714000e+00  1.20446407e+00  1.80714000e+00  1.33755699e+00  1.80714000e+00  1.25369398e+00  1.80714000e+00  6.17495672e-01  1.80714000e+00  5.50443441e-01  1.80714000e+00  7.09645082e-01  1.80714000e+00  1.98932759e+00  1.80714000e+00  8.52605220e-01  1.80714000e+00  4.73479391e-01  1.80714000e+00  1.81770243e+00  1.80714000e+00  5.83243465e-01  1.80714000e+00  8.92192089e-01  1.80714000e+00  9.80586016e-01  1.80714000e+00  9.75812071e-01  1.80714000e+00  9.88599132e-01  1.80714000e+00  1.99067079e+00  1.80714000e+00  1.01351141e+00  1.80714000e+00  9.76038705e-01  1.80714000e+00  2.37428652e+00  1.80714000e+00  9.78055675e-01  1.80714000e+00  1.02179803e+00  1.80714000e+00  2.25643859e+00  1.80714000e+00  1.27934325e+00  1.80714000e+00  2.85133220e+00  1.80714000e+00  2.93841653e+00  1.80714000e+00  2.91029341e+00  1.80714000e+00  2.78667235e-01  1.80714000e+00  2.93830054e+00  1.80714000e+00  1.74959062e+00  1.80714000e+00  2.91844189e+00 
 1.82142000e+00  1.48587817e+00  1.82142000e+00  1.34617363e+00  1.82142000e+00  1.27539804e+00  1.82142000e+00  1.40053957e+00  1.82142000e+00  1.33531979e+00  1.82142000e+00  1.44286589e+00  1.82142000e+00  1.20446407e+00  1.82142000e+00  1.33755699e+00  1.82142000e+00  1.25369398e+00  1.82142000e+00  6.17495672e-01  1.82142000e+00  5.50443441e-01  1.82142000e+00  7.09645082e-01  1.82142000e+00  1.98932759e+00  1.82142000e+00  8.52605220e-01  1.82142000e+00  4.73479391e-01  1.82142000e+00  1.81770243e+00  1.82142000e+00  5.83243465e-01  1.82142000e+00  8.92192089e-01  1.82142000e+00  9.80586016e-01  1.82142000e+00  9.75812070e-01  1.82142000e+00  9.88599132e-01  1.82142000e+00  1.99067079e+00  1.82142000e+00  1.01351141e+00  1.82142000e+00  9.76038703e-01  1.82142000e+00  2.37428652e+00  1.82142000e+00  9.78055675e-01  1.82142000e+00  1.02179803e+00  1.82142000e+00  2.25643859e+00  1.82142000e+00  1.27934325e+00  1.82142000e+00  2.85133220e+00  1.82142000e+00  2.93841653e+00  1.82142000e+00  2.91029341e+00  1.82142000e+00  2.78667235e-01  1.82142000e+00  2.93830054e+00  1.82142000e+00  1.74959062e+00  1.82142000e+00  2.91844189e+00 
 1.84998000e+00  1.48587817e+00  1.84998000e+00  1.34617363e+00  1.84998000e+00  1.27539804e+00  1.84998000e+00  1.40053957e+00  1.84998000e+00  1.33531979e+00  1.84998000e+00  1.44286589e+00  1.84998000e+00  1.20446407e+00  1.84998000e+00  1.33755699e+00  1.84998000e+00  1.25369398e+00  1.84998000e+00  6.17495672e-01  1.84998000e+00  5.50443441e-01  1.84998000e+00  7.09645082e-01  1.84998000e+00  1.98932759e+00  1.84998000e+00  8.52605220e-01  1.84998000e+00  4.73479391e-01  1.84998000e+00  1.81770243e+00  1.84998000e+00  5.83243465e-01  1.84998000e+00  8.92192089e-01  1.84998000e+00  9.80586016e-01  1.84998000e+00  9.75812071e-01  1.84998000e+00  9.88599132e-01  1.84998000e+00  1.99067079e+00  1.84998000e+00  1.01351141e+00  1.84998000e+00  9.76038705e-01  1.84998000e+00  2.37428652e+00  1.84998000e+00  9.78055675e-01  1.84998000e+00  1.02179803e+00  1.84998000e+00  2.25643859e+00  1.84998000e+00  1.27934325e+00  1.84998000e+00  2.85133220e+00  1.84998000e+00  2.93841653e+00  1.84998000e+00  2.91029341e+00  1.84998000e+00  2.78667235e-01  1.84998000e+00  2.93830054e+00  1.84998000e+00  1.74959062e+00  1.84998000e+00  2.91844189e+00 
 1.90710000e+00  1.48587817e+00  1.90710000e+00  1.34617363e+00  1.90710000e+00  1.27539804e+00  1.90710000e+00  1.40053957e+00  1.90710000e+00  1.33531979e+00  1.90710000e+00  1.44286589e+00  1.90710000e+00  1.20446407e+00  1.90710000e+00  1.33755699e+00  1.90710000e+00  1.25369398e+00  1.90710000e+00  6.17495672e-01  1.90710000e+00  5.50443441e-01  1.90710000e+00  7.09645082e-01  1.90710000e+00  1.98932759e+00  1.90710000e+00  8.52605220e-01  1.90710000e+00  4.73479391e-01  1.90710000e+00  1.81770243e+00  1.90710000e+00  5.83243465e-01  1.90710000e+00  8.92192089e-01  1.90710000e+00  9.80586016e-01  1.90710000e+00  9.75812070e-01  1.90710000e+00  9.88599132e-01  1.90710000e+00  1.99067079e+00  1.90710000e+00  1.01351141e+00  1.90710000e+00  9.76038703e-01  1.90710000e+00  2.37428652e+00  1.90710000e+00  9.78055675e-01  1.90710000e+00  1.02179803e+00  1.90710000e+00  2.25643859e+00  1.90710000e+00  1.27934325e+00  1.90710000e+00  2.85133220e+00  1.90710000e+00  2.93841653e+00  1.90710000e+00  2.91029341e+00  1.90710000e+00  2.78667235e-01  1.90710000e+00  2.93830054e+00  1.90710000e+00  1.74959062e+00  1.90710000e+00  2.91844189e+00 
 1.99800000e+00  1.48587817e+00  1.99800000e+00  1.34617363e+00  1.99800000e+00  1.27539804e+00  1.99800000e+00  1.40053957e+00  1.99800000e+00  1.33531979e+00  1.99800000e+00  1.44286589e+00  1.99800000e+00  1.20446407e+00  1.99800000e+00  1.33755699e+00  1.99800000e+00  1.25369398e+00  1.99800000e+00  6.17495672e-01  1.99800000e+00  5.50443441e-01  1.99800000e+00  7.09645082e-01  1.99800000e+00  1.98932759e+00  1.99800000e+00  8.52605220e-01  1.99800000e+00  4.73479391e-01  1.99800000e+00  1.81770243e+00  1.99800000e+00  5.83243465e-01  1.99800000e+00  8.92192089e-01  1.99800000e+00  9.80586016e-01  1.99800000e+00  9.75812071e-01  1.99800000e+00  9.88599132e-01  1.99800000e+00  1.99067079e+00  1.99800000e+00  1.01351141e+00  1.99800000e+00  9.76038705e-01  1.99800000e+00  2.37428652e+00  1.99800000e+00  9.78055675e-01  1.99800000e+00  1.02179803e+00  1.99800000e+00  2.25643859e+00  1.99800000e+00  1.27934325e+00  1.99800000e+00  2.85133220e+00  1.99800000e+00  2.93841653e+00  1.99800000e+00  2.91029341e+00  1.99800000e+00  2.78667235e-01  1.99800000e+00  2.93830054e+00  1.99800000e+00  1.74959062e+00  1.99800000e+00  2.91844189e+00 
 2.00820000e+00  1.50617192e+00  2.00820000e+00  1.36470160e+00  2.00820000e+00  1.29163256e+00  2.00820000e+00  1.42557789e+00  2.00820000e+00  1.35144944e+00  2.00820000e+00  1.45678506e+00  2.00820000e+00  1.18812082e+00  2.00820000e+00  1.37177902e+00  2.00820000e+00  1.28992141e+00  2.00820000e+00  6.39788814e-01  2.00820000e+00  5.54124391e-01  2.00820000e+00  7.45014328e-01  2.00820000e+00  1.98108481e+00  2.00820000e+00  8.28840441e-01  2.00820000e+00  4.89358910e-01  2.00820000e+00  1.82538342e+00  2.00820000e+00  5.82260222e-01  2.00820000e+00  8.89252769e-01  2.00820000e+00  9.82550476e-01  2.00820000e+00  9.76171831e-01  2.00820000e+00  9.94090965e-01  2.00820000e+00  1.96497465e+00  2.00820000e+00  1.00884191e+00  2.00820000e+00  9.76266345e-01  2.00820000e+00  2.38082199e+00  2.00820000e+00  9.78230553e-01  2.00820000e+00  1.02135694e+00  2.00820000e+00  2.59223590e+00  2.00820000e+00  1.33120895e+00  2.00820000e+00  2.87298404e+00  2.00820000e+00  2.93841097e+00  2.00820000e+00  2.90427456e+00  2.00820000e+00  4.61960509e-01  2.00820000e+00  2.93830575e+00  2.00820000e+00  1.73525167e+00  2.00820000e+00  2.91790920e+00 
 2.02860000e+00  1.58813125e+00  2.02860000e+00  1.43207266e+00  2.02860000e+00  1.34636762e+00  2.02860000e+00  1.50974574e+00  2.02860000e+00  1.41088683e+00  2.02860000e+00  1.52311925e+00  2.02860000e+00  1.16852571e+00  2.02860000e+00  1.47354337e+00  2.02860000e+00  1.38508387e+00  2.02860000e+00  6.87526543e-01  2.02860000e+00  5.62404774e-01  2.02860000e+00  8.34081738e-01  2.02860000e+00  1.96405385e+00  2.02860000e+00  7.86917650e-01  2.02860000e+00  5.39373142e-01  2.02860000e+00  1.84039139e+00  2.02860000e+00  5.84290806e-01  2.02860000e+00  8.83392885e-01  2.02860000e+00  9.88959243e-01  2.02860000e+00  9.78233355e-01  2.02860000e+00  1.01239548e+00  2.02860000e+00  1.90004685e+00  2.02860000e+00  1.00272935e+00  2.02860000e+00  9.78527119e-01  2.02860000e+00  2.39589291e+00  2.02860000e+00  9.80083126e-01  2.02860000e+00  1.02185876e+00  2.02860000e+00  2.83202271e+00  2.02860000e+00  1.44877347e+00  2.02860000e+00  2.90568367e+00  2.02860000e+00  2.93839949e+00  2.02860000e+00  2.89102275e+00  2.02860000e+00  1.12492739e+00  2.02860000e+00  2.93831592e+00  2.02860000e+00  1.76487899e+00  2.02860000e+00  2.91681420e+00 
 2.06430000e+00  1.61875143e+00  2.06430000e+00  1.45389431e+00  2.06430000e+00  1.37966677e+00  2.06430000e+00  1.55771316e+00  2.06430000e+00  1.44556787e+00  2.06430000e+00  1.52924624e+00  2.06430000e+00  1.15149634e+00  2.06430000e+00  1.50789963e+00  2.06430000e+00  1.45215179e+00  2.06430000e+00  7.81186813e-01  2.06430000e+00  5.79806433e-01  2.06430000e+00  1.04919881e+00  2.06430000e+00  1.93215332e+00  2.06430000e+00  7.31038850e-01  2.06430000e+00  6.72151589e-01  2.06430000e+00  1.86537427e+00  2.06430000e+00  6.00730837e-01  2.06430000e+00  8.73316792e-01  2.06430000e+00  1.01080623e+00  2.06430000e+00  9.87958870e-01  2.06430000e+00  1.08137930e+00  2.06430000e+00  1.84851218e+00  2.06430000e+00  1.00275787e+00  2.06430000e+00  9.96576633e-01  2.06430000e+00  2.43124471e+00  2.06430000e+00  9.90030186e-01  2.06430000e+00  1.02903378e+00  2.06430000e+00  2.88888956e+00  2.06430000e+00  1.69952637e+00  2.06430000e+00  2.93337418e+00  2.06430000e+00  2.93837796e+00  2.06430000e+00  2.86536956e+00  2.06430000e+00  2.81313425e+00  2.06430000e+00  2.93833283e+00  2.06430000e+00  2.00671055e+00  2.06430000e+00  2.91482572e+00 
 2.10000000e+00  1.53319986e+00  2.10000000e+00  1.36743854e+00  2.10000000e+00  1.39068903e+00  2.10000000e+00  1.55510037e+00  2.10000000e+00  1.44953501e+00  2.10000000e+00  1.36591730e+00  2.10000000e+00  1.12838214e+00  2.10000000e+00  1.38136979e+00  2.10000000e+00  1.51444698e+00  2.10000000e+00  8.88065690e-01  2.10000000e+00  6.00770975e-01  2.10000000e+00  1.33178423e+00  2.10000000e+00  1.89687387e+00  2.10000000e+00  6.93963085e-01  2.10000000e+00  8.52821345e-01  2.10000000e+00  1.88845113e+00  2.10000000e+00  6.33509934e-01  2.10000000e+00  8.63620259e-01  2.10000000e+00  1.05073348e+00  2.10000000e+00  1.00787980e+00  2.10000000e+00  1.23347018e+00  2.10000000e+00  1.90694005e+00  2.10000000e+00  1.01655770e+00  2.10000000e+00  1.04503641e+00  2.10000000e+00  2.47895034e+00  2.10000000e+00  1.01136706e+00  2.10000000e+00  1.04668300e+00  2.10000000e+00  2.91769095e+00  2.10000000e+00  2.00730495e+00  2.10000000e+00  2.93796851e+00  2.10000000e+00  2.93835413e+00  2.10000000e+00  2.83834207e+00  2.10000000e+00  2.91034397e+00  2.10000000e+00  2.93834844e+00  2.10000000e+00  2.49730652e+00  2.10000000e+00  2.91278091e+00 
 2.10714000e+00  1.53319986e+00  2.10714000e+00  1.36743854e+00  2.10714000e+00  1.39068903e+00  2.10714000e+00  1.55510037e+00  2.10714000e+00  1.44953501e+00  2.10714000e+00  1.36591730e+00  2.10714000e+00  1.12838214e+00  2.10714000e+00  1.38136979e+00  2.10714000e+00  1.51444698e+00  2.10714000e+00  8.88065690e-01  2.10714000e+00  6.00770975e-01  2.10714000e+00  1.33178423e+00  2.10714000e+00  1.89687387e+00  2.10714000e+00  6.93963085e-01  2.10714000e+00  8.52821345e-01  2.10714000e+00  1.88845113e+00  2.10714000e+00  6.33509934e-01  2.10714000e+00  8.63620259e-01  2.10714000e+00  1.05073348e+00  2.10714000e+00  1.00787980e+00  2.10714000e+00  1.23347018e+00  2.10714000e+00  1.90694005e+00  2.10714000e+00  1.01655770e+00  2.10714000e+00  1.04503641e+00  2.10714000e+00  2.47895034e+00  2.10714000e+00  1.01136706e+00  2.10714000e+00  1.04668300e+00  2.10714000e+00  2.91769095e+00  2.10714000e+00  2.00730495e+00  2.10714000e+00  2.93796851e+00  2.10714000e+00  2.93835413e+00  2.10714000e+00  2.83834207e+00  2.10714000e+00  2.91034397e+00  2.10714000e+00  2.93834844e+00  2.10714000e+00  2.49730652e+00  2.10714000e+00  2.91278091e+00 
 2.12142000e+00  1.53319986e+00  2.12142000e+00  1.36743854e+00  2.12142000e+00  1.39068903e+00  2.12142000e+00  1.55510037e+00  2.12142000e+00  1.44953501e+00  2.12142000e+00  1.36591730e+00  2.12142000e+00  1.12838214e+00  2.12142000e+00  1.38136979e+00  2.12142000e+00  1.51444698e+00  2.12142000e+00  8.88065690e-01  2.12142000e+00  6.00770975e-01  2.12142000e+00  1.33178423e+00  2.12142000e+00  1.89687387e+00  2.12142000e+00  6.93963085e-01  2.12142000e+00  8.52821345e-01  2.12142000e+00  1.88845113e+00  2.12142000e+00  6.33509934e-01  2.12142000e+00  8.63620259e-01  2.12142000e+00  1.05073348e+00  2.12142000e+00  1.00787980e+00  2.12142000e+00  1.23347018e+00  2.12142000e+00  1.90694005e+00  2.12142000e+00  1.01655770e+00  2.12142000e+00  1.04503641e+00  2.12142000e+00  2.47895034e+00  2.12142000e+00  1.01136706e+00  2.12142000e+00  1.04668300e+00  2.12142000e+00  2.91769095e+00  2.12142000e+00  2.00730495e+00  2.12142000e+00  2.93796851e+00  2.12142000e+00  2.93835413e+00  2.12142000e+00  2.83834207e+00  2.12142000e+00  2.91034397e+00  2.12142000e+00  2.93834844e+00  2.12142000e+00  2.49730652e+00  2.12142000e+00  2.91278091e+00 
 2.14998000e+00  1.53319986e+00  2.14998000e+00  1.36743854e+00  2.14998000e+00  1.39068903e+00  2.14998000e+00  1.55510037e+00  2.14998000e+00  1.44953501e+00  2.14998000e+00  1.36591730e+00  2.14998000e+00  1.12838214e+00  2.14998000e+00  1.38136979e+00  2.14998000e+00  1.51444698e+00  2.14998000e+00  8.88065690e-01  2.14998000e+00  6.00770975e-01  2.14998000e+00  1.33178423e+00  2.14998000e+00  1.89687387e+00  2.14998000e+00  6.93963085e-01  2.14998000e+00  8.52821345e-01  2.14998000e+00  1.88845113e+00  2.14998000e+00  6.33509934e-01  2.14998000e+00  8.63620259e-01  2.14998000e+00  1.05073348e+00  2.14998000e+00  1.00787980e+00  2.14998000e+00  1.23347018e+00  2.14998000e+00  1.90694005e+00  2.14998000e+00  1.01655770e+00  2.14998000e+00  1.04503641e+00  2.14998000e+00  2.47895034e+00  2.14998000e+00  1.01136706e+00  2.14998000e+00  1.04668300e+00  2.14998000e+00  2.91769095e+00  2.14998000e+00  2.00730495e+00  2.14998000e+00  2.93796851e+00  2.14998000e+00  2.93835413e+00  2.14998000e+00  2.83834207e+00  2.14998000e+00  2.91034397e+00  2.14998000e+00  2.93834844e+00  2.14998000e+00  2.49730652e+00  2.14998000e+00  2.91278091e+00 
 2.20710000e+00  1.53319986e+00  2.20710000e+00  1.36743854e+00  2.20710000e+00  1.39068903e+00  2.20710000e+00  1.55510037e+00  2.20710000e+00  1.44953501e+00  2.20710000e+00  1.36591730e+00  2.20710000e+00  1.12838214e+00  2.20710000e+00  1.38136979e+00  2.20710000e+00  1.51444698e+00  2.20710000e+00  8.88065690e-01  2.20710000e+00  6.00770975e-01  2.20710000e+00  1.33178423e+00  2.20710000e+00  1.89687387e+00  2.20710000e+00  6.93963085e-01  2.20710000e+00  8.52821345e-01  2.20710000e+00  1.88845113e+00  2.20710000e+00  6.33509934e-01  2.20710000e+00  8.63620259e-01  2.20710000e+00  1.05073348e+00  2.20710000e+00  1.00787980e+00  2.20710000e+00  1.23347018e+00  2.20710000e+00  1.90694005e+00  2.20710000e+00  1.01655770e+00  2.20710000e+00  1.04503641e+00  2.20710000e+00  2.47895034e+00  2.20710000e+00  1.01136706e+00  2.20710000e+00  1.04668300e+00  2.20710000e+00  2.91769095e+00  2.20710000e+00  2.00730495e+00  2.20710000e+00  2.93796851e+00  2.20710000e+00  2.93835413e+00  2.20710000e+00  2.83834207e+00  2.20710000e+00  2.91034397e+00  2.20710000e+00  2.93834844e+00  2.20710000e+00  2.49730652e+00  2.20710000e+00  2.91278091e+00 
 2.29800000e+00  1.53319986e+00  2.29800000e+00  1.36743854e+00  2.29800000e+00  1.39068903e+00  2.29800000e+00  1.55510037e+00  2.29800000e+00  1.44953501e+00  2.29800000e+00  1.36591730e+00  2.29800000e+00  1.12838214e+00  2.29800000e+00  1.38136979e+00  2.29800000e+00  1.51444698e+00  2.29800000e+00  8.88065690e-01  2.29800000e+00  6.00770975e-01  2.29800000e+00  1.33178423e+00  2.29800000e+00  1.89687387e+00  2.29800000e+00  6.93963085e-01  2.29800000e+00  8.52821345e-01  2.29800000e+00  1.88845113e+00  2.29800000e+00  6.33509934e-01  2.29800000e+00  8.63620259e-01  2.29800000e+00  1.05073348e+00  2.29800000e+00  1.00787980e+00  2.29800000e+00  1.23347018e+00  2.29800000e+00  1.90694005e+00  2.29800000e+00  1.01655770e+00  2.29800000e+00  1.04503641e+00  2.29800000e+00  2.47895034e+00  2.29800000e+00  1.01136706e+00  2.29800000e+00  1.04668300e+00  2.29800000e+00  2.91769095e+00  2.29800000e+00  2.00730495e+00  2.29800000e+00  2.93796851e+00  2.29800000e+00  2.93835413e+00  2.29800000e+00  2.83834207e+00  2.29800000e+00  2.91034397e+00  2.29800000e+00  2.93834844e+00  2.29800000e+00  2.49730652e+00  2.29800000e+00  2.91278091e+00 
 2.30820000e+00  1.51306423e+00  2.30820000e+00  1.37008641e+00  2.30820000e+00  1.37022945e+00  2.30820000e+00  1.51566677e+00  2.30820000e+00  1.42244527e+00  2.30820000e+00  1.38377478e+00  2.30820000e+00  1.14764494e+00  2.30820000e+00  1.39158581e+00  2.30820000e+00  1.46844229e+00  2.30820000e+00  8.17541905e-01  2.30820000e+00  6.17259549e-01  2.30820000e+00  1.32274925e+00  2.30820000e+00  1.79086815e+00  2.30820000e+00  7.65607735e-01  2.30820000e+00  8.70310537e-01  2.30820000e+00  1.81719161e+00  2.30820000e+00  5.86191063e-01  2.30820000e+00  8.64805543e-01  2.30820000e+00  1.03099053e+00  2.30820000e+00  1.00420879e+00  2.30820000e+00  1.22071471e+00  2.30820000e+00  1.55677828e+00  2.30820000e+00  1.02204980e+00  2.30820000e+00  1.04369845e+00  2.30820000e+00  2.43075213e+00  2.30820000e+00  1.00294086e+00  2.30820000e+00  1.04129496e+00  2.30820000e+00  2.90106585e+00  2.30820000e+00  2.25290256e+00  2.30820000e+00  2.93796229e+00  2.30820000e+00  2.93828235e+00  2.30820000e+00  2.88260357e+00  2.30820000e+00  2.91420582e+00  2.30820000e+00  2.93830020e+00  2.30820000e+00  1.79265574e+00  2.30820000e+00  2.91303798e+00 
 2.32860000e+00  1.54556321e+00  2.32860000e+00  1.42055397e+00  2.32860000e+00  1.35507765e+00  2.32860000e+00  1.49324245e+00  2.32860000e+00  1.40561134e+00  2.32860000e+00  1.48335372e+00  2.32860000e+00  1.17723947e+00  2.32860000e+00  1.46885089e+00  2.32860000e+00  1.41033172e+00  2.32860000e+00  6.96157072e-01  2.32860000e+00  6.57198559e-01  2.32860000e+00  1.30381558e+00  2.32860000e+00  1.55952947e+00  2.32860000e+00  9.38202680e-01  2.32860000e+00  9.01540377e-01  2.32860000e+00  1.66236059e+00  2.32860000e+00  5.10371661e-01  2.32860000e+00  8.67251989e-01  2.32860000e+00  1.00077752e+00  2.32860000e+00  9.96622430e-01  2.32860000e+00  1.19384661e+00  2.32860000e+00  1.30836990e+00  2.32860000e+00  1.04754217e+00  2.32860000e+00  1.03890302e+00  2.32860000e+00  2.22641214e+00  2.32860000e+00  9.89194576e-01  2.32860000e+00  1.02942461e+00  2.32860000e+00  2.84034516e+00  2.32860000e+00  2.78337866e+00  2.32860000e+00  2.93794923e+00  2.32860000e+00  2.93812481e+00  2.32860000e+00  2.92542257e+00  2.32860000e+00  2.92006418e+00  2.32860000e+00  2.93819499e+00  2.32860000e+00  7.32911662e-01  2.32860000e+00  2.91356225e+00 
 2.36430000e+00  1.55272256e+00  2.36430000e+00  1.44972501e+00  2.36430000e+00  1.34686682e+00  2.36430000e+00  1.47266484e+00  2.36430000e+00  1.39177210e+00  2.36430000e+00  1.53625841e+00  2.36430000e+00  1.19742373e+00  2.36430000e+00  1.51919116e+00  2.36430000e+00  1.38034067e+00  2.36430000e+00  5.60179864e-01  2.36430000e+00  7.49193034e-01  2.36430000e+00  1.26771193e+00  2.36430000e+00  1.15586368e+00  2.36430000e+00  1.33766024e+00  2.36430000e+00  9.43647875e-01  2.36430000e+00  1.39587010e+00  2.36430000e+00  4.88136965e-01  2.36430000e+00  8.72114720e-01  2.36430000e+00  9.77355043e-01  2.36430000e+00  9.95797681e-01  2.36430000e+00  1.15808877e+00  2.36430000e+00  1.09504100e+00  2.36430000e+00  1.18368742e+00  2.36430000e+00  1.03550990e+00  2.36430000e+00  1.28792670e+00  2.36430000e+00  9.76487357e-01  2.36430000e+00  1.01708736e+00  2.36430000e+00  1.41706643e+00  2.36430000e+00  2.87507555e+00  2.36430000e+00  2.93792432e+00  2.36430000e+00  2.93678788e+00  2.36430000e+00  2.93797256e+00  2.36430000e+00  2.92608737e+00  2.36430000e+00  2.93801261e+00  2.36430000e+00  4.46581432e-01  2.36430000e+00  2.91457934e+00 
 2.40000000e+00  1.47290599e+00  2.40000000e+00  1.48588434e+00  2.40000000e+00  1.34226350e+00  2.40000000e+00  1.38231814e+00  2.40000000e+00  1.34492526e+00  2.40000000e+00  1.56882551e+00  2.40000000e+00  1.27588154e+00  2.40000000e+00  1.60904076e+00  2.40000000e+00  1.35026665e+00  2.40000000e+00  5.31979564e-01  2.40000000e+00  8.62065377e-01  2.40000000e+00  1.22747137e+00  2.40000000e+00  8.38793612e-01  2.40000000e+00  1.79913954e+00  2.40000000e+00  9.69700010e-01  2.40000000e+00  1.14553161e+00  2.40000000e+00  5.95883149e-01  2.40000000e+00  8.78091455e-01  2.40000000e+00  9.80475199e-01  2.40000000e+00  1.02062553e+00  2.40000000e+00  1.14394088e+00  2.40000000e+00  1.01342854e+00  2.40000000e+00  1.67951481e+00  2.40000000e+00  1.04595020e+00  2.40000000e+00  1.12931617e+00  2.40000000e+00  9.83029889e-01  2.40000000e+00  1.02269202e+00  2.40000000e+00  1.02318764e+00  2.40000000e+00  2.91244061e+00  2.40000000e+00  2.93782690e+00  2.40000000e+00  2.90690975e+00  2.40000000e+00  2.93828796e+00  2.40000000e+00  2.92881264e+00  2.40000000e+00  2.93655196e+00  2.40000000e+00  1.93505708e+00  2.40000000e+00  2.91578491e+00 
 2.40714000e+00  1.47290599e+00  2.40714000e+00  1.48588434e+00  2.40714000e+00  1.34226350e+00  2.40714000e+00  1.38231814e+00  2.40714000e+00  1.34492526e+00  2.40714000e+00  1.56882551e+00  2.40714000e+00  1.27588154e+00  2.40714000e+00  1.60904076e+00  2.40714000e+00  1.35026665e+00  2.40714000e+00  5.31979564e-01  2.40714000e+00  8.62065377e-01  2.40714000e+00  1.22747137e+00  2.40714000e+00  8.38793612e-01  2.40714000e+00  1.79913954e+00  2.40714000e+00  9.69700010e-01  2.40714000e+00  1.14553161e+00  2.40714000e+00  5.95883149e-01  2.40714000e+00  8.78091455e-01  2.40714000e+00  9.80475199e-01  2.40714000e+00  1.02062553e+00  2.40714000e+00  1.14394088e+00  2.40714000e+00  1.01342854e+00  2.40714000e+00  1.67951481e+00  2.40714000e+00  1.04595020e+00  2.40714000e+00  1.12931617e+00  2.40714000e+00  9.83029889e-01  2.40714000e+00  1.02269202e+00  2.40714000e+00  1.02318764e+00  2.40714000e+00  2.91244061e+00  2.40714000e+00  2.93782690e+00  2.40714000e+00  2.90690975e+00  2.40714000e+00  2.93828796e+00  2.40714000e+00  2.92881264e+00  2.40714000e+00  2.93655196e+00  2.40714000e+00  1.93505708e+00  2.40714000e+00  2.91578491e+00 
 2.42142000e+00  1.47290599e+00  2.42142000e+00  1.48588434e+00  2.42142000e+00  1.34226350e+00  2.42142000e+00  1.38231814e+00  2.42142000e+00  1.34492526e+00  2.42142000e+00  1.56882551e+00  2.42142000e+00  1.27588154e+00  2.42142000e+00  1.60904076e+00  2.42142000e+00  1.35026665e+00  2.42142000e+00  5.31979564e-01  2.42142000e+00  8.62065377e-01  2.42142000e+00  1.22747137e+00  2.42142000e+00  8.38793612e-01  2.42142000e+00  1.79913954e+00  2.42142000e+00  9.69700010e-01  2.42142000e+00  1.14553161e+00  2.42142000e+00  5.95883149e-01  2.42142000e+00  8.78091455e-01  2.42142000e+00  9.80475199e-01  2.42142000e+00  1.02062553e+00  2.42142000e+00  1.14394088e+00  2.42142000e+00  1.01342854e+00  2.42142000e+00  1.67951481e+00  2.42142000e+00  1.04595020e+00  2.42142000e+00  1.12931617e+00  2.42142000e+00  9.83029889e-01  2.42142000e+00  1.02269202e+00  2.42142000e+00  1.02318764e+00  2.42142000e+00  2.91244061e+00  2.42142000e+00  2.93782690e+00  2.42142000e+00  2.90690975e+00  2.42142000e+00  2.93828796e+00  2.42142000e+00  2.92881264e+00  2.42142000e+00  2.93655196e+00  2.42142000e+00  1.93505708e+00  2.42142000e+00  2.91578491e+00 
 2.44998000e+00  1.47290599e+00  2.44998000e+00  1.48588434e+00  2.44998000e+00  1.34226350e+00  2.44998000e+00  1.38231814e+00  2.44998000e+00  1.34492526e+00  2.44998000e+00  1.56882551e+00  2.44998000e+00  1.27588154e+00  2.44998000e+00  1.60904076e+00  2.44998000e+00  1.35026665e+00  2.44998000e+00  5.31979564e-01  2.44998000e+00  8.62065377e-01  2.44998000e+00  1.22747137e+00  2.44998000e+00  8.38793612e-01  2.44998000e+00  1.79913954e+00  2.44998000e+00  9.69700010e-01  2.44998000e+00  1.14553161e+00  2.44998000e+00  5.95883149e-01  2.44998000e+00  8.78091455e-01  2.44998000e+00  9.80475199e-01  2.44998000e+00  1.02062553e+00  2.44998000e+00  1.14394088e+00  2.44998000e+00  1.01342854e+00  2.44998000e+00  1.67951481e+00  2.44998000e+00  1.04595020e+00  2.44998000e+00  1.12931617e+00  2.44998000e+00  9.83029889e-01  2.44998000e+00  1.02269202e+00  2.44998000e+00  1.02318764e+00  2.44998000e+00  2.91244061e+00  2.44998000e+00  2.93782690e+00  2.44998000e+00  2.90690975e+00  2.44998000e+00  2.93828796e+00  2.44998000e+00  2.92881264e+00  2.44998000e+00  2.93655196e+00  2.44998000e+00  1.93505708e+00  2.44998000e+00  2.91578491e+00 
 2.50710000e+00  1.47290599e+00  2.50710000e+00  1.48588434e+00  2.50710000e+00  1.34226350e+00  2.50710000e+00  1.38231814e+00  2.50710000e+00  1.34492526e+00  2.50710000e+00  1.56882551e+00  2.50710000e+00  1.27588154e+00  2.50710000e+00  1.60904076e+00  2.50710000e+00  1.35026665e+00  2.50710000e+00  5.31979564e-01  2.50710000e+00  8.62065377e-01  2.50710000e+00  1.22747137e+00  2.50710000e+00  8.38793612e-01  2.50710000e+00  1.79913954e+00  2.50710000e+00  9.69700010e-01  2.50710000e+00  1.14553161e+00  2.50710000e+00  5.95883149e-01  2.50710000e+00  8.78091455e-01  2.50710000e+00  9.80475199e-01  2.50710000e+00  1.02062553e+00  2.50710000e+00  1.14394088e+00  2.50710000e+00  1.01342854e+00  2.50710000e+00  1.67951481e+00  2.50710000e+00  1.04595020e+00  2.50710000e+00  1.12931617e+00  2.50710000e+00  9.83029889e-01  2.50710000e+00  1.02269202e+00  2.50710000e+00  1.02318764e+00  2.50710000e+00  2.91244061e+00  2.50710000e+00  2.93782690e+00  2.50710000e+00  2.90690975e+00  2.50710000e+00  2.93828796e+00  2.50710000e+00  2.92881264e+00  2.50710000e+00  2.93655196e+00  2.50710000e+00  1.93505708e+00  2.50710000e+00  2.91578491e+00 
 2.59800000e+00  1.47290599e+00  2.59800000e+00  1.48588434e+00  2.59800000e+00  1.34226350e+00  2.59800000e+00  1.38231814e+00  2.59800000e+00  1.34492526e+00  2.59800000e+00  1.56882551e+00  2.59800000e+00  1.27588154e+00  2.59800000e+00  1.60904076e+00  2.59800000e+00  1.35026665e+00  2.59800000e+00  5.31979564e-01  2.59800000e+00  8.62065377e-01  2.59800000e+00  1.22747137e+00  2.59800000e+00  8.38793612e-01  2.59800000e+00  1.79913954e+00  2.59800000e+00  9.69700010e-01  2.59800000e+00  1.14553161e+00  2.59800000e+00  5.95883149e-01  2.59800000e+00  8.78091455e-01  2.59800000e+00  9.80475199e-01  2.59800000e+00  1.02062553e+00  2.59800000e+00  1.14394088e+00  2.59800000e+00  1.01342854e+00  2.59800000e+00  1.67951481e+00  2.59800000e+00  1.04595020e+00  2.59800000e+00  1.12931617e+00  2.59800000e+00  9.83029889e-01  2.59800000e+00  1.02269202e+00  2.59800000e+00  1.02318764e+00  2.59800000e+00  2.91244061e+00  2.59800000e+00  2.93782690e+00  2.59800000e+00  2.90690975e+00  2.59800000e+00  2.93828796e+00  2.59800000e+00  2.92881264e+00  2.59800000e+00  2.93655196e+00  2.59800000e+00  1.93505708e+00  2.59800000e+00  2.91578491e+00 
 2.60820000e+00  1.50043918e+00  2.60820000e+00  1.46574597e+00  2.60820000e+00  1.34095415e+00  2.60820000e+00  1.41716906e+00  2.60820000e+00  1.36081840e+00  2.60820000e+00  1.54765382e+00  2.60820000e+00  1.23418299e+00  2.60820000e+00  1.56881961e+00  2.60820000e+00  1.36383921e+00  2.60820000e+00  5.20081796e-01  2.60820000e+00  8.75658745e-01  2.60820000e+00  1.20857860e+00  2.60820000e+00  8.95119668e-01  2.60820000e+00  1.78829982e+00  2.60820000e+00  9.44676580e-01  2.60820000e+00  1.18718772e+00  2.60820000e+00  5.15293369e-01  2.60820000e+00  9.21876043e-01  2.60820000e+00  9.83537303e-01  2.60820000e+00  1.02710525e+00  2.60820000e+00  1.13960202e+00  2.60820000e+00  1.02858333e+00  2.60820000e+00  1.66715713e+00  2.60820000e+00  1.04294899e+00  2.60820000e+00  1.15492798e+00  2.60820000e+00  9.83251026e-01  2.60820000e+00  1.03663206e+00  2.60820000e+00  8.61993025e-01  2.60820000e+00  2.91530005e+00  2.60820000e+00  2.93765989e+00  2.60820000e+00  2.91896162e+00  2.60820000e+00  2.93828061e+00  2.60820000e+00  2.92620925e+00  2.60820000e+00  2.93737501e+00  2.60820000e+00  7.98049434e-01  2.60820000e+00  2.92322880e+00 
 2.62860000e+00  1.57531867e+00  2.62860000e+00  1.46813612e+00  2.62860000e+00  1.36184777e+00  2.62860000e+00  1.49600950e+00  2.62860000e+00  1.40807697e+00  2.62860000e+00  1.55423102e+00  2.62860000e+00  1.19117778e+00  2.62860000e+00  1.54743710e+00  2.62860000e+00  1.40699259e+00  2.62860000e+00  4.96980126e-01  2.62860000e+00  9.03940974e-01  2.62860000e+00  1.16294076e+00  2.62860000e+00  1.01386278e+00  2.62860000e+00  1.75941126e+00  2.62860000e+00  8.96525683e-01  2.62860000e+00  1.27189178e+00  2.62860000e+00  4.10546431e-01  2.62860000e+00  1.01308534e+00  2.62860000e+00  9.92321572e-01  2.62860000e+00  1.04330371e+00  2.62860000e+00  1.13101073e+00  2.62860000e+00  1.06843542e+00  2.62860000e+00  1.63809725e+00  2.62860000e+00  1.04073692e+00  2.62860000e+00  1.21856700e+00  2.62860000e+00  9.92043465e-01  2.62860000e+00  1.07179785e+00  2.62860000e+00  5.58841313e-01  2.62860000e+00  2.92046343e+00  2.62860000e+00  2.93693754e+00  2.62860000e+00  2.93174935e+00  2.62860000e+00  2.93826100e+00  2.62860000e+00  2.91920742e+00  2.62860000e+00  2.93792721e+00  2.62860000e+00  1.53300476e-01  2.62860000e+00  2.93171061e+00 
 2.66430000e+00  1.59888597e+00  2.66430000e+00  1.45126133e+00  2.66430000e+00  1.35962711e+00  2.66430000e+00  1.52155197e+00  2.66430000e+00  1.42076709e+00  2.66430000e+00  1.54018138e+00  2.66430000e+00  1.16961638e+00  2.66430000e+00  1.50711387e+00  2.66430000e+00  1.40768653e+00  2.66430000e+00  4.58886402e-01  2.66430000e+00  9.73034669e-01  2.66430000e+00  1.07286441e+00  2.66430000e+00  1.23893793e+00  2.66430000e+00  1.70438326e+00  2.66430000e+00  8.31112590e-01  2.66430000e+00  1.42226105e+00  2.66430000e+00  3.59191350e-01  2.66430000e+00  1.18190070e+00  2.66430000e+00  1.01384836e+00  2.66430000e+00  1.08546232e+00  2.66430000e+00  1.12103975e+00  2.66430000e+00  1.17346434e+00  2.66430000e+00  1.61848275e+00  2.66430000e+00  1.04906286e+00  2.66430000e+00  1.40190476e+00  2.66430000e+00  1.01348524e+00  2.66430000e+00  1.15867854e+00  2.66430000e+00  2.30209962e-01  2.66430000e+00  2.92910727e+00  2.66430000e+00  2.93432004e+00  2.66430000e+00  2.93788657e+00  2.66430000e+00  2.93822360e+00  2.66430000e+00  2.90489139e+00  2.66430000e+00  2.93803075e+00  2.66430000e+00  1.04381133e-01  2.66430000e+00  2.93728975e+00 
 2.70000000e+00  1.49440698e+00  2.70000000e+00  1.35304902e+00  2.70000000e+00  1.28181645e+00  2.70000000e+00  1.41123786e+00  2.70000000e+00  1.34201602e+00  2.70000000e+00  1.44774192e+00  2.70000000e+00  1.19675139e+00  2.70000000e+00  1.35041371e+00  2.70000000e+00  1.26864328e+00  2.70000000e+00  4.23863547e-01  2.70000000e+00  1.07321402e+00  2.70000000e+00  9.78422455e-01  2.70000000e+00  1.48198887e+00  2.70000000e+00  1.65176882e+00  2.70000000e+00  7.96480619e-01  2.70000000e+00  1.57068169e+00  2.70000000e+00  3.42043541e-01  2.70000000e+00  1.35773719e+00  2.70000000e+00  1.03579671e+00  2.70000000e+00  1.14376608e+00  2.70000000e+00  1.11281739e+00  2.70000000e+00  1.33690954e+00  2.70000000e+00  1.60647930e+00  2.70000000e+00  1.06470870e+00  2.70000000e+00  2.24299429e+00  2.70000000e+00  1.03506072e+00  2.70000000e+00  1.27981229e+00  2.70000000e+00  1.69890121e-01  2.70000000e+00  2.93433318e+00  2.70000000e+00  2.92955722e+00  2.70000000e+00  2.93807173e+00  2.70000000e+00  2.93818777e+00  2.70000000e+00  2.89439160e+00  2.70000000e+00  2.93813243e+00  2.70000000e+00  9.18407752e-02  2.70000000e+00  2.93798638e+00 
 2.70714000e+00  1.49440698e+00  2.70714000e+00  1.35304902e+00  2.70714000e+00  1.28181645e+00  2.70714000e+00  1.41123786e+00  2.70714000e+00  1.34201603e+00  2.70714000e+00  1.44774192e+00  2.70714000e+00  1.19675139e+00  2.70714000e+00  1.35041371e+00  2.70714000e+00  1.26864328e+00  2.70714000e+00  4.23863547e-01  2.70714000e+00  1.07321402e+00  2.70714000e+00  9.78422455e-01  2.70714000e+00  1.48198887e+00  2.70714000e+00  1.65176882e+00  2.70714000e+00  7.96480619e-01  2.70714000e+00  1.57068169e+00  2.70714000e+00  3.42043541e-01  2.70714000e+00  1.35773719e+00  2.70714000e+00  1.03579671e+00  2.70714000e+00  1.14376608e+00  2.70714000e+00  1.11281739e+00  2.70714000e+00  1.33690954e+00  2.70714000e+00  1.60647930e+00  2.70714000e+00  1.06470870e+00  2.70714000e+00  2.24299430e+00  2.70714000e+00  1.03506072e+00  2.70714000e+00  1.27981229e+00  2.70714000e+00  1.69890121e-01  2.70714000e+00  2.93433318e+00  2.70714000e+00  2.92955722e+00  2.70714000e+00  2.93807173e+00  2.70714000e+00  2.93818777e+00  2.70714000e+00  2.89439160e+00  2.70714000e+00  2.93813243e+00  2.70714000e+00  9.18407752e-02  2.70714000e+00  2.93798638e+00 
 2.72142000e+00  1.49440698e+00  2.72142000e+00  1.35304902e+00  2.72142000e+00  1.28181645e+00  2.72142000e+00  1.41123786e+00  2.72142000e+00  1.34201602e+00  2.72142000e+00  1.44774192e+00  2.72142000e+00  1.19675139e+00  2.72142000e+00  1.35041371e+00  2.72142000e+00  1.26864328e+00  2.72142000e+00  4.23863547e-01  2.72142000e+00  1.07321402e+00  2.72142000e+00  9.78422455e-01  2.72142000e+00  1.48198887e+00  2.72142000e+00  1.65176882e+00  2.72142000e+00  7.96480619e-01  2.72142000e+00  1.57068169e+00  2.72142000e+00  3.42043541e-01  2.72142000e+00  1.35773719e+00  2.72142000e+00  1.03579671e+00  2.72142000e+00  1.14376608e+00  2.72142000e+00  1.11281739e+00  2.72142000e+00  1.33690954e+00  2.72142000e+00  1.60647930e+00  2.72142000e+00  1.06470870e+00  2.72142000e+00  2.24299429e+00  2.72142000e+00  1.03506072e+00  2.72142000e+00  1.27981229e+00  2.72142000e+00  1.69890121e-01  2.72142000e+00  2.93433318e+00  2.72142000e+00  2.92955722e+00  2.72142000e+00  2.93807173e+00  2.72142000e+00  2.93818777e+00  2.72142000e+00  2.89439160e+00  2.72142000e+00  2.93813243e+00  2.72142000e+00  9.18407752e-02  2.72142000e+00  2.93798638e+00 
 2.74998000e+00  1.49440698e+00  2.74998000e+00  1.35304902e+00  2.74998000e+00  1.28181645e+00  2.74998000e+00  1.41123786e+00  2.74998000e+00  1.34201603e+00  2.74998000e+00  1.44774192e+00  2.74998000e+00  1.19675139e+00  2.74998000e+00  1.35041371e+00  2.74998000e+00  1.26864328e+00  2.74998000e+00  4.23863547e-01  2.74998000e+00  1.07321402e+00  2.74998000e+00  9.78422455e-01  2.74998000e+00  1.48198887e+00  2.74998000e+00  1.65176882e+00  2.74998000e+00  7.96480619e-01  2.74998000e+00  1.57068169e+00  2.74998000e+00  3.42043541e-01  2.74998000e+00  1.35773719e+00  2.74998000e+00  1.03579671e+00  2.74998000e+00  1.14376608e+00  2.74998000e+00  1.11281739e+00  2.74998000e+00  1.33690954e+00  2.74998000e+00  1.60647930e+00  2.74998000e+00  1.06470870e+00  2.74998000e+00  2.24299430e+00  2.74998000e+00  1.03506072e+00  2.74998000e+00  1.27981229e+00  2.74998000e+00  1.69890121e-01  2.74998000e+00  2.93433318e+00  2.74998000e+00  2.92955722e+00  2.74998000e+00  2.93807173e+00  2.74998000e+00  2.93818777e+00  2.74998000e+00  2.89439160e+00  2.74998000e+00  2.93813243e+00  2.74998000e+00  9.18407752e-02  2.74998000e+00  2.93798638e+00 
 2.80710000e+00  1.49440698e+00  2.80710000e+00  1.35304902e+00  2.80710000e+00  1.28181645e+00  2.80710000e+00  1.41123786e+00  2.80710000e+00  1.34201602e+00  2.80710000e+00  1.44774192e+00  2.80710000e+00  1.19675139e+00  2.80710000e+00  1.35041371e+00  2.80710000e+00  1.26864328e+00  2.80710000e+00  4.23863547e-01  2.80710000e+00  1.07321402e+00  2.80710000e+00  9.78422455e-01  2.80710000e+00  1.48198887e+00  2.80710000e+00  1.65176882e+00  2.80710000e+00  7.96480619e-01  2.80710000e+00  1.57068169e+00  2.80710000e+00  3.42043541e-01  2.80710000e+00  1.35773719e+00  2.80710000e+00  1.03579671e+00  2.80710000e+00  1.14376608e+00  2.80710000e+00  1.11281739e+00  2.80710000e+00  1.33690954e+00  2.80710000e+00  1.60647930e+00  2.80710000e+00  1.06470870e+00  2.80710000e+00  2.24299429e+00  2.80710000e+00  1.03506072e+00  2.80710000e+00  1.27981229e+00  2.80710000e+00  1.69890121e-01  2.80710000e+00  2.93433318e+00  2.80710000e+00  2.92955722e+00  2.80710000e+00  2.93807173e+00  2.80710000e+00  2.93818777e+00  2.80710000e+00  2.89439160e+00  2.80710000e+00  2.93813243e+00  2.80710000e+00  9.18407752e-02  2.80710000e+00  2.93798638e+00 
 2.89800000e+00  1.49440698e+00  2.89800000e+00  1.35304902e+00  2.89800000e+00  1.28181645e+00  2.89800000e+00  1.41123786e+00  2.89800000e+00  1.34201603e+00  2.89800000e+00  1.44774192e+00  2.89800000e+00  1.19675139e+00  2.89800000e+00  1.35041371e+00  2.89800000e+00  1.26864328e+00  2.89800000e+00  4.23863547e-01  2.89800000e+00  1.07321402e+00  2.89800000e+00  9.78422455e-01  2.89800000e+00  1.48198887e+00  2.89800000e+00  1.65176882e+00  2.89800000e+00  7.96480619e-01  2.89800000e+00  1.57068169e+00  2.89800000e+00  3.42043541e-01  2.89800000e+00  1.35773719e+00  2.89800000e+00  1.03579671e+00  2.89800000e+00  1.14376608e+00  2.89800000e+00  1.11281739e+00  2.89800000e+00  1.33690954e+00  2.89800000e+00  1.60647930e+00  2.89800000e+00  1.06470870e+00  2.89800000e+00  2.24299430e+00  2.89800000e+00  1.03506072e+00  2.89800000e+00  1.27981229e+00  2.89800000e+00  1.69890121e-01  2.89800000e+00  2.93433318e+00  2.89800000e+00  2.92955722e+00  2.89800000e+00  2.93807173e+00  2.89800000e+00  2.93818777e+00  2.89800000e+00  2.89439160e+00  2.89800000e+00  2.93813243e+00  2.89800000e+00  9.18407752e-02  2.89800000e+00  2.93798638e+00 
 2.90820000e+00  1.49462365e+00  2.90820000e+00  1.36614995e+00  2.90820000e+00  1.29057841e+00  2.90820000e+00  1.41466334e+00  2.90820000e+00  1.34551422e+00  2.90820000e+00  1.45618497e+00  2.90820000e+00  1.19524396e+00  2.90820000e+00  1.37843415e+00  2.90820000e+00  1.28727089e+00  2.90820000e+00  4.36275958e-01  2.90820000e+00  1.02377078e+00  2.90820000e+00  1.01211332e+00  2.90820000e+00  1.43247084e+00  2.90820000e+00  1.55826078e+00  2.90820000e+00  8.03687631e-01  2.90820000e+00  1.53507495e+00  2.90820000e+00  3.42831701e-01  2.90820000e+00  1.33465040e+00  2.90820000e+00  1.02629927e+00  2.90820000e+00  1.11551773e+00  2.90820000e+00  1.11359482e+00  2.90820000e+00  1.28926016e+00  2.90820000e+00  1.42538363e+00  2.90820000e+00  1.05659659e+00  2.90820000e+00  1.95356399e+00  2.90820000e+00  1.02591010e+00  2.90820000e+00  1.25144298e+00  2.90820000e+00  1.87678388e-01  2.90820000e+00  2.93223154e+00  2.90820000e+00  2.93166199e+00  2.90820000e+00  2.93803776e+00  2.90820000e+00  2.93812394e+00  2.90820000e+00  2.89678468e+00  2.90820000e+00  2.93810808e+00  2.90820000e+00  9.23826817e-02  2.90820000e+00  2.93797049e+00 
 2.92860000e+00  1.55450843e+00  2.92860000e+00  1.42559753e+00  2.92860000e+00  1.33650217e+00  2.92860000e+00  1.47658225e+00  2.92860000e+00  1.39097627e+00  2.92860000e+00  1.51321874e+00  2.92860000e+00  1.18560167e+00  2.92860000e+00  1.47219060e+00  2.92860000e+00  1.36581168e+00  2.92860000e+00  4.74327519e-01  2.92860000e+00  9.32599476e-01  2.92860000e+00  1.08114283e+00  2.92860000e+00  1.35011411e+00  2.92860000e+00  1.37505558e+00  2.92860000e+00  8.24957730e-01  2.92860000e+00  1.46391589e+00  2.92860000e+00  3.45558980e-01  2.92860000e+00  1.28761432e+00  2.92860000e+00  1.00679076e+00  2.92860000e+00  1.06658913e+00  2.92860000e+00  1.11606209e+00  2.92860000e+00  1.21538606e+00  2.92860000e+00  1.24841119e+00  2.92860000e+00  1.04078829e+00  2.92860000e+00  1.44791034e+00  2.92860000e+00  1.00676842e+00  2.92860000e+00  1.19838633e+00  2.92860000e+00  2.83608361e-01  2.92860000e+00  2.92470376e+00  2.92860000e+00  2.93462501e+00  2.92860000e+00  2.93798114e+00  2.92860000e+00  2.93799830e+00  2.92860000e+00  2.90319888e+00  2.92860000e+00  2.93805934e+00  2.92860000e+00  9.42828768e-02  2.92860000e+00  2.93793806e+00 
 2.96430000e+00  1.56393756e+00  2.96430000e+00  1.43404469e+00  2.96430000e+00  1.35811910e+00  2.96430000e+00  1.50288524e+00  2.96430000e+00  1.41122134e+00  2.96430000e+00  1.50558911e+00  2.96430000e+00  1.17604649e+00  2.96430000e+00  1.48753354e+00  2.96430000e+00  1.41151626e+00  2.96430000e+00  5.90355936e-01  2.96430000e+00  8.07292056e-01  2.96430000e+00  1.20095058e+00  2.96430000e+00  1.24560793e+00  2.96430000e+00  1.08182927e+00  2.96430000e+00  8.86911173e-01  2.96430000e+00  1.34061032e+00  2.96430000e+00  3.54807929e-01  2.96430000e+00  1.20340469e+00  2.96430000e+00  9.77824743e-01  2.96430000e+00  1.00473975e+00  2.96430000e+00  1.12624798e+00  2.96430000e+00  1.12756766e+00  2.96430000e+00  1.07559070e+00  2.96430000e+00  1.02087882e+00  2.96430000e+00  1.24083888e+00  2.96430000e+00  9.75445109e-01  2.96430000e+00  1.11942237e+00  2.96430000e+00  1.85370245e+00  2.96430000e+00  2.89793757e+00  2.96430000e+00  2.93756959e+00  2.96430000e+00  2.93790585e+00  2.96430000e+00  2.93464970e+00  2.96430000e+00  2.91747696e+00  2.96430000e+00  2.93797459e+00  2.96430000e+00  1.01022499e-01  2.96430000e+00  2.93760003e+00 
 3.00000000e+00  1.45657094e+00  3.00000000e+00  1.33420221e+00  3.00000000e+00  1.35978968e+00  3.00000000e+00  1.48017113e+00  3.00000000e+00  1.40251240e+00  3.00000000e+00  1.32602641e+00  3.00000000e+00  1.16024611e+00  3.00000000e+00  1.34208334e+00  3.00000000e+00  1.45677702e+00  3.00000000e+00  7.69100590e-01  3.00000000e+00  7.19135519e-01  3.00000000e+00  1.30981160e+00  3.00000000e+00  1.15031828e+00  3.00000000e+00  8.17148873e-01  3.00000000e+00  9.80757891e-01  3.00000000e+00  1.22052821e+00  3.00000000e+00  3.70858187e-01  3.00000000e+00  1.11570761e+00  3.00000000e+00  9.77837356e-01  3.00000000e+00  9.71819132e-01  3.00000000e+00  1.15276469e+00  3.00000000e+00  1.07063274e+00  3.00000000e+00  9.86470800e-01  3.00000000e+00  1.02415117e+00  3.00000000e+00  1.13812655e+00  3.00000000e+00  9.57291076e-01  3.00000000e+00  1.06468951e+00  3.00000000e+00  2.88407937e+00  3.00000000e+00  2.85798057e+00  3.00000000e+00  2.93795337e+00  3.00000000e+00  2.93666381e+00  3.00000000e+00  2.90094983e+00  3.00000000e+00  2.92974222e+00  3.00000000e+00  2.93777517e+00  3.00000000e+00  1.13866167e-01  3.00000000e+00  2.93575692e+00 
 3.00714000e+00  1.45657094e+00  3.00714000e+00  1.33420221e+00  3.00714000e+00  1.35978968e+00  3.00714000e+00  1.48017113e+00  3.00714000e+00  1.40251240e+00  3.00714000e+00  1.32602641e+00  3.00714000e+00  1.16024611e+00  3.00714000e+00  1.34208334e+00  3.00714000e+00  1.45677702e+00  3.00714000e+00  7.69100590e-01  3.00714000e+00  7.19135519e-01  3.00714000e+00  1.30981160e+00  3.00714000e+00  1.15031828e+00  3.00714000e+00  8.17148873e-01  3.00714000e+00  9.80757891e-01  3.00714000e+00  1.22052821e+00  3.00714000e+00  3.70858187e-01  3.00714000e+00  1.11570761e+00  3.00714000e+00  9.77837356e-01  3.00714000e+00  9.71819132e-01  3.00714000e+00  1.15276469e+00  3.00714000e+00  1.07063274e+00  3.00714000e+00  9.86470800e-01  3.00714000e+00  1.02415117e+00  3.00714000e+00  1.13812655e+00  3.00714000e+00  9.57291076e-01  3.00714000e+00  1.06468951e+00  3.00714000e+00  2.88407937e+00  3.00714000e+00  2.85798057e+00  3.00714000e+00  2.93795337e+00  3.00714000e+00  2.93666381e+00  3.00714000e+00  2.90094983e+00  3.00714000e+00  2.92974222e+00  3.00714000e+00  2.93777517e+00  3.00714000e+00  1.13866167e-01  3.00714000e+00  2.93575692e+00 
 3.02142000e+00  1.45657094e+00  3.02142000e+00  1.33420222e+00  3.02142000e+00  1.35978968e+00  3.02142000e+00  1.48017113e+00  3.02142000e+00  1.40251240e+00  3.02142000e+00  1.32602641e+00  3.02142000e+00  1.16024611e+00  3.02142000e+00  1.34208334e+00  3.02142000e+00  1.45677702e+00  3.02142000e+00  7.69100590e-01  3.02142000e+00  7.19135519e-01  3.02142000e+00  1.30981160e+00  3.02142000e+00  1.15031828e+00  3.02142000e+00  8.17148873e-01  3.02142000e+00  9.80757891e-01  3.02142000e+00  1.22052821e+00  3.02142000e+00  3.70858187e-01  3.02142000e+00  1.11570761e+00  3.02142000e+00  9.77837356e-01  3.02142000e+00  9.71819132e-01  3.02142000e+00  1.15276469e+00  3.02142000e+00  1.07063274e+00  3.02142000e+00  9.86470800e-01  3.02142000e+00  1.02415117e+00  3.02142000e+00  1.13812655e+00  3.02142000e+00  9.57291078e-01  3.02142000e+00  1.06468951e+00  3.02142000e+00  2.88407937e+00  3.02142000e+00  2.85798057e+00  3.02142000e+00  2.93795337e+00  3.02142000e+00  2.93666381e+00  3.02142000e+00  2.90094983e+00  3.02142000e+00  2.92974222e+00  3.02142000e+00  2.93777517e+00  3.02142000e+00  1.13866167e-01  3.02142000e+00  2.93575692e+00 
 3.04998000e+00  1.45657094e+00  3.04998000e+00  1.33420221e+00  3.04998000e+00  1.35978968e+00  3.04998000e+00  1.48017113e+00  3.04998000e+00  1.40251240e+00  3.04998000e+00  1.32602641e+00  3.04998000e+00  1.16024611e+00  3.04998000e+00  1.34208334e+00  3.04998000e+00  1.45677702e+00  3.04998000e+00  7.69100590e-01  3.04998000e+00  7.19135519e-01  3.04998000e+00  1.30981160e+00  3.04998000e+00  1.15031828e+00  3.04998000e+00  8.17148873e-01  3.04998000e+00  9.80757891e-01  3.04998000e+00  1.22052821e+00  3.04998000e+00  3.70858187e-01  3.04998000e+00  1.11570761e+00  3.04998000e+00  9.77837356e-01  3.04998000e+00  9.71819132e-01  3.04998000e+00  1.15276469e+00  3.04998000e+00  1.07063274e+00  3.04998000e+00  9.86470800e-01  3.04998000e+00  1.02415117e+00  3.04998000e+00  1.13812655e+00  3.04998000e+00  9.57291076e-01  3.04998000e+00  1.06468951e+00  3.04998000e+00  2.88407937e+00  3.04998000e+00  2.85798057e+00  3.04998000e+00  2.93795337e+00  3.04998000e+00  2.93666381e+00  3.04998000e+00  2.90094983e+00  3.04998000e+00  2.92974222e+00  3.04998000e+00  2.93777517e+00  3.04998000e+00  1.13866167e-01  3.04998000e+00  2.93575692e+00 
 3.10710000e+00  1.45657094e+00  3.10710000e+00  1.33420222e+00  3.10710000e+00  1.35978968e+00  3.10710000e+00  1.48017113e+00  3.10710000e+00  1.40251240e+00  3.10710000e+00  1.32602641e+00  3.10710000e+00  1.16024611e+00  3.10710000e+00  1.34208334e+00  3.10710000e+00  1.45677702e+00  3.10710000e+00  7.69100590e-01  3.10710000e+00  7.19135519e-01  3.10710000e+00  1.30981160e+00  3.10710000e+00  1.15031828e+00  3.10710000e+00  8.17148873e-01  3.10710000e+00  9.80757891e-01  3.10710000e+00  1.22052821e+00  3.10710000e+00  3.70858187e-01  3.10710000e+00  1.11570761e+00  3.10710000e+00  9.77837356e-01  3.10710000e+00  9.71819132e-01  3.10710000e+00  1.15276469e+00  3.10710000e+00  1.07063274e+00  3.10710000e+00  9.86470800e-01  3.10710000e+00  1.02415117e+00  3.10710000e+00  1.13812655e+00  3.10710000e+00  9.57291078e-01  3.10710000e+00  1.06468951e+00  3.10710000e+00  2.88407937e+00  3.10710000e+00  2.85798057e+00  3.10710000e+00  2.93795337e+00  3.10710000e+00  2.93666381e+00  3.10710000e+00  2.90094983e+00  3.10710000e+00  2.92974222e+00  3.10710000e+00  2.93777517e+00  3.10710000e+00  1.13866167e-01  3.10710000e+00  2.93575692e+00 
 3.19800000e+00  1.45657094e+00  3.19800000e+00  1.33420221e+00  3.19800000e+00  1.35978968e+00  3.19800000e+00  1.48017113e+00  3.19800000e+00  1.40251240e+00  3.19800000e+00  1.32602641e+00  3.19800000e+00  1.16024611e+00  3.19800000e+00  1.34208334e+00  3.19800000e+00  1.45677702e+00  3.19800000e+00  7.69100590e-01  3.19800000e+00  7.19135519e-01  3.19800000e+00  1.30981160e+00  3.19800000e+00  1.15031828e+00  3.19800000e+00  8.17148873e-01  3.19800000e+00  9.80757891e-01  3.19800000e+00  1.22052821e+00  3.19800000e+00  3.70858187e-01  3.19800000e+00  1.11570761e+00  3.19800000e+00  9.77837356e-01  3.19800000e+00  9.71819132e-01  3.19800000e+00  1.15276469e+00  3.19800000e+00  1.07063274e+00  3.19800000e+00  9.86470800e-01  3.19800000e+00  1.02415117e+00  3.19800000e+00  1.13812655e+00  3.19800000e+00  9.57291076e-01  3.19800000e+00  1.06468951e+00  3.19800000e+00  2.88407937e+00  3.19800000e+00  2.85798057e+00  3.19800000e+00  2.93795337e+00  3.19800000e+00  2.93666381e+00  3.19800000e+00  2.90094983e+00  3.19800000e+00  2.92974222e+00  3.19800000e+00  2.93777517e+00  3.19800000e+00  1.13866167e-01  3.19800000e+00  2.93575692e+00 
 3.20820000e+00  1.47582090e+00  3.20820000e+00  1.35341467e+00  3.20820000e+00  1.35306713e+00  3.20820000e+00  1.47782406e+00  3.20820000e+00  1.39779849e+00  3.20820000e+00  1.36533452e+00  3.20820000e+00  1.16152229e+00  3.20820000e+00  1.37240990e+00  3.20820000e+00  1.43745359e+00  3.20820000e+00  6.89656560e-01  3.20820000e+00  7.25377222e-01  3.20820000e+00  1.28905633e+00  3.20820000e+00  1.17890915e+00  3.20820000e+00  9.01739504e-01  3.20820000e+00  9.44060189e-01  3.20820000e+00  1.23835660e+00  3.20820000e+00  3.68823386e-01  3.20820000e+00  1.15757018e+00  3.20820000e+00  9.71177168e-01  3.20820000e+00  9.76213339e-01  3.20820000e+00  1.14737594e+00  3.20820000e+00  1.08463059e+00  3.20820000e+00  1.00801101e+00  3.20820000e+00  1.01856054e+00  3.20820000e+00  1.15261532e+00  3.20820000e+00  9.60756080e-01  3.20820000e+00  1.08372406e+00  3.20820000e+00  2.83419302e+00  3.20820000e+00  2.86197230e+00  3.20820000e+00  2.93793905e+00  3.20820000e+00  2.93723897e+00  3.20820000e+00  2.92009757e+00  3.20820000e+00  2.92613636e+00  3.20820000e+00  2.93788434e+00  3.20820000e+00  1.12152687e-01  3.20820000e+00  2.93682486e+00 
 3.22860000e+00  1.55321086e+00  3.22860000e+00  1.42139461e+00  3.22860000e+00  1.36022404e+00  3.22860000e+00  1.50438675e+00  3.22860000e+00  1.41293126e+00  3.22860000e+00  1.48165047e+00  3.22860000e+00  1.17150440e+00  3.22860000e+00  1.46840570e+00  3.22860000e+00  1.42159589e+00  3.22860000e+00  5.54337840e-01  3.22860000e+00  7.41513572e-01  3.22860000e+00  1.24474549e+00  3.22860000e+00  1.23789448e+00  3.22860000e+00  1.08043229e+00  3.22860000e+00  8.70055713e-01  3.22860000e+00  1.27402959e+00  3.22860000e+00  3.66651966e-01  3.22860000e+00  1.24109904e+00  3.22860000e+00  9.73560231e-01  3.22860000e+00  9.90801504e-01  3.22860000e+00  1.14244480e+00  3.22860000e+00  1.12130196e+00  3.22860000e+00  1.07209188e+00  3.22860000e+00  1.01433162e+00  3.22860000e+00  1.19096511e+00  3.22860000e+00  9.72737730e-01  3.22860000e+00  1.13190497e+00  3.22860000e+00  1.33422417e+00  3.22860000e+00  2.87117008e+00  3.22860000e+00  2.93790402e+00  3.22860000e+00  2.93788251e+00  3.22860000e+00  2.93459935e+00  3.22860000e+00  2.91415270e+00  3.22860000e+00  2.93792868e+00  3.22860000e+00  1.10352315e-01  3.22860000e+00  2.93789409e+00 
 3.26430000e+00  1.59147319e+00  3.26430000e+00  1.44472949e+00  3.26430000e+00  1.35783451e+00  3.26430000e+00  1.51762811e+00  3.26430000e+00  1.41835868e+00  3.26430000e+00  1.53028247e+00  3.26430000e+00  1.16984386e+00  3.26430000e+00  1.49737230e+00  3.26430000e+00  1.40619282e+00  3.26430000e+00  3.92527918e-01  3.26430000e+00  7.81197770e-01  3.26430000e+00  1.15873636e+00  3.26430000e+00  1.35058301e+00  3.26430000e+00  1.44185567e+00  3.26430000e+00  7.46670210e-01  3.26430000e+00  1.33649835e+00  3.26430000e+00  3.73892424e-01  3.26430000e+00  1.38594405e+00  3.26430000e+00  1.00671807e+00  3.26430000e+00  1.03195176e+00  3.26430000e+00  1.14722042e+00  3.26430000e+00  1.21571003e+00  3.26430000e+00  1.29054095e+00  3.26430000e+00  1.02639825e+00  3.26430000e+00  1.29218846e+00  3.26430000e+00  1.00631530e+00  3.26430000e+00  1.25215572e+00  3.26430000e+00  1.33838738e-01  3.26430000e+00  2.88889372e+00  3.26430000e+00  2.93684980e+00  3.26430000e+00  2.93798146e+00  3.26430000e+00  2.93804420e+00  3.26430000e+00  2.87382217e+00  3.26430000e+00  2.93797176e+00  3.26430000e+00  1.16469690e-01  3.26430000e+00  2.93800579e+00 
 3.30000000e+00  1.51251899e+00  3.30000000e+00  1.35150095e+00  3.30000000e+00  1.29074412e+00  3.30000000e+00  1.43670246e+00  3.30000000e+00  1.35748165e+00  3.30000000e+00  1.44132817e+00  3.30000000e+00  1.17913768e+00  3.30000000e+00  1.34391384e+00  3.30000000e+00  1.29110585e+00  3.30000000e+00  3.17492832e-01  3.30000000e+00  8.29270417e-01  3.30000000e+00  1.07164110e+00  3.30000000e+00  1.52526868e+00  3.30000000e+00  1.85490812e+00  3.30000000e+00  6.14082006e-01  3.30000000e+00  1.39878170e+00  3.30000000e+00  4.00011880e-01  3.30000000e+00  1.52618881e+00  3.30000000e+00  1.03806136e+00  3.30000000e+00  1.07345003e+00  3.30000000e+00  1.14894446e+00  3.30000000e+00  1.37289967e+00  3.30000000e+00  2.30050980e+00  3.30000000e+00  1.04142003e+00  3.30000000e+00  1.43535745e+00  3.30000000e+00  1.03682517e+00  3.30000000e+00  1.41472448e+00  3.30000000e+00  7.65277756e-02  3.30000000e+00  2.90439199e+00  3.30000000e+00  2.93427384e+00  3.30000000e+00  2.93810137e+00  3.30000000e+00  2.93832575e+00  3.30000000e+00  2.20536630e+00  3.30000000e+00  2.93801462e+00  3.30000000e+00  1.41563043e-01  3.30000000e+00  2.93810200e+00 
 3.30714000e+00  1.51251899e+00  3.30714000e+00  1.35150095e+00  3.30714000e+00  1.29074412e+00  3.30714000e+00  1.43670246e+00  3.30714000e+00  1.35748165e+00  3.30714000e+00  1.44132817e+00  3.30714000e+00  1.17913768e+00  3.30714000e+00  1.34391384e+00  3.30714000e+00  1.29110585e+00  3.30714000e+00  3.17492832e-01  3.30714000e+00  8.29270417e-01  3.30714000e+00  1.07164110e+00  3.30714000e+00  1.52526868e+00  3.30714000e+00  1.85490812e+00  3.30714000e+00  6.14082006e-01  3.30714000e+00  1.39878170e+00  3.30714000e+00  4.00011880e-01  3.30714000e+00  1.52618881e+00  3.30714000e+00  1.03806136e+00  3.30714000e+00  1.07345003e+00  3.30714000e+00  1.14894446e+00  3.30714000e+00  1.37289968e+00  3.30714000e+00  2.30050981e+00  3.30714000e+00  1.04142003e+00  3.30714000e+00  1.43535746e+00  3.30714000e+00  1.03682517e+00  3.30714000e+00  1.41472448e+00  3.30714000e+00  7.65277756e-02  3.30714000e+00  2.90439199e+00  3.30714000e+00  2.93427384e+00  3.30714000e+00  2.93810137e+00  3.30714000e+00  2.93832575e+00  3.30714000e+00  2.20536630e+00  3.30714000e+00  2.93801462e+00  3.30714000e+00  1.41563043e-01  3.30714000e+00  2.93810200e+00 
 3.32142000e+00  1.51251899e+00  3.32142000e+00  1.35150095e+00  3.32142000e+00  1.29074412e+00  3.32142000e+00  1.43670246e+00  3.32142000e+00  1.35748165e+00  3.32142000e+00  1.44132817e+00  3.32142000e+00  1.17913768e+00  3.32142000e+00  1.34391384e+00  3.32142000e+00  1.29110585e+00  3.32142000e+00  3.17492832e-01  3.32142000e+00  8.29270417e-01  3.32142000e+00  1.07164110e+00  3.32142000e+00  1.52526868e+00  3.32142000e+00  1.85490812e+00  3.32142000e+00  6.14082006e-01  3.32142000e+00  1.39878170e+00  3.32142000e+00  4.00011880e-01  3.32142000e+00  1.52618881e+00  3.32142000e+00  1.03806136e+00  3.32142000e+00  1.07345003e+00  3.32142000e+00  1.14894446e+00  3.32142000e+00  1.37289967e+00  3.32142000e+00  2.30050980e+00  3.32142000e+00  1.04142003e+00  3.32142000e+00  1.43535745e+00  3.32142000e+00  1.03682517e+00  3.32142000e+00  1.41472448e+00  3.32142000e+00  7.65277756e-02  3.32142000e+00  2.90439199e+00  3.32142000e+00  2.93427384e+00  3.32142000e+00  2.93810137e+00  3.32142000e+00  2.93832575e+00  3.32142000e+00  2.20536630e+00  3.32142000e+00  2.93801462e+00  3.32142000e+00  1.41563043e-01  3.32142000e+00  2.93810200e+00 
 3.34998000e+00  1.51251899e+00  3.34998000e+00  1.35150095e+00  3.34998000e+00  1.29074412e+00  3.34998000e+00  1.43670246e+00  3.34998000e+00  1.35748165e+00  3.34998000e+00  1.44132817e+00  3.34998000e+00  1.17913768e+00  3.34998000e+00  1.34391384e+00  3.34998000e+00  1.29110585e+00  3.34998000e+00  3.17492832e-01  3.34998000e+00  8.29270417e-01  3.34998000e+00  1.07164110e+00  3.34998000e+00  1.52526868e+00  3.34998000e+00  1.85490812e+00  3.34998000e+00  6.14082006e-01  3.34998000e+00  1.39878170e+00  3.34998000e+00  4.00011880e-01  3.34998000e+00  1.52618881e+00  3.34998000e+00  1.03806136e+00  3.34998000e+00  1.07345003e+00  3.34998000e+00  1.14894446e+00  3.34998000e+00  1.37289968e+00  3.34998000e+00  2.30050981e+00  3.34998000e+00  1.04142003e+00  3.34998000e+00  1.43535746e+00  3.34998000e+00  1.03682517e+00  3.34998000e+00  1.41472448e+00  3.34998000e+00  7.65277756e-02  3.34998000e+00  2.90439199e+00  3.34998000e+00  2.93427384e+00  3.34998000e+00  2.93810137e+00  3.34998000e+00  2.93832575e+00  3.34998000e+00  2.20536630e+00  3.34998000e+00  2.93801462e+00  3.34998000e+00  1.41563043e-01  3.34998000e+00  2.93810200e+00 
 3.40710000e+00  1.51251899e+00  3.40710000e+00  1.35150095e+00  3.40710000e+00  1.29074412e+00  3.40710000e+00  1.43670246e+00  3.40710000e+00  1.35748165e+00  3.40710000e+00  1.44132817e+00  3.40710000e+00  1.17913768e+00  3.40710000e+00  1.34391384e+00  3.40710000e+00  1.29110585e+00  3.40710000e+00  3.17492832e-01  3.40710000e+00  8.29270417e-01  3.40710000e+00  1.07164110e+00  3.40710000e+00  1.52526868e+00  3.40710000e+00  1.85490812e+00  3.40710000e+00  6.14082006e-01  3.40710000e+00  1.39878170e+00  3.40710000e+00  4.00011880e-01  3.40710000e+00  1.52618881e+00  3.40710000e+00  1.03806136e+00  3.40710000e+00  1.07345003e+00  3.40710000e+00  1.14894446e+00  3.40710000e+00  1.37289967e+00  3.40710000e+00  2.30050980e+00  3.40710000e+00  1.04142003e+00  3.40710000e+00  1.43535745e+00  3.40710000e+00  1.03682517e+00  3.40710000e+00  1.41472448e+00  3.40710000e+00  7.65277756e-02  3.40710000e+00  2.90439199e+00  3.40710000e+00  2.93427384e+00  3.40710000e+00  2.93810137e+00  3.40710000e+00  2.93832575e+00  3.40710000e+00  2.20536630e+00  3.40710000e+00  2.93801462e+00  3.40710000e+00  1.41563043e-01  3.40710000e+00  2.93810200e+00 
 3.49800000e+00  1.51251899e+00  3.49800000e+00  1.35150095e+00  3.49800000e+00  1.29074412e+00  3.49800000e+00  1.43670246e+00  3.49800000e+00  1.35748165e+00  3.49800000e+00  1.44132817e+00  3.49800000e+00  1.17913768e+00  3.49800000e+00  1.34391384e+00  3.49800000e+00  1.29110585e+00  3.49800000e+00  3.17492832e-01  3.49800000e+00  8.29270417e-01  3.49800000e+00  1.07164110e+00  3.49800000e+00  1.52526868e+00  3.49800000e+00  1.85490812e+00  3.49800000e+00  6.14082006e-01  3.49800000e+00  1.39878170e+00  3.49800000e+00  4.00011880e-01  3.49800000e+00  1.52618881e+00  3.49800000e+00  1.03806136e+00  3.49800000e+00  1.07345003e+00  3.49800000e+00  1.14894446e+00  3.49800000e+00  1.37289968e+00  3.49800000e+00  2.30050981e+00  3.49800000e+00  1.04142003e+00  3.49800000e+00  1.43535746e+00  3.49800000e+00  1.03682517e+00  3.49800000e+00  1.41472448e+00  3.49800000e+00  7.65277756e-02  3.49800000e+00  2.90439199e+00  3.49800000e+00  2.93427384e+00  3.49800000e+00  2.93810137e+00  3.49800000e+00  2.93832575e+00  3.49800000e+00  2.20536630e+00  3.49800000e+00  2.93801462e+00  3.49800000e+00  1.41563043e-01  3.49800000e+00  2.93810200e+00 
 3.50820000e+00  1.52530473e+00  3.50820000e+00  1.36947567e+00  3.50820000e+00  1.30346398e+00  3.50820000e+00  1.45055225e+00  3.50820000e+00  1.36800983e+00  3.50820000e+00  1.45754222e+00  3.50820000e+00  1.17676059e+00  3.50820000e+00  1.37511577e+00  3.50820000e+00  1.31400350e+00  3.50820000e+00  3.29424204e-01  3.50820000e+00  8.21717393e-01  3.50820000e+00  1.06676229e+00  3.50820000e+00  1.45465458e+00  3.50820000e+00  1.84071486e+00  3.50820000e+00  6.30796087e-01  3.50820000e+00  1.37734509e+00  3.50820000e+00  4.06311212e-01  3.50820000e+00  1.45391187e+00  3.50820000e+00  1.02913410e+00  3.50820000e+00  1.06262967e+00  3.50820000e+00  1.13650422e+00  3.50820000e+00  1.30795418e+00  3.50820000e+00  2.25560374e+00  3.50820000e+00  1.03410284e+00  3.50820000e+00  1.37999812e+00  3.50820000e+00  1.02807846e+00  3.50820000e+00  1.33478063e+00  3.50820000e+00  8.35960683e-02  3.50820000e+00  2.90227978e+00  3.50820000e+00  2.93408672e+00  3.50820000e+00  2.93805299e+00  3.50820000e+00  2.93831614e+00  3.50820000e+00  2.45635412e+00  3.50820000e+00  2.93799988e+00  3.50820000e+00  1.48450721e-01  3.50820000e+00  2.93805248e+00 
 3.52860000e+00  1.60131722e+00  3.52860000e+00  1.43993872e+00  3.52860000e+00  1.35751195e+00  3.52860000e+00  1.52771943e+00  3.52860000e+00  1.42347156e+00  3.52860000e+00  1.52695474e+00  3.52860000e+00  1.16183747e+00  3.52860000e+00  1.48497948e+00  3.52860000e+00  1.40716204e+00  3.52860000e+00  3.58330042e-01  3.52860000e+00  8.08159634e-01  3.52860000e+00  1.05650188e+00  3.52860000e+00  1.31711954e+00  3.52860000e+00  1.81285352e+00  3.52860000e+00  6.63381609e-01  3.52860000e+00  1.33332205e+00  3.52860000e+00  4.23195927e-01  3.52860000e+00  1.31199984e+00  3.52860000e+00  1.01152358e+00  3.52860000e+00  1.04172908e+00  3.52860000e+00  1.11210945e+00  3.52860000e+00  1.20605656e+00  3.52860000e+00  2.12839863e+00  3.52860000e+00  1.01991941e+00  3.52860000e+00  1.29709119e+00  3.52860000e+00  1.01075606e+00  3.52860000e+00  1.21776451e+00  3.52860000e+00  1.03712613e-01  3.52860000e+00  2.89821085e+00  3.52860000e+00  2.93367792e+00  3.52860000e+00  2.93795841e+00  3.52860000e+00  2.93829726e+00  3.52860000e+00  2.79811821e+00  3.52860000e+00  2.93796957e+00  3.52860000e+00  1.69003786e-01  3.52860000e+00  2.93795488e+00 
 3.56430000e+00  1.58696714e+00  3.56430000e+00  1.46195505e+00  3.56430000e+00  1.36403714e+00  3.56430000e+00  1.51099098e+00  3.56430000e+00  1.41658318e+00  3.56430000e+00  1.54692454e+00  3.56430000e+00  1.18042257e+00  3.56430000e+00  1.53192839e+00  3.56430000e+00  1.41393927e+00  3.56430000e+00  4.23040619e-01  3.56430000e+00  7.88194202e-01  3.56430000e+00  1.03542704e+00  3.56430000e+00  1.09033544e+00  3.56430000e+00  1.76427730e+00  3.56430000e+00  7.15721391e-01  3.56430000e+00  1.25453679e+00  3.56430000e+00  4.91833753e-01  3.56430000e+00  1.07574120e+00  3.56430000e+00  9.82339144e-01  3.56430000e+00  1.00812095e+00  3.56430000e+00  1.07145395e+00  3.56430000e+00  1.08042761e+00  3.56430000e+00  1.58412499e+00  3.56430000e+00  9.97152082e-01  3.56430000e+00  1.19228773e+00  3.56430000e+00  9.82017125e-01  3.56430000e+00  1.08062295e+00  3.56430000e+00  1.68798509e-01  3.56430000e+00  2.89148590e+00  3.56430000e+00  2.93277199e+00  3.56430000e+00  2.93494822e+00  3.56430000e+00  2.93826430e+00  3.56430000e+00  2.85567532e+00  3.56430000e+00  2.93791522e+00  3.56430000e+00  4.93240220e-01  3.56430000e+00  2.93442752e+00 
 3.60000000e+00  1.44007648e+00  3.60000000e+00  1.47162390e+00  3.60000000e+00  1.32971499e+00  3.60000000e+00  1.35036554e+00  3.60000000e+00  1.32548011e+00  3.60000000e+00  1.55165482e+00  3.60000000e+00  1.29323945e+00  3.60000000e+00  1.59036134e+00  3.60000000e+00  1.32505150e+00  3.60000000e+00  5.02617988e-01  3.60000000e+00  7.70468823e-01  3.60000000e+00  1.00769029e+00  3.60000000e+00  8.84845752e-01  3.60000000e+00  1.71303296e+00  3.60000000e+00  7.58414341e-01  3.60000000e+00  1.17606980e+00  3.60000000e+00  6.39122464e-01  3.60000000e+00  8.60007687e-01  3.60000000e+00  9.55006551e-01  3.60000000e+00  9.77314227e-01  3.60000000e+00  1.03223476e+00  3.60000000e+00  9.96285118e-01  3.60000000e+00  1.41175994e+00  3.60000000e+00  9.75738788e-01  3.60000000e+00  1.11259955e+00  3.60000000e+00  9.61298384e-01  3.60000000e+00  9.92274318e-01  3.60000000e+00  6.31545685e-01  3.60000000e+00  2.88464653e+00  3.60000000e+00  2.93143812e+00  3.60000000e+00  2.91708983e+00  3.60000000e+00  2.93822948e+00  3.60000000e+00  2.87943084e+00  3.60000000e+00  2.93718910e+00  3.60000000e+00  2.58215026e+00  3.60000000e+00  2.91198486e+00 
 3.60714000e+00  1.44007648e+00  3.60714000e+00  1.47162390e+00  3.60714000e+00  1.32971499e+00  3.60714000e+00  1.35036554e+00  3.60714000e+00  1.32548011e+00  3.60714000e+00  1.55165482e+00  3.60714000e+00  1.29323945e+00  3.60714000e+00  1.59036134e+00  3.60714000e+00  1.32505150e+00  3.60714000e+00  5.02617988e-01  3.60714000e+00  7.70468823e-01  3.60714000e+00  1.00769029e+00  3.60714000e+00  8.84845752e-01  3.60714000e+00  1.71303296e+00  3.60714000e+00  7.58414341e-01  3.60714000e+00  1.17606980e+00  3.60714000e+00  6.39122464e-01  3.60714000e+00  8.60007687e-01  3.60714000e+00  9.55006550e-01  3.60714000e+00  9.77314227e-01  3.60714000e+00  1.03223476e+00  3.60714000e+00  9.96285117e-01  3.60714000e+00  1.41175994e+00  3.60714000e+00  9.75738788e-01  3.60714000e+00  1.11259955e+00  3.60714000e+00  9.61298382e-01  3.60714000e+00  9.92274318e-01  3.60714000e+00  6.31545685e-01  3.60714000e+00  2.88464653e+00  3.60714000e+00  2.93143812e+00  3.60714000e+00  2.91708983e+00  3.60714000e+00  2.93822948e+00  3.60714000e+00  2.87943084e+00  3.60714000e+00  2.93718910e+00  3.60714000e+00  2.58215026e+00  3.60714000e+00  2.91198486e+00 
 3.62142000e+00  1.44007648e+00  3.62142000e+00  1.47162390e+00  3.62142000e+00  1.32971499e+00  3.62142000e+00  1.35036554e+00  3.62142000e+00  1.32548011e+00  3.62142000e+00  1.55165482e+00  3.62142000e+00  1.29323945e+00  3.62142000e+00  1.59036134e+00  3.62142000e+00  1.32505150e+00  3.62142000e+00  5.02617988e-01  3.62142000e+00  7.70468823e-01  3.62142000e+00  1.00769029e+00  3.62142000e+00  8.84845752e-01  3.62142000e+00  1.71303296e+00  3.62142000e+00  7.58414341e-01  3.62142000e+00  1.17606980e+00  3.62142000e+00  6.39122464e-01  3.62142000e+00  8.60007687e-01  3.62142000e+00  9.55006549e-01  3.62142000e+00  9.77314227e-01  3.62142000e+00  1.03223476e+00  3.62142000e+00  9.96285117e-01  3.62142000e+00  1.41175994e+00  3.62142000e+00  9.75738788e-01  3.62142000e+00  1.11259955e+00  3.62142000e+00  9.61298382e-01  3.62142000e+00  9.92274318e-01  3.62142000e+00  6.31545685e-01  3.62142000e+00  2.88464653e+00  3.62142000e+00  2.93143812e+00  3.62142000e+00  2.91708983e+00  3.62142000e+00  2.93822948e+00  3.62142000e+00  2.87943084e+00  3.62142000e+00  2.93718910e+00  3.62142000e+00  2.58215026e+00  3.62142000e+00  2.91198486e+00 
 3.64998000e+00  1.44007648e+00  3.64998000e+00  1.47162390e+00  3.64998000e+00  1.32971499e+00  3.64998000e+00  1.35036554e+00  3.64998000e+00  1.32548011e+00  3.64998000e+00  1.55165482e+00  3.64998000e+00  1.29323945e+00  3.64998000e+00  1.59036134e+00  3.64998000e+00  1.32505150e+00  3.64998000e+00  5.02617988e-01  3.64998000e+00  7.70468823e-01  3.64998000e+00  1.00769029e+00  3.64998000e+00  8.84845752e-01  3.64998000e+00  1.71303296e+00  3.64998000e+00  7.58414341e-01  3.64998000e+00  1.17606980e+00  3.64998000e+00  6.39122464e-01  3.64998000e+00  8.60007687e-01  3.64998000e+00  9.55006549e-01  3.64998000e+00  9.77314227e-01  3.64998000e+00  1.03223476e+00  3.64998000e+00  9.96285117e-01  3.64998000e+00  1.41175994e+00  3.64998000e+00  9.75738788e-01  3.64998000e+00  1.11259955e+00  3.64998000e+00  9.61298382e-01  3.64998000e+00  9.92274318e-01  3.64998000e+00  6.31545685e-01  3.64998000e+00  2.88464653e+00  3.64998000e+00  2.93143812e+00  3.64998000e+00  2.91708983e+00  3.64998000e+00  2.93822948e+00  3.64998000e+00  2.87943084e+00  3.64998000e+00  2.93718910e+00  3.64998000e+00  2.58215026e+00  3.64998000e+00  2.91198486e+00 
 3.70710000e+00  1.44007648e+00  3.70710000e+00  1.47162390e+00  3.70710000e+00  1.32971499e+00  3.70710000e+00  1.35036554e+00  3.70710000e+00  1.32548011e+00  3.70710000e+00  1.55165482e+00  3.70710000e+00  1.29323945e+00  3.70710000e+00  1.59036134e+00  3.70710000e+00  1.32505150e+00  3.70710000e+00  5.02617988e-01  3.70710000e+00  7.70468823e-01  3.70710000e+00  1.00769029e+00  3.70710000e+00  8.84845752e-01  3.70710000e+00  1.71303296e+00  3.70710000e+00  7.58414341e-01  3.70710000e+00  1.17606980e+00  3.70710000e+00  6.39122464e-01  3.70710000e+00  8.60007687e-01  3.70710000e+00  9.55006549e-01  3.70710000e+00  9.77314227e-01  3.70710000e+00  1.03223476e+00  3.70710000e+00  9.96285117e-01  3.70710000e+00  1.41175994e+00  3.70710000e+00  9.75738788e-01  3.70710000e+00  1.11259955e+00  3.70710000e+00  9.61298382e-01  3.70710000e+00  9.92274318e-01  3.70710000e+00  6.31545685e-01  3.70710000e+00  2.88464653e+00  3.70710000e+00  2.93143812e+00  3.70710000e+00  2.91708983e+00  3.70710000e+00  2.93822948e+00  3.70710000e+00  2.87943084e+00  3.70710000e+00  2.93718910e+00  3.70710000e+00  2.58215026e+00  3.70710000e+00  2.91198486e+00 
 3.79800000e+00  1.44007648e+00  3.79800000e+00  1.47162390e+00  3.79800000e+00  1.32971499e+00  3.79800000e+00  1.35036554e+00  3.79800000e+00  1.32548011e+00  3.79800000e+00  1.55165482e+00  3.79800000e+00  1.29323945e+00  3.79800000e+00  1.59036134e+00  3.79800000e+00  1.32505150e+00  3.79800000e+00  5.02617988e-01  3.79800000e+00  7.70468823e-01  3.79800000e+00  1.00769029e+00  3.79800000e+00  8.84845752e-01  3.79800000e+00  1.71303296e+00  3.79800000e+00  7.58414341e-01  3.79800000e+00  1.17606980e+00  3.79800000e+00  6.39122464e-01  3.79800000e+00  8.60007687e-01  3.79800000e+00  9.55006549e-01  3.79800000e+00  9.77314227e-01  3.79800000e+00  1.03223476e+00  3.79800000e+00  9.96285117e-01  3.79800000e+00  1.41175994e+00  3.79800000e+00  9.75738788e-01  3.79800000e+00  1.11259955e+00  3.79800000e+00  9.61298382e-01  3.79800000e+00  9.92274318e-01  3.79800000e+00  6.31545685e-01  3.79800000e+00  2.88464653e+00  3.79800000e+00  2.93143812e+00  3.79800000e+00  2.91708983e+00  3.79800000e+00  2.93822948e+00  3.79800000e+00  2.87943084e+00  3.79800000e+00  2.93718910e+00  3.79800000e+00  2.58215026e+00  3.79800000e+00  2.91198486e+00 
 3.80820000e+00  1.47293306e+00  3.80820000e+00  1.44565553e+00  3.80820000e+00  1.32624703e+00  3.80820000e+00  1.39135714e+00  3.80820000e+00  1.34335135e+00  3.80820000e+00  1.52532662e+00  3.80820000e+00  1.24161534e+00  3.80820000e+00  1.53926429e+00  3.80820000e+00  1.33865684e+00  3.80820000e+00  5.06254265e-01  3.80820000e+00  7.58219721e-01  3.80820000e+00  1.04016300e+00  3.80820000e+00  9.61145649e-01  3.80820000e+00  1.60374896e+00  3.80820000e+00  7.77514777e-01  3.80820000e+00  1.24491927e+00  3.80820000e+00  5.94308940e-01  3.80820000e+00  8.60648569e-01  3.80820000e+00  9.55717692e-01  3.80820000e+00  9.76165177e-01  3.80820000e+00  1.04309506e+00  3.80820000e+00  1.01432831e+00  3.80820000e+00  1.31636603e+00  3.80820000e+00  9.79547436e-01  3.80820000e+00  1.14956324e+00  3.80820000e+00  9.58793738e-01  3.80820000e+00  9.93120367e-01  3.80820000e+00  6.78889192e-01  3.80820000e+00  2.87934238e+00  3.80820000e+00  2.93298346e+00  3.80820000e+00  2.92800056e+00  3.80820000e+00  2.93815502e+00  3.80820000e+00  2.88747444e+00  3.80820000e+00  2.93790440e+00  3.80820000e+00  1.91184824e+00  3.80820000e+00  2.91212747e+00 
 3.82860000e+00  1.53042948e+00  3.82860000e+00  1.44441155e+00  3.82860000e+00  1.34009797e+00  3.82860000e+00  1.45114551e+00  3.82860000e+00  1.37868658e+00  3.82860000e+00  1.52836308e+00  3.82860000e+00  1.20777944e+00  3.82860000e+00  1.51664685e+00  3.82860000e+00  1.36773107e+00  3.82860000e+00  5.30734422e-01  3.82860000e+00  7.36742414e-01  3.82860000e+00  1.10685438e+00  3.82860000e+00  1.14231145e+00  3.82860000e+00  1.38545857e+00  3.82860000e+00  8.16827046e-01  3.82860000e+00  1.38749875e+00  3.82860000e+00  5.14624457e-01  3.82860000e+00  8.61954533e-01  3.82860000e+00  9.62842624e-01  3.82860000e+00  9.80006311e-01  3.82860000e+00  1.07364063e+00  3.82860000e+00  1.07442284e+00  3.82860000e+00  1.18927320e+00  3.82860000e+00  9.93516040e-01  3.82860000e+00  1.25527651e+00  3.82860000e+00  9.62919849e-01  3.82860000e+00  1.00053449e+00  3.82860000e+00  1.00616903e+00  3.82860000e+00  2.86860068e+00  3.82860000e+00  2.93548857e+00  3.82860000e+00  2.93647425e+00  3.82860000e+00  2.93800546e+00  3.82860000e+00  2.90085460e+00  3.82860000e+00  2.93800686e+00  3.82860000e+00  7.89161228e-01  3.82860000e+00  2.91241622e+00 
 3.86430000e+00  1.55243138e+00  3.86430000e+00  1.43036457e+00  3.86430000e+00  1.35151463e+00  3.86430000e+00  1.48882001e+00  3.86430000e+00  1.40199894e+00  3.86430000e+00  1.50349040e+00  3.86430000e+00  1.18244139e+00  3.86430000e+00  1.48392676e+00  3.86430000e+00  1.39815235e+00  3.86430000e+00  6.27031562e-01  3.86430000e+00  7.10640139e-01  3.86430000e+00  1.22446701e+00  3.86430000e+00  1.50579088e+00  3.86430000e+00  1.01759843e+00  3.86430000e+00  8.88882719e-01  3.86430000e+00  1.64845274e+00  3.86430000e+00  4.51810423e-01  3.86430000e+00  8.64314309e-01  3.86430000e+00  9.88806105e-01  3.86430000e+00  9.97896566e-01  3.86430000e+00  1.14764025e+00  3.86430000e+00  1.26603301e+00  3.86430000e+00  1.06452847e+00  3.86430000e+00  1.03055854e+00  3.86430000e+00  2.15250522e+00  3.86430000e+00  9.84066978e-01  3.86430000e+00  1.02328939e+00  3.86430000e+00  2.39963179e+00  3.86430000e+00  2.85206599e+00  3.86430000e+00  2.93780593e+00  3.86430000e+00  2.93808804e+00  3.86430000e+00  2.93193365e+00  3.86430000e+00  2.91784136e+00  3.86430000e+00  2.93818551e+00  3.86430000e+00  2.14831714e-01  3.86430000e+00  2.91293169e+00 
 3.90000000e+00  1.52905987e+00  3.90000000e+00  1.36671940e+00  3.90000000e+00  1.38909414e+00  3.90000000e+00  1.55055645e+00  3.90000000e+00  1.44670658e+00  3.90000000e+00  1.36516591e+00  3.90000000e+00  1.13056286e+00  3.90000000e+00  1.38135323e+00  3.90000000e+00  1.51125108e+00  3.90000000e+00  7.84768472e-01  3.90000000e+00  7.00354221e-01  3.90000000e+00  1.34142036e+00  3.90000000e+00  1.86921612e+00  3.90000000e+00  7.12762740e-01  3.90000000e+00  9.64492873e-01  3.90000000e+00  1.90909194e+00  3.90000000e+00  4.61409817e-01  3.90000000e+00  8.66761269e-01  3.90000000e+00  1.03244712e+00  3.90000000e+00  1.01978914e+00  3.90000000e+00  1.24169211e+00  3.90000000e+00  1.79125391e+00  3.90000000e+00  1.02072419e+00  3.90000000e+00  1.07421619e+00  3.90000000e+00  2.49156476e+00  3.90000000e+00  1.00693552e+00  3.90000000e+00  1.04907697e+00  3.90000000e+00  2.89023323e+00  3.90000000e+00  2.84399281e+00  3.90000000e+00  2.93797515e+00  3.90000000e+00  2.93833543e+00  3.90000000e+00  2.85360102e+00  3.90000000e+00  2.92832795e+00  3.90000000e+00  2.93836239e+00  3.90000000e+00  2.36436940e-01  3.90000000e+00  2.91345777e+00 
 3.90714000e+00  1.52905987e+00  3.90714000e+00  1.36671940e+00  3.90714000e+00  1.38909414e+00  3.90714000e+00  1.55055645e+00  3.90714000e+00  1.44670658e+00  3.90714000e+00  1.36516591e+00  3.90714000e+00  1.13056286e+00  3.90714000e+00  1.38135323e+00  3.90714000e+00  1.51125108e+00  3.90714000e+00  7.84768472e-01  3.90714000e+00  7.00354221e-01  3.90714000e+00  1.34142036e+00  3.90714000e+00  1.86921612e+00  3.90714000e+00  7.12762740e-01  3.90714000e+00  9.64492873e-01  3.90714000e+00  1.90909194e+00  3.90714000e+00  4.61409817e-01  3.90714000e+00  8.66761269e-01  3.90714000e+00  1.03244712e+00  3.90714000e+00  1.01978914e+00  3.90714000e+00  1.24169211e+00  3.90714000e+00  1.79125391e+00  3.90714000e+00  1.02072419e+00  3.90714000e+00  1.07421619e+00  3.90714000e+00  2.49156476e+00  3.90714000e+00  1.00693552e+00  3.90714000e+00  1.04907697e+00  3.90714000e+00  2.89023323e+00  3.90714000e+00  2.84399281e+00  3.90714000e+00  2.93797515e+00  3.90714000e+00  2.93833543e+00  3.90714000e+00  2.85360102e+00  3.90714000e+00  2.92832795e+00  3.90714000e+00  2.93836239e+00  3.90714000e+00  2.36436940e-01  3.90714000e+00  2.91345777e+00 
 3.92142000e+00  1.52905987e+00  3.92142000e+00  1.36671940e+00  3.92142000e+00  1.38909414e+00  3.92142000e+00  1.55055645e+00  3.92142000e+00  1.44670658e+00  3.92142000e+00  1.36516591e+00  3.92142000e+00  1.13056286e+00  3.92142000e+00  1.38135323e+00  3.92142000e+00  1.51125108e+00  3.92142000e+00  7.84768472e-01  3.92142000e+00  7.00354221e-01  3.92142000e+00  1.34142036e+00  3.92142000e+00  1.86921612e+00  3.92142000e+00  7.12762740e-01  3.92142000e+00  9.64492873e-01  3.92142000e+00  1.90909194e+00  3.92142000e+00  4.61409817e-01  3.92142000e+00  8.66761269e-01  3.92142000e+00  1.03244712e+00  3.92142000e+00  1.01978914e+00  3.92142000e+00  1.24169211e+00  3.92142000e+00  1.79125391e+00  3.92142000e+00  1.02072419e+00  3.92142000e+00  1.07421619e+00  3.92142000e+00  2.49156476e+00  3.92142000e+00  1.00693553e+00  3.92142000e+00  1.04907697e+00  3.92142000e+00  2.89023323e+00  3.92142000e+00  2.84399281e+00  3.92142000e+00  2.93797515e+00  3.92142000e+00  2.93833543e+00  3.92142000e+00  2.85360102e+00  3.92142000e+00  2.92832795e+00  3.92142000e+00  2.93836239e+00  3.92142000e+00  2.36436940e-01  3.92142000e+00  2.91345777e+00 
 3.94998000e+00  1.52905987e+00  3.94998000e+00  1.36671940e+00  3.94998000e+00  1.38909414e+00  3.94998000e+00  1.55055645e+00  3.94998000e+00  1.44670658e+00  3.94998000e+00  1.36516591e+00  3.94998000e+00  1.13056286e+00  3.94998000e+00  1.38135323e+00  3.94998000e+00  1.51125108e+00  3.94998000e+00  7.84768472e-01  3.94998000e+00  7.00354221e-01  3.94998000e+00  1.34142036e+00  3.94998000e+00  1.86921612e+00  3.94998000e+00  7.12762740e-01  3.94998000e+00  9.64492873e-01  3.94998000e+00  1.90909194e+00  3.94998000e+00  4.61409817e-01  3.94998000e+00  8.66761269e-01  3.94998000e+00  1.03244712e+00  3.94998000e+00  1.01978914e+00  3.94998000e+00  1.24169211e+00  3.94998000e+00  1.79125391e+00  3.94998000e+00  1.02072419e+00  3.94998000e+00  1.07421619e+00  3.94998000e+00  2.49156476e+00  3.94998000e+00  1.00693552e+00  3.94998000e+00  1.04907697e+00  3.94998000e+00  2.89023323e+00  3.94998000e+00  2.84399281e+00  3.94998000e+00  2.93797515e+00  3.94998000e+00  2.93833543e+00  3.94998000e+00  2.85360102e+00  3.94998000e+00  2.92832795e+00  3.94998000e+00  2.93836239e+00  3.94998000e+00  2.36436940e-01  3.94998000e+00  2.91345777e+00 
 4.00710000e+00  1.52905987e+00  4.00710000e+00  1.36671940e+00  4.00710000e+00  1.38909414e+00  4.00710000e+00  1.55055645e+00  4.00710000e+00  1.44670658e+00  4.00710000e+00  1.36516591e+00  4.00710000e+00  1.13056286e+00  4.00710000e+00  1.38135323e+00  4.00710000e+00  1.51125108e+00  4.00710000e+00  7.84768472e-01  4.00710000e+00  7.00354221e-01  4.00710000e+00  1.34142036e+00  4.00710000e+00  1.86921612e+00  4.00710000e+00  7.12762740e-01  4.00710000e+00  9.64492873e-01  4.00710000e+00  1.90909194e+00  4.00710000e+00  4.61409817e-01  4.00710000e+00  8.66761269e-01  4.00710000e+00  1.03244712e+00  4.00710000e+00  1.01978914e+00  4.00710000e+00  1.24169211e+00  4.00710000e+00  1.79125391e+00  4.00710000e+00  1.02072419e+00  4.00710000e+00  1.07421619e+00  4.00710000e+00  2.49156476e+00  4.00710000e+00  1.00693553e+00  4.00710000e+00  1.04907697e+00  4.00710000e+00  2.89023323e+00  4.00710000e+00  2.84399281e+00  4.00710000e+00  2.93797515e+00  4.00710000e+00  2.93833543e+00  4.00710000e+00  2.85360102e+00  4.00710000e+00  2.92832795e+00  4.00710000e+00  2.93836239e+00  4.00710000e+00  2.36436940e-01  4.00710000e+00  2.91345777e+00 
 4.09800000e+00  1.52905987e+00  4.09800000e+00  1.36671940e+00  4.09800000e+00  1.38909414e+00  4.09800000e+00  1.55055645e+00  4.09800000e+00  1.44670658e+00  4.09800000e+00  1.36516591e+00  4.09800000e+00  1.13056286e+00  4.09800000e+00  1.38135323e+00  4.09800000e+00  1.51125108e+00  4.09800000e+00  7.84768472e-01  4.09800000e+00  7.00354221e-01  4.09800000e+00  1.34142036e+00  4.09800000e+00  1.86921612e+00  4.09800000e+00  7.12762740e-01  4.09800000e+00  9.64492873e-01  4.09800000e+00  1.90909194e+00  4.09800000e+00  4.61409817e-01  4.09800000e+00  8.66761269e-01  4.09800000e+00  1.03244712e+00  4.09800000e+00  1.01978914e+00  4.09800000e+00  1.24169211e+00  4.09800000e+00  1.79125391e+00  4.09800000e+00  1.02072419e+00  4.09800000e+00  1.07421619e+00  4.09800000e+00  2.49156476e+00  4.09800000e+00  1.00693552e+00  4.09800000e+00  1.04907697e+00  4.09800000e+00  2.89023323e+00  4.09800000e+00  2.84399281e+00  4.09800000e+00  2.93797515e+00  4.09800000e+00  2.93833543e+00  4.09800000e+00  2.85360102e+00  4.09800000e+00  2.92832795e+00  4.09800000e+00  2.93836239e+00  4.09800000e+00  2.36436940e-01  4.09800000e+00  2.91345777e+00 
 4.10820000e+00  1.54232380e+00  4.10820000e+00  1.38282178e+00  4.10820000e+00  1.38419535e+00  4.10820000e+00  1.54631142e+00  4.10820000e+00  1.44233286e+00  4.10820000e+00  1.39709262e+00  4.10820000e+00  1.13565521e+00  4.10820000e+00  1.40638355e+00  4.10820000e+00  1.49451030e+00  4.10820000e+00  7.65169448e-01  4.10820000e+00  7.33569144e-01  4.10820000e+00  1.32805901e+00  4.10820000e+00  1.84722188e+00  4.10820000e+00  7.98688462e-01  4.10820000e+00  9.66338833e-01  4.10820000e+00  1.90019892e+00  4.10820000e+00  4.48400486e-01  4.10820000e+00  9.07187718e-01  4.10820000e+00  1.03136268e+00  4.10820000e+00  1.02666864e+00  4.10820000e+00  1.23675588e+00  4.10820000e+00  1.73381948e+00  4.10820000e+00  1.03716972e+00  4.10820000e+00  1.07698565e+00  4.10820000e+00  2.49113968e+00  4.10820000e+00  1.00899060e+00  4.10820000e+00  1.06101186e+00  4.10820000e+00  2.88241548e+00  4.10820000e+00  2.86682548e+00  4.10820000e+00  2.93796595e+00  4.10820000e+00  2.93832054e+00  4.10820000e+00  2.89513751e+00  4.10820000e+00  2.92850321e+00  4.10820000e+00  2.93835638e+00  4.10820000e+00  2.08236039e-01  4.10820000e+00  2.92099232e+00 
 4.12860000e+00  1.61405439e+00  4.12860000e+00  1.45070973e+00  4.12860000e+00  1.38530284e+00  4.12860000e+00  1.56223702e+00  4.12860000e+00  1.44976208e+00  4.12860000e+00  1.51717841e+00  4.12860000e+00  1.14880172e+00  4.12860000e+00  1.50456552e+00  4.12860000e+00  1.46644338e+00  4.12860000e+00  7.41863875e-01  4.12860000e+00  8.08194934e-01  4.12860000e+00  1.29648315e+00  4.12860000e+00  1.80032995e+00  4.12860000e+00  9.77411541e-01  4.12860000e+00  9.68860191e-01  4.12860000e+00  1.88110890e+00  4.12860000e+00  4.29819553e-01  4.12860000e+00  9.91715277e-01  4.12860000e+00  1.03452487e+00  4.12860000e+00  1.04666842e+00  4.12860000e+00  1.22800646e+00  4.12860000e+00  1.65002442e+00  4.12860000e+00  1.08812510e+00  4.12860000e+00  1.08490357e+00  4.12860000e+00  2.49375033e+00  4.12860000e+00  1.01553483e+00  4.12860000e+00  1.09179287e+00  4.12860000e+00  2.87135423e+00  4.12860000e+00  2.89822193e+00  4.12860000e+00  2.93794418e+00  4.12860000e+00  2.93828877e+00  4.12860000e+00  2.92947525e+00  4.12860000e+00  2.92873650e+00  4.12860000e+00  2.93834347e+00  4.12860000e+00  1.78095778e-01  4.12860000e+00  2.93052855e+00 
 4.16430000e+00  1.63658632e+00  4.16430000e+00  1.46961009e+00  4.16430000e+00  1.37340551e+00  4.16430000e+00  1.55542694e+00  4.16430000e+00  1.44193155e+00  4.16430000e+00  1.56418944e+00  4.16430000e+00  1.15599457e+00  4.16430000e+00  1.52988036e+00  4.16430000e+00  1.43171101e+00  4.16430000e+00  7.60764855e-01  4.16430000e+00  9.72575777e-01  4.16430000e+00  1.23372538e+00  4.16430000e+00  1.71254193e+00  4.16430000e+00  1.31226145e+00  4.16430000e+00  9.77751900e-01  4.16430000e+00  1.84283037e+00  4.16430000e+00  4.02075566e-01  4.16430000e+00  1.15033519e+00  4.16430000e+00  1.05864519e+00  4.16430000e+00  1.11047528e+00  4.16430000e+00  1.22244127e+00  4.16430000e+00  1.56911281e+00  4.16430000e+00  1.25607880e+00  4.16430000e+00  1.11019913e+00  4.16430000e+00  2.51065849e+00  4.16430000e+00  1.03602366e+00  4.16430000e+00  1.17380066e+00  4.16430000e+00  2.88048806e+00  4.16430000e+00  2.92906745e+00  4.16430000e+00  2.93786352e+00  4.16430000e+00  2.93822915e+00  4.16430000e+00  2.93795506e+00  4.16430000e+00  2.92950298e+00  4.16430000e+00  2.93831757e+00  4.16430000e+00  1.43778632e-01  4.16430000e+00  2.93666420e+00 
 4.20000000e+00  1.55445925e+00  4.20000000e+00  1.37089838e+00  4.20000000e+00  1.29886303e+00  4.20000000e+00  1.46726306e+00  4.20000000e+00  1.37484021e+00  4.20000000e+00  1.47387530e+00  4.20000000e+00  1.16508228e+00  4.20000000e+00  1.36709532e+00  4.20000000e+00  1.30290655e+00  4.20000000e+00  8.63049690e-01  4.20000000e+00  1.18200454e+00  4.20000000e+00  1.16852891e+00  4.20000000e+00  1.66510537e+00  4.20000000e+00  1.66842701e+00  4.20000000e+00  1.00028158e+00  4.20000000e+00  1.79694202e+00  4.20000000e+00  3.78608799e-01  4.20000000e+00  1.32064846e+00  4.20000000e+00  1.10994982e+00  4.20000000e+00  1.22863310e+00  4.20000000e+00  1.22856042e+00  4.20000000e+00  1.61086149e+00  4.20000000e+00  2.04134157e+00  4.20000000e+00  1.15022171e+00  4.20000000e+00  2.53572818e+00  4.20000000e+00  1.06537908e+00  4.20000000e+00  1.30505362e+00  4.20000000e+00  2.91265644e+00  4.20000000e+00  2.93729148e+00  4.20000000e+00  2.93704879e+00  4.20000000e+00  2.93819686e+00  4.20000000e+00  2.93819912e+00  4.20000000e+00  2.93104847e+00  4.20000000e+00  2.93828647e+00  4.20000000e+00  1.20635265e-01  4.20000000e+00  2.93796084e+00 
 4.20714000e+00  1.55445925e+00  4.20714000e+00  1.37089838e+00  4.20714000e+00  1.29886303e+00  4.20714000e+00  1.46726306e+00  4.20714000e+00  1.37484021e+00  4.20714000e+00  1.47387530e+00  4.20714000e+00  1.16508228e+00  4.20714000e+00  1.36709532e+00  4.20714000e+00  1.30290655e+00  4.20714000e+00  8.63049690e-01  4.20714000e+00  1.18200454e+00  4.20714000e+00  1.16852891e+00  4.20714000e+00  1.66510537e+00  4.20714000e+00  1.66842701e+00  4.20714000e+00  1.00028158e+00  4.20714000e+00  1.79694202e+00  4.20714000e+00  3.78608799e-01  4.20714000e+00  1.32064846e+00  4.20714000e+00  1.10994982e+00  4.20714000e+00  1.22863310e+00  4.20714000e+00  1.22856042e+00  4.20714000e+00  1.61086149e+00  4.20714000e+00  2.04134157e+00  4.20714000e+00  1.15022171e+00  4.20714000e+00  2.53572818e+00  4.20714000e+00  1.06537909e+00  4.20714000e+00  1.30505362e+00  4.20714000e+00  2.91265644e+00  4.20714000e+00  2.93729148e+00  4.20714000e+00  2.93704879e+00  4.20714000e+00  2.93819686e+00  4.20714000e+00  2.93819912e+00  4.20714000e+00  2.93104847e+00  4.20714000e+00  2.93828647e+00  4.20714000e+00  1.20635265e-01  4.20714000e+00  2.93796084e+00 
 4.22142000e+00  1.55445925e+00  4.22142000e+00  1.37089838e+00  4.22142000e+00  1.29886303e+00  4.22142000e+00  1.46726306e+00  4.22142000e+00  1.37484021e+00  4.22142000e+00  1.47387530e+00  4.22142000e+00  1.16508228e+00  4.22142000e+00  1.36709532e+00  4.22142000e+00  1.30290655e+00  4.22142000e+00  8.63049690e-01  4.22142000e+00  1.18200454e+00  4.22142000e+00  1.16852891e+00  4.22142000e+00  1.66510537e+00  4.22142000e+00  1.66842701e+00  4.22142000e+00  1.00028158e+00  4.22142000e+00  1.79694202e+00  4.22142000e+00  3.78608799e-01  4.22142000e+00  1.32064846e+00  4.22142000e+00  1.10994982e+00  4.22142000e+00  1.22863310e+00  4.22142000e+00  1.22856042e+00  4.22142000e+00  1.61086149e+00  4.22142000e+00  2.04134157e+00  4.22142000e+00  1.15022171e+00  4.22142000e+00  2.53572818e+00  4.22142000e+00  1.06537908e+00  4.22142000e+00  1.30505362e+00  4.22142000e+00  2.91265644e+00  4.22142000e+00  2.93729148e+00  4.22142000e+00  2.93704879e+00  4.22142000e+00  2.93819686e+00  4.22142000e+00  2.93819912e+00  4.22142000e+00  2.93104847e+00  4.22142000e+00  2.93828647e+00  4.22142000e+00  1.20635265e-01  4.22142000e+00  2.93796084e+00 
 4.24998000e+00  1.55445925e+00  4.24998000e+00  1.37089838e+00  4.24998000e+00  1.29886303e+00  4.24998000e+00  1.46726306e+00  4.24998000e+00  1.37484021e+00  4.24998000e+00  1.47387530e+00  4.24998000e+00  1.16508228e+00  4.24998000e+00  1.36709532e+00  4.24998000e+00  1.30290655e+00  4.24998000e+00  8.63049690e-01  4.24998000e+00  1.18200454e+00  4.24998000e+00  1.16852891e+00  4.24998000e+00  1.66510537e+00  4.24998000e+00  1.66842701e+00  4.24998000e+00  1.00028158e+00  4.24998000e+00  1.79694202e+00  4.24998000e+00  3.78608799e-01  4.24998000e+00  1.32064846e+00  4.24998000e+00  1.10994982e+00  4.24998000e+00  1.22863310e+00  4.24998000e+00  1.22856042e+00  4.24998000e+00  1.61086149e+00  4.24998000e+00  2.04134157e+00  4.24998000e+00  1.15022171e+00  4.24998000e+00  2.53572818e+00  4.24998000e+00  1.06537909e+00  4.24998000e+00  1.30505362e+00  4.24998000e+00  2.91265644e+00  4.24998000e+00  2.93729148e+00  4.24998000e+00  2.93704879e+00  4.24998000e+00  2.93819686e+00  4.24998000e+00  2.93819912e+00  4.24998000e+00  2.93104847e+00  4.24998000e+00  2.93828647e+00  4.24998000e+00  1.20635265e-01  4.24998000e+00  2.93796084e+00 
 4.30710000e+00  1.55445925e+00  4.30710000e+00  1.37089838e+00  4.30710000e+00  1.29886303e+00  4.30710000e+00  1.46726306e+00  4.30710000e+00  1.37484021e+00  4.30710000e+00  1.47387530e+00  4.30710000e+00  1.16508228e+00  4.30710000e+00  1.36709532e+00  4.30710000e+00  1.30290655e+00  4.30710000e+00  8.63049690e-01  4.30710000e+00  1.18200454e+00  4.30710000e+00  1.16852891e+00  4.30710000e+00  1.66510537e+00  4.30710000e+00  1.66842701e+00  4.30710000e+00  1.00028158e+00  4.30710000e+00  1.79694202e+00  4.30710000e+00  3.78608799e-01  4.30710000e+00  1.32064846e+00  4.30710000e+00  1.10994982e+00  4.30710000e+00  1.22863310e+00  4.30710000e+00  1.22856042e+00  4.30710000e+00  1.61086149e+00  4.30710000e+00  2.04134157e+00  4.30710000e+00  1.15022171e+00  4.30710000e+00  2.53572818e+00  4.30710000e+00  1.06537908e+00  4.30710000e+00  1.30505362e+00  4.30710000e+00  2.91265644e+00  4.30710000e+00  2.93729148e+00  4.30710000e+00  2.93704879e+00  4.30710000e+00  2.93819686e+00  4.30710000e+00  2.93819912e+00  4.30710000e+00  2.93104847e+00  4.30710000e+00  2.93828647e+00  4.30710000e+00  1.20635265e-01  4.30710000e+00  2.93796084e+00 
 4.39800000e+00  1.55445925e+00  4.39800000e+00  1.37089838e+00  4.39800000e+00  1.29886303e+00  4.39800000e+00  1.46726306e+00  4.39800000e+00  1.37484021e+00  4.39800000e+00  1.47387530e+00  4.39800000e+00  1.16508228e+00  4.39800000e+00  1.36709532e+00  4.39800000e+00  1.30290655e+00  4.39800000e+00  8.63049690e-01  4.39800000e+00  1.18200454e+00  4.39800000e+00  1.16852891e+00  4.39800000e+00  1.66510537e+00  4.39800000e+00  1.66842701e+00  4.39800000e+00  1.00028158e+00  4.39800000e+00  1.79694202e+00  4.39800000e+00  3.78608799e-01  4.39800000e+00  1.32064846e+00  4.39800000e+00  1.10994982e+00  4.39800000e+00  1.22863310e+00  4.39800000e+00  1.22856042e+00  4.39800000e+00  1.61086149e+00  4.39800000e+00  2.04134157e+00  4.39800000e+00  1.15022171e+00  4.39800000e+00  2.53572818e+00  4.39800000e+00  1.06537909e+00  4.39800000e+00  1.30505362e+00  4.39800000e+00  2.91265644e+00  4.39800000e+00  2.93729148e+00  4.39800000e+00  2.93704879e+00  4.39800000e+00  2.93819686e+00  4.39800000e+00  2.93819912e+00  4.39800000e+00  2.93104847e+00  4.39800000e+00  2.93828647e+00  4.39800000e+00  1.20635265e-01  4.39800000e+00  2.93796084e+00 
 4.40820000e+00  1.55844707e+00  4.40820000e+00  1.38863006e+00  4.40820000e+00  1.31119394e+00  4.40820000e+00  1.47344489e+00  4.40820000e+00  1.38176199e+00  4.40820000e+00  1.48787415e+00  4.40820000e+00  1.16995756e+00  4.40820000e+00  1.39955173e+00  4.40820000e+00  1.32331198e+00  4.40820000e+00  8.29493025e-01  4.40820000e+00  1.11608827e+00  4.40820000e+00  1.18578137e+00  4.40820000e+00  1.66792304e+00  4.40820000e+00  1.55892626e+00  4.40820000e+00  9.87979993e-01  4.40820000e+00  1.80628906e+00  4.40820000e+00  3.87002602e-01  4.40820000e+00  1.27192650e+00  4.40820000e+00  1.09423452e+00  4.40820000e+00  1.18841221e+00  4.40820000e+00  1.22699807e+00  4.40820000e+00  1.58059838e+00  4.40820000e+00  1.51720084e+00  4.40820000e+00  1.13757538e+00  4.40820000e+00  2.52848854e+00  4.40820000e+00  1.05766950e+00  4.40820000e+00  1.26332936e+00  4.40820000e+00  2.90445266e+00  4.40820000e+00  2.93576813e+00  4.40820000e+00  2.93735289e+00  4.40820000e+00  2.93819878e+00  4.40820000e+00  2.93812440e+00  4.40820000e+00  2.93027568e+00  4.40820000e+00  2.93829281e+00  4.40820000e+00  1.28426562e-01  4.40820000e+00  2.93792723e+00 
 4.42860000e+00  1.61833557e+00  4.42860000e+00  1.45421878e+00  4.42860000e+00  1.36118969e+00  4.42860000e+00  1.53667229e+00  4.42860000e+00  1.42883363e+00  4.42860000e+00  1.54909789e+00  4.42860000e+00  1.16097275e+00  4.42860000e+00  1.50598703e+00  4.42860000e+00  1.40992336e+00  4.42860000e+00  7.85792650e-01  4.42860000e+00  9.91332026e-01  4.42860000e+00  1.21955237e+00  4.42860000e+00  1.69778559e+00  4.42860000e+00  1.34346083e+00  4.42860000e+00  9.65705658e-01  4.42860000e+00  1.82244920e+00  4.42860000e+00  4.06758442e-01  4.42860000e+00  1.17682394e+00  4.42860000e+00  1.06519066e+00  4.42860000e+00  1.11892827e+00  4.42860000e+00  1.21801091e+00  4.42860000e+00  1.55381440e+00  4.42860000e+00  1.27824669e+00  4.42860000e+00  1.10913859e+00  4.42860000e+00  2.50481923e+00  4.42860000e+00  1.03826662e+00  4.42860000e+00  1.18827769e+00  4.42860000e+00  2.89061101e+00  4.42860000e+00  2.93050333e+00  4.42860000e+00  2.93776699e+00  4.42860000e+00  2.93821911e+00  4.42860000e+00  2.93797655e+00  4.42860000e+00  2.92844352e+00  4.42860000e+00  2.93830376e+00  4.42860000e+00  1.48954199e-01  4.42860000e+00  2.93720250e+00 
 4.46430000e+00  1.62453738e+00  4.46430000e+00  1.46232308e+00  4.46430000e+00  1.38309446e+00  4.46430000e+00  1.56108372e+00  4.46430000e+00  1.44818040e+00  4.46430000e+00  1.53958601e+00  4.46430000e+00  1.15250353e+00  4.46430000e+00  1.52199507e+00  4.46430000e+00  1.45670177e+00  4.46430000e+00  7.93416054e-01  4.46430000e+00  8.14049640e-01  4.46430000e+00  1.27625152e+00  4.46430000e+00  1.78264118e+00  4.46430000e+00  1.00151807e+00  4.46430000e+00  9.34013801e-01  4.46430000e+00  1.84359875e+00  4.46430000e+00  4.64564552e-01  4.46430000e+00  1.01943617e+00  4.46430000e+00  1.04305245e+00  4.46430000e+00  1.04818105e+00  4.46430000e+00  1.21711621e+00  4.46430000e+00  1.61151531e+00  4.46430000e+00  1.09587027e+00  4.46430000e+00  1.07574651e+00  4.46430000e+00  2.47599773e+00  4.46430000e+00  1.01584397e+00  4.46430000e+00  1.10082956e+00  4.46430000e+00  2.89333688e+00  4.46430000e+00  2.90002420e+00  4.46430000e+00  2.93793022e+00  4.46430000e+00  2.93827677e+00  4.46430000e+00  2.93111656e+00  4.46430000e+00  2.92488853e+00  4.46430000e+00  2.93831809e+00  4.46430000e+00  2.45003200e-01  4.46430000e+00  2.93202320e+00 
 4.50000000e+00  1.52829025e+00  4.50000000e+00  1.36602550e+00  4.50000000e+00  1.38859814e+00  4.50000000e+00  1.54980942e+00  4.50000000e+00  1.44618672e+00  4.50000000e+00  1.36444795e+00  4.50000000e+00  1.13074007e+00  4.50000000e+00  1.38026297e+00  4.50000000e+00  1.51037774e+00  4.50000000e+00  8.95844941e-01  4.50000000e+00  6.85238638e-01  4.50000000e+00  1.32301115e+00  4.50000000e+00  1.85693955e+00  4.50000000e+00  7.08657756e-01  4.50000000e+00  9.03952659e-01  4.50000000e+00  1.85726381e+00  4.50000000e+00  5.84716712e-01  4.50000000e+00  8.75864162e-01  4.50000000e+00  1.05423329e+00  4.50000000e+00  1.01789687e+00  4.50000000e+00  1.23083132e+00  4.50000000e+00  1.74954622e+00  4.50000000e+00  1.02021846e+00  4.50000000e+00  1.05858522e+00  4.50000000e+00  2.46648185e+00  4.50000000e+00  1.00950970e+00  4.50000000e+00  1.05125505e+00  4.50000000e+00  2.91908872e+00  4.50000000e+00  2.82959399e+00  4.50000000e+00  2.93796247e+00  4.50000000e+00  2.93832712e+00  4.50000000e+00  2.85059486e+00  4.50000000e+00  2.92046536e+00  4.50000000e+00  2.93832734e+00  4.50000000e+00  1.77110036e+00  4.50000000e+00  2.91534130e+00 
 4.50714000e+00  1.52829026e+00  4.50714000e+00  1.36602551e+00  4.50714000e+00  1.38859814e+00  4.50714000e+00  1.54980942e+00  4.50714000e+00  1.44618672e+00  4.50714000e+00  1.36444797e+00  4.50714000e+00  1.13074007e+00  4.50714000e+00  1.38026298e+00  4.50714000e+00  1.51037774e+00  4.50714000e+00  8.95844941e-01  4.50714000e+00  6.85238638e-01  4.50714000e+00  1.32301115e+00  4.50714000e+00  1.85693955e+00  4.50714000e+00  7.08657756e-01  4.50714000e+00  9.03952659e-01  4.50714000e+00  1.85726381e+00  4.50714000e+00  5.84716712e-01  4.50714000e+00  8.75864162e-01  4.50714000e+00  1.05423329e+00  4.50714000e+00  1.01789687e+00  4.50714000e+00  1.23083132e+00  4.50714000e+00  1.74954622e+00  4.50714000e+00  1.02021846e+00  4.50714000e+00  1.05858522e+00  4.50714000e+00  2.46648185e+00  4.50714000e+00  1.00950970e+00  4.50714000e+00  1.05125505e+00  4.50714000e+00  2.91908872e+00  4.50714000e+00  2.82959400e+00  4.50714000e+00  2.93796247e+00  4.50714000e+00  2.93832712e+00  4.50714000e+00  2.85059495e+00  4.50714000e+00  2.92046536e+00  4.50714000e+00  2.93832734e+00  4.50714000e+00  1.77110036e+00  4.50714000e+00  2.91534130e+00 
 4.52142000e+00  1.52829025e+00  4.52142000e+00  1.36602550e+00  4.52142000e+00  1.38859814e+00  4.52142000e+00  1.54980942e+00  4.52142000e+00  1.44618672e+00  4.52142000e+00  1.36444795e+00  4.52142000e+00  1.13074007e+00  4.52142000e+00  1.38026297e+00  4.52142000e+00  1.51037774e+00  4.52142000e+00  8.95844941e-01  4.52142000e+00  6.85238638e-01  4.52142000e+00  1.32301115e+00  4.52142000e+00  1.85693955e+00  4.52142000e+00  7.08657756e-01  4.52142000e+00  9.03952659e-01  4.52142000e+00  1.85726381e+00  4.52142000e+00  5.84716712e-01  4.52142000e+00  8.75864162e-01  4.52142000e+00  1.05423329e+00  4.52142000e+00  1.01789687e+00  4.52142000e+00  1.23083132e+00  4.52142000e+00  1.74954622e+00  4.52142000e+00  1.02021846e+00  4.52142000e+00  1.05858522e+00  4.52142000e+00  2.46648185e+00  4.52142000e+00  1.00950970e+00  4.52142000e+00  1.05125505e+00  4.52142000e+00  2.91908872e+00  4.52142000e+00  2.82959399e+00  4.52142000e+00  2.93796247e+00  4.52142000e+00  2.93832712e+00  4.52142000e+00  2.85059486e+00  4.52142000e+00  2.92046536e+00  4.52142000e+00  2.93832734e+00  4.52142000e+00  1.77110036e+00  4.52142000e+00  2.91534130e+00 
 4.54998000e+00  1.52829025e+00  4.54998000e+00  1.36602550e+00  4.54998000e+00  1.38859814e+00  4.54998000e+00  1.54980942e+00  4.54998000e+00  1.44618672e+00  4.54998000e+00  1.36444795e+00  4.54998000e+00  1.13074007e+00  4.54998000e+00  1.38026297e+00  4.54998000e+00  1.51037774e+00  4.54998000e+00  8.95844941e-01  4.54998000e+00  6.85238638e-01  4.54998000e+00  1.32301115e+00  4.54998000e+00  1.85693955e+00  4.54998000e+00  7.08657756e-01  4.54998000e+00  9.03952659e-01  4.54998000e+00  1.85726381e+00  4.54998000e+00  5.84716712e-01  4.54998000e+00  8.75864162e-01  4.54998000e+00  1.05423329e+00  4.54998000e+00  1.01789687e+00  4.54998000e+00  1.23083132e+00  4.54998000e+00  1.74954622e+00  4.54998000e+00  1.02021846e+00  4.54998000e+00  1.05858522e+00  4.54998000e+00  2.46648185e+00  4.54998000e+00  1.00950970e+00  4.54998000e+00  1.05125505e+00  4.54998000e+00  2.91908872e+00  4.54998000e+00  2.82959399e+00  4.54998000e+00  2.93796247e+00  4.54998000e+00  2.93832712e+00  4.54998000e+00  2.85059486e+00  4.54998000e+00  2.92046536e+00  4.54998000e+00  2.93832734e+00  4.54998000e+00  1.77110036e+00  4.54998000e+00  2.91534130e+00 
 4.60710000e+00  1.52829025e+00  4.60710000e+00  1.36602550e+00  4.60710000e+00  1.38859814e+00  4.60710000e+00  1.54980942e+00  4.60710000e+00  1.44618672e+00  4.60710000e+00  1.36444795e+00  4.60710000e+00  1.13074007e+00  4.60710000e+00  1.38026297e+00  4.60710000e+00  1.51037774e+00  4.60710000e+00  8.95844941e-01  4.60710000e+00  6.85238638e-01  4.60710000e+00  1.32301115e+00  4.60710000e+00  1.85693955e+00  4.60710000e+00  7.08657756e-01  4.60710000e+00  9.03952659e-01  4.60710000e+00  1.85726381e+00  4.60710000e+00  5.84716712e-01  4.60710000e+00  8.75864162e-01  4.60710000e+00  1.05423329e+00  4.60710000e+00  1.01789687e+00  4.60710000e+00  1.23083132e+00  4.60710000e+00  1.74954622e+00  4.60710000e+00  1.02021846e+00  4.60710000e+00  1.05858522e+00  4.60710000e+00  2.46648185e+00  4.60710000e+00  1.00950970e+00  4.60710000e+00  1.05125505e+00  4.60710000e+00  2.91908872e+00  4.60710000e+00  2.82959399e+00  4.60710000e+00  2.93796247e+00  4.60710000e+00  2.93832712e+00  4.60710000e+00  2.85059486e+00  4.60710000e+00  2.92046536e+00  4.60710000e+00  2.93832734e+00  4.60710000e+00  1.77110036e+00  4.60710000e+00  2.91534130e+00 
 4.69800000e+00  1.52829025e+00  4.69800000e+00  1.36602550e+00  4.69800000e+00  1.38859814e+00  4.69800000e+00  1.54980942e+00  4.69800000e+00  1.44618672e+00  4.69800000e+00  1.36444795e+00  4.69800000e+00  1.13074007e+00  4.69800000e+00  1.38026297e+00  4.69800000e+00  1.51037774e+00  4.69800000e+00  8.95844941e-01  4.69800000e+00  6.85238638e-01  4.69800000e+00  1.32301115e+00  4.69800000e+00  1.85693955e+00  4.69800000e+00  7.08657756e-01  4.69800000e+00  9.03952659e-01  4.69800000e+00  1.85726381e+00  4.69800000e+00  5.84716712e-01  4.69800000e+00  8.75864162e-01  4.69800000e+00  1.05423329e+00  4.69800000e+00  1.01789687e+00  4.69800000e+00  1.23083132e+00  4.69800000e+00  1.74954622e+00  4.69800000e+00  1.02021846e+00  4.69800000e+00  1.05858522e+00  4.69800000e+00  2.46648185e+00  4.69800000e+00  1.00950970e+00  4.69800000e+00  1.05125505e+00  4.69800000e+00  2.91908872e+00  4.69800000e+00  2.82959399e+00  4.69800000e+00  2.93796247e+00  4.69800000e+00  2.93832712e+00  4.69800000e+00  2.85059486e+00  4.69800000e+00  2.92046536e+00  4.69800000e+00  2.93832734e+00  4.69800000e+00  1.77110036e+00  4.69800000e+00  2.91534130e+00 
 4.70820000e+00  1.51412019e+00  4.70820000e+00  1.37060016e+00  4.70820000e+00  1.37060460e+00  4.70820000e+00  1.51658877e+00  4.70820000e+00  1.42303186e+00  4.70820000e+00  1.38447360e+00  4.70820000e+00  1.14734270e+00  4.70820000e+00  1.39218387e+00  4.70820000e+00  1.46904074e+00  4.70820000e+00  8.49021552e-01  4.70820000e+00  6.79811496e-01  4.70820000e+00  1.28399660e+00  4.70820000e+00  1.79191805e+00  4.70820000e+00  7.63579976e-01  4.70820000e+00  8.78194845e-01  4.70820000e+00  1.81578301e+00  4.70820000e+00  5.80492910e-01  4.70820000e+00  8.73180973e-01  4.70820000e+00  1.03730597e+00  4.70820000e+00  1.01081947e+00  4.70820000e+00  1.19975658e+00  4.70820000e+00  1.55953442e+00  4.70820000e+00  1.02201451e+00  4.70820000e+00  1.04580143e+00  4.70820000e+00  2.43046962e+00  4.70820000e+00  1.00292591e+00  4.70820000e+00  1.04352432e+00  4.70820000e+00  2.90944460e+00  4.70820000e+00  2.82336693e+00  4.70820000e+00  2.93793556e+00  4.70820000e+00  2.93828306e+00  4.70820000e+00  2.88172796e+00  4.70820000e+00  2.91580534e+00  4.70820000e+00  2.93829924e+00  4.70820000e+00  1.70951237e+00  4.70820000e+00  2.91479798e+00 
 4.72860000e+00  1.55260032e+00  4.72860000e+00  1.42252224e+00  4.72860000e+00  1.35783758e+00  4.72860000e+00  1.50058660e+00  4.72860000e+00  1.41020669e+00  4.72860000e+00  1.48559599e+00  4.72860000e+00  1.17381321e+00  4.72860000e+00  1.47032825e+00  4.72860000e+00  1.41567411e+00  4.72860000e+00  7.62812016e-01  4.72860000e+00  6.71105583e-01  4.72860000e+00  1.20568527e+00  4.72860000e+00  1.65551492e+00  4.72860000e+00  8.82134052e-01  4.72860000e+00  8.28658963e-01  4.72860000e+00  1.72803520e+00  4.72860000e+00  5.75405769e-01  4.72860000e+00  8.67846288e-01  4.72860000e+00  1.00819467e+00  4.72860000e+00  9.96534762e-01  4.72860000e+00  1.14373058e+00  4.72860000e+00  1.37575058e+00  4.72860000e+00  1.03198299e+00  4.72860000e+00  1.02152030e+00  4.72860000e+00  2.32330988e+00  4.72860000e+00  9.89496690e-01  4.72860000e+00  1.02798705e+00  4.72860000e+00  2.88139242e+00  4.72860000e+00  2.81156665e+00  4.72860000e+00  2.93762714e+00  4.72860000e+00  2.93819032e+00  4.72860000e+00  2.91657315e+00  4.72860000e+00  2.90422489e+00  4.72860000e+00  2.93823968e+00  4.72860000e+00  1.63567334e+00  4.72860000e+00  2.91368833e+00 
 4.76430000e+00  1.53708544e+00  4.76430000e+00  1.44133011e+00  4.76430000e+00  1.33999284e+00  4.76430000e+00  1.45790283e+00  4.76430000e+00  1.38219771e+00  4.76430000e+00  1.52630001e+00  4.76430000e+00  1.20271397e+00  4.76430000e+00  1.50835660e+00  4.76430000e+00  1.36835708e+00  4.76430000e+00  6.37983217e-01  4.76430000e+00  6.63318205e-01  4.76430000e+00  1.06930971e+00  4.76430000e+00  1.41449575e+00  4.76430000e+00  1.12348152e+00  4.76430000e+00  7.48778448e-01  4.76430000e+00  1.57411976e+00  4.76430000e+00  5.92053182e-01  4.76430000e+00  8.58612210e-01  4.76430000e+00  9.76029389e-01  4.76430000e+00  9.78616428e-01  4.76430000e+00  1.06938801e+00  4.76430000e+00  1.19623219e+00  4.76430000e+00  1.08426726e+00  4.76430000e+00  9.90254556e-01  4.76430000e+00  1.53771806e+00  4.76430000e+00  9.73460449e-01  4.76430000e+00  1.00781799e+00  4.76430000e+00  2.56491297e+00  4.76430000e+00  2.79799023e+00  4.76430000e+00  2.93418500e+00  4.76430000e+00  2.93802541e+00  4.76430000e+00  2.93598037e+00  4.76430000e+00  2.87487150e+00  4.76430000e+00  2.93813478e+00  4.76430000e+00  1.87864384e+00  4.76430000e+00  2.91167226e+00 
 4.80000000e+00  1.41909261e+00  4.80000000e+00  1.46665183e+00  4.80000000e+00  1.32233668e+00  4.80000000e+00  1.32797801e+00  4.80000000e+00  1.31231135e+00  4.80000000e+00  1.54616490e+00  4.80000000e+00  1.30796233e+00  4.80000000e+00  1.58564168e+00  4.80000000e+00  1.30809646e+00  4.80000000e+00  5.49059766e-01  4.80000000e+00  6.65252715e-01  4.80000000e+00  9.43734406e-01  4.80000000e+00  1.18004594e+00  4.80000000e+00  1.38241801e+00  4.80000000e+00  6.78279984e-01  4.80000000e+00  1.42237311e+00  4.80000000e+00  6.41416834e-01  4.80000000e+00  8.49507066e-01  4.80000000e+00  9.54439081e-01  4.80000000e+00  9.62128877e-01  4.80000000e+00  1.01297368e+00  4.80000000e+00  1.07696141e+00  4.80000000e+00  1.17517281e+00  4.80000000e+00  9.64308993e-01  4.80000000e+00  1.26765723e+00  4.80000000e+00  9.60439926e-01  4.80000000e+00  9.88689943e-01  4.80000000e+00  1.25991235e+00  4.80000000e+00  2.80174185e+00  4.80000000e+00  2.92609767e+00  4.80000000e+00  2.93725848e+00  4.80000000e+00  2.93800337e+00  4.80000000e+00  2.82147286e+00  4.80000000e+00  2.93803083e+00  4.80000000e+00  2.61688753e+00  4.80000000e+00  2.90956076e+00 
 4.80714000e+00  1.41909261e+00  4.80714000e+00  1.46665183e+00  4.80714000e+00  1.32233668e+00  4.80714000e+00  1.32797801e+00  4.80714000e+00  1.31231135e+00  4.80714000e+00  1.54616490e+00  4.80714000e+00  1.30796233e+00  4.80714000e+00  1.58564168e+00  4.80714000e+00  1.30809646e+00  4.80714000e+00  5.49059766e-01  4.80714000e+00  6.65252715e-01  4.80714000e+00  9.43734406e-01  4.80714000e+00  1.18004594e+00  4.80714000e+00  1.38241801e+00  4.80714000e+00  6.78279984e-01  4.80714000e+00  1.42237311e+00  4.80714000e+00  6.41416834e-01  4.80714000e+00  8.49507066e-01  4.80714000e+00  9.54439081e-01  4.80714000e+00  9.62128877e-01  4.80714000e+00  1.01297368e+00  4.80714000e+00  1.07696141e+00  4.80714000e+00  1.17517281e+00  4.80714000e+00  9.64308993e-01  4.80714000e+00  1.26765723e+00  4.80714000e+00  9.60439926e-01  4.80714000e+00  9.88689943e-01  4.80714000e+00  1.25991235e+00  4.80714000e+00  2.80174185e+00  4.80714000e+00  2.92609767e+00  4.80714000e+00  2.93725848e+00  4.80714000e+00  2.93800337e+00  4.80714000e+00  2.82147286e+00  4.80714000e+00  2.93803083e+00  4.80714000e+00  2.61688753e+00  4.80714000e+00  2.90956076e+00 
 4.82142000e+00  1.41909261e+00  4.82142000e+00  1.46665183e+00  4.82142000e+00  1.32233668e+00  4.82142000e+00  1.32797801e+00  4.82142000e+00  1.31231135e+00  4.82142000e+00  1.54616490e+00  4.82142000e+00  1.30796233e+00  4.82142000e+00  1.58564168e+00  4.82142000e+00  1.30809646e+00  4.82142000e+00  5.49059766e-01  4.82142000e+00  6.65252715e-01  4.82142000e+00  9.43734406e-01  4.82142000e+00  1.18004594e+00  4.82142000e+00  1.38241801e+00  4.82142000e+00  6.78279984e-01  4.82142000e+00  1.42237311e+00  4.82142000e+00  6.41416834e-01  4.82142000e+00  8.49507066e-01  4.82142000e+00  9.54439081e-01  4.82142000e+00  9.62128877e-01  4.82142000e+00  1.01297368e+00  4.82142000e+00  1.07696141e+00  4.82142000e+00  1.17517281e+00  4.82142000e+00  9.64308993e-01  4.82142000e+00  1.26765723e+00  4.82142000e+00  9.60439926e-01  4.82142000e+00  9.88689943e-01  4.82142000e+00  1.25991235e+00  4.82142000e+00  2.80174185e+00  4.82142000e+00  2.92609767e+00  4.82142000e+00  2.93725848e+00  4.82142000e+00  2.93800337e+00  4.82142000e+00  2.82147286e+00  4.82142000e+00  2.93803083e+00  4.82142000e+00  2.61688753e+00  4.82142000e+00  2.90956076e+00 
 4.84998000e+00  1.41909261e+00  4.84998000e+00  1.46665183e+00  4.84998000e+00  1.32233668e+00  4.84998000e+00  1.32797801e+00  4.84998000e+00  1.31231135e+00  4.84998000e+00  1.54616490e+00  4.84998000e+00  1.30796233e+00  4.84998000e+00  1.58564168e+00  4.84998000e+00  1.30809646e+00  4.84998000e+00  5.49059766e-01  4.84998000e+00  6.65252715e-01  4.84998000e+00  9.43734406e-01  4.84998000e+00  1.18004594e+00  4.84998000e+00  1.38241801e+00  4.84998000e+00  6.78279984e-01  4.84998000e+00  1.42237311e+00  4.84998000e+00  6.41416834e-01  4.84998000e+00  8.49507066e-01  4.84998000e+00  9.54439081e-01  4.84998000e+00  9.62128877e-01  4.84998000e+00  1.01297368e+00  4.84998000e+00  1.07696141e+00  4.84998000e+00  1.17517281e+00  4.84998000e+00  9.64308993e-01  4.84998000e+00  1.26765723e+00  4.84998000e+00  9.60439926e-01  4.84998000e+00  9.88689943e-01  4.84998000e+00  1.25991235e+00  4.84998000e+00  2.80174185e+00  4.84998000e+00  2.92609767e+00  4.84998000e+00  2.93725848e+00  4.84998000e+00  2.93800337e+00  4.84998000e+00  2.82147286e+00  4.84998000e+00  2.93803083e+00  4.84998000e+00  2.61688753e+00  4.84998000e+00  2.90956076e+00 
 4.90710000e+00  1.41909261e+00  4.90710000e+00  1.46665183e+00  4.90710000e+00  1.32233668e+00  4.90710000e+00  1.32797801e+00  4.90710000e+00  1.31231135e+00  4.90710000e+00  1.54616490e+00  4.90710000e+00  1.30796233e+00  4.90710000e+00  1.58564168e+00  4.90710000e+00  1.30809646e+00  4.90710000e+00  5.49059766e-01  4.90710000e+00  6.65252715e-01  4.90710000e+00  9.43734406e-01  4.90710000e+00  1.18004594e+00  4.90710000e+00  1.38241801e+00  4.90710000e+00  6.78279984e-01  4.90710000e+00  1.42237311e+00  4.90710000e+00  6.41416834e-01  4.90710000e+00  8.49507066e-01  4.90710000e+00  9.54439081e-01  4.90710000e+00  9.62128877e-01  4.90710000e+00  1.01297368e+00  4.90710000e+00  1.07696141e+00  4.90710000e+00  1.17517281e+00  4.90710000e+00  9.64308993e-01  4.90710000e+00  1.26765723e+00  4.90710000e+00  9.60439926e-01  4.90710000e+00  9.88689943e-01  4.90710000e+00  1.25991235e+00  4.90710000e+00  2.80174185e+00  4.90710000e+00  2.92609767e+00  4.90710000e+00  2.93725848e+00  4.90710000e+00  2.93800337e+00  4.90710000e+00  2.82147286e+00  4.90710000e+00  2.93803083e+00  4.90710000e+00  2.61688753e+00  4.90710000e+00  2.90956076e+00 
 4.99800000e+00  1.41909261e+00  4.99800000e+00  1.46665183e+00  4.99800000e+00  1.32233668e+00  4.99800000e+00  1.32797801e+00  4.99800000e+00  1.31231135e+00  4.99800000e+00  1.54616490e+00  4.99800000e+00  1.30796233e+00  4.99800000e+00  1.58564168e+00  4.99800000e+00  1.30809646e+00  4.99800000e+00  5.49059766e-01  4.99800000e+00  6.65252715e-01  4.99800000e+00  9.43734406e-01  4.99800000e+00  1.18004594e+00  4.99800000e+00  1.38241801e+00  4.99800000e+00  6.78279984e-01  4.99800000e+00  1.42237311e+00  4.99800000e+00  6.41416834e-01  4.99800000e+00  8.49507066e-01  4.99800000e+00  9.54439081e-01  4.99800000e+00  9.62128877e-01  4.99800000e+00  1.01297368e+00  4.99800000e+00  1.07696141e+00  4.99800000e+00  1.17517281e+00  4.99800000e+00  9.64308993e-01  4.99800000e+00  1.26765723e+00  4.99800000e+00  9.60439926e-01  4.99800000e+00  9.88689943e-01  4.99800000e+00  1.25991235e+00  4.99800000e+00  2.80174185e+00  4.99800000e+00  2.92609767e+00  4.99800000e+00  2.93725848e+00  4.99800000e+00  2.93800337e+00  4.99800000e+00  2.82147286e+00  4.99800000e+00  2.93803083e+00  4.99800000e+00  2.61688753e+00  4.99800000e+00  2.90956076e+00 
 5.00820000e+00  1.42059716e+00  5.00820000e+00  1.46674467e+00  5.00820000e+00  1.32283887e+00  5.00820000e+00  1.32972388e+00  5.00820000e+00  1.31331498e+00  5.00820000e+00  1.54619416e+00  5.00820000e+00  1.30666758e+00  5.00820000e+00  1.58552381e+00  5.00820000e+00  1.30939856e+00  5.00820000e+00  5.40678143e-01  5.00820000e+00  6.83654213e-01  5.00820000e+00  9.65047153e-01  5.00820000e+00  1.13514024e+00  5.00820000e+00  1.40755713e+00  5.00820000e+00  7.07916653e-01  5.00820000e+00  1.38433218e+00  5.00820000e+00  6.01456880e-01  5.00820000e+00  8.63345465e-01  5.00820000e+00  9.52713745e-01  5.00820000e+00  9.62618515e-01  5.00820000e+00  1.01707636e+00  5.00820000e+00  1.06007470e+00  5.00820000e+00  1.18617159e+00  5.00820000e+00  9.66205736e-01  5.00820000e+00  1.23453930e+00  5.00820000e+00  9.55866085e-01  5.00820000e+00  9.89986553e-01  5.00820000e+00  1.14300352e+00  5.00820000e+00  2.82784771e+00  5.00820000e+00  2.92838097e+00  5.00820000e+00  2.93629409e+00  5.00820000e+00  2.93802065e+00  5.00820000e+00  2.85003519e+00  5.00820000e+00  2.93800468e+00  5.00820000e+00  2.01746526e+00  5.00820000e+00  2.91272102e+00 
 5.02860000e+00  1.42543292e+00  5.02860000e+00  1.46792922e+00  5.02860000e+00  1.32450207e+00  5.02860000e+00  1.33481649e+00  5.02860000e+00  1.31630487e+00  5.02860000e+00  1.54755768e+00  5.02860000e+00  1.30333838e+00  5.02860000e+00  1.58666919e+00  5.02860000e+00  1.31319537e+00  5.02860000e+00  5.28906369e-01  5.02860000e+00  7.22250676e-01  5.02860000e+00  1.01027272e+00  5.02860000e+00  1.04775964e+00  5.02860000e+00  1.47233765e+00  5.02860000e+00  7.66245157e-01  5.02860000e+00  1.30968735e+00  5.02860000e+00  5.37886195e-01  5.02860000e+00  8.92010559e-01  5.02860000e+00  9.52662365e-01  5.02860000e+00  9.67614613e-01  5.02860000e+00  1.03023679e+00  5.02860000e+00  1.03364220e+00  5.02860000e+00  1.22270412e+00  5.02860000e+00  9.74473419e-01  5.02860000e+00  1.18334169e+00  5.02860000e+00  9.53154728e-01  5.02860000e+00  9.96425955e-01  5.02860000e+00  9.81244979e-01  5.02860000e+00  2.86000709e+00  5.02860000e+00  2.93156936e+00  5.02860000e+00  2.93331306e+00  5.02860000e+00  2.93806511e+00  5.02860000e+00  2.88287594e+00  5.02860000e+00  2.93795328e+00  5.02860000e+00  1.10437376e+00  5.02860000e+00  2.91840931e+00 
 5.06430000e+00  1.44175545e+00  5.06430000e+00  1.47334087e+00  5.06430000e+00  1.33034754e+00  5.06430000e+00  1.35134925e+00  5.06430000e+00  1.32615549e+00  5.06430000e+00  1.55401834e+00  5.06430000e+00  1.29332761e+00  5.06430000e+00  1.59299975e+00  5.06430000e+00  1.32575385e+00  5.06430000e+00  5.25261877e-01  5.06430000e+00  7.95194679e-01  5.06430000e+00  1.09295949e+00  5.06430000e+00  9.16780857e-01  5.06430000e+00  1.63143658e+00  5.06430000e+00  8.63575469e-01  5.06430000e+00  1.18420386e+00  5.06430000e+00  4.79367813e-01  5.06430000e+00  9.45836991e-01  5.06430000e+00  9.62492309e-01  5.06430000e+00  9.89037120e-01  5.06430000e+00  1.06824994e+00  5.06430000e+00  1.01093330e+00  5.06430000e+00  1.35179454e+00  5.06430000e+00  1.00211600e+00  5.06430000e+00  1.12615625e+00  5.06430000e+00  9.62387225e-01  5.06430000e+00  1.01991649e+00  5.06430000e+00  9.31778165e-01  5.06430000e+00  2.89395180e+00  5.06430000e+00  2.93503751e+00  5.06430000e+00  2.92248165e+00  5.06430000e+00  2.93817391e+00  5.06430000e+00  2.91277116e+00  5.06430000e+00  2.93732760e+00  5.06430000e+00  3.37510858e-01  5.06430000e+00  2.92634531e+00 
 5.10000000e+00  1.47779918e+00  5.10000000e+00  1.48716702e+00  5.10000000e+00  1.34463452e+00  5.10000000e+00  1.38817442e+00  5.10000000e+00  1.34853209e+00  5.10000000e+00  1.56959298e+00  5.10000000e+00  1.27221813e+00  5.10000000e+00  1.61045856e+00  5.10000000e+00  1.35564284e+00  5.10000000e+00  5.38075084e-01  5.10000000e+00  8.67021684e-01  5.10000000e+00  1.16977297e+00  5.10000000e+00  8.09532610e-01  5.10000000e+00  1.82940579e+00  5.10000000e+00  9.73894322e-01  5.10000000e+00  1.06615258e+00  5.10000000e+00  4.80710819e-01  5.10000000e+00  1.00197579e+00  5.10000000e+00  9.78163538e-01  5.10000000e+00  1.01906618e+00  5.10000000e+00  1.11572171e+00  5.10000000e+00  1.00548930e+00  5.10000000e+00  1.80711043e+00  5.10000000e+00  1.04429627e+00  5.10000000e+00  1.09041453e+00  5.10000000e+00  9.77417183e-01  5.10000000e+00  1.05219883e+00  5.10000000e+00  1.10698217e+00  5.10000000e+00  2.91351326e+00  5.10000000e+00  2.93707272e+00  5.10000000e+00  2.89864004e+00  5.10000000e+00  2.93830848e+00  5.10000000e+00  2.92918122e+00  5.10000000e+00  2.93406300e+00  5.10000000e+00  3.54065119e-01  5.10000000e+00  2.93114131e+00 
 5.10714000e+00  1.47779918e+00  5.10714000e+00  1.48716702e+00  5.10714000e+00  1.34463452e+00  5.10714000e+00  1.38817442e+00  5.10714000e+00  1.34853209e+00  5.10714000e+00  1.56959298e+00  5.10714000e+00  1.27221813e+00  5.10714000e+00  1.61045855e+00  5.10714000e+00  1.35564284e+00  5.10714000e+00  5.38075084e-01  5.10714000e+00  8.67021684e-01  5.10714000e+00  1.16977297e+00  5.10714000e+00  8.09532610e-01  5.10714000e+00  1.82940579e+00  5.10714000e+00  9.73894322e-01  5.10714000e+00  1.06615258e+00  5.10714000e+00  4.80710819e-01  5.10714000e+00  1.00197579e+00  5.10714000e+00  9.78163538e-01  5.10714000e+00  1.01906618e+00  5.10714000e+00  1.11572171e+00  5.10714000e+00  1.00548930e+00  5.10714000e+00  1.80711043e+00  5.10714000e+00  1.04429627e+00  5.10714000e+00  1.09041453e+00  5.10714000e+00  9.77417181e-01  5.10714000e+00  1.05219883e+00  5.10714000e+00  1.10698217e+00  5.10714000e+00  2.91351326e+00  5.10714000e+00  2.93707272e+00  5.10714000e+00  2.89864004e+00  5.10714000e+00  2.93830848e+00  5.10714000e+00  2.92918122e+00  5.10714000e+00  2.93406300e+00  5.10714000e+00  3.54065119e-01  5.10714000e+00  2.93114131e+00 
 5.12142000e+00  1.47779918e+00  5.12142000e+00  1.48716702e+00  5.12142000e+00  1.34463452e+00  5.12142000e+00  1.38817442e+00  5.12142000e+00  1.34853209e+00  5.12142000e+00  1.56959298e+00  5.12142000e+00  1.27221813e+00  5.12142000e+00  1.61045856e+00  5.12142000e+00  1.35564284e+00  5.12142000e+00  5.38075084e-01  5.12142000e+00  8.67021684e-01  5.12142000e+00  1.16977297e+00  5.12142000e+00  8.09532610e-01  5.12142000e+00  1.82940579e+00  5.12142000e+00  9.73894322e-01  5.12142000e+00  1.06615258e+00  5.12142000e+00  4.80710819e-01  5.12142000e+00  1.00197579e+00  5.12142000e+00  9.78163538e-01  5.12142000e+00  1.01906618e+00  5.12142000e+00  1.11572171e+00  5.12142000e+00  1.00548930e+00  5.12142000e+00  1.80711043e+00  5.12142000e+00  1.04429627e+00  5.12142000e+00  1.09041453e+00  5.12142000e+00  9.77417183e-01  5.12142000e+00  1.05219883e+00  5.12142000e+00  1.10698217e+00  5.12142000e+00  2.91351326e+00  5.12142000e+00  2.93707272e+00  5.12142000e+00  2.89864004e+00  5.12142000e+00  2.93830848e+00  5.12142000e+00  2.92918122e+00  5.12142000e+00  2.93406300e+00  5.12142000e+00  3.54065119e-01  5.12142000e+00  2.93114131e+00 
 5.14998000e+00  1.47779918e+00  5.14998000e+00  1.48716702e+00  5.14998000e+00  1.34463452e+00  5.14998000e+00  1.38817442e+00  5.14998000e+00  1.34853209e+00  5.14998000e+00  1.56959298e+00  5.14998000e+00  1.27221813e+00  5.14998000e+00  1.61045855e+00  5.14998000e+00  1.35564284e+00  5.14998000e+00  5.38075084e-01  5.14998000e+00  8.67021684e-01  5.14998000e+00  1.16977297e+00  5.14998000e+00  8.09532610e-01  5.14998000e+00  1.82940579e+00  5.14998000e+00  9.73894322e-01  5.14998000e+00  1.06615258e+00  5.14998000e+00  4.80710819e-01  5.14998000e+00  1.00197579e+00  5.14998000e+00  9.78163538e-01  5.14998000e+00  1.01906618e+00  5.14998000e+00  1.11572171e+00  5.14998000e+00  1.00548930e+00  5.14998000e+00  1.80711043e+00  5.14998000e+00  1.04429627e+00  5.14998000e+00  1.09041453e+00  5.14998000e+00  9.77417181e-01  5.14998000e+00  1.05219883e+00  5.14998000e+00  1.10698217e+00  5.14998000e+00  2.91351326e+00  5.14998000e+00  2.93707272e+00  5.14998000e+00  2.89864004e+00  5.14998000e+00  2.93830848e+00  5.14998000e+00  2.92918122e+00  5.14998000e+00  2.93406300e+00  5.14998000e+00  3.54065119e-01  5.14998000e+00  2.93114131e+00 
 5.20710000e+00  1.47779918e+00  5.20710000e+00  1.48716702e+00  5.20710000e+00  1.34463452e+00  5.20710000e+00  1.38817442e+00  5.20710000e+00  1.34853209e+00  5.20710000e+00  1.56959298e+00  5.20710000e+00  1.27221813e+00  5.20710000e+00  1.61045856e+00  5.20710000e+00  1.35564284e+00  5.20710000e+00  5.38075084e-01  5.20710000e+00  8.67021684e-01  5.20710000e+00  1.16977297e+00  5.20710000e+00  8.09532610e-01  5.20710000e+00  1.82940579e+00  5.20710000e+00  9.73894322e-01  5.20710000e+00  1.06615258e+00  5.20710000e+00  4.80710819e-01  5.20710000e+00  1.00197579e+00  5.20710000e+00  9.78163538e-01  5.20710000e+00  1.01906618e+00  5.20710000e+00  1.11572171e+00  5.20710000e+00  1.00548930e+00  5.20710000e+00  1.80711043e+00  5.20710000e+00  1.04429627e+00  5.20710000e+00  1.09041453e+00  5.20710000e+00  9.77417183e-01  5.20710000e+00  1.05219883e+00  5.20710000e+00  1.10698217e+00  5.20710000e+00  2.91351326e+00  5.20710000e+00  2.93707272e+00  5.20710000e+00  2.89864004e+00  5.20710000e+00  2.93830848e+00  5.20710000e+00  2.92918122e+00  5.20710000e+00  2.93406300e+00  5.20710000e+00  3.54065119e-01  5.20710000e+00  2.93114131e+00 
 5.29800000e+00  1.47779918e+00  5.29800000e+00  1.48716702e+00  5.29800000e+00  1.34463452e+00  5.29800000e+00  1.38817442e+00  5.29800000e+00  1.34853209e+00  5.29800000e+00  1.56959298e+00  5.29800000e+00  1.27221813e+00  5.29800000e+00  1.61045855e+00  5.29800000e+00  1.35564284e+00  5.29800000e+00  5.38075084e-01  5.29800000e+00  8.67021684e-01  5.29800000e+00  1.16977297e+00  5.29800000e+00  8.09532610e-01  5.29800000e+00  1.82940579e+00  5.29800000e+00  9.73894322e-01  5.29800000e+00  1.06615258e+00  5.29800000e+00  4.80710819e-01  5.29800000e+00  1.00197579e+00  5.29800000e+00  9.78163538e-01  5.29800000e+00  1.01906618e+00  5.29800000e+00  1.11572171e+00  5.29800000e+00  1.00548930e+00  5.29800000e+00  1.80711043e+00  5.29800000e+00  1.04429627e+00  5.29800000e+00  1.09041453e+00  5.29800000e+00  9.77417181e-01  5.29800000e+00  1.05219883e+00  5.29800000e+00  1.10698217e+00  5.29800000e+00  2.91351326e+00  5.29800000e+00  2.93707272e+00  5.29800000e+00  2.89864004e+00  5.29800000e+00  2.93830848e+00  5.29800000e+00  2.92918122e+00  5.29800000e+00  2.93406300e+00  5.29800000e+00  3.54065119e-01  5.29800000e+00  2.93114131e+00 
 5.30820000e+00  1.50418147e+00  5.30820000e+00  1.46825042e+00  5.30820000e+00  1.34387919e+00  5.30820000e+00  1.42181099e+00  5.30820000e+00  1.36408680e+00  5.30820000e+00  1.54938854e+00  5.30820000e+00  1.23263878e+00  5.30820000e+00  1.57250914e+00  5.30820000e+00  1.36940243e+00  5.30820000e+00  5.34322785e-01  5.30820000e+00  8.67559048e-01  5.30820000e+00  1.15447072e+00  5.30820000e+00  8.31931782e-01  5.30820000e+00  1.82902488e+00  5.30820000e+00  9.37349357e-01  5.30820000e+00  1.06418459e+00  5.30820000e+00  4.95832346e-01  5.30820000e+00  1.05279630e+00  5.30820000e+00  9.78690754e-01  5.30820000e+00  1.01980532e+00  5.30820000e+00  1.11022688e+00  5.30820000e+00  1.01026027e+00  5.30820000e+00  1.81409581e+00  5.30820000e+00  1.03546782e+00  5.30820000e+00  1.09027964e+00  5.30820000e+00  9.77995004e-01  5.30820000e+00  1.06847896e+00  5.30820000e+00  1.05530601e+00  5.30820000e+00  2.91362745e+00  5.30820000e+00  2.93675727e+00  5.30820000e+00  2.90511153e+00  5.30820000e+00  2.93830822e+00  5.30820000e+00  2.92531538e+00  5.30820000e+00  2.93398597e+00  5.30820000e+00  5.44146326e-01  5.30820000e+00  2.93352514e+00 
 5.32860000e+00  1.58471930e+00  5.32860000e+00  1.47102158e+00  5.32860000e+00  1.36711676e+00  5.32860000e+00  1.50742670e+00  5.32860000e+00  1.41553082e+00  5.32860000e+00  1.55588534e+00  5.32860000e+00  1.18589086e+00  5.32860000e+00  1.55015107e+00  5.32860000e+00  1.41768735e+00  5.32860000e+00  5.27548068e-01  5.32860000e+00  8.68732540e-01  5.32860000e+00  1.12288720e+00  5.32860000e+00  8.78288605e-01  5.32860000e+00  1.86657317e+00  5.32860000e+00  8.63124711e-01  5.32860000e+00  1.05955622e+00  5.32860000e+00  5.64038992e-01  5.32860000e+00  1.15534521e+00  5.32860000e+00  9.80808893e-01  5.32860000e+00  1.02237998e+00  5.32860000e+00  1.10050237e+00  5.32860000e+00  1.02199914e+00  5.32860000e+00  2.05998370e+00  5.32860000e+00  1.02065697e+00  5.32860000e+00  1.09092072e+00  5.32860000e+00  9.81569883e-01  5.32860000e+00  1.10710966e+00  5.32860000e+00  9.62773733e-01  5.32860000e+00  2.91387542e+00  5.32860000e+00  2.93596369e+00  5.32860000e+00  2.91582385e+00  5.32860000e+00  2.93833364e+00  5.32860000e+00  2.91267283e+00  5.32860000e+00  2.93380178e+00  5.32860000e+00  1.47211617e+00  5.32860000e+00  2.93677653e+00 
 5.36430000e+00  1.61697741e+00  5.36430000e+00  1.45561644e+00  5.36430000e+00  1.36856510e+00  5.36430000e+00  1.54297188e+00  5.36430000e+00  1.43442894e+00  5.36430000e+00  1.54287667e+00  5.36430000e+00  1.15905330e+00  5.36430000e+00  1.51007422e+00  5.36430000e+00  1.42613956e+00  5.36430000e+00  5.17554632e-01  5.36430000e+00  8.71109380e-01  5.36430000e+00  1.06482410e+00  5.36430000e+00  9.64079349e-01  5.36430000e+00  2.08721056e+00  5.36430000e+00  6.48034835e-01  5.36430000e+00  1.04963439e+00  5.36430000e+00  8.43458732e-01  5.36430000e+00  1.34437382e+00  5.36430000e+00  9.91114673e-01  5.36430000e+00  1.03383265e+00  5.36430000e+00  1.09131096e+00  5.36430000e+00  1.05356847e+00  5.36430000e+00  2.33829338e+00  5.36430000e+00  9.97846834e-01  5.36430000e+00  1.09888222e+00  5.36430000e+00  1.02766952e+00  5.36430000e+00  1.20587445e+00  5.36430000e+00  8.28176950e-01  5.36430000e+00  2.91437176e+00  5.36430000e+00  2.93401109e+00  5.36430000e+00  2.92828818e+00  5.36430000e+00  2.93848238e+00  5.36430000e+00  2.71724011e+00  5.36430000e+00  2.93339260e+00  5.36430000e+00  2.90808697e+00  5.36430000e+00  2.93797718e+00 
 5.40000000e+00  1.50594695e+00  5.40000000e+00  1.36003381e+00  5.40000000e+00  1.28666258e+00  5.40000000e+00  1.42210359e+00  5.40000000e+00  1.34851047e+00  5.40000000e+00  1.45578072e+00  5.40000000e+00  1.19010850e+00  5.40000000e+00  1.36138453e+00  5.40000000e+00  1.27882867e+00  5.40000000e+00  5.08137444e-01  5.40000000e+00  8.73906756e-01  5.40000000e+00  1.00454922e+00  5.40000000e+00  1.05517517e+00  5.40000000e+00  2.30981279e+00  5.40000000e+00  3.90721039e-01  5.40000000e+00  1.03803500e+00  5.40000000e+00  1.28321698e+00  5.40000000e+00  1.51769513e+00  5.40000000e+00  1.01930479e+00  5.40000000e+00  1.06438238e+00  5.40000000e+00  1.10276423e+00  5.40000000e+00  1.11149547e+00  5.40000000e+00  2.45859275e+00  5.40000000e+00  1.01863649e+00  5.40000000e+00  1.12693358e+00  5.40000000e+00  1.21045187e+00  5.40000000e+00  1.36689973e+00  5.40000000e+00  7.03543503e-01  5.40000000e+00  2.91494591e+00  5.40000000e+00  2.93127648e+00  5.40000000e+00  2.93362353e+00  5.40000000e+00  2.93863011e+00  5.40000000e+00  1.32042838e-01  5.40000000e+00  2.93288901e+00  5.40000000e+00  2.93793502e+00  5.40000000e+00  2.93809619e+00 
 5.40714000e+00  1.50594695e+00  5.40714000e+00  1.36003381e+00  5.40714000e+00  1.28666258e+00  5.40714000e+00  1.42210359e+00  5.40714000e+00  1.34851047e+00  5.40714000e+00  1.45578073e+00  5.40714000e+00  1.19010850e+00  5.40714000e+00  1.36138453e+00  5.40714000e+00  1.27882867e+00  5.40714000e+00  5.08137444e-01  5.40714000e+00  8.73906756e-01  5.40714000e+00  1.00454922e+00  5.40714000e+00  1.05517517e+00  5.40714000e+00  2.30981279e+00  5.40714000e+00  3.90721039e-01  5.40714000e+00  1.03803500e+00  5.40714000e+00  1.28321698e+00  5.40714000e+00  1.51769513e+00  5.40714000e+00  1.01930479e+00  5.40714000e+00  1.06438238e+00  5.40714000e+00  1.10276423e+00  5.40714000e+00  1.11149547e+00  5.40714000e+00  2.45859275e+00  5.40714000e+00  1.01863649e+00  5.40714000e+00  1.12693358e+00  5.40714000e+00  1.21045188e+00  5.40714000e+00  1.36689973e+00  5.40714000e+00  7.03543503e-01  5.40714000e+00  2.91494591e+00  5.40714000e+00  2.93127648e+00  5.40714000e+00  2.93362353e+00  5.40714000e+00  2.93863011e+00  5.40714000e+00  1.32042838e-01  5.40714000e+00  2.93288901e+00  5.40714000e+00  2.93793502e+00  5.40714000e+00  2.93809619e+00 
 5.42142000e+00  1.50594695e+00  5.42142000e+00  1.36003381e+00  5.42142000e+00  1.28666258e+00  5.42142000e+00  1.42210359e+00  5.42142000e+00  1.34851047e+00  5.42142000e+00  1.45578072e+00  5.42142000e+00  1.19010850e+00  5.42142000e+00  1.36138453e+00  5.42142000e+00  1.27882867e+00  5.42142000e+00  5.08137444e-01  5.42142000e+00  8.73906756e-01  5.42142000e+00  1.00454922e+00  5.42142000e+00  1.05517517e+00  5.42142000e+00  2.30981279e+00  5.42142000e+00  3.90721039e-01  5.42142000e+00  1.03803500e+00  5.42142000e+00  1.28321698e+00  5.42142000e+00  1.51769513e+00  5.42142000e+00  1.01930479e+00  5.42142000e+00  1.06438238e+00  5.42142000e+00  1.10276423e+00  5.42142000e+00  1.11149547e+00  5.42142000e+00  2.45859275e+00  5.42142000e+00  1.01863649e+00  5.42142000e+00  1.12693358e+00  5.42142000e+00  1.21045187e+00  5.42142000e+00  1.36689973e+00  5.42142000e+00  7.03543503e-01  5.42142000e+00  2.91494591e+00  5.42142000e+00  2.93127648e+00  5.42142000e+00  2.93362353e+00  5.42142000e+00  2.93863011e+00  5.42142000e+00  1.32042838e-01  5.42142000e+00  2.93288901e+00  5.42142000e+00  2.93793502e+00  5.42142000e+00  2.93809619e+00 
 5.44998000e+00  1.50594695e+00  5.44998000e+00  1.36003381e+00  5.44998000e+00  1.28666258e+00  5.44998000e+00  1.42210359e+00  5.44998000e+00  1.34851047e+00  5.44998000e+00  1.45578073e+00  5.44998000e+00  1.19010850e+00  5.44998000e+00  1.36138453e+00  5.44998000e+00  1.27882867e+00  5.44998000e+00  5.08137444e-01  5.44998000e+00  8.73906756e-01  5.44998000e+00  1.00454922e+00  5.44998000e+00  1.05517517e+00  5.44998000e+00  2.30981279e+00  5.44998000e+00  3.90721039e-01  5.44998000e+00  1.03803500e+00  5.44998000e+00  1.28321698e+00  5.44998000e+00  1.51769513e+00  5.44998000e+00  1.01930479e+00  5.44998000e+00  1.06438238e+00  5.44998000e+00  1.10276423e+00  5.44998000e+00  1.11149547e+00  5.44998000e+00  2.45859275e+00  5.44998000e+00  1.01863649e+00  5.44998000e+00  1.12693358e+00  5.44998000e+00  1.21045188e+00  5.44998000e+00  1.36689973e+00  5.44998000e+00  7.03543503e-01  5.44998000e+00  2.91494591e+00  5.44998000e+00  2.93127648e+00  5.44998000e+00  2.93362353e+00  5.44998000e+00  2.93863011e+00  5.44998000e+00  1.32042838e-01  5.44998000e+00  2.93288901e+00  5.44998000e+00  2.93793502e+00  5.44998000e+00  2.93809619e+00 
 5.50710000e+00  1.50594695e+00  5.50710000e+00  1.36003381e+00  5.50710000e+00  1.28666258e+00  5.50710000e+00  1.42210359e+00  5.50710000e+00  1.34851047e+00  5.50710000e+00  1.45578072e+00  5.50710000e+00  1.19010850e+00  5.50710000e+00  1.36138453e+00  5.50710000e+00  1.27882867e+00  5.50710000e+00  5.08137444e-01  5.50710000e+00  8.73906756e-01  5.50710000e+00  1.00454922e+00  5.50710000e+00  1.05517517e+00  5.50710000e+00  2.30981279e+00  5.50710000e+00  3.90721039e-01  5.50710000e+00  1.03803500e+00  5.50710000e+00  1.28321698e+00  5.50710000e+00  1.51769513e+00  5.50710000e+00  1.01930479e+00  5.50710000e+00  1.06438238e+00  5.50710000e+00  1.10276423e+00  5.50710000e+00  1.11149547e+00  5.50710000e+00  2.45859275e+00  5.50710000e+00  1.01863649e+00  5.50710000e+00  1.12693358e+00  5.50710000e+00  1.21045187e+00  5.50710000e+00  1.36689973e+00  5.50710000e+00  7.03543503e-01  5.50710000e+00  2.91494591e+00  5.50710000e+00  2.93127648e+00  5.50710000e+00  2.93362353e+00  5.50710000e+00  2.93863011e+00  5.50710000e+00  1.32042838e-01  5.50710000e+00  2.93288901e+00  5.50710000e+00  2.93793502e+00  5.50710000e+00  2.93809619e+00 
 5.59800000e+00  1.50594695e+00  5.59800000e+00  1.36003381e+00  5.59800000e+00  1.28666258e+00  5.59800000e+00  1.42210359e+00  5.59800000e+00  1.34851047e+00  5.59800000e+00  1.45578073e+00  5.59800000e+00  1.19010850e+00  5.59800000e+00  1.36138453e+00  5.59800000e+00  1.27882867e+00  5.59800000e+00  5.08137444e-01  5.59800000e+00  8.73906756e-01  5.59800000e+00  1.00454922e+00  5.59800000e+00  1.05517517e+00  5.59800000e+00  2.30981279e+00  5.59800000e+00  3.90721039e-01  5.59800000e+00  1.03803500e+00  5.59800000e+00  1.28321698e+00  5.59800000e+00  1.51769513e+00  5.59800000e+00  1.01930479e+00  5.59800000e+00  1.06438238e+00  5.59800000e+00  1.10276423e+00  5.59800000e+00  1.11149547e+00  5.59800000e+00  2.45859275e+00  5.59800000e+00  1.01863649e+00  5.59800000e+00  1.12693358e+00  5.59800000e+00  1.21045188e+00  5.59800000e+00  1.36689973e+00  5.59800000e+00  7.03543503e-01  5.59800000e+00  2.91494591e+00  5.59800000e+00  2.93127648e+00  5.59800000e+00  2.93362353e+00  5.59800000e+00  2.93863011e+00  5.59800000e+00  1.32042838e-01  5.59800000e+00  2.93288901e+00  5.59800000e+00  2.93793502e+00  5.59800000e+00  2.93809619e+00 
 5.60820000e+00  1.52108891e+00  5.60820000e+00  1.37490850e+00  5.60820000e+00  1.30088350e+00  5.60820000e+00  1.44123839e+00  5.60820000e+00  1.36230612e+00  5.60820000e+00  1.46672423e+00  5.60820000e+00  1.18381716e+00  5.60820000e+00  1.38623505e+00  5.60820000e+00  1.30616972e+00  5.60820000e+00  5.14235732e-01  5.60820000e+00  8.74910019e-01  5.60820000e+00  1.02501419e+00  5.60820000e+00  1.01560185e+00  5.60820000e+00  2.25930465e+00  5.60820000e+00  4.45580231e-01  5.60820000e+00  1.02912951e+00  5.60820000e+00  1.16647496e+00  5.60820000e+00  1.47043293e+00  5.60820000e+00  1.00971659e+00  5.60820000e+00  1.05440800e+00  5.60820000e+00  1.09878572e+00  5.60820000e+00  1.08840733e+00  5.60820000e+00  2.43149273e+00  5.60820000e+00  1.00907065e+00  5.60820000e+00  1.11201660e+00  5.60820000e+00  1.14573810e+00  5.60820000e+00  1.31219445e+00  5.60820000e+00  7.84001083e-01  5.60820000e+00  2.91514922e+00  5.60820000e+00  2.93229056e+00  5.60820000e+00  2.93183553e+00  5.60820000e+00  2.93859764e+00  5.60820000e+00  2.03089760e-01  5.60820000e+00  2.93248355e+00  5.60820000e+00  2.93700862e+00  5.60820000e+00  2.93806381e+00 
 5.62860000e+00  1.60132037e+00  5.62860000e+00  1.44286041e+00  5.62860000e+00  1.35753334e+00  5.62860000e+00  1.52603305e+00  5.62860000e+00  1.42255325e+00  5.62860000e+00  1.53112896e+00  5.62860000e+00  1.16378905e+00  5.62860000e+00  1.49038782e+00  5.62860000e+00  1.40609293e+00  5.62860000e+00  5.26776074e-01  5.62860000e+00  8.76957738e-01  5.62860000e+00  1.06671311e+00  5.62860000e+00  9.38919097e-01  5.62860000e+00  2.14456754e+00  5.62860000e+00  5.97103219e-01  5.62860000e+00  1.01152756e+00  5.62860000e+00  9.52706998e-01  5.62860000e+00  1.36621863e+00  5.62860000e+00  9.93368711e-01  5.62860000e+00  1.03742754e+00  5.62860000e+00  1.09442515e+00  5.62860000e+00  1.04946372e+00  5.62860000e+00  2.36636865e+00  5.62860000e+00  9.95893462e-01  5.62860000e+00  1.08617950e+00  5.62860000e+00  1.05582698e+00  5.62860000e+00  1.22071917e+00  5.62860000e+00  9.52294006e-01  5.62860000e+00  2.91555994e+00  5.62860000e+00  2.93408481e+00  5.62860000e+00  2.92551193e+00  5.62860000e+00  2.93852087e+00  5.62860000e+00  1.95306516e+00  5.62860000e+00  2.93163259e+00  5.62860000e+00  2.92712023e+00  5.62860000e+00  2.93799222e+00 
 5.66430000e+00  1.60518904e+00  5.66430000e+00  1.47189857e+00  5.66430000e+00  1.37283538e+00  5.66430000e+00  1.52907768e+00  5.66430000e+00  1.42837653e+00  5.66430000e+00  1.55783438e+00  5.66430000e+00  1.17360770e+00  5.66430000e+00  1.54517834e+00  5.66430000e+00  1.42993622e+00  5.66430000e+00  5.49756998e-01  5.66430000e+00  8.80672172e-01  5.66430000e+00  1.13830642e+00  5.66430000e+00  8.13330231e-01  5.66430000e+00  1.92722250e+00  5.66430000e+00  8.23598890e-01  5.66430000e+00  9.81232404e-01  5.66430000e+00  6.83565041e-01  5.66430000e+00  1.17334334e+00  5.66430000e+00  9.78516376e-01  5.66430000e+00  1.02207198e+00  5.66430000e+00  1.10307356e+00  5.66430000e+00  1.00626718e+00  5.66430000e+00  2.16933060e+00  5.66430000e+00  1.00972715e+00  5.66430000e+00  1.05802409e+00  5.66430000e+00  9.88286570e-01  5.66430000e+00  1.11063820e+00  5.66430000e+00  1.26969902e+00  5.66430000e+00  2.91629061e+00  5.66430000e+00  2.93637484e+00  5.66430000e+00  2.89980657e+00  5.66430000e+00  2.93837464e+00  5.66430000e+00  2.90281586e+00  5.66430000e+00  2.92977906e+00  5.66430000e+00  2.82774777e+00  5.66430000e+00  2.93713968e+00 
 5.70000000e+00  1.47799789e+00  5.70000000e+00  1.48685901e+00  5.70000000e+00  1.34479324e+00  5.70000000e+00  1.38871361e+00  5.70000000e+00  1.34884729e+00  5.70000000e+00  1.56902014e+00  5.70000000e+00  1.27168565e+00  5.70000000e+00  1.60990962e+00  5.70000000e+00  1.35620802e+00  5.70000000e+00  5.74470638e-01  5.70000000e+00  8.84550757e-01  5.70000000e+00  1.20740678e+00  5.70000000e+00  6.99912958e-01  5.70000000e+00  1.84811059e+00  5.70000000e+00  9.56564856e-01  5.70000000e+00  9.51231330e-01  5.70000000e+00  5.76651147e-01  5.70000000e+00  9.91105455e-01  5.70000000e+00  9.73969591e-01  5.70000000e+00  1.01721848e+00  5.70000000e+00  1.12482733e+00  5.70000000e+00  9.83574818e-01  5.70000000e+00  1.84557926e+00  5.70000000e+00  1.03377358e+00  5.70000000e+00  1.04208846e+00  5.70000000e+00  9.73920259e-01  5.70000000e+00  1.04303171e+00  5.70000000e+00  1.62214163e+00  5.70000000e+00  2.91703409e+00  5.70000000e+00  2.93764685e+00  5.70000000e+00  2.84362000e+00  5.70000000e+00  2.93832114e+00  5.70000000e+00  2.92753246e+00  5.70000000e+00  2.92695819e+00  5.70000000e+00  1.65371476e+00  5.70000000e+00  2.93048834e+00 
 5.70714000e+00  1.47799795e+00  5.70714000e+00  1.48685901e+00  5.70714000e+00  1.34479325e+00  5.70714000e+00  1.38871368e+00  5.70714000e+00  1.34884733e+00  5.70714000e+00  1.56902015e+00  5.70714000e+00  1.27168562e+00  5.70714000e+00  1.60990961e+00  5.70714000e+00  1.35620805e+00  5.70714000e+00  5.74470638e-01  5.70714000e+00  8.84550757e-01  5.70714000e+00  1.20740678e+00  5.70714000e+00  6.99912958e-01  5.70714000e+00  1.84811059e+00  5.70714000e+00  9.56564856e-01  5.70714000e+00  9.51231330e-01  5.70714000e+00  5.76651147e-01  5.70714000e+00  9.91105455e-01  5.70714000e+00  9.73969591e-01  5.70714000e+00  1.01721848e+00  5.70714000e+00  1.12482733e+00  5.70714000e+00  9.83574818e-01  5.70714000e+00  1.84557926e+00  5.70714000e+00  1.03377358e+00  5.70714000e+00  1.04208846e+00  5.70714000e+00  9.73920259e-01  5.70714000e+00  1.04303171e+00  5.70714000e+00  1.62214163e+00  5.70714000e+00  2.91703409e+00  5.70714000e+00  2.93764685e+00  5.70714000e+00  2.84362000e+00  5.70714000e+00  2.93832114e+00  5.70714000e+00  2.92753246e+00  5.70714000e+00  2.92695819e+00  5.70714000e+00  1.65371476e+00  5.70714000e+00  2.93048834e+00 
 5.72142000e+00  1.47799789e+00  5.72142000e+00  1.48685901e+00  5.72142000e+00  1.34479324e+00  5.72142000e+00  1.38871361e+00  5.72142000e+00  1.34884729e+00  5.72142000e+00  1.56902014e+00  5.72142000e+00  1.27168565e+00  5.72142000e+00  1.60990962e+00  5.72142000e+00  1.35620802e+00  5.72142000e+00  5.74470638e-01  5.72142000e+00  8.84550757e-01  5.72142000e+00  1.20740678e+00  5.72142000e+00  6.99912958e-01  5.72142000e+00  1.84811059e+00  5.72142000e+00  9.56564856e-01  5.72142000e+00  9.51231330e-01  5.72142000e+00  5.76651147e-01  5.72142000e+00  9.91105455e-01  5.72142000e+00  9.73969591e-01  5.72142000e+00  1.01721848e+00  5.72142000e+00  1.12482733e+00  5.72142000e+00  9.83574818e-01  5.72142000e+00  1.84557926e+00  5.72142000e+00  1.03377358e+00  5.72142000e+00  1.04208846e+00  5.72142000e+00  9.73920259e-01  5.72142000e+00  1.04303171e+00  5.72142000e+00  1.62214163e+00  5.72142000e+00  2.91703409e+00  5.72142000e+00  2.93764685e+00  5.72142000e+00  2.84362000e+00  5.72142000e+00  2.93832114e+00  5.72142000e+00  2.92753246e+00  5.72142000e+00  2.92695819e+00  5.72142000e+00  1.65371476e+00  5.72142000e+00  2.93048834e+00 
 5.74998000e+00  1.47799789e+00  5.74998000e+00  1.48685901e+00  5.74998000e+00  1.34479324e+00  5.74998000e+00  1.38871361e+00  5.74998000e+00  1.34884729e+00  5.74998000e+00  1.56902014e+00  5.74998000e+00  1.27168565e+00  5.74998000e+00  1.60990962e+00  5.74998000e+00  1.35620802e+00  5.74998000e+00  5.74470638e-01  5.74998000e+00  8.84550757e-01  5.74998000e+00  1.20740678e+00  5.74998000e+00  6.99912958e-01  5.74998000e+00  1.84811059e+00  5.74998000e+00  9.56564856e-01  5.74998000e+00  9.51231330e-01  5.74998000e+00  5.76651147e-01  5.74998000e+00  9.91105455e-01  5.74998000e+00  9.73969591e-01  5.74998000e+00  1.01721848e+00  5.74998000e+00  1.12482733e+00  5.74998000e+00  9.83574818e-01  5.74998000e+00  1.84557926e+00  5.74998000e+00  1.03377358e+00  5.74998000e+00  1.04208846e+00  5.74998000e+00  9.73920259e-01  5.74998000e+00  1.04303171e+00  5.74998000e+00  1.62214163e+00  5.74998000e+00  2.91703409e+00  5.74998000e+00  2.93764685e+00  5.74998000e+00  2.84362000e+00  5.74998000e+00  2.93832114e+00  5.74998000e+00  2.92753246e+00  5.74998000e+00  2.92695819e+00  5.74998000e+00  1.65371476e+00  5.74998000e+00  2.93048834e+00 
 5.80710000e+00  1.47799789e+00  5.80710000e+00  1.48685901e+00  5.80710000e+00  1.34479324e+00  5.80710000e+00  1.38871361e+00  5.80710000e+00  1.34884729e+00  5.80710000e+00  1.56902014e+00  5.80710000e+00  1.27168565e+00  5.80710000e+00  1.60990962e+00  5.80710000e+00  1.35620802e+00  5.80710000e+00  5.74470638e-01  5.80710000e+00  8.84550757e-01  5.80710000e+00  1.20740678e+00  5.80710000e+00  6.99912958e-01  5.80710000e+00  1.84811059e+00  5.80710000e+00  9.56564856e-01  5.80710000e+00  9.51231330e-01  5.80710000e+00  5.76651147e-01  5.80710000e+00  9.91105455e-01  5.80710000e+00  9.73969591e-01  5.80710000e+00  1.01721848e+00  5.80710000e+00  1.12482733e+00  5.80710000e+00  9.83574818e-01  5.80710000e+00  1.84557926e+00  5.80710000e+00  1.03377358e+00  5.80710000e+00  1.04208846e+00  5.80710000e+00  9.73920259e-01  5.80710000e+00  1.04303171e+00  5.80710000e+00  1.62214163e+00  5.80710000e+00  2.91703409e+00  5.80710000e+00  2.93764685e+00  5.80710000e+00  2.84362000e+00  5.80710000e+00  2.93832114e+00  5.80710000e+00  2.92753246e+00  5.80710000e+00  2.92695819e+00  5.80710000e+00  1.65371476e+00  5.80710000e+00  2.93048834e+00 
 5.89800000e+00  1.47799789e+00  5.89800000e+00  1.48685901e+00  5.89800000e+00  1.34479324e+00  5.89800000e+00  1.38871361e+00  5.89800000e+00  1.34884729e+00  5.89800000e+00  1.56902014e+00  5.89800000e+00  1.27168565e+00  5.89800000e+00  1.60990962e+00  5.89800000e+00  1.35620802e+00  5.89800000e+00  5.74470638e-01  5.89800000e+00  8.84550757e-01  5.89800000e+00  1.20740678e+00  5.89800000e+00  6.99912958e-01  5.89800000e+00  1.84811059e+00  5.89800000e+00  9.56564856e-01  5.89800000e+00  9.51231330e-01  5.89800000e+00  5.76651147e-01  5.89800000e+00  9.91105455e-01  5.89800000e+00  9.73969591e-01  5.89800000e+00  1.01721848e+00  5.89800000e+00  1.12482733e+00  5.89800000e+00  9.83574818e-01  5.89800000e+00  1.84557926e+00  5.89800000e+00  1.03377358e+00  5.89800000e+00  1.04208846e+00  5.89800000e+00  9.73920259e-01  5.89800000e+00  1.04303171e+00  5.89800000e+00  1.62214163e+00  5.89800000e+00  2.91703409e+00  5.89800000e+00  2.93764685e+00  5.89800000e+00  2.84362000e+00  5.89800000e+00  2.93832114e+00  5.89800000e+00  2.92753246e+00  5.89800000e+00  2.92695819e+00  5.89800000e+00  1.65371476e+00  5.89800000e+00  2.93048834e+00 
 5.90820000e+00  1.49724927e+00  5.90820000e+00  1.46299165e+00  5.90820000e+00  1.33971084e+00  5.90820000e+00  1.41494100e+00  5.90820000e+00  1.35933697e+00  5.90820000e+00  1.54395020e+00  5.90820000e+00  1.23446665e+00  5.90820000e+00  1.56469670e+00  5.90820000e+00  1.36216326e+00  5.90820000e+00  5.75527355e-01  5.90820000e+00  8.87155356e-01  5.90820000e+00  1.18117193e+00  5.90820000e+00  7.76578908e-01  5.90820000e+00  1.79263110e+00  5.90820000e+00  9.09828416e-01  5.90820000e+00  1.01825854e+00  5.90820000e+00  5.50526851e-01  5.90820000e+00  9.98645376e-01  5.90820000e+00  9.74266565e-01  5.90820000e+00  1.01816291e+00  5.90820000e+00  1.11405823e+00  5.90820000e+00  9.94518726e-01  5.90820000e+00  1.59688087e+00  5.90820000e+00  1.02268762e+00  5.90820000e+00  1.06577875e+00  5.90820000e+00  9.73121487e-01  5.90820000e+00  1.04543842e+00  5.90820000e+00  1.63743371e+00  5.90820000e+00  2.91752236e+00  5.90820000e+00  2.93727755e+00  5.90820000e+00  2.88710933e+00  5.90820000e+00  2.93828355e+00  5.90820000e+00  2.92141316e+00  5.90820000e+00  2.93196590e+00  5.90820000e+00  1.28051572e+00  5.90820000e+00  2.93095566e+00 
 5.92860000e+00  1.55479715e+00  5.92860000e+00  1.45632267e+00  5.92860000e+00  1.35198095e+00  5.92860000e+00  1.47611017e+00  5.92860000e+00  1.39502236e+00  5.92860000e+00  1.54096577e+00  5.92860000e+00  1.19821090e+00  5.92860000e+00  1.53149879e+00  5.92860000e+00  1.38948163e+00  5.92860000e+00  5.78173305e-01  5.92860000e+00  8.87948883e-01  5.92860000e+00  1.12389279e+00  5.92860000e+00  9.43134141e-01  5.92860000e+00  1.67025943e+00  5.92860000e+00  8.21633932e-01  5.92860000e+00  1.16081694e+00  5.92860000e+00  4.87087081e-01  5.92860000e+00  1.01301471e+00  5.92860000e+00  9.74041738e-01  5.92860000e+00  1.01816614e+00  5.92860000e+00  1.09103441e+00  5.92860000e+00  1.02766017e+00  5.92860000e+00  1.41011056e+00  5.92860000e+00  1.00396807e+00  5.92860000e+00  1.12704877e+00  5.92860000e+00  9.72075107e-01  5.92860000e+00  1.04920160e+00  5.92860000e+00  1.67579689e+00  5.92860000e+00  2.91766938e+00  5.92860000e+00  2.93599187e+00  5.92860000e+00  2.92602607e+00  5.92860000e+00  2.93820037e+00  5.92860000e+00  2.90225584e+00  5.92860000e+00  2.93689365e+00  5.92860000e+00  4.33402588e-01  5.92860000e+00  2.93170709e+00 
 5.96430000e+00  1.55902302e+00  5.96430000e+00  1.43136842e+00  5.96430000e+00  1.34062460e+00  5.96430000e+00  1.48126062e+00  5.96430000e+00  1.39457255e+00  5.96430000e+00  1.51863850e+00  5.96430000e+00  1.18528196e+00  5.96430000e+00  1.48182372e+00  5.96430000e+00  1.37284737e+00  5.96430000e+00  5.91462996e-01  5.96430000e+00  8.87292190e-01  5.96430000e+00  1.01735565e+00  5.96430000e+00  1.28019280e+00  5.96430000e+00  1.43967631e+00  5.96430000e+00  6.86860893e-01  5.96430000e+00  1.43199862e+00  5.96430000e+00  4.31639024e-01  5.96430000e+00  1.03595429e+00  5.96430000e+00  9.85234478e-01  5.96430000e+00  1.02928886e+00  5.96430000e+00  1.06607116e+00  5.96430000e+00  1.15101551e+00  5.96430000e+00  1.25009407e+00  5.96430000e+00  9.94248858e-01  5.96430000e+00  1.33608697e+00  5.96430000e+00  9.82676950e-01  5.96430000e+00  1.06786288e+00  5.96430000e+00  1.86996682e+00  5.96430000e+00  2.91754777e+00  5.96430000e+00  2.93192176e+00  5.96430000e+00  2.93793294e+00  5.96430000e+00  2.93804271e+00  5.96430000e+00  2.83132691e+00  5.96430000e+00  2.93803744e+00  5.96430000e+00  1.80718180e-01  5.96430000e+00  2.93279576e+00 
 6.00000000e+00  1.45627101e+00  6.00000000e+00  1.33934284e+00  6.00000000e+00  1.26512288e+00  6.00000000e+00  1.36959397e+00  6.00000000e+00  1.31684021e+00  6.00000000e+00  1.43488839e+00  6.00000000e+00  1.22294191e+00  6.00000000e+00  1.33246962e+00  6.00000000e+00  1.23148205e+00  6.00000000e+00  6.18479476e-01  6.00000000e+00  8.92318629e-01  6.00000000e+00  9.27292257e-01  6.00000000e+00  1.66554277e+00  6.00000000e+00  1.21442084e+00  6.00000000e+00  5.79479074e-01  6.00000000e+00  1.72066233e+00  6.00000000e+00  4.43759651e-01  6.00000000e+00  1.05489074e+00  6.00000000e+00  9.99939751e-01  6.00000000e+00  1.04400864e+00  6.00000000e+00  1.05345162e+00  6.00000000e+00  1.40098023e+00  6.00000000e+00  1.15097982e+00  6.00000000e+00  9.97765041e-01  6.00000000e+00  2.33862703e+00  6.00000000e+00  9.95324455e-01  6.00000000e+00  1.08858022e+00  6.00000000e+00  2.27117670e+00  6.00000000e+00  2.91846458e+00  6.00000000e+00  2.92399018e+00  6.00000000e+00  2.93819716e+00  6.00000000e+00  2.93772032e+00  6.00000000e+00  1.69476675e+00  6.00000000e+00  2.93823467e+00  6.00000000e+00  1.99897659e-01  6.00000000e+00  2.93361183e+00 
 6.00714000e+00  1.45627101e+00  6.00714000e+00  1.33934284e+00  6.00714000e+00  1.26512288e+00  6.00714000e+00  1.36959397e+00  6.00714000e+00  1.31684021e+00  6.00714000e+00  1.43488839e+00  6.00714000e+00  1.22294191e+00  6.00714000e+00  1.33246962e+00  6.00714000e+00  1.23148205e+00  6.00714000e+00  6.18479476e-01  6.00714000e+00  8.92318629e-01  6.00714000e+00  9.27292257e-01  6.00714000e+00  1.66554277e+00  6.00714000e+00  1.21442084e+00  6.00714000e+00  5.79479074e-01  6.00714000e+00  1.72066233e+00  6.00714000e+00  4.43759651e-01  6.00714000e+00  1.05489074e+00  6.00714000e+00  9.99939751e-01  6.00714000e+00  1.04400864e+00  6.00714000e+00  1.05345162e+00  6.00714000e+00  1.40098023e+00  6.00714000e+00  1.15097982e+00  6.00714000e+00  9.97765041e-01  6.00714000e+00  2.33862703e+00  6.00714000e+00  9.95324455e-01  6.00714000e+00  1.08858022e+00  6.00714000e+00  2.27117670e+00  6.00714000e+00  2.91846458e+00  6.00714000e+00  2.92399018e+00  6.00714000e+00  2.93819716e+00  6.00714000e+00  2.93772032e+00  6.00714000e+00  1.69476675e+00  6.00714000e+00  2.93823467e+00  6.00714000e+00  1.99897659e-01  6.00714000e+00  2.93361183e+00 
 6.02142000e+00  1.45627101e+00  6.02142000e+00  1.33934284e+00  6.02142000e+00  1.26512288e+00  6.02142000e+00  1.36959397e+00  6.02142000e+00  1.31684021e+00  6.02142000e+00  1.43488839e+00  6.02142000e+00  1.22294191e+00  6.02142000e+00  1.33246962e+00  6.02142000e+00  1.23148205e+00  6.02142000e+00  6.18479476e-01  6.02142000e+00  8.92318629e-01  6.02142000e+00  9.27292257e-01  6.02142000e+00  1.66554277e+00  6.02142000e+00  1.21442084e+00  6.02142000e+00  5.79479074e-01  6.02142000e+00  1.72066233e+00  6.02142000e+00  4.43759651e-01  6.02142000e+00  1.05489074e+00  6.02142000e+00  9.99939751e-01  6.02142000e+00  1.04400864e+00  6.02142000e+00  1.05345162e+00  6.02142000e+00  1.40098023e+00  6.02142000e+00  1.15097982e+00  6.02142000e+00  9.97765041e-01  6.02142000e+00  2.33862703e+00  6.02142000e+00  9.95324455e-01  6.02142000e+00  1.08858022e+00  6.02142000e+00  2.27117670e+00  6.02142000e+00  2.91846458e+00  6.02142000e+00  2.92399018e+00  6.02142000e+00  2.93819716e+00  6.02142000e+00  2.93772032e+00  6.02142000e+00  1.69476675e+00  6.02142000e+00  2.93823467e+00  6.02142000e+00  1.99897659e-01  6.02142000e+00  2.93361183e+00 
 6.04998000e+00  1.45627101e+00  6.04998000e+00  1.33934284e+00  6.04998000e+00  1.26512288e+00  6.04998000e+00  1.36959397e+00  6.04998000e+00  1.31684021e+00  6.04998000e+00  1.43488839e+00  6.04998000e+00  1.22294191e+00  6.04998000e+00  1.33246962e+00  6.04998000e+00  1.23148205e+00  6.04998000e+00  6.18479476e-01  6.04998000e+00  8.92318629e-01  6.04998000e+00  9.27292257e-01  6.04998000e+00  1.66554277e+00  6.04998000e+00  1.21442084e+00  6.04998000e+00  5.79479074e-01  6.04998000e+00  1.72066233e+00  6.04998000e+00  4.43759651e-01  6.04998000e+00  1.05489074e+00  6.04998000e+00  9.99939751e-01  6.04998000e+00  1.04400864e+00  6.04998000e+00  1.05345162e+00  6.04998000e+00  1.40098023e+00  6.04998000e+00  1.15097982e+00  6.04998000e+00  9.97765041e-01  6.04998000e+00  2.33862703e+00  6.04998000e+00  9.95324455e-01  6.04998000e+00  1.08858022e+00  6.04998000e+00  2.27117670e+00  6.04998000e+00  2.91846458e+00  6.04998000e+00  2.92399018e+00  6.04998000e+00  2.93819716e+00  6.04998000e+00  2.93772032e+00  6.04998000e+00  1.69476675e+00  6.04998000e+00  2.93823467e+00  6.04998000e+00  1.99897659e-01  6.04998000e+00  2.93361183e+00 
 6.10710000e+00  1.45627101e+00  6.10710000e+00  1.33934284e+00  6.10710000e+00  1.26512288e+00  6.10710000e+00  1.36959397e+00  6.10710000e+00  1.31684021e+00  6.10710000e+00  1.43488839e+00  6.10710000e+00  1.22294191e+00  6.10710000e+00  1.33246962e+00  6.10710000e+00  1.23148205e+00  6.10710000e+00  6.18479476e-01  6.10710000e+00  8.92318629e-01  6.10710000e+00  9.27292257e-01  6.10710000e+00  1.66554277e+00  6.10710000e+00  1.21442084e+00  6.10710000e+00  5.79479074e-01  6.10710000e+00  1.72066233e+00  6.10710000e+00  4.43759651e-01  6.10710000e+00  1.05489074e+00  6.10710000e+00  9.99939751e-01  6.10710000e+00  1.04400864e+00  6.10710000e+00  1.05345162e+00  6.10710000e+00  1.40098023e+00  6.10710000e+00  1.15097982e+00  6.10710000e+00  9.97765041e-01  6.10710000e+00  2.33862703e+00  6.10710000e+00  9.95324455e-01  6.10710000e+00  1.08858022e+00  6.10710000e+00  2.27117670e+00  6.10710000e+00  2.91846458e+00  6.10710000e+00  2.92399018e+00  6.10710000e+00  2.93819716e+00  6.10710000e+00  2.93772032e+00  6.10710000e+00  1.69476675e+00  6.10710000e+00  2.93823467e+00  6.10710000e+00  1.99897659e-01  6.10710000e+00  2.93361183e+00 
 6.19800000e+00  1.45627101e+00  6.19800000e+00  1.33934284e+00  6.19800000e+00  1.26512288e+00  6.19800000e+00  1.36959397e+00  6.19800000e+00  1.31684021e+00  6.19800000e+00  1.43488839e+00  6.19800000e+00  1.22294191e+00  6.19800000e+00  1.33246962e+00  6.19800000e+00  1.23148205e+00  6.19800000e+00  6.18479476e-01  6.19800000e+00  8.92318629e-01  6.19800000e+00  9.27292257e-01  6.19800000e+00  1.66554277e+00  6.19800000e+00  1.21442084e+00  6.19800000e+00  5.79479074e-01  6.19800000e+00  1.72066233e+00  6.19800000e+00  4.43759651e-01  6.19800000e+00  1.05489074e+00  6.19800000e+00  9.99939751e-01  6.19800000e+00  1.04400864e+00  6.19800000e+00  1.05345162e+00  6.19800000e+00  1.40098023e+00  6.19800000e+00  1.15097982e+00  6.19800000e+00  9.97765041e-01  6.19800000e+00  2.33862703e+00  6.19800000e+00  9.95324455e-01  6.19800000e+00  1.08858022e+00  6.19800000e+00  2.27117670e+00  6.19800000e+00  2.91846458e+00  6.19800000e+00  2.92399018e+00  6.19800000e+00  2.93819716e+00  6.19800000e+00  2.93772032e+00  6.19800000e+00  1.69476675e+00  6.19800000e+00  2.93823467e+00  6.19800000e+00  1.99897659e-01  6.19800000e+00  2.93361183e+00 
 6.20820000e+00  1.45731562e+00  6.20820000e+00  1.33961778e+00  6.20820000e+00  1.26582690e+00  6.20820000e+00  1.37109732e+00  6.20820000e+00  1.31777722e+00  6.20820000e+00  1.43480336e+00  6.20820000e+00  1.22188126e+00  6.20820000e+00  1.33288154e+00  6.20820000e+00  1.23319406e+00  6.20820000e+00  5.97488410e-01  6.20820000e+00  8.99390319e-01  6.20820000e+00  9.04711486e-01  6.20820000e+00  1.64564031e+00  6.20820000e+00  1.26436648e+00  6.20820000e+00  5.69472130e-01  6.20820000e+00  1.72426990e+00  6.20820000e+00  4.24493752e-01  6.20820000e+00  1.10341525e+00  6.20820000e+00  1.00127068e+00  6.20820000e+00  1.04864441e+00  6.20820000e+00  1.05038045e+00  6.20820000e+00  1.38987016e+00  6.20820000e+00  1.17736585e+00  6.20820000e+00  9.99965994e-01  6.20820000e+00  2.35045771e+00  6.20820000e+00  9.98036831e-01  6.20820000e+00  1.10862013e+00  6.20820000e+00  1.95875417e+00  6.20820000e+00  2.91970063e+00  6.20820000e+00  2.92059010e+00  6.20820000e+00  2.93818359e+00  6.20820000e+00  2.93792201e+00  6.20820000e+00  1.55003845e+00  6.20820000e+00  2.93823712e+00  6.20820000e+00  1.70732683e-01  6.20820000e+00  2.93538033e+00 
 6.22860000e+00  1.46249235e+00  6.22860000e+00  1.34131508e+00  6.22860000e+00  1.26851597e+00  6.22860000e+00  1.37736336e+00  6.22860000e+00  1.32161687e+00  6.22860000e+00  1.43581576e+00  6.22860000e+00  1.21775906e+00  6.22860000e+00  1.33518985e+00  6.22860000e+00  1.23941526e+00  6.22860000e+00  5.59746608e-01  6.22860000e+00  9.29018046e-01  6.22860000e+00  8.59894514e-01  6.22860000e+00  1.60803745e+00  6.22860000e+00  1.37270374e+00  6.22860000e+00  5.61953045e-01  6.22860000e+00  1.73107972e+00  6.22860000e+00  3.97024034e-01  6.22860000e+00  1.20443403e+00  6.22860000e+00  1.00720889e+00  6.22860000e+00  1.06460305e+00  6.22860000e+00  1.04752230e+00  6.22860000e+00  1.37515306e+00  6.22860000e+00  1.24580899e+00  6.22860000e+00  1.00732521e+00  6.22860000e+00  2.37813012e+00  6.22860000e+00  1.00575672e+00  6.22860000e+00  1.15844840e+00  6.22860000e+00  1.41090205e+00  6.22860000e+00  2.92422573e+00  6.22860000e+00  2.91195962e+00  6.22860000e+00  2.93815795e+00  6.22860000e+00  2.93799668e+00  6.22860000e+00  1.44232907e+00  6.22860000e+00  2.93824175e+00  6.22860000e+00  1.38422344e-01  6.22860000e+00  2.93761241e+00 
 6.26430000e+00  1.48534436e+00  6.26430000e+00  1.34841553e+00  6.26430000e+00  1.27876058e+00  6.26430000e+00  1.40322334e+00  6.26430000e+00  1.33727845e+00  6.26430000e+00  1.44167230e+00  6.26430000e+00  1.20124991e+00  6.26430000e+00  1.34389936e+00  6.26430000e+00  1.26260852e+00  6.26430000e+00  5.07336640e-01  6.26430000e+00  1.02759877e+00  6.26430000e+00  7.83750433e-01  6.26430000e+00  1.55769788e+00  6.26430000e+00  1.58551899e+00  6.26430000e+00  5.89650276e-01  6.26430000e+00  1.74159764e+00  6.26430000e+00  3.72579590e-01  6.26430000e+00  1.39184777e+00  6.26430000e+00  1.02690835e+00  6.26430000e+00  1.11722227e+00  6.26430000e+00  1.05254198e+00  6.26430000e+00  1.37635812e+00  6.26430000e+00  1.45738418e+00  6.26430000e+00  1.02918533e+00  6.26430000e+00  2.43458112e+00  6.26430000e+00  1.02622360e+00  6.26430000e+00  1.28739523e+00  6.26430000e+00  6.93048284e-01  6.26430000e+00  2.93241219e+00  6.26430000e+00  2.88985490e+00  6.26430000e+00  2.93812356e+00  6.26430000e+00  2.93814257e+00  6.26430000e+00  1.84334339e+00  6.26430000e+00  2.93824890e+00  6.26430000e+00  1.15336017e-01  6.26430000e+00  2.93800985e+00 
 6.30000000e+00  1.51405255e+00  6.30000000e+00  1.35493219e+00  6.30000000e+00  1.29110364e+00  6.30000000e+00  1.43643389e+00  6.30000000e+00  1.35727146e+00  6.30000000e+00  1.44622682e+00  6.30000000e+00  1.17972818e+00  6.30000000e+00  1.35009985e+00  6.30000000e+00  1.29109884e+00  6.30000000e+00  4.67868195e-01  6.30000000e+00  1.14042373e+00  6.30000000e+00  7.12416491e-01  6.30000000e+00  1.52136822e+00  6.30000000e+00  1.81054340e+00  6.30000000e+00  6.67197382e-01  6.30000000e+00  1.75015275e+00  6.30000000e+00  3.66405848e-01  6.30000000e+00  1.58796119e+00  6.30000000e+00  1.04340458e+00  6.30000000e+00  1.17961427e+00  6.30000000e+00  1.05655935e+00  6.30000000e+00  1.37991832e+00  6.30000000e+00  2.26922950e+00  6.30000000e+00  1.05204453e+00  6.30000000e+00  2.47166952e+00  6.30000000e+00  1.04230126e+00  6.30000000e+00  1.50102230e+00  6.30000000e+00  2.55271116e-01  6.30000000e+00  2.93642777e+00  6.30000000e+00  2.85335336e+00  6.30000000e+00  2.93809870e+00  6.30000000e+00  2.93829569e+00  6.30000000e+00  2.80523164e+00  6.30000000e+00  2.93825471e+00  6.30000000e+00  1.10150063e-01  6.30000000e+00  2.93814424e+00 
 6.30714000e+00  1.51405255e+00  6.30714000e+00  1.35493218e+00  6.30714000e+00  1.29110364e+00  6.30714000e+00  1.43643389e+00  6.30714000e+00  1.35727145e+00  6.30714000e+00  1.44622682e+00  6.30714000e+00  1.17972818e+00  6.30714000e+00  1.35009985e+00  6.30714000e+00  1.29109884e+00  6.30714000e+00  4.67868195e-01  6.30714000e+00  1.14042373e+00  6.30714000e+00  7.12416491e-01  6.30714000e+00  1.52136822e+00  6.30714000e+00  1.81054340e+00  6.30714000e+00  6.67197382e-01  6.30714000e+00  1.75015275e+00  6.30714000e+00  3.66405848e-01  6.30714000e+00  1.58796119e+00  6.30714000e+00  1.04340458e+00  6.30714000e+00  1.17961427e+00  6.30714000e+00  1.05655935e+00  6.30714000e+00  1.37991832e+00  6.30714000e+00  2.26922950e+00  6.30714000e+00  1.05204453e+00  6.30714000e+00  2.47166952e+00  6.30714000e+00  1.04230126e+00  6.30714000e+00  1.50102230e+00  6.30714000e+00  2.55271116e-01  6.30714000e+00  2.93642777e+00  6.30714000e+00  2.85335336e+00  6.30714000e+00  2.93809870e+00  6.30714000e+00  2.93829569e+00  6.30714000e+00  2.80523164e+00  6.30714000e+00  2.93825471e+00  6.30714000e+00  1.10150063e-01  6.30714000e+00  2.93814424e+00 
 6.32142000e+00  1.51405255e+00  6.32142000e+00  1.35493219e+00  6.32142000e+00  1.29110364e+00  6.32142000e+00  1.43643389e+00  6.32142000e+00  1.35727146e+00  6.32142000e+00  1.44622682e+00  6.32142000e+00  1.17972818e+00  6.32142000e+00  1.35009985e+00  6.32142000e+00  1.29109884e+00  6.32142000e+00  4.67868195e-01  6.32142000e+00  1.14042373e+00  6.32142000e+00  7.12416491e-01  6.32142000e+00  1.52136822e+00  6.32142000e+00  1.81054340e+00  6.32142000e+00  6.67197382e-01  6.32142000e+00  1.75015275e+00  6.32142000e+00  3.66405848e-01  6.32142000e+00  1.58796119e+00  6.32142000e+00  1.04340458e+00  6.32142000e+00  1.17961427e+00  6.32142000e+00  1.05655935e+00  6.32142000e+00  1.37991832e+00  6.32142000e+00  2.26922950e+00  6.32142000e+00  1.05204453e+00  6.32142000e+00  2.47166952e+00  6.32142000e+00  1.04230126e+00  6.32142000e+00  1.50102230e+00  6.32142000e+00  2.55271116e-01  6.32142000e+00  2.93642777e+00  6.32142000e+00  2.85335336e+00  6.32142000e+00  2.93809870e+00  6.32142000e+00  2.93829569e+00  6.32142000e+00  2.80523164e+00  6.32142000e+00  2.93825471e+00  6.32142000e+00  1.10150063e-01  6.32142000e+00  2.93814424e+00 
 6.34998000e+00  1.51405255e+00  6.34998000e+00  1.35493218e+00  6.34998000e+00  1.29110364e+00  6.34998000e+00  1.43643389e+00  6.34998000e+00  1.35727145e+00  6.34998000e+00  1.44622682e+00  6.34998000e+00  1.17972818e+00  6.34998000e+00  1.35009985e+00  6.34998000e+00  1.29109884e+00  6.34998000e+00  4.67868195e-01  6.34998000e+00  1.14042373e+00  6.34998000e+00  7.12416491e-01  6.34998000e+00  1.52136822e+00  6.34998000e+00  1.81054340e+00  6.34998000e+00  6.67197382e-01  6.34998000e+00  1.75015275e+00  6.34998000e+00  3.66405848e-01  6.34998000e+00  1.58796119e+00  6.34998000e+00  1.04340458e+00  6.34998000e+00  1.17961427e+00  6.34998000e+00  1.05655935e+00  6.34998000e+00  1.37991832e+00  6.34998000e+00  2.26922950e+00  6.34998000e+00  1.05204453e+00  6.34998000e+00  2.47166952e+00  6.34998000e+00  1.04230126e+00  6.34998000e+00  1.50102230e+00  6.34998000e+00  2.55271116e-01  6.34998000e+00  2.93642777e+00  6.34998000e+00  2.85335336e+00  6.34998000e+00  2.93809870e+00  6.34998000e+00  2.93829569e+00  6.34998000e+00  2.80523164e+00  6.34998000e+00  2.93825471e+00  6.34998000e+00  1.10150063e-01  6.34998000e+00  2.93814424e+00 
 6.40710000e+00  1.51405255e+00  6.40710000e+00  1.35493219e+00  6.40710000e+00  1.29110364e+00  6.40710000e+00  1.43643389e+00  6.40710000e+00  1.35727146e+00  6.40710000e+00  1.44622682e+00  6.40710000e+00  1.17972818e+00  6.40710000e+00  1.35009985e+00  6.40710000e+00  1.29109884e+00  6.40710000e+00  4.67868195e-01  6.40710000e+00  1.14042373e+00  6.40710000e+00  7.12416491e-01  6.40710000e+00  1.52136822e+00  6.40710000e+00  1.81054340e+00  6.40710000e+00  6.67197382e-01  6.40710000e+00  1.75015275e+00  6.40710000e+00  3.66405848e-01  6.40710000e+00  1.58796119e+00  6.40710000e+00  1.04340458e+00  6.40710000e+00  1.17961427e+00  6.40710000e+00  1.05655935e+00  6.40710000e+00  1.37991832e+00  6.40710000e+00  2.26922950e+00  6.40710000e+00  1.05204453e+00  6.40710000e+00  2.47166952e+00  6.40710000e+00  1.04230126e+00  6.40710000e+00  1.50102230e+00  6.40710000e+00  2.55271116e-01  6.40710000e+00  2.93642777e+00  6.40710000e+00  2.85335336e+00  6.40710000e+00  2.93809870e+00  6.40710000e+00  2.93829569e+00  6.40710000e+00  2.80523164e+00  6.40710000e+00  2.93825471e+00  6.40710000e+00  1.10150063e-01  6.40710000e+00  2.93814424e+00 
 6.49800000e+00  1.51405255e+00  6.49800000e+00  1.35493218e+00  6.49800000e+00  1.29110364e+00  6.49800000e+00  1.43643389e+00  6.49800000e+00  1.35727145e+00  6.49800000e+00  1.44622682e+00  6.49800000e+00  1.17972818e+00  6.49800000e+00  1.35009985e+00  6.49800000e+00  1.29109884e+00  6.49800000e+00  4.67868195e-01  6.49800000e+00  1.14042373e+00  6.49800000e+00  7.12416491e-01  6.49800000e+00  1.52136822e+00  6.49800000e+00  1.81054340e+00  6.49800000e+00  6.67197382e-01  6.49800000e+00  1.75015275e+00  6.49800000e+00  3.66405848e-01  6.49800000e+00  1.58796119e+00  6.49800000e+00  1.04340458e+00  6.49800000e+00  1.17961427e+00  6.49800000e+00  1.05655935e+00  6.49800000e+00  1.37991832e+00  6.49800000e+00  2.26922950e+00  6.49800000e+00  1.05204453e+00  6.49800000e+00  2.47166952e+00  6.49800000e+00  1.04230126e+00  6.49800000e+00  1.50102230e+00  6.49800000e+00  2.55271116e-01  6.49800000e+00  2.93642777e+00  6.49800000e+00  2.85335336e+00  6.49800000e+00  2.93809870e+00  6.49800000e+00  2.93829569e+00  6.49800000e+00  2.80523164e+00  6.49800000e+00  2.93825471e+00  6.49800000e+00  1.10150063e-01  6.49800000e+00  2.93814424e+00 
 6.50820000e+00  1.50587724e+00  6.50820000e+00  1.35341803e+00  6.50820000e+00  1.28770746e+00  6.50820000e+00  1.42693298e+00  6.50820000e+00  1.35156976e+00  6.50820000e+00  1.44526997e+00  6.50820000e+00  1.18588929e+00  6.50820000e+00  1.34903930e+00  6.50820000e+00  1.28321144e+00  6.50820000e+00  4.77294814e-01  6.50820000e+00  1.09346515e+00  6.50820000e+00  7.41902048e-01  6.50820000e+00  1.49909831e+00  6.50820000e+00  1.77384327e+00  6.50820000e+00  6.46357084e-01  6.50820000e+00  1.72593866e+00  6.50820000e+00  3.64983272e-01  6.50820000e+00  1.52956528e+00  6.50820000e+00  1.03784096e+00  6.50820000e+00  1.15367905e+00  6.50820000e+00  1.05583379e+00  6.50820000e+00  1.35282458e+00  6.50820000e+00  2.18993838e+00  6.50820000e+00  1.04437978e+00  6.50820000e+00  2.44519756e+00  6.50820000e+00  1.03686867e+00  6.50820000e+00  1.41736508e+00  6.50820000e+00  3.12067307e-01  6.50820000e+00  2.93505457e+00  6.50820000e+00  2.87137426e+00  6.50820000e+00  2.93808345e+00  6.50820000e+00  2.93827080e+00  6.50820000e+00  2.69177905e+00  6.50820000e+00  2.93823826e+00  6.50820000e+00  1.08988191e-01  6.50820000e+00  2.93810431e+00 
 6.52860000e+00  1.49229307e+00  6.52860000e+00  1.34988898e+00  6.52860000e+00  1.28195427e+00  6.52860000e+00  1.41156987e+00  6.52860000e+00  1.34233183e+00  6.52860000e+00  1.44238718e+00  6.52860000e+00  1.19576112e+00  6.52860000e+00  1.34528346e+00  6.52860000e+00  1.27007533e+00  6.52860000e+00  4.97153902e-01  6.52860000e+00  9.98845479e-01  6.52860000e+00  8.10089790e-01  6.52860000e+00  1.45431478e+00  6.52860000e+00  1.70314913e+00  6.52860000e+00  6.31769684e-01  6.52860000e+00  1.67715357e+00  6.52860000e+00  3.64749116e-01  6.52860000e+00  1.41331715e+00  6.52860000e+00  1.02747767e+00  6.52860000e+00  1.10829369e+00  6.52860000e+00  1.05850700e+00  6.52860000e+00  1.30487222e+00  6.52860000e+00  1.72797420e+00  6.52860000e+00  1.03284904e+00  6.52860000e+00  2.38061476e+00  6.52860000e+00  1.02671520e+00  6.52860000e+00  1.30272082e+00  6.52860000e+00  5.61069330e-01  6.52860000e+00  2.93096718e+00  6.52860000e+00  2.89881307e+00  6.52860000e+00  2.93805275e+00  6.52860000e+00  2.93822276e+00  6.52860000e+00  2.47104014e+00  6.52860000e+00  2.93820506e+00  6.52860000e+00  1.08798109e-01  6.52860000e+00  2.93802460e+00 
 6.56430000e+00  1.45683388e+00  6.56430000e+00  1.33951681e+00  6.56430000e+00  1.26696304e+00  6.56430000e+00  1.37223898e+00  6.56430000e+00  1.31860185e+00  6.56430000e+00  1.43309830e+00  6.56430000e+00  1.22052562e+00  6.56430000e+00  1.33347598e+00  6.56430000e+00  1.23643237e+00  6.56430000e+00  5.34688284e-01  6.56430000e+00  8.69633306e-01  6.56430000e+00  9.54834634e-01  6.56430000e+00  1.37547567e+00  6.56430000e+00  1.60083344e+00  6.56430000e+00  6.95200759e-01  6.56430000e+00  1.59103485e+00  6.56430000e+00  3.71101266e-01  6.56430000e+00  1.21427066e+00  6.56430000e+00  1.00907784e+00  6.56430000e+00  1.05261642e+00  6.56430000e+00  1.07570853e+00  6.56430000e+00  1.23099519e+00  6.56430000e+00  1.42767974e+00  6.56430000e+00  1.02141403e+00  6.56430000e+00  2.09912321e+00  6.56430000e+00  1.00848118e+00  6.56430000e+00  1.16620581e+00  6.56430000e+00  1.06032652e+00  6.56430000e+00  2.91406445e+00  6.56430000e+00  2.92734961e+00  6.56430000e+00  2.93799859e+00  6.56430000e+00  2.93815303e+00  6.56430000e+00  2.83948066e+00  6.56430000e+00  2.93814634e+00  6.56430000e+00  1.14072589e-01  6.56430000e+00  2.93771887e+00 
 6.60000000e+00  1.44470306e+00  6.60000000e+00  1.33694701e+00  6.60000000e+00  1.26080980e+00  6.60000000e+00  1.35700599e+00  6.60000000e+00  1.30926809e+00  6.60000000e+00  1.43249090e+00  6.60000000e+00  1.23057245e+00  6.60000000e+00  1.33091910e+00  6.60000000e+00  1.22198612e+00  6.60000000e+00  5.77826602e-01  6.60000000e+00  8.22429313e-01  6.60000000e+00  1.10940138e+00  6.60000000e+00  1.29914440e+00  6.60000000e+00  1.52348677e+00  6.60000000e+00  8.56371376e-01  6.60000000e+00  1.50462666e+00  6.60000000e+00  3.88732138e-01  6.60000000e+00  1.02598003e+00  6.60000000e+00  1.00165592e+00  6.60000000e+00  1.03305893e+00  6.60000000e+00  1.11850229e+00  6.60000000e+00  1.18146884e+00  6.60000000e+00  1.33768078e+00  6.60000000e+00  1.04000619e+00  6.60000000e+00  1.50656235e+00  6.60000000e+00  9.99771758e-01  6.60000000e+00  1.08399426e+00  6.60000000e+00  1.67076424e+00  6.60000000e+00  2.90248341e+00  6.60000000e+00  2.93556729e+00  6.60000000e+00  2.93794601e+00  6.60000000e+00  2.93810015e+00  6.60000000e+00  2.91116424e+00  6.60000000e+00  2.93808724e+00  6.60000000e+00  1.30095477e-01  6.60000000e+00  2.93233617e+00 
 6.60714000e+00  1.44470306e+00  6.60714000e+00  1.33694701e+00  6.60714000e+00  1.26080980e+00  6.60714000e+00  1.35700599e+00  6.60714000e+00  1.30926809e+00  6.60714000e+00  1.43249090e+00  6.60714000e+00  1.23057245e+00  6.60714000e+00  1.33091910e+00  6.60714000e+00  1.22198612e+00  6.60714000e+00  5.77826602e-01  6.60714000e+00  8.22429313e-01  6.60714000e+00  1.10940138e+00  6.60714000e+00  1.29914440e+00  6.60714000e+00  1.52348677e+00  6.60714000e+00  8.56371376e-01  6.60714000e+00  1.50462666e+00  6.60714000e+00  3.88732138e-01  6.60714000e+00  1.02598003e+00  6.60714000e+00  1.00165592e+00  6.60714000e+00  1.03305893e+00  6.60714000e+00  1.11850229e+00  6.60714000e+00  1.18146884e+00  6.60714000e+00  1.33768078e+00  6.60714000e+00  1.04000619e+00  6.60714000e+00  1.50656235e+00  6.60714000e+00  9.99771758e-01  6.60714000e+00  1.08399426e+00  6.60714000e+00  1.67076424e+00  6.60714000e+00  2.90248341e+00  6.60714000e+00  2.93556729e+00  6.60714000e+00  2.93794601e+00  6.60714000e+00  2.93810015e+00  6.60714000e+00  2.91116424e+00  6.60714000e+00  2.93808724e+00  6.60714000e+00  1.30095477e-01  6.60714000e+00  2.93233617e+00 
 6.62142000e+00  1.44470306e+00  6.62142000e+00  1.33694701e+00  6.62142000e+00  1.26080980e+00  6.62142000e+00  1.35700599e+00  6.62142000e+00  1.30926809e+00  6.62142000e+00  1.43249090e+00  6.62142000e+00  1.23057245e+00  6.62142000e+00  1.33091910e+00  6.62142000e+00  1.22198612e+00  6.62142000e+00  5.77826602e-01  6.62142000e+00  8.22429313e-01  6.62142000e+00  1.10940138e+00  6.62142000e+00  1.29914440e+00  6.62142000e+00  1.52348677e+00  6.62142000e+00  8.56371376e-01  6.62142000e+00  1.50462666e+00  6.62142000e+00  3.88732138e-01  6.62142000e+00  1.02598003e+00  6.62142000e+00  1.00165592e+00  6.62142000e+00  1.03305893e+00  6.62142000e+00  1.11850229e+00  6.62142000e+00  1.18146884e+00  6.62142000e+00  1.33768078e+00  6.62142000e+00  1.04000619e+00  6.62142000e+00  1.50656235e+00  6.62142000e+00  9.99771758e-01  6.62142000e+00  1.08399426e+00  6.62142000e+00  1.67076424e+00  6.62142000e+00  2.90248341e+00  6.62142000e+00  2.93556729e+00  6.62142000e+00  2.93794601e+00  6.62142000e+00  2.93810015e+00  6.62142000e+00  2.91116424e+00  6.62142000e+00  2.93808724e+00  6.62142000e+00  1.30095477e-01  6.62142000e+00  2.93233617e+00 
 6.64998000e+00  1.44470306e+00  6.64998000e+00  1.33694701e+00  6.64998000e+00  1.26080980e+00  6.64998000e+00  1.35700599e+00  6.64998000e+00  1.30926809e+00  6.64998000e+00  1.43249090e+00  6.64998000e+00  1.23057245e+00  6.64998000e+00  1.33091910e+00  6.64998000e+00  1.22198612e+00  6.64998000e+00  5.77826602e-01  6.64998000e+00  8.22429313e-01  6.64998000e+00  1.10940138e+00  6.64998000e+00  1.29914440e+00  6.64998000e+00  1.52348677e+00  6.64998000e+00  8.56371376e-01  6.64998000e+00  1.50462666e+00  6.64998000e+00  3.88732138e-01  6.64998000e+00  1.02598003e+00  6.64998000e+00  1.00165592e+00  6.64998000e+00  1.03305893e+00  6.64998000e+00  1.11850229e+00  6.64998000e+00  1.18146884e+00  6.64998000e+00  1.33768078e+00  6.64998000e+00  1.04000619e+00  6.64998000e+00  1.50656235e+00  6.64998000e+00  9.99771758e-01  6.64998000e+00  1.08399426e+00  6.64998000e+00  1.67076424e+00  6.64998000e+00  2.90248341e+00  6.64998000e+00  2.93556729e+00  6.64998000e+00  2.93794601e+00  6.64998000e+00  2.93810015e+00  6.64998000e+00  2.91116424e+00  6.64998000e+00  2.93808724e+00  6.64998000e+00  1.30095477e-01  6.64998000e+00  2.93233617e+00 
 6.70710000e+00  1.44470306e+00  6.70710000e+00  1.33694701e+00  6.70710000e+00  1.26080980e+00  6.70710000e+00  1.35700599e+00  6.70710000e+00  1.30926809e+00  6.70710000e+00  1.43249090e+00  6.70710000e+00  1.23057245e+00  6.70710000e+00  1.33091910e+00  6.70710000e+00  1.22198612e+00  6.70710000e+00  5.77826602e-01  6.70710000e+00  8.22429313e-01  6.70710000e+00  1.10940138e+00  6.70710000e+00  1.29914440e+00  6.70710000e+00  1.52348677e+00  6.70710000e+00  8.56371376e-01  6.70710000e+00  1.50462666e+00  6.70710000e+00  3.88732138e-01  6.70710000e+00  1.02598003e+00  6.70710000e+00  1.00165592e+00  6.70710000e+00  1.03305893e+00  6.70710000e+00  1.11850229e+00  6.70710000e+00  1.18146884e+00  6.70710000e+00  1.33768078e+00  6.70710000e+00  1.04000619e+00  6.70710000e+00  1.50656235e+00  6.70710000e+00  9.99771758e-01  6.70710000e+00  1.08399426e+00  6.70710000e+00  1.67076424e+00  6.70710000e+00  2.90248341e+00  6.70710000e+00  2.93556729e+00  6.70710000e+00  2.93794601e+00  6.70710000e+00  2.93810015e+00  6.70710000e+00  2.91116424e+00  6.70710000e+00  2.93808724e+00  6.70710000e+00  1.30095477e-01  6.70710000e+00  2.93233617e+00 
 6.79800000e+00  1.44470306e+00  6.79800000e+00  1.33694701e+00  6.79800000e+00  1.26080980e+00  6.79800000e+00  1.35700599e+00  6.79800000e+00  1.30926809e+00  6.79800000e+00  1.43249090e+00  6.79800000e+00  1.23057245e+00  6.79800000e+00  1.33091910e+00  6.79800000e+00  1.22198612e+00  6.79800000e+00  5.77826602e-01  6.79800000e+00  8.22429313e-01  6.79800000e+00  1.10940138e+00  6.79800000e+00  1.29914440e+00  6.79800000e+00  1.52348677e+00  6.79800000e+00  8.56371376e-01  6.79800000e+00  1.50462666e+00  6.79800000e+00  3.88732138e-01  6.79800000e+00  1.02598003e+00  6.79800000e+00  1.00165592e+00  6.79800000e+00  1.03305893e+00  6.79800000e+00  1.11850229e+00  6.79800000e+00  1.18146884e+00  6.79800000e+00  1.33768078e+00  6.79800000e+00  1.04000619e+00  6.79800000e+00  1.50656235e+00  6.79800000e+00  9.99771758e-01  6.79800000e+00  1.08399426e+00  6.79800000e+00  1.67076424e+00  6.79800000e+00  2.90248341e+00  6.79800000e+00  2.93556729e+00  6.79800000e+00  2.93794601e+00  6.79800000e+00  2.93810015e+00  6.79800000e+00  2.91116424e+00  6.79800000e+00  2.93808724e+00  6.79800000e+00  1.30095477e-01  6.79800000e+00  2.93233617e+00 
 6.80820000e+00  1.46939327e+00  6.80820000e+00  1.36005040e+00  6.80820000e+00  1.28067224e+00  6.80820000e+00  1.38799957e+00  6.80820000e+00  1.32870606e+00  6.80820000e+00  1.44941810e+00  6.80820000e+00  1.20749504e+00  6.80820000e+00  1.37526362e+00  6.80820000e+00  1.26840741e+00  6.80820000e+00  5.80568952e-01  6.80820000e+00  8.06174394e-01  6.80820000e+00  1.13527872e+00  6.80820000e+00  1.34425515e+00  6.80820000e+00  1.41536269e+00  6.80820000e+00  8.67688948e-01  6.80820000e+00  1.53822923e+00  6.80820000e+00  3.92120573e-01  6.80820000e+00  1.00879542e+00  6.80820000e+00  9.98987887e-01  6.80820000e+00  1.02699432e+00  6.80820000e+00  1.12548596e+00  6.80820000e+00  1.19876650e+00  6.80820000e+00  1.25756800e+00  6.80820000e+00  1.03960893e+00  6.80820000e+00  1.62158178e+00  6.80820000e+00  9.97063156e-01  6.80820000e+00  1.07546730e+00  6.80820000e+00  1.71061894e+00  6.80820000e+00  2.89758312e+00  6.80820000e+00  2.93629766e+00  6.80820000e+00  2.93797710e+00  6.80820000e+00  2.93802601e+00  6.80820000e+00  2.91365500e+00  6.80820000e+00  2.93811024e+00  6.80820000e+00  1.33431611e-01  6.80820000e+00  2.93149446e+00 
 6.82860000e+00  1.53760308e+00  6.82860000e+00  1.41816241e+00  6.82860000e+00  1.32690921e+00  6.82860000e+00  1.45728726e+00  6.82860000e+00  1.37816983e+00  6.82860000e+00  1.50708488e+00  6.82860000e+00  1.19340170e+00  6.82860000e+00  1.46325360e+00  6.82860000e+00  1.34739979e+00  6.82860000e+00  6.03628955e-01  6.82860000e+00  7.77198878e-01  6.82860000e+00  1.18714544e+00  6.82860000e+00  1.45253570e+00  6.82860000e+00  1.20685443e+00  6.82860000e+00  8.89765006e-01  6.82860000e+00  1.60619634e+00  6.82860000e+00  4.01611293e-01  6.82860000e+00  9.75006685e-01  6.82860000e+00  9.96504342e-01  6.82860000e+00  1.01771621e+00  6.82860000e+00  1.14272314e+00  6.82860000e+00  1.24963885e+00  6.82860000e+00  1.14473212e+00  6.82860000e+00  1.04056814e+00  6.82860000e+00  2.00826242e+00  6.82860000e+00  9.93287848e-01  6.82860000e+00  1.06124020e+00  6.82860000e+00  2.04967446e+00  6.82860000e+00  2.88735087e+00  6.82860000e+00  2.93737435e+00  6.82860000e+00  2.93805153e+00  6.82860000e+00  2.93764060e+00  6.82860000e+00  2.91800282e+00  6.82860000e+00  2.93815669e+00  6.82860000e+00  1.43276804e-01  6.82860000e+00  2.92927570e+00 
 6.86430000e+00  1.57319811e+00  6.86430000e+00  1.44011680e+00  6.86430000e+00  1.36056777e+00  6.86430000e+00  1.50920928e+00  6.86430000e+00  1.41509352e+00  6.86430000e+00  1.51476597e+00  6.86430000e+00  1.17440340e+00  6.86430000e+00  1.49578832e+00  6.86430000e+00  1.41455177e+00  6.86430000e+00  6.98672345e-01  6.86430000e+00  7.39246071e-01  6.86430000e+00  1.27789918e+00  6.86430000e+00  1.64981206e+00  6.86430000e+00  8.77251621e-01  6.86430000e+00  9.24950861e-01  6.86430000e+00  1.72729701e+00  6.86430000e+00  4.30916203e-01  6.86430000e+00  9.17982468e-01  6.86430000e+00  1.00761728e+00  6.86430000e+00  1.01364729e+00  6.86430000e+00  1.18904811e+00  6.86430000e+00  1.38732932e+00  6.86430000e+00  1.03920975e+00  6.86430000e+00  1.05131897e+00  6.86430000e+00  2.34620863e+00  6.86430000e+00  9.95437584e-01  6.86430000e+00  1.04838788e+00  6.86430000e+00  2.84255874e+00  6.86430000e+00  2.86996340e+00  6.86430000e+00  2.93793136e+00  6.86430000e+00  2.93818644e+00  6.86430000e+00  2.91561842e+00  6.86430000e+00  2.92366517e+00  6.86430000e+00  2.93823918e+00  6.86430000e+00  1.79669448e-01  6.86430000e+00  2.92266057e+00 
 6.90000000e+00  1.52222799e+00  6.90000000e+00  1.36423699e+00  6.90000000e+00  1.38620363e+00  6.90000000e+00  1.54348187e+00  6.90000000e+00  1.44223517e+00  6.90000000e+00  1.36240079e+00  6.90000000e+00  1.13363240e+00  6.90000000e+00  1.37879207e+00  6.90000000e+00  1.50572417e+00  6.90000000e+00  8.56697919e-01  6.90000000e+00  7.18016031e-01  6.90000000e+00  1.36801130e+00  6.90000000e+00  1.83765805e+00  6.90000000e+00  6.07611863e-01  6.90000000e+00  9.55430248e-01  6.90000000e+00  1.84829431e+00  6.90000000e+00  4.96353637e-01  6.90000000e+00  8.64006498e-01  6.90000000e+00  1.04629995e+00  6.90000000e+00  1.02282002e+00  6.90000000e+00  1.25908329e+00  6.90000000e+00  1.69586721e+00  6.90000000e+00  1.00978692e+00  6.90000000e+00  1.07236860e+00  6.90000000e+00  2.46275413e+00  6.90000000e+00  1.00750780e+00  6.90000000e+00  1.04893719e+00  6.90000000e+00  2.91123873e+00  6.90000000e+00  2.85723470e+00  6.90000000e+00  2.93799345e+00  6.90000000e+00  2.93831407e+00  6.90000000e+00  2.10886733e+00  6.90000000e+00  2.92741293e+00  6.90000000e+00  2.93832127e+00  6.90000000e+00  5.50815872e-01  6.90000000e+00  2.91286490e+00 
 6.90714000e+00  1.52222799e+00  6.90714000e+00  1.36423699e+00  6.90714000e+00  1.38620363e+00  6.90714000e+00  1.54348187e+00  6.90714000e+00  1.44223517e+00  6.90714000e+00  1.36240079e+00  6.90714000e+00  1.13363240e+00  6.90714000e+00  1.37879207e+00  6.90714000e+00  1.50572417e+00  6.90714000e+00  8.56697919e-01  6.90714000e+00  7.18016031e-01  6.90714000e+00  1.36801130e+00  6.90714000e+00  1.83765805e+00  6.90714000e+00  6.07611863e-01  6.90714000e+00  9.55430248e-01  6.90714000e+00  1.84829431e+00  6.90714000e+00  4.96353637e-01  6.90714000e+00  8.64006498e-01  6.90714000e+00  1.04629995e+00  6.90714000e+00  1.02282002e+00  6.90714000e+00  1.25908329e+00  6.90714000e+00  1.69586722e+00  6.90714000e+00  1.00978692e+00  6.90714000e+00  1.07236860e+00  6.90714000e+00  2.46275413e+00  6.90714000e+00  1.00750780e+00  6.90714000e+00  1.04893719e+00  6.90714000e+00  2.91123873e+00  6.90714000e+00  2.85723470e+00  6.90714000e+00  2.93799345e+00  6.90714000e+00  2.93831407e+00  6.90714000e+00  2.10886733e+00  6.90714000e+00  2.92741293e+00  6.90714000e+00  2.93832127e+00  6.90714000e+00  5.50815872e-01  6.90714000e+00  2.91286490e+00 
 6.92142000e+00  1.52222799e+00  6.92142000e+00  1.36423699e+00  6.92142000e+00  1.38620363e+00  6.92142000e+00  1.54348187e+00  6.92142000e+00  1.44223517e+00  6.92142000e+00  1.36240079e+00  6.92142000e+00  1.13363240e+00  6.92142000e+00  1.37879207e+00  6.92142000e+00  1.50572417e+00  6.92142000e+00  8.56697919e-01  6.92142000e+00  7.18016031e-01  6.92142000e+00  1.36801130e+00  6.92142000e+00  1.83765805e+00  6.92142000e+00  6.07611863e-01  6.92142000e+00  9.55430248e-01  6.92142000e+00  1.84829431e+00  6.92142000e+00  4.96353637e-01  6.92142000e+00  8.64006498e-01  6.92142000e+00  1.04629995e+00  6.92142000e+00  1.02282002e+00  6.92142000e+00  1.25908329e+00  6.92142000e+00  1.69586721e+00  6.92142000e+00  1.00978692e+00  6.92142000e+00  1.07236860e+00  6.92142000e+00  2.46275413e+00  6.92142000e+00  1.00750780e+00  6.92142000e+00  1.04893719e+00  6.92142000e+00  2.91123873e+00  6.92142000e+00  2.85723470e+00  6.92142000e+00  2.93799345e+00  6.92142000e+00  2.93831407e+00  6.92142000e+00  2.10886733e+00  6.92142000e+00  2.92741293e+00  6.92142000e+00  2.93832127e+00  6.92142000e+00  5.50815872e-01  6.92142000e+00  2.91286490e+00 
 6.94998000e+00  1.52222799e+00  6.94998000e+00  1.36423699e+00  6.94998000e+00  1.38620363e+00  6.94998000e+00  1.54348187e+00  6.94998000e+00  1.44223517e+00  6.94998000e+00  1.36240079e+00  6.94998000e+00  1.13363240e+00  6.94998000e+00  1.37879207e+00  6.94998000e+00  1.50572417e+00  6.94998000e+00  8.56697919e-01  6.94998000e+00  7.18016031e-01  6.94998000e+00  1.36801130e+00  6.94998000e+00  1.83765805e+00  6.94998000e+00  6.07611863e-01  6.94998000e+00  9.55430248e-01  6.94998000e+00  1.84829431e+00  6.94998000e+00  4.96353637e-01  6.94998000e+00  8.64006498e-01  6.94998000e+00  1.04629995e+00  6.94998000e+00  1.02282002e+00  6.94998000e+00  1.25908329e+00  6.94998000e+00  1.69586722e+00  6.94998000e+00  1.00978692e+00  6.94998000e+00  1.07236860e+00  6.94998000e+00  2.46275413e+00  6.94998000e+00  1.00750780e+00  6.94998000e+00  1.04893719e+00  6.94998000e+00  2.91123873e+00  6.94998000e+00  2.85723470e+00  6.94998000e+00  2.93799345e+00  6.94998000e+00  2.93831407e+00  6.94998000e+00  2.10886733e+00  6.94998000e+00  2.92741293e+00  6.94998000e+00  2.93832127e+00  6.94998000e+00  5.50815872e-01  6.94998000e+00  2.91286490e+00 
 7.00710000e+00  1.52222799e+00  7.00710000e+00  1.36423699e+00  7.00710000e+00  1.38620363e+00  7.00710000e+00  1.54348187e+00  7.00710000e+00  1.44223517e+00  7.00710000e+00  1.36240079e+00  7.00710000e+00  1.13363240e+00  7.00710000e+00  1.37879207e+00  7.00710000e+00  1.50572417e+00  7.00710000e+00  8.56697919e-01  7.00710000e+00  7.18016031e-01  7.00710000e+00  1.36801130e+00  7.00710000e+00  1.83765805e+00  7.00710000e+00  6.07611863e-01  7.00710000e+00  9.55430248e-01  7.00710000e+00  1.84829431e+00  7.00710000e+00  4.96353637e-01  7.00710000e+00  8.64006498e-01  7.00710000e+00  1.04629995e+00  7.00710000e+00  1.02282002e+00  7.00710000e+00  1.25908329e+00  7.00710000e+00  1.69586721e+00  7.00710000e+00  1.00978692e+00  7.00710000e+00  1.07236860e+00  7.00710000e+00  2.46275413e+00  7.00710000e+00  1.00750780e+00  7.00710000e+00  1.04893719e+00  7.00710000e+00  2.91123873e+00  7.00710000e+00  2.85723470e+00  7.00710000e+00  2.93799345e+00  7.00710000e+00  2.93831407e+00  7.00710000e+00  2.10886733e+00  7.00710000e+00  2.92741293e+00  7.00710000e+00  2.93832127e+00  7.00710000e+00  5.50815872e-01  7.00710000e+00  2.91286490e+00 
 7.09800000e+00  1.52222799e+00  7.09800000e+00  1.36423699e+00  7.09800000e+00  1.38620363e+00  7.09800000e+00  1.54348187e+00  7.09800000e+00  1.44223517e+00  7.09800000e+00  1.36240079e+00  7.09800000e+00  1.13363240e+00  7.09800000e+00  1.37879207e+00  7.09800000e+00  1.50572417e+00  7.09800000e+00  8.56697919e-01  7.09800000e+00  7.18016031e-01  7.09800000e+00  1.36801130e+00  7.09800000e+00  1.83765805e+00  7.09800000e+00  6.07611863e-01  7.09800000e+00  9.55430248e-01  7.09800000e+00  1.84829431e+00  7.09800000e+00  4.96353637e-01  7.09800000e+00  8.64006498e-01  7.09800000e+00  1.04629995e+00  7.09800000e+00  1.02282002e+00  7.09800000e+00  1.25908329e+00  7.09800000e+00  1.69586722e+00  7.09800000e+00  1.00978692e+00  7.09800000e+00  1.07236860e+00  7.09800000e+00  2.46275413e+00  7.09800000e+00  1.00750780e+00  7.09800000e+00  1.04893719e+00  7.09800000e+00  2.91123873e+00  7.09800000e+00  2.85723470e+00  7.09800000e+00  2.93799345e+00  7.09800000e+00  2.93831407e+00  7.09800000e+00  2.10886733e+00  7.09800000e+00  2.92741293e+00  7.09800000e+00  2.93832127e+00  7.09800000e+00  5.50815872e-01  7.09800000e+00  2.91286490e+00 
 7.10820000e+00  1.50368249e+00  7.10820000e+00  1.36659571e+00  7.10820000e+00  1.36586480e+00  7.10820000e+00  1.50563301e+00  7.10820000e+00  1.41597403e+00  7.10820000e+00  1.38021298e+00  7.10820000e+00  1.15176451e+00  7.10820000e+00  1.38798919e+00  7.10820000e+00  1.46016616e+00  7.10820000e+00  7.74102460e-01  7.10820000e+00  7.22110777e-01  7.10820000e+00  1.30013453e+00  7.10820000e+00  1.76519523e+00  7.10820000e+00  6.88198831e-01  7.10820000e+00  8.93017731e-01  7.10820000e+00  1.76402627e+00  7.10820000e+00  4.74417554e-01  7.10820000e+00  8.84178538e-01  7.10820000e+00  1.02058662e+00  7.10820000e+00  1.01332386e+00  7.10820000e+00  1.20404766e+00  7.10820000e+00  1.51020212e+00  7.10820000e+00  1.00769477e+00  7.10820000e+00  1.04594808e+00  7.10820000e+00  2.38586908e+00  7.10820000e+00  9.97613946e-01  7.10820000e+00  1.04270046e+00  7.10820000e+00  2.88612391e+00  7.10820000e+00  2.85991758e+00  7.10820000e+00  2.93794670e+00  7.10820000e+00  2.93826493e+00  7.10820000e+00  2.83271680e+00  7.10820000e+00  2.91858955e+00  7.10820000e+00  2.93826413e+00  7.10820000e+00  2.84176474e-01  7.10820000e+00  2.91696359e+00 
 7.12860000e+00  1.54139625e+00  7.12860000e+00  1.41723807e+00  7.12860000e+00  1.35332677e+00  7.12860000e+00  1.49003043e+00  7.12860000e+00  1.40347691e+00  7.12860000e+00  1.47906247e+00  7.12860000e+00  1.17785512e+00  7.12860000e+00  1.46398816e+00  7.12860000e+00  1.40774477e+00  7.12860000e+00  6.33568070e-01  7.12860000e+00  7.36678100e-01  7.12860000e+00  1.15112587e+00  7.12860000e+00  1.60477687e+00  7.12860000e+00  8.71482889e-01  7.12860000e+00  7.79253554e-01  7.12860000e+00  1.58481258e+00  7.12860000e+00  4.57043004e-01  7.12860000e+00  9.24691948e-01  7.12860000e+00  9.85583291e-01  7.12860000e+00  9.97770083e-01  7.12860000e+00  1.11137967e+00  7.12860000e+00  1.32357732e+00  7.12860000e+00  1.02175868e+00  7.12860000e+00  1.00497642e+00  7.12860000e+00  1.70259053e+00  7.12860000e+00  9.80268893e-01  7.12860000e+00  1.03360071e+00  7.12860000e+00  2.49818435e+00  7.12860000e+00  2.86856524e+00  7.12860000e+00  2.93668225e+00  7.12860000e+00  2.93815572e+00  7.12860000e+00  2.91444905e+00  7.12860000e+00  2.88814936e+00  7.12860000e+00  2.93814209e+00  7.12860000e+00  2.25940160e-01  7.12860000e+00  2.92362884e+00 
 7.16430000e+00  1.55478266e+00  7.16430000e+00  1.42637625e+00  7.16430000e+00  1.33794983e+00  7.16430000e+00  1.47793856e+00  7.16430000e+00  1.39212462e+00  7.16430000e+00  1.51289843e+00  7.16430000e+00  1.18529903e+00  7.16430000e+00  1.47373054e+00  7.16430000e+00  1.36878012e+00  7.16430000e+00  4.65919932e-01  7.16430000e+00  8.11658552e-01  7.16430000e+00  9.14447404e-01  7.16430000e+00  1.31394128e+00  7.16430000e+00  1.24184246e+00  7.16430000e+00  6.51607169e-01  7.16430000e+00  1.26538205e+00  7.16430000e+00  5.04291642e-01  7.16430000e+00  9.95733774e-01  7.16430000e+00  9.50156669e-01  7.16430000e+00  9.79557149e-01  7.16430000e+00  1.00161774e+00  7.16430000e+00  1.12385244e+00  7.16430000e+00  1.10562870e+00  7.16430000e+00  9.57878230e-01  7.16430000e+00  1.15322434e+00  7.16430000e+00  9.50335999e-01  7.16430000e+00  1.01997817e+00  7.16430000e+00  2.49023930e-01  7.16430000e+00  2.89929676e+00  7.16430000e+00  2.92212937e+00  7.16430000e+00  2.93795622e+00  7.16430000e+00  2.93789640e+00  7.16430000e+00  2.76116433e+00  7.16430000e+00  2.93792271e+00  7.16430000e+00  6.53293031e-01  7.16430000e+00  2.93078290e+00 
 7.20000000e+00  1.45484199e+00  7.20000000e+00  1.33530260e+00  7.20000000e+00  1.26446025e+00  7.20000000e+00  1.36987250e+00  7.20000000e+00  1.31702306e+00  7.20000000e+00  1.42954200e+00  7.20000000e+00  1.22238082e+00  7.20000000e+00  1.32489863e+00  7.20000000e+00  1.23078261e+00  7.20000000e+00  3.94127441e-01  7.20000000e+00  9.46886306e-01  7.20000000e+00  7.38430583e-01  7.20000000e+00  1.07191609e+00  7.20000000e+00  1.63033379e+00  7.20000000e+00  6.28758059e-01  7.20000000e+00  9.59200648e-01  7.20000000e+00  6.42955352e-01  7.20000000e+00  1.06621985e+00  7.20000000e+00  9.49566188e-01  7.20000000e+00  1.00833289e+00  7.20000000e+00  9.65988110e-01  7.20000000e+00  1.03758152e+00  7.20000000e+00  1.32507538e+00  7.20000000e+00  9.55092238e-01  7.20000000e+00  1.02042793e+00  7.20000000e+00  9.56045881e-01  7.20000000e+00  1.04009319e+00  7.20000000e+00  1.35450318e-01  7.20000000e+00  2.92646706e+00  7.20000000e+00  2.86952310e+00  7.20000000e+00  2.93428425e+00  7.20000000e+00  2.93817316e+00  7.20000000e+00  2.42563328e+00  7.20000000e+00  2.92780464e+00  7.20000000e+00  2.64019718e+00  7.20000000e+00  2.93406562e+00 
 7.20714000e+00  1.45484199e+00  7.20714000e+00  1.33530260e+00  7.20714000e+00  1.26446025e+00  7.20714000e+00  1.36987250e+00  7.20714000e+00  1.31702306e+00  7.20714000e+00  1.42954200e+00  7.20714000e+00  1.22238082e+00  7.20714000e+00  1.32489863e+00  7.20714000e+00  1.23078261e+00  7.20714000e+00  3.94127441e-01  7.20714000e+00  9.46886306e-01  7.20714000e+00  7.38430583e-01  7.20714000e+00  1.07191609e+00  7.20714000e+00  1.63033379e+00  7.20714000e+00  6.28758059e-01  7.20714000e+00  9.59200648e-01  7.20714000e+00  6.42955352e-01  7.20714000e+00  1.06621985e+00  7.20714000e+00  9.49566188e-01  7.20714000e+00  1.00833289e+00  7.20714000e+00  9.65988110e-01  7.20714000e+00  1.03758152e+00  7.20714000e+00  1.32507538e+00  7.20714000e+00  9.55092238e-01  7.20714000e+00  1.02042793e+00  7.20714000e+00  9.56045881e-01  7.20714000e+00  1.04009319e+00  7.20714000e+00  1.35450318e-01  7.20714000e+00  2.92646706e+00  7.20714000e+00  2.86952310e+00  7.20714000e+00  2.93428425e+00  7.20714000e+00  2.93817316e+00  7.20714000e+00  2.42563328e+00  7.20714000e+00  2.92780464e+00  7.20714000e+00  2.64019718e+00  7.20714000e+00  2.93406562e+00 
 7.22142000e+00  1.45484199e+00  7.22142000e+00  1.33530260e+00  7.22142000e+00  1.26446025e+00  7.22142000e+00  1.36987250e+00  7.22142000e+00  1.31702306e+00  7.22142000e+00  1.42954200e+00  7.22142000e+00  1.22238082e+00  7.22142000e+00  1.32489863e+00  7.22142000e+00  1.23078261e+00  7.22142000e+00  3.94127441e-01  7.22142000e+00  9.46886306e-01  7.22142000e+00  7.38430583e-01  7.22142000e+00  1.07191609e+00  7.22142000e+00  1.63033379e+00  7.22142000e+00  6.28758059e-01  7.22142000e+00  9.59200648e-01  7.22142000e+00  6.42955352e-01  7.22142000e+00  1.06621985e+00  7.22142000e+00  9.49566190e-01  7.22142000e+00  1.00833289e+00  7.22142000e+00  9.65988111e-01  7.22142000e+00  1.03758152e+00  7.22142000e+00  1.32507538e+00  7.22142000e+00  9.55092238e-01  7.22142000e+00  1.02042793e+00  7.22142000e+00  9.56045881e-01  7.22142000e+00  1.04009319e+00  7.22142000e+00  1.35450318e-01  7.22142000e+00  2.92646706e+00  7.22142000e+00  2.86952310e+00  7.22142000e+00  2.93428425e+00  7.22142000e+00  2.93817316e+00  7.22142000e+00  2.42563328e+00  7.22142000e+00  2.92780464e+00  7.22142000e+00  2.64019718e+00  7.22142000e+00  2.93406562e+00 
 7.24998000e+00  1.45484199e+00  7.24998000e+00  1.33530260e+00  7.24998000e+00  1.26446025e+00  7.24998000e+00  1.36987250e+00  7.24998000e+00  1.31702306e+00  7.24998000e+00  1.42954200e+00  7.24998000e+00  1.22238082e+00  7.24998000e+00  1.32489863e+00  7.24998000e+00  1.23078261e+00  7.24998000e+00  3.94127441e-01  7.24998000e+00  9.46886306e-01  7.24998000e+00  7.38430583e-01  7.24998000e+00  1.07191609e+00  7.24998000e+00  1.63033379e+00  7.24998000e+00  6.28758059e-01  7.24998000e+00  9.59200648e-01  7.24998000e+00  6.42955352e-01  7.24998000e+00  1.06621985e+00  7.24998000e+00  9.49566188e-01  7.24998000e+00  1.00833289e+00  7.24998000e+00  9.65988110e-01  7.24998000e+00  1.03758152e+00  7.24998000e+00  1.32507538e+00  7.24998000e+00  9.55092238e-01  7.24998000e+00  1.02042793e+00  7.24998000e+00  9.56045881e-01  7.24998000e+00  1.04009319e+00  7.24998000e+00  1.35450318e-01  7.24998000e+00  2.92646706e+00  7.24998000e+00  2.86952310e+00  7.24998000e+00  2.93428425e+00  7.24998000e+00  2.93817316e+00  7.24998000e+00  2.42563328e+00  7.24998000e+00  2.92780464e+00  7.24998000e+00  2.64019718e+00  7.24998000e+00  2.93406562e+00 
 7.30710000e+00  1.45484199e+00  7.30710000e+00  1.33530260e+00  7.30710000e+00  1.26446025e+00  7.30710000e+00  1.36987250e+00  7.30710000e+00  1.31702306e+00  7.30710000e+00  1.42954200e+00  7.30710000e+00  1.22238082e+00  7.30710000e+00  1.32489863e+00  7.30710000e+00  1.23078261e+00  7.30710000e+00  3.94127441e-01  7.30710000e+00  9.46886306e-01  7.30710000e+00  7.38430583e-01  7.30710000e+00  1.07191609e+00  7.30710000e+00  1.63033379e+00  7.30710000e+00  6.28758059e-01  7.30710000e+00  9.59200648e-01  7.30710000e+00  6.42955352e-01  7.30710000e+00  1.06621985e+00  7.30710000e+00  9.49566190e-01  7.30710000e+00  1.00833289e+00  7.30710000e+00  9.65988111e-01  7.30710000e+00  1.03758152e+00  7.30710000e+00  1.32507538e+00  7.30710000e+00  9.55092238e-01  7.30710000e+00  1.02042793e+00  7.30710000e+00  9.56045881e-01  7.30710000e+00  1.04009319e+00  7.30710000e+00  1.35450318e-01  7.30710000e+00  2.92646706e+00  7.30710000e+00  2.86952310e+00  7.30710000e+00  2.93428425e+00  7.30710000e+00  2.93817316e+00  7.30710000e+00  2.42563328e+00  7.30710000e+00  2.92780464e+00  7.30710000e+00  2.64019718e+00  7.30710000e+00  2.93406562e+00 
 7.39800000e+00  1.45484199e+00  7.39800000e+00  1.33530260e+00  7.39800000e+00  1.26446025e+00  7.39800000e+00  1.36987250e+00  7.39800000e+00  1.31702306e+00  7.39800000e+00  1.42954200e+00  7.39800000e+00  1.22238082e+00  7.39800000e+00  1.32489863e+00  7.39800000e+00  1.23078261e+00  7.39800000e+00  3.94127441e-01  7.39800000e+00  9.46886306e-01  7.39800000e+00  7.38430583e-01  7.39800000e+00  1.07191609e+00  7.39800000e+00  1.63033379e+00  7.39800000e+00  6.28758059e-01  7.39800000e+00  9.59200648e-01  7.39800000e+00  6.42955352e-01  7.39800000e+00  1.06621985e+00  7.39800000e+00  9.49566188e-01  7.39800000e+00  1.00833289e+00  7.39800000e+00  9.65988110e-01  7.39800000e+00  1.03758152e+00  7.39800000e+00  1.32507538e+00  7.39800000e+00  9.55092238e-01  7.39800000e+00  1.02042793e+00  7.39800000e+00  9.56045881e-01  7.39800000e+00  1.04009319e+00  7.39800000e+00  1.35450318e-01  7.39800000e+00  2.92646706e+00  7.39800000e+00  2.86952310e+00  7.39800000e+00  2.93428425e+00  7.39800000e+00  2.93817316e+00  7.39800000e+00  2.42563328e+00  7.39800000e+00  2.92780464e+00  7.39800000e+00  2.64019718e+00  7.39800000e+00  2.93406562e+00 
 7.40820000e+00  1.45469057e+00  7.40820000e+00  1.33532086e+00  7.40820000e+00  1.26435450e+00  7.40820000e+00  1.36961896e+00  7.40820000e+00  1.31686489e+00  7.40820000e+00  1.42963949e+00  7.40820000e+00  1.22256438e+00  7.40820000e+00  1.32495081e+00  7.40820000e+00  1.23051168e+00  7.40820000e+00  3.95761823e-01  7.40820000e+00  9.32412393e-01  7.40820000e+00  7.58119520e-01  7.40820000e+00  1.12861543e+00  7.40820000e+00  1.60725472e+00  7.40820000e+00  6.24382861e-01  7.40820000e+00  1.02032507e+00  7.40820000e+00  6.21239283e-01  7.40820000e+00  1.05075746e+00  7.40820000e+00  9.52704931e-01  7.40820000e+00  1.00808251e+00  7.40820000e+00  9.72240864e-01  7.40820000e+00  1.05866280e+00  7.40820000e+00  1.31323624e+00  7.40820000e+00  9.57899025e-01  7.40820000e+00  1.04441870e+00  7.40820000e+00  9.57403759e-01  7.40820000e+00  1.03884791e+00  7.40820000e+00  1.37118641e-01  7.40820000e+00  2.92467915e+00  7.40820000e+00  2.87929678e+00  7.40820000e+00  2.93612168e+00  7.40820000e+00  2.93815741e+00  7.40820000e+00  2.35978508e+00  7.40820000e+00  2.93206625e+00  7.40820000e+00  2.31256494e+00  7.40820000e+00  2.93343991e+00 
 7.42860000e+00  1.45506651e+00  7.42860000e+00  1.33578908e+00  7.42860000e+00  1.26442275e+00  7.42860000e+00  1.36972920e+00  7.42860000e+00  1.31692031e+00  7.42860000e+00  1.43034752e+00  7.42860000e+00  1.22257992e+00  7.42860000e+00  1.32572851e+00  7.42860000e+00  1.23053618e+00  7.42860000e+00  3.99493078e-01  7.42860000e+00  9.03632749e-01  7.42860000e+00  7.99915662e-01  7.42860000e+00  1.24729104e+00  7.42860000e+00  1.55846599e+00  7.42860000e+00  6.19827649e-01  7.42860000e+00  1.14738847e+00  7.42860000e+00  5.73926164e-01  7.42860000e+00  1.02029789e+00  7.42860000e+00  9.61127144e-01  7.42860000e+00  1.01012513e+00  7.42860000e+00  9.88142468e-01  7.42860000e+00  1.11083531e+00  7.42860000e+00  1.29280002e+00  7.42860000e+00  9.65992394e-01  7.42860000e+00  1.10652307e+00  7.42860000e+00  9.62865747e-01  7.42860000e+00  1.03911382e+00  7.42860000e+00  1.41012084e-01  7.42860000e+00  2.92041256e+00  7.42860000e+00  2.89554717e+00  7.42860000e+00  2.93790885e+00  7.42860000e+00  2.93812408e+00  7.42860000e+00  2.29138692e+00  7.42860000e+00  2.93659587e+00  7.42860000e+00  1.61426897e+00  7.42860000e+00  2.93206494e+00 
 7.46430000e+00  1.45714035e+00  7.46430000e+00  1.33797243e+00  7.46430000e+00  1.26519957e+00  7.46430000e+00  1.37105551e+00  7.46430000e+00  1.31770439e+00  7.46430000e+00  1.43321184e+00  7.46430000e+00  1.22198726e+00  7.46430000e+00  1.32943582e+00  7.46430000e+00  1.23186050e+00  7.46430000e+00  4.07555517e-01  7.46430000e+00  8.58957035e-01  7.46430000e+00  8.80703658e-01  7.46430000e+00  1.46935598e+00  7.46430000e+00  1.46756631e+00  7.46430000e+00  6.25367466e-01  7.46430000e+00  1.38139149e+00  7.46430000e+00  5.36295683e-01  7.46430000e+00  9.68539606e-01  7.46430000e+00  9.82260056e-01  7.46430000e+00  1.02231164e+00  7.46430000e+00  1.02739107e+00  7.46430000e+00  1.24294659e+00  7.46430000e+00  1.26711226e+00  7.46430000e+00  9.87608987e-01  7.46430000e+00  1.28569570e+00  7.46430000e+00  9.82559918e-01  7.46430000e+00  1.04763306e+00  7.46430000e+00  1.49856490e-01  7.46430000e+00  2.91174977e+00  7.46430000e+00  2.91629672e+00  7.46430000e+00  2.93806307e+00  7.46430000e+00  2.93806184e+00  7.46430000e+00  2.37459107e+00  7.46430000e+00  2.93800266e+00  7.46430000e+00  1.08243951e+00  7.46430000e+00  2.92870722e+00 
 7.50000000e+00  1.46655344e+00  7.50000000e+00  1.34265541e+00  7.50000000e+00  1.26870575e+00  7.50000000e+00  1.37984728e+00  7.50000000e+00  1.32296277e+00  7.50000000e+00  1.43895894e+00  7.50000000e+00  1.21695699e+00  7.50000000e+00  1.33605978e+00  7.50000000e+00  1.23900151e+00  7.50000000e+00  4.17548990e-01  7.50000000e+00  8.23491625e-01  7.50000000e+00  9.71080562e-01  7.50000000e+00  1.70444125e+00  7.50000000e+00  1.37468656e+00  7.50000000e+00  6.48245624e-01  7.50000000e+00  1.62297580e+00  7.50000000e+00  5.71392086e-01  7.50000000e+00  9.18843565e-01  7.50000000e+00  1.00093000e+00  7.50000000e+00  1.03423549e+00  7.50000000e+00  1.07190664e+00  7.50000000e+00  1.45004727e+00  7.50000000e+00  1.23925073e+00  7.50000000e+00  1.00829003e+00  7.50000000e+00  2.18486213e+00  7.50000000e+00  1.00239323e+00  7.50000000e+00  1.05463215e+00  7.50000000e+00  1.61749904e-01  7.50000000e+00  2.90278547e+00  7.50000000e+00  2.92893611e+00  7.50000000e+00  2.93822364e+00  7.50000000e+00  2.93799805e+00  7.50000000e+00  2.72043990e+00  7.50000000e+00  2.93816814e+00  7.50000000e+00  1.57768784e+00  7.50000000e+00  2.92278775e+00 
 7.50714000e+00  1.46655344e+00  7.50714000e+00  1.34265541e+00  7.50714000e+00  1.26870575e+00  7.50714000e+00  1.37984728e+00  7.50714000e+00  1.32296277e+00  7.50714000e+00  1.43895894e+00  7.50714000e+00  1.21695699e+00  7.50714000e+00  1.33605978e+00  7.50714000e+00  1.23900151e+00  7.50714000e+00  4.17548990e-01  7.50714000e+00  8.23491625e-01  7.50714000e+00  9.71080562e-01  7.50714000e+00  1.70444125e+00  7.50714000e+00  1.37468656e+00  7.50714000e+00  6.48245624e-01  7.50714000e+00  1.62297580e+00  7.50714000e+00  5.71392086e-01  7.50714000e+00  9.18843565e-01  7.50714000e+00  1.00093000e+00  7.50714000e+00  1.03423549e+00  7.50714000e+00  1.07190664e+00  7.50714000e+00  1.45004727e+00  7.50714000e+00  1.23925073e+00  7.50714000e+00  1.00829003e+00  7.50714000e+00  2.18486213e+00  7.50714000e+00  1.00239323e+00  7.50714000e+00  1.05463215e+00  7.50714000e+00  1.61749904e-01  7.50714000e+00  2.90278547e+00  7.50714000e+00  2.92893611e+00  7.50714000e+00  2.93822364e+00  7.50714000e+00  2.93799805e+00  7.50714000e+00  2.72043990e+00  7.50714000e+00  2.93816814e+00  7.50714000e+00  1.57768784e+00  7.50714000e+00  2.92278775e+00 
 7.52142000e+00  1.46655344e+00  7.52142000e+00  1.34265541e+00  7.52142000e+00  1.26870575e+00  7.52142000e+00  1.37984728e+00  7.52142000e+00  1.32296277e+00  7.52142000e+00  1.43895894e+00  7.52142000e+00  1.21695699e+00  7.52142000e+00  1.33605978e+00  7.52142000e+00  1.23900151e+00  7.52142000e+00  4.17548990e-01  7.52142000e+00  8.23491625e-01  7.52142000e+00  9.71080562e-01  7.52142000e+00  1.70444125e+00  7.52142000e+00  1.37468656e+00  7.52142000e+00  6.48245624e-01  7.52142000e+00  1.62297580e+00  7.52142000e+00  5.71392086e-01  7.52142000e+00  9.18843565e-01  7.52142000e+00  1.00093000e+00  7.52142000e+00  1.03423549e+00  7.52142000e+00  1.07190664e+00  7.52142000e+00  1.45004727e+00  7.52142000e+00  1.23925073e+00  7.52142000e+00  1.00829003e+00  7.52142000e+00  2.18486213e+00  7.52142000e+00  1.00239323e+00  7.52142000e+00  1.05463215e+00  7.52142000e+00  1.61749904e-01  7.52142000e+00  2.90278547e+00  7.52142000e+00  2.92893611e+00  7.52142000e+00  2.93822364e+00  7.52142000e+00  2.93799805e+00  7.52142000e+00  2.72043990e+00  7.52142000e+00  2.93816814e+00  7.52142000e+00  1.57768784e+00  7.52142000e+00  2.92278775e+00 
 7.54998000e+00  1.46655344e+00  7.54998000e+00  1.34265541e+00  7.54998000e+00  1.26870575e+00  7.54998000e+00  1.37984728e+00  7.54998000e+00  1.32296277e+00  7.54998000e+00  1.43895894e+00  7.54998000e+00  1.21695699e+00  7.54998000e+00  1.33605978e+00  7.54998000e+00  1.23900151e+00  7.54998000e+00  4.17548990e-01  7.54998000e+00  8.23491625e-01  7.54998000e+00  9.71080562e-01  7.54998000e+00  1.70444125e+00  7.54998000e+00  1.37468656e+00  7.54998000e+00  6.48245624e-01  7.54998000e+00  1.62297580e+00  7.54998000e+00  5.71392086e-01  7.54998000e+00  9.18843565e-01  7.54998000e+00  1.00093000e+00  7.54998000e+00  1.03423549e+00  7.54998000e+00  1.07190664e+00  7.54998000e+00  1.45004727e+00  7.54998000e+00  1.23925073e+00  7.54998000e+00  1.00829003e+00  7.54998000e+00  2.18486213e+00  7.54998000e+00  1.00239323e+00  7.54998000e+00  1.05463215e+00  7.54998000e+00  1.61749904e-01  7.54998000e+00  2.90278547e+00  7.54998000e+00  2.92893611e+00  7.54998000e+00  2.93822364e+00  7.54998000e+00  2.93799805e+00  7.54998000e+00  2.72043990e+00  7.54998000e+00  2.93816814e+00  7.54998000e+00  1.57768784e+00  7.54998000e+00  2.92278775e+00 
 7.60710000e+00  1.46655344e+00  7.60710000e+00  1.34265541e+00  7.60710000e+00  1.26870575e+00  7.60710000e+00  1.37984728e+00  7.60710000e+00  1.32296277e+00  7.60710000e+00  1.43895894e+00  7.60710000e+00  1.21695699e+00  7.60710000e+00  1.33605978e+00  7.60710000e+00  1.23900151e+00  7.60710000e+00  4.17548990e-01  7.60710000e+00  8.23491625e-01  7.60710000e+00  9.71080562e-01  7.60710000e+00  1.70444125e+00  7.60710000e+00  1.37468656e+00  7.60710000e+00  6.48245624e-01  7.60710000e+00  1.62297580e+00  7.60710000e+00  5.71392086e-01  7.60710000e+00  9.18843565e-01  7.60710000e+00  1.00093000e+00  7.60710000e+00  1.03423549e+00  7.60710000e+00  1.07190664e+00  7.60710000e+00  1.45004727e+00  7.60710000e+00  1.23925073e+00  7.60710000e+00  1.00829003e+00  7.60710000e+00  2.18486213e+00  7.60710000e+00  1.00239323e+00  7.60710000e+00  1.05463215e+00  7.60710000e+00  1.61749904e-01  7.60710000e+00  2.90278547e+00  7.60710000e+00  2.92893611e+00  7.60710000e+00  2.93822364e+00  7.60710000e+00  2.93799805e+00  7.60710000e+00  2.72043990e+00  7.60710000e+00  2.93816814e+00  7.60710000e+00  1.57768784e+00  7.60710000e+00  2.92278775e+00 
 7.69800000e+00  1.46655344e+00  7.69800000e+00  1.34265541e+00  7.69800000e+00  1.26870575e+00  7.69800000e+00  1.37984728e+00  7.69800000e+00  1.32296277e+00  7.69800000e+00  1.43895894e+00  7.69800000e+00  1.21695699e+00  7.69800000e+00  1.33605978e+00  7.69800000e+00  1.23900151e+00  7.69800000e+00  4.17548990e-01  7.69800000e+00  8.23491625e-01  7.69800000e+00  9.71080562e-01  7.69800000e+00  1.70444125e+00  7.69800000e+00  1.37468656e+00  7.69800000e+00  6.48245624e-01  7.69800000e+00  1.62297580e+00  7.69800000e+00  5.71392086e-01  7.69800000e+00  9.18843565e-01  7.69800000e+00  1.00093000e+00  7.69800000e+00  1.03423549e+00  7.69800000e+00  1.07190664e+00  7.69800000e+00  1.45004727e+00  7.69800000e+00  1.23925073e+00  7.69800000e+00  1.00829003e+00  7.69800000e+00  2.18486213e+00  7.69800000e+00  1.00239323e+00  7.69800000e+00  1.05463215e+00  7.69800000e+00  1.61749904e-01  7.69800000e+00  2.90278547e+00  7.69800000e+00  2.92893611e+00  7.69800000e+00  2.93822364e+00  7.69800000e+00  2.93799805e+00  7.69800000e+00  2.72043990e+00  7.69800000e+00  2.93816814e+00  7.69800000e+00  1.57768784e+00  7.69800000e+00  2.92278775e+00 
 7.70820000e+00  1.48758300e+00  7.70820000e+00  1.36268788e+00  7.70820000e+00  1.28616825e+00  7.70820000e+00  1.40644879e+00  7.70820000e+00  1.33991441e+00  7.70820000e+00  1.45348286e+00  7.70820000e+00  1.19816208e+00  7.70820000e+00  1.37413119e+00  7.70820000e+00  1.27903865e+00  7.70820000e+00  4.35557504e-01  7.70820000e+00  8.02295452e-01  7.70820000e+00  1.00547054e+00  7.70820000e+00  1.71621052e+00  7.70820000e+00  1.28538395e+00  7.70820000e+00  6.67129161e-01  7.70820000e+00  1.64750184e+00  7.70820000e+00  5.58560135e-01  7.70820000e+00  9.14340697e-01  7.70820000e+00  9.97498920e-01  7.70820000e+00  1.02651498e+00  7.70820000e+00  1.07883104e+00  7.70820000e+00  1.45346480e+00  7.70820000e+00  1.18658268e+00  7.70820000e+00  1.00682179e+00  7.70820000e+00  2.23328913e+00  7.70820000e+00  9.98443095e-01  7.70820000e+00  1.04978950e+00  7.70820000e+00  1.86572274e-01  7.70820000e+00  2.89633169e+00  7.70820000e+00  2.93132412e+00  7.70820000e+00  2.93823164e+00  7.70820000e+00  2.93793652e+00  7.70820000e+00  2.80511345e+00  7.70820000e+00  2.93818486e+00  7.70820000e+00  1.39403756e+00  7.70820000e+00  2.92211311e+00 
 7.72860000e+00  1.56073662e+00  7.72860000e+00  1.42469727e+00  7.72860000e+00  1.33601551e+00  7.72860000e+00  1.48138545e+00  7.72860000e+00  1.39327533e+00  7.72860000e+00  1.51448740e+00  7.72860000e+00  1.18215821e+00  7.72860000e+00  1.46822245e+00  7.72860000e+00  1.36493062e+00  7.72860000e+00  4.88374578e-01  7.72860000e+00  7.66290108e-01  7.72860000e+00  1.07929155e+00  7.72860000e+00  1.74781482e+00  7.72860000e+00  1.11945702e+00  7.72860000e+00  7.13243865e-01  7.72860000e+00  1.69584426e+00  7.72860000e+00  5.39784892e-01  7.72860000e+00  9.04465510e-01  7.72860000e+00  9.93596885e-01  7.72860000e+00  1.01601272e+00  7.72860000e+00  1.09972359e+00  7.72860000e+00  1.47714566e+00  7.72860000e+00  1.11027699e+00  7.72860000e+00  1.00848614e+00  7.72860000e+00  2.30152291e+00  7.72860000e+00  9.93948813e-01  7.72860000e+00  1.04314204e+00  7.72860000e+00  4.49568563e-01  7.72860000e+00  2.88289509e+00  7.72860000e+00  2.93455796e+00  7.72860000e+00  2.93825312e+00  7.72860000e+00  2.93586612e+00  7.72860000e+00  2.85394340e+00  7.72860000e+00  2.93821779e+00  7.72860000e+00  1.13062694e+00  7.72860000e+00  2.92054974e+00 
 7.76430000e+00  1.59321375e+00  7.76430000e+00  1.44636734e+00  7.76430000e+00  1.36924345e+00  7.76430000e+00  1.53069269e+00  7.76430000e+00  1.42867584e+00  7.76430000e+00  1.52113341e+00  7.76430000e+00  1.16441709e+00  7.76430000e+00  1.50146245e+00  7.76430000e+00  1.43157072e+00  7.76430000e+00  6.38018925e-01  7.76430000e+00  7.25045631e-01  7.76430000e+00  1.22312900e+00  7.76430000e+00  1.79885716e+00  7.76430000e+00  8.73361703e-01  7.76430000e+00  8.12056690e-01  7.76430000e+00  1.77749482e+00  7.76430000e+00  5.29599876e-01  7.76430000e+00  8.85278808e-01  7.76430000e+00  1.00146757e+00  7.76430000e+00  1.01127661e+00  7.76430000e+00  1.16182185e+00  7.76430000e+00  1.54862220e+00  7.76430000e+00  1.03830025e+00  7.76430000e+00  1.02626001e+00  7.76430000e+00  2.39076297e+00  7.76430000e+00  9.95466179e-01  7.76430000e+00  1.04047418e+00  7.76430000e+00  2.56545313e+00  7.76430000e+00  2.86176701e+00  7.76430000e+00  2.93779589e+00  7.76430000e+00  2.93828777e+00  7.76430000e+00  2.91483488e+00  7.76430000e+00  2.89941870e+00  7.76430000e+00  2.93827328e+00  7.76430000e+00  9.90691690e-01  7.76430000e+00  2.91717146e+00 
 7.80000000e+00  1.52118219e+00  7.80000000e+00  1.36349992e+00  7.80000000e+00  1.38576896e+00  7.80000000e+00  1.54259035e+00  7.80000000e+00  1.44167621e+00  7.80000000e+00  1.36148646e+00  7.80000000e+00  1.13396504e+00  7.80000000e+00  1.37768891e+00  7.80000000e+00  1.50495440e+00  7.80000000e+00  8.62564106e-01  7.80000000e+00  7.04479420e-01  7.80000000e+00  1.36103884e+00  7.80000000e+00  1.83603151e+00  7.80000000e+00  6.77788725e-01  7.80000000e+00  9.21993417e-01  7.80000000e+00  1.85240536e+00  7.80000000e+00  5.48051611e-01  7.80000000e+00  8.64995009e-01  7.80000000e+00  1.04688638e+00  7.80000000e+00  1.02032070e+00  7.80000000e+00  1.25374146e+00  7.80000000e+00  1.68782779e+00  7.80000000e+00  1.01607302e+00  7.80000000e+00  1.06296862e+00  7.80000000e+00  2.46389767e+00  7.80000000e+00  1.00773786e+00  7.80000000e+00  1.04855069e+00  7.80000000e+00  2.91255014e+00  7.80000000e+00  2.84736659e+00  7.80000000e+00  2.93798866e+00  7.80000000e+00  2.93831296e+00  7.80000000e+00  2.82085090e+00  7.80000000e+00  2.92324565e+00  7.80000000e+00  2.93832405e+00  7.80000000e+00  1.24577780e+00  7.80000000e+00  2.91307889e+00 
 7.80714000e+00  1.52118219e+00  7.80714000e+00  1.36349992e+00  7.80714000e+00  1.38576896e+00  7.80714000e+00  1.54259035e+00  7.80714000e+00  1.44167621e+00  7.80714000e+00  1.36148646e+00  7.80714000e+00  1.13396504e+00  7.80714000e+00  1.37768891e+00  7.80714000e+00  1.50495440e+00  7.80714000e+00  8.62564106e-01  7.80714000e+00  7.04479420e-01  7.80714000e+00  1.36103884e+00  7.80714000e+00  1.83603151e+00  7.80714000e+00  6.77788725e-01  7.80714000e+00  9.21993417e-01  7.80714000e+00  1.85240536e+00  7.80714000e+00  5.48051611e-01  7.80714000e+00  8.64995009e-01  7.80714000e+00  1.04688638e+00  7.80714000e+00  1.02032070e+00  7.80714000e+00  1.25374146e+00  7.80714000e+00  1.68782779e+00  7.80714000e+00  1.01607302e+00  7.80714000e+00  1.06296862e+00  7.80714000e+00  2.46389767e+00  7.80714000e+00  1.00773786e+00  7.80714000e+00  1.04855069e+00  7.80714000e+00  2.91255014e+00  7.80714000e+00  2.84736659e+00  7.80714000e+00  2.93798866e+00  7.80714000e+00  2.93831296e+00  7.80714000e+00  2.82085090e+00  7.80714000e+00  2.92324565e+00  7.80714000e+00  2.93832405e+00  7.80714000e+00  1.24577780e+00  7.80714000e+00  2.91307889e+00 
 7.82142000e+00  1.52118219e+00  7.82142000e+00  1.36349992e+00  7.82142000e+00  1.38576896e+00  7.82142000e+00  1.54259035e+00  7.82142000e+00  1.44167621e+00  7.82142000e+00  1.36148646e+00  7.82142000e+00  1.13396504e+00  7.82142000e+00  1.37768891e+00  7.82142000e+00  1.50495440e+00  7.82142000e+00  8.62564106e-01  7.82142000e+00  7.04479420e-01  7.82142000e+00  1.36103884e+00  7.82142000e+00  1.83603151e+00  7.82142000e+00  6.77788725e-01  7.82142000e+00  9.21993417e-01  7.82142000e+00  1.85240536e+00  7.82142000e+00  5.48051611e-01  7.82142000e+00  8.64995009e-01  7.82142000e+00  1.04688638e+00  7.82142000e+00  1.02032070e+00  7.82142000e+00  1.25374146e+00  7.82142000e+00  1.68782779e+00  7.82142000e+00  1.01607302e+00  7.82142000e+00  1.06296862e+00  7.82142000e+00  2.46389767e+00  7.82142000e+00  1.00773786e+00  7.82142000e+00  1.04855069e+00  7.82142000e+00  2.91255014e+00  7.82142000e+00  2.84736659e+00  7.82142000e+00  2.93798866e+00  7.82142000e+00  2.93831296e+00  7.82142000e+00  2.82085090e+00  7.82142000e+00  2.92324565e+00  7.82142000e+00  2.93832405e+00  7.82142000e+00  1.24577780e+00  7.82142000e+00  2.91307889e+00 
 7.84998000e+00  1.52118219e+00  7.84998000e+00  1.36349992e+00  7.84998000e+00  1.38576896e+00  7.84998000e+00  1.54259035e+00  7.84998000e+00  1.44167621e+00  7.84998000e+00  1.36148646e+00  7.84998000e+00  1.13396504e+00  7.84998000e+00  1.37768891e+00  7.84998000e+00  1.50495440e+00  7.84998000e+00  8.62564106e-01  7.84998000e+00  7.04479420e-01  7.84998000e+00  1.36103884e+00  7.84998000e+00  1.83603151e+00  7.84998000e+00  6.77788725e-01  7.84998000e+00  9.21993417e-01  7.84998000e+00  1.85240536e+00  7.84998000e+00  5.48051611e-01  7.84998000e+00  8.64995009e-01  7.84998000e+00  1.04688638e+00  7.84998000e+00  1.02032070e+00  7.84998000e+00  1.25374146e+00  7.84998000e+00  1.68782779e+00  7.84998000e+00  1.01607302e+00  7.84998000e+00  1.06296862e+00  7.84998000e+00  2.46389767e+00  7.84998000e+00  1.00773786e+00  7.84998000e+00  1.04855069e+00  7.84998000e+00  2.91255014e+00  7.84998000e+00  2.84736659e+00  7.84998000e+00  2.93798866e+00  7.84998000e+00  2.93831296e+00  7.84998000e+00  2.82085090e+00  7.84998000e+00  2.92324565e+00  7.84998000e+00  2.93832405e+00  7.84998000e+00  1.24577780e+00  7.84998000e+00  2.91307889e+00 
 7.90710000e+00  1.52118219e+00  7.90710000e+00  1.36349992e+00  7.90710000e+00  1.38576896e+00  7.90710000e+00  1.54259035e+00  7.90710000e+00  1.44167621e+00  7.90710000e+00  1.36148646e+00  7.90710000e+00  1.13396504e+00  7.90710000e+00  1.37768891e+00  7.90710000e+00  1.50495440e+00  7.90710000e+00  8.62564106e-01  7.90710000e+00  7.04479420e-01  7.90710000e+00  1.36103884e+00  7.90710000e+00  1.83603151e+00  7.90710000e+00  6.77788725e-01  7.90710000e+00  9.21993417e-01  7.90710000e+00  1.85240536e+00  7.90710000e+00  5.48051611e-01  7.90710000e+00  8.64995009e-01  7.90710000e+00  1.04688638e+00  7.90710000e+00  1.02032070e+00  7.90710000e+00  1.25374146e+00  7.90710000e+00  1.68782779e+00  7.90710000e+00  1.01607302e+00  7.90710000e+00  1.06296862e+00  7.90710000e+00  2.46389767e+00  7.90710000e+00  1.00773786e+00  7.90710000e+00  1.04855069e+00  7.90710000e+00  2.91255014e+00  7.90710000e+00  2.84736659e+00  7.90710000e+00  2.93798866e+00  7.90710000e+00  2.93831296e+00  7.90710000e+00  2.82085090e+00  7.90710000e+00  2.92324565e+00  7.90710000e+00  2.93832405e+00  7.90710000e+00  1.24577780e+00  7.90710000e+00  2.91307889e+00 
 7.99800000e+00  1.52118219e+00  7.99800000e+00  1.36349992e+00  7.99800000e+00  1.38576896e+00  7.99800000e+00  1.54259035e+00  7.99800000e+00  1.44167621e+00  7.99800000e+00  1.36148646e+00  7.99800000e+00  1.13396504e+00  7.99800000e+00  1.37768891e+00  7.99800000e+00  1.50495440e+00  7.99800000e+00  8.62564106e-01  7.99800000e+00  7.04479420e-01  7.99800000e+00  1.36103884e+00  7.99800000e+00  1.83603151e+00  7.99800000e+00  6.77788725e-01  7.99800000e+00  9.21993417e-01  7.99800000e+00  1.85240536e+00  7.99800000e+00  5.48051611e-01  7.99800000e+00  8.64995009e-01  7.99800000e+00  1.04688638e+00  7.99800000e+00  1.02032070e+00  7.99800000e+00  1.25374146e+00  7.99800000e+00  1.68782779e+00  7.99800000e+00  1.01607302e+00  7.99800000e+00  1.06296862e+00  7.99800000e+00  2.46389767e+00  7.99800000e+00  1.00773786e+00  7.99800000e+00  1.04855069e+00  7.99800000e+00  2.91255014e+00  7.99800000e+00  2.84736659e+00  7.99800000e+00  2.93798866e+00  7.99800000e+00  2.93831296e+00  7.99800000e+00  2.82085090e+00  7.99800000e+00  2.92324565e+00  7.99800000e+00  2.93832405e+00  7.99800000e+00  1.24577780e+00  7.99800000e+00  2.91307889e+00 
 8.00820000e+00  1.49576584e+00  8.00820000e+00  1.35306296e+00  8.00820000e+00  1.37513439e+00  8.00820000e+00  1.51704228e+00  8.00820000e+00  1.42554106e+00  8.00820000e+00  1.34942552e+00  8.00820000e+00  1.14480192e+00  8.00820000e+00  1.36583207e+00  8.00820000e+00  1.48493293e+00  8.00820000e+00  8.12781849e-01  8.00820000e+00  7.20871213e-01  8.00820000e+00  1.34298374e+00  8.00820000e+00  1.76996179e+00  8.00820000e+00  7.48306401e-01  8.00820000e+00  9.36285775e-01  8.00820000e+00  1.80351481e+00  8.00820000e+00  4.90596579e-01  8.00820000e+00  8.80586109e-01  8.00820000e+00  1.03374460e+00  8.00820000e+00  1.01952021e+00  8.00820000e+00  1.23775170e+00  8.00820000e+00  1.53769308e+00  8.00820000e+00  1.02271311e+00  8.00820000e+00  1.06334285e+00  8.00820000e+00  2.42932930e+00  8.00820000e+00  1.00387655e+00  8.00820000e+00  1.04860749e+00  8.00820000e+00  2.89963996e+00  8.00820000e+00  2.85911841e+00  8.00820000e+00  2.93797623e+00  8.00820000e+00  2.93826816e+00  8.00820000e+00  2.87463825e+00  8.00820000e+00  2.92518064e+00  8.00820000e+00  2.93829093e+00  8.00820000e+00  4.77581513e-01  8.00820000e+00  2.91627389e+00 
 8.02860000e+00  1.46988001e+00  8.02860000e+00  1.34227837e+00  8.02860000e+00  1.36455550e+00  8.02860000e+00  1.49140339e+00  8.02860000e+00  1.40937680e+00  8.02860000e+00  1.33664425e+00  8.02860000e+00  1.15559914e+00  8.02860000e+00  1.35353431e+00  8.02860000e+00  1.46521261e+00  8.02860000e+00  7.32302458e-01  8.02860000e+00  7.60781860e-01  8.02860000e+00  1.30232248e+00  8.02860000e+00  1.62830359e+00  8.02860000e+00  9.14672602e-01  8.02860000e+00  9.59322271e-01  8.02860000e+00  1.70295271e+00  8.02860000e+00  4.21764516e-01  8.02860000e+00  9.13071013e-01  8.02860000e+00  1.01564517e+00  8.02860000e+00  1.02085097e+00  8.02860000e+00  1.20716096e+00  8.02860000e+00  1.37716653e+00  8.02860000e+00  1.05222390e+00  8.02860000e+00  1.06420201e+00  8.02860000e+00  2.32993773e+00  8.02860000e+00  9.99082417e-01  8.02860000e+00  1.05104903e+00  8.02860000e+00  2.86610124e+00  8.02860000e+00  2.88049563e+00  8.02860000e+00  2.93794820e+00  8.02860000e+00  2.93817177e+00  8.02860000e+00  2.92216365e+00  8.02860000e+00  2.92781701e+00  8.02860000e+00  2.93822262e+00  8.02860000e+00  1.67124617e-01  8.02860000e+00  2.92191859e+00 
 8.06430000e+00  1.45780413e+00  8.06430000e+00  1.33793845e+00  8.06430000e+00  1.36002457e+00  8.06430000e+00  1.47949595e+00  8.06430000e+00  1.40196774e+00  8.06430000e+00  1.33122957e+00  8.06430000e+00  1.16085623e+00  8.06430000e+00  1.34916175e+00  8.06430000e+00  1.45671609e+00  8.06430000e+00  6.67946120e-01  8.06430000e+00  8.58942079e-01  8.06430000e+00  1.22200028e+00  8.06430000e+00  1.37344796e+00  8.06430000e+00  1.29586743e+00  8.06430000e+00  9.86386833e-01  8.06430000e+00  1.52982947e+00  8.06430000e+00  3.80269263e-01  8.06430000e+00  9.74392135e-01  8.06430000e+00  1.01075145e+00  8.06430000e+00  1.04327118e+00  8.06430000e+00  1.16999283e+00  8.06430000e+00  1.22003245e+00  8.06430000e+00  1.19780658e+00  8.06430000e+00  1.07499013e+00  8.06430000e+00  1.63106868e+00  8.06430000e+00  1.00206808e+00  8.06430000e+00  1.07068792e+00  8.06430000e+00  2.80651023e+00  8.06430000e+00  2.91174641e+00  8.06430000e+00  2.93778709e+00  8.06430000e+00  2.93799720e+00  8.06430000e+00  2.93794375e+00  8.06430000e+00  2.93016304e+00  8.06430000e+00  2.93810450e+00  8.06430000e+00  1.22137282e-01  8.06430000e+00  2.92922367e+00 
 8.10000000e+00  1.51504248e+00  8.10000000e+00  1.36453399e+00  8.10000000e+00  1.38503649e+00  8.10000000e+00  1.53634378e+00  8.10000000e+00  1.43825574e+00  8.10000000e+00  1.36172637e+00  8.10000000e+00  1.13806989e+00  8.10000000e+00  1.38164697e+00  8.10000000e+00  1.50295878e+00  8.10000000e+00  7.11170550e-01  8.10000000e+00  9.89219121e-01  8.10000000e+00  1.13754160e+00  8.10000000e+00  1.18274780e+00  8.10000000e+00  1.74935949e+00  8.10000000e+00  1.02562896e+00  8.10000000e+00  1.36270642e+00  8.10000000e+00  3.66676295e-01  8.10000000e+00  1.03845043e+00  8.10000000e+00  1.02947003e+00  8.10000000e+00  1.09194908e+00  8.10000000e+00  1.14860302e+00  8.10000000e+00  1.15220120e+00  8.10000000e+00  1.84433463e+00  8.10000000e+00  1.10110873e+00  8.10000000e+00  1.33367517e+00  8.10000000e+00  1.01495162e+00  8.10000000e+00  1.10588510e+00  8.10000000e+00  2.85324945e+00  8.10000000e+00  2.93036131e+00  8.10000000e+00  2.93635550e+00  8.10000000e+00  2.93730380e+00  8.10000000e+00  2.93825417e+00  8.10000000e+00  2.93231962e+00  8.10000000e+00  2.93798980e+00  8.10000000e+00  1.10372327e-01  8.10000000e+00  2.93290753e+00 
 8.10714000e+00  1.51504248e+00  8.10714000e+00  1.36453399e+00  8.10714000e+00  1.38503649e+00  8.10714000e+00  1.53634378e+00  8.10714000e+00  1.43825574e+00  8.10714000e+00  1.36172637e+00  8.10714000e+00  1.13806989e+00  8.10714000e+00  1.38164697e+00  8.10714000e+00  1.50295878e+00  8.10714000e+00  7.11170550e-01  8.10714000e+00  9.89219121e-01  8.10714000e+00  1.13754160e+00  8.10714000e+00  1.18274780e+00  8.10714000e+00  1.74935949e+00  8.10714000e+00  1.02562896e+00  8.10714000e+00  1.36270642e+00  8.10714000e+00  3.66676295e-01  8.10714000e+00  1.03845043e+00  8.10714000e+00  1.02947003e+00  8.10714000e+00  1.09194908e+00  8.10714000e+00  1.14860302e+00  8.10714000e+00  1.15220120e+00  8.10714000e+00  1.84433463e+00  8.10714000e+00  1.10110873e+00  8.10714000e+00  1.33367517e+00  8.10714000e+00  1.01495162e+00  8.10714000e+00  1.10588510e+00  8.10714000e+00  2.85245338e+00  8.10714000e+00  2.93036131e+00  8.10714000e+00  2.93635550e+00  8.10714000e+00  2.93730380e+00  8.10714000e+00  2.93825417e+00  8.10714000e+00  2.93231962e+00  8.10714000e+00  2.93798980e+00  8.10714000e+00  1.10372327e-01  8.10714000e+00  2.93290753e+00 
 8.12142000e+00  1.51504248e+00  8.12142000e+00  1.36453399e+00  8.12142000e+00  1.38503649e+00  8.12142000e+00  1.53634378e+00  8.12142000e+00  1.43825574e+00  8.12142000e+00  1.36172637e+00  8.12142000e+00  1.13806989e+00  8.12142000e+00  1.38164697e+00  8.12142000e+00  1.50295878e+00  8.12142000e+00  7.11170550e-01  8.12142000e+00  9.89219121e-01  8.12142000e+00  1.13754160e+00  8.12142000e+00  1.18274780e+00  8.12142000e+00  1.74935949e+00  8.12142000e+00  1.02562896e+00  8.12142000e+00  1.36270642e+00  8.12142000e+00  3.66676295e-01  8.12142000e+00  1.03845043e+00  8.12142000e+00  1.02947003e+00  8.12142000e+00  1.09194908e+00  8.12142000e+00  1.14860302e+00  8.12142000e+00  1.15220120e+00  8.12142000e+00  1.84433463e+00  8.12142000e+00  1.10110873e+00  8.12142000e+00  1.33367517e+00  8.12142000e+00  1.01495162e+00  8.12142000e+00  1.10588510e+00  8.12142000e+00  2.85245338e+00  8.12142000e+00  2.93036131e+00  8.12142000e+00  2.93635550e+00  8.12142000e+00  2.93730380e+00  8.12142000e+00  2.93825417e+00  8.12142000e+00  2.93231962e+00  8.12142000e+00  2.93798980e+00  8.12142000e+00  1.10372327e-01  8.12142000e+00  2.93290753e+00 
 8.14998000e+00  1.51504248e+00  8.14998000e+00  1.36453399e+00  8.14998000e+00  1.38503649e+00  8.14998000e+00  1.53634378e+00  8.14998000e+00  1.43825574e+00  8.14998000e+00  1.36172637e+00  8.14998000e+00  1.13806989e+00  8.14998000e+00  1.38164697e+00  8.14998000e+00  1.50295878e+00  8.14998000e+00  7.11170550e-01  8.14998000e+00  9.89219121e-01  8.14998000e+00  1.13754160e+00  8.14998000e+00  1.18274780e+00  8.14998000e+00  1.74935949e+00  8.14998000e+00  1.02562896e+00  8.14998000e+00  1.36270642e+00  8.14998000e+00  3.66676295e-01  8.14998000e+00  1.03845043e+00  8.14998000e+00  1.02947003e+00  8.14998000e+00  1.09194908e+00  8.14998000e+00  1.14860302e+00  8.14998000e+00  1.15220120e+00  8.14998000e+00  1.84433463e+00  8.14998000e+00  1.10110873e+00  8.14998000e+00  1.33367517e+00  8.14998000e+00  1.01495162e+00  8.14998000e+00  1.10588510e+00  8.14998000e+00  2.85245338e+00  8.14998000e+00  2.93036131e+00  8.14998000e+00  2.93635550e+00  8.14998000e+00  2.93730380e+00  8.14998000e+00  2.93825417e+00  8.14998000e+00  2.93231962e+00  8.14998000e+00  2.93798980e+00  8.14998000e+00  1.10372327e-01  8.14998000e+00  2.93290753e+00 
 8.20710000e+00  1.51504248e+00  8.20710000e+00  1.36453399e+00  8.20710000e+00  1.38503649e+00  8.20710000e+00  1.53634378e+00  8.20710000e+00  1.43825574e+00  8.20710000e+00  1.36172637e+00  8.20710000e+00  1.13806989e+00  8.20710000e+00  1.38164697e+00  8.20710000e+00  1.50295878e+00  8.20710000e+00  7.11170550e-01  8.20710000e+00  9.89219121e-01  8.20710000e+00  1.13754160e+00  8.20710000e+00  1.18274780e+00  8.20710000e+00  1.74935949e+00  8.20710000e+00  1.02562896e+00  8.20710000e+00  1.36270642e+00  8.20710000e+00  3.66676295e-01  8.20710000e+00  1.03845043e+00  8.20710000e+00  1.02947003e+00  8.20710000e+00  1.09194908e+00  8.20710000e+00  1.14860302e+00  8.20710000e+00  1.15220120e+00  8.20710000e+00  1.84433463e+00  8.20710000e+00  1.10110873e+00  8.20710000e+00  1.33367517e+00  8.20710000e+00  1.01495162e+00  8.20710000e+00  1.10588510e+00  8.20710000e+00  2.85245338e+00  8.20710000e+00  2.93036131e+00  8.20710000e+00  2.93635550e+00  8.20710000e+00  2.93730380e+00  8.20710000e+00  2.93825417e+00  8.20710000e+00  2.93231962e+00  8.20710000e+00  2.93798980e+00  8.20710000e+00  1.10372327e-01  8.20710000e+00  2.93290753e+00 
 8.29800000e+00  1.51504248e+00  8.29800000e+00  1.36453399e+00  8.29800000e+00  1.38503649e+00  8.29800000e+00  1.53634378e+00  8.29800000e+00  1.43825574e+00  8.29800000e+00  1.36172637e+00  8.29800000e+00  1.13806989e+00  8.29800000e+00  1.38164697e+00  8.29800000e+00  1.50295878e+00  8.29800000e+00  7.11170550e-01  8.29800000e+00  9.89219121e-01  8.29800000e+00  1.13754160e+00  8.29800000e+00  1.18274780e+00  8.29800000e+00  1.74935949e+00  8.29800000e+00  1.02562896e+00  8.29800000e+00  1.36270642e+00  8.29800000e+00  3.66676295e-01  8.29800000e+00  1.03845043e+00  8.29800000e+00  1.02947003e+00  8.29800000e+00  1.09194908e+00  8.29800000e+00  1.14860302e+00  8.29800000e+00  1.15220120e+00  8.29800000e+00  1.84433463e+00  8.29800000e+00  1.10110873e+00  8.29800000e+00  1.33367517e+00  8.29800000e+00  1.01495162e+00  8.29800000e+00  1.10588510e+00  8.29800000e+00  2.85245338e+00  8.29800000e+00  2.93036131e+00  8.29800000e+00  2.93635550e+00  8.29800000e+00  2.93730380e+00  8.29800000e+00  2.93825417e+00  8.29800000e+00  2.93231962e+00  8.29800000e+00  2.93798980e+00  8.29800000e+00  1.10372327e-01  8.29800000e+00  2.93290753e+00 
 8.30820000e+00  1.53186326e+00  8.30820000e+00  1.38225949e+00  8.30820000e+00  1.38135700e+00  8.30820000e+00  1.53537966e+00  8.30820000e+00  1.43584511e+00  8.30820000e+00  1.39577739e+00  8.30820000e+00  1.14157041e+00  8.30820000e+00  1.40876887e+00  8.30820000e+00  1.48858765e+00  8.30820000e+00  6.92053885e-01  8.30820000e+00  9.81395375e-01  8.30820000e+00  1.11353578e+00  8.30820000e+00  1.23903910e+00  8.30820000e+00  1.73572498e+00  8.30820000e+00  9.85717037e-01  8.30820000e+00  1.40030337e+00  8.30820000e+00  3.67712205e-01  8.30820000e+00  1.09415488e+00  8.30820000e+00  1.03076083e+00  8.30820000e+00  1.09355321e+00  8.30820000e+00  1.14300514e+00  8.30820000e+00  1.17996884e+00  8.30820000e+00  1.80782344e+00  8.30820000e+00  1.09297958e+00  8.30820000e+00  1.38544967e+00  8.30820000e+00  1.01852069e+00  8.30820000e+00  1.12976551e+00  8.30820000e+00  2.83653994e+00  8.30820000e+00  2.92979166e+00  8.30820000e+00  2.93569246e+00  8.30820000e+00  2.93788695e+00  8.30820000e+00  2.93824491e+00  8.30820000e+00  2.93011483e+00  8.30820000e+00  2.93801566e+00  8.30820000e+00  1.11227783e-01  8.30820000e+00  2.93507776e+00 
 8.32860000e+00  1.60525786e+00  8.32860000e+00  1.44913330e+00  8.32860000e+00  1.38484531e+00  8.32860000e+00  1.55582919e+00  8.32860000e+00  1.44640159e+00  8.32860000e+00  1.51251896e+00  8.32860000e+00  1.15230835e+00  8.32860000e+00  1.50473074e+00  8.32860000e+00  1.46618301e+00  8.32860000e+00  6.54833035e-01  8.32860000e+00  9.65960476e-01  8.32860000e+00  1.06414987e+00  8.32860000e+00  1.35468260e+00  8.32860000e+00  1.70797422e+00  8.32860000e+00  8.99315340e-01  8.32860000e+00  1.47652899e+00  8.32860000e+00  3.72621421e-01  8.32860000e+00  1.20847040e+00  8.32860000e+00  1.03438237e+00  8.32860000e+00  1.09725810e+00  8.32860000e+00  1.13257042e+00  8.32860000e+00  1.24561230e+00  8.32860000e+00  1.74138238e+00  8.32860000e+00  1.07778022e+00  8.32860000e+00  1.58522369e+00  8.32860000e+00  1.02600604e+00  8.32860000e+00  1.18663317e+00  8.32860000e+00  2.77581890e+00  8.32860000e+00  2.92846759e+00  8.32860000e+00  2.93398460e+00  8.32860000e+00  2.93798428e+00  8.32860000e+00  2.93822604e+00  8.32860000e+00  2.91968785e+00  8.32860000e+00  2.93806799e+00  8.32860000e+00  1.15371969e-01  8.32860000e+00  2.93765870e+00 
 8.36430000e+00  1.64860500e+00  8.36430000e+00  1.47073384e+00  8.36430000e+00  1.38388644e+00  8.36430000e+00  1.57577590e+00  8.36430000e+00  1.45562160e+00  8.36430000e+00  1.55861090e+00  8.36430000e+00  1.14547799e+00  8.36430000e+00  1.52928139e+00  8.36430000e+00  1.45509035e+00  8.36430000e+00  5.93231831e-01  8.36430000e+00  9.39663781e-01  8.36430000e+00  9.74103411e-01  8.36430000e+00  1.56547871e+00  8.36430000e+00  1.67333988e+00  8.36430000e+00  7.40178615e-01  8.36430000e+00  1.61249800e+00  8.36430000e+00  3.95676518e-01  8.36430000e+00  1.41225067e+00  8.36430000e+00  1.04094453e+00  8.36430000e+00  1.10166367e+00  8.36430000e+00  1.11372592e+00  8.36430000e+00  1.40499281e+00  8.36430000e+00  1.69692643e+00  8.36430000e+00  1.05673289e+00  8.36430000e+00  2.33315370e+00  8.36430000e+00  1.03691389e+00  8.36430000e+00  1.31974186e+00  8.36430000e+00  1.89598555e+00  8.36430000e+00  2.92560421e+00  8.36430000e+00  2.92919908e+00  8.36430000e+00  2.93812888e+00  8.36430000e+00  2.93820247e+00  8.36430000e+00  2.87046277e+00  8.36430000e+00  2.93816099e+00  8.36430000e+00  1.37031016e-01  8.36430000e+00  2.93802387e+00 
 8.40000000e+00  1.56386266e+00  8.40000000e+00  1.35683310e+00  8.40000000e+00  1.30634324e+00  8.40000000e+00  1.49127627e+00  8.40000000e+00  1.38973807e+00  8.40000000e+00  1.44864862e+00  8.40000000e+00  1.14678387e+00  8.40000000e+00  1.33928392e+00  8.40000000e+00  1.32534313e+00  8.40000000e+00  5.36706734e-01  8.40000000e+00  9.14326500e-01  8.40000000e+00  8.86251727e-01  8.40000000e+00  1.78103704e+00  8.40000000e+00  1.68245231e+00  8.40000000e+00  5.64827134e-01  8.40000000e+00  1.74710849e+00  8.40000000e+00  4.64213167e-01  8.40000000e+00  1.61593931e+00  8.40000000e+00  1.05196641e+00  8.40000000e+00  1.10812894e+00  8.40000000e+00  1.10164741e+00  8.40000000e+00  1.85687489e+00  8.40000000e+00  1.92108876e+00  8.40000000e+00  1.05068045e+00  8.40000000e+00  2.48149663e+00  8.40000000e+00  1.04933983e+00  8.40000000e+00  1.57916230e+00  8.40000000e+00  1.08810310e+00  8.40000000e+00  2.92211095e+00  8.40000000e+00  2.91735396e+00  8.40000000e+00  2.93827568e+00  8.40000000e+00  2.93820867e+00  8.40000000e+00  1.48338973e+00  8.40000000e+00  2.93825264e+00  8.40000000e+00  2.43997823e-01  8.40000000e+00  2.93816334e+00 
 8.40714000e+00  1.56386266e+00  8.40714000e+00  1.35683310e+00  8.40714000e+00  1.30634324e+00  8.40714000e+00  1.49127627e+00  8.40714000e+00  1.38973807e+00  8.40714000e+00  1.44864862e+00  8.40714000e+00  1.14678387e+00  8.40714000e+00  1.33928392e+00  8.40714000e+00  1.32534313e+00  8.40714000e+00  5.36706734e-01  8.40714000e+00  9.14326500e-01  8.40714000e+00  8.86251727e-01  8.40714000e+00  1.78103704e+00  8.40714000e+00  1.68245231e+00  8.40714000e+00  5.64827134e-01  8.40714000e+00  1.74710849e+00  8.40714000e+00  4.64213167e-01  8.40714000e+00  1.61593931e+00  8.40714000e+00  1.05196641e+00  8.40714000e+00  1.10812894e+00  8.40714000e+00  1.10164741e+00  8.40714000e+00  1.85687489e+00  8.40714000e+00  1.92108876e+00  8.40714000e+00  1.05068045e+00  8.40714000e+00  2.48149663e+00  8.40714000e+00  1.04933983e+00  8.40714000e+00  1.57916230e+00  8.40714000e+00  1.08810310e+00  8.40714000e+00  2.92211095e+00  8.40714000e+00  2.91735396e+00  8.40714000e+00  2.93827568e+00  8.40714000e+00  2.93820867e+00  8.40714000e+00  1.48338973e+00  8.40714000e+00  2.93825264e+00  8.40714000e+00  2.43997823e-01  8.40714000e+00  2.93816334e+00 
 8.42142000e+00  1.56386266e+00  8.42142000e+00  1.35683310e+00  8.42142000e+00  1.30634324e+00  8.42142000e+00  1.49127627e+00  8.42142000e+00  1.38973807e+00  8.42142000e+00  1.44864862e+00  8.42142000e+00  1.14678387e+00  8.42142000e+00  1.33928392e+00  8.42142000e+00  1.32534313e+00  8.42142000e+00  5.36706734e-01  8.42142000e+00  9.14326500e-01  8.42142000e+00  8.86251727e-01  8.42142000e+00  1.78103704e+00  8.42142000e+00  1.68245231e+00  8.42142000e+00  5.64827134e-01  8.42142000e+00  1.74710849e+00  8.42142000e+00  4.64213167e-01  8.42142000e+00  1.61593931e+00  8.42142000e+00  1.05196641e+00  8.42142000e+00  1.10812894e+00  8.42142000e+00  1.10164741e+00  8.42142000e+00  1.85687489e+00  8.42142000e+00  1.92108876e+00  8.42142000e+00  1.05068045e+00  8.42142000e+00  2.48149663e+00  8.42142000e+00  1.04933983e+00  8.42142000e+00  1.57916230e+00  8.42142000e+00  1.08810310e+00  8.42142000e+00  2.92211095e+00  8.42142000e+00  2.91735396e+00  8.42142000e+00  2.93827568e+00  8.42142000e+00  2.93820867e+00  8.42142000e+00  1.48338973e+00  8.42142000e+00  2.93825264e+00  8.42142000e+00  2.43997823e-01  8.42142000e+00  2.93816334e+00 
 8.44998000e+00  1.56386266e+00  8.44998000e+00  1.35683310e+00  8.44998000e+00  1.30634324e+00  8.44998000e+00  1.49127627e+00  8.44998000e+00  1.38973807e+00  8.44998000e+00  1.44864862e+00  8.44998000e+00  1.14678387e+00  8.44998000e+00  1.33928392e+00  8.44998000e+00  1.32534313e+00  8.44998000e+00  5.36706734e-01  8.44998000e+00  9.14326500e-01  8.44998000e+00  8.86251727e-01  8.44998000e+00  1.78103704e+00  8.44998000e+00  1.68245231e+00  8.44998000e+00  5.64827134e-01  8.44998000e+00  1.74710849e+00  8.44998000e+00  4.64213167e-01  8.44998000e+00  1.61593931e+00  8.44998000e+00  1.05196641e+00  8.44998000e+00  1.10812894e+00  8.44998000e+00  1.10164741e+00  8.44998000e+00  1.85687489e+00  8.44998000e+00  1.92108876e+00  8.44998000e+00  1.05068045e+00  8.44998000e+00  2.48149663e+00  8.44998000e+00  1.04933983e+00  8.44998000e+00  1.57916231e+00  8.44998000e+00  1.08810310e+00  8.44998000e+00  2.92211095e+00  8.44998000e+00  2.91735396e+00  8.44998000e+00  2.93827568e+00  8.44998000e+00  2.93820867e+00  8.44998000e+00  1.48338973e+00  8.44998000e+00  2.93825264e+00  8.44998000e+00  2.43997823e-01  8.44998000e+00  2.93816334e+00 
 8.50710000e+00  1.56386266e+00  8.50710000e+00  1.35683310e+00  8.50710000e+00  1.30634324e+00  8.50710000e+00  1.49127627e+00  8.50710000e+00  1.38973807e+00  8.50710000e+00  1.44864862e+00  8.50710000e+00  1.14678387e+00  8.50710000e+00  1.33928392e+00  8.50710000e+00  1.32534313e+00  8.50710000e+00  5.36706734e-01  8.50710000e+00  9.14326500e-01  8.50710000e+00  8.86251727e-01  8.50710000e+00  1.78103704e+00  8.50710000e+00  1.68245231e+00  8.50710000e+00  5.64827134e-01  8.50710000e+00  1.74710849e+00  8.50710000e+00  4.64213167e-01  8.50710000e+00  1.61593931e+00  8.50710000e+00  1.05196641e+00  8.50710000e+00  1.10812894e+00  8.50710000e+00  1.10164741e+00  8.50710000e+00  1.85687489e+00  8.50710000e+00  1.92108876e+00  8.50710000e+00  1.05068045e+00  8.50710000e+00  2.48149663e+00  8.50710000e+00  1.04933983e+00  8.50710000e+00  1.57916230e+00  8.50710000e+00  1.08810310e+00  8.50710000e+00  2.92211095e+00  8.50710000e+00  2.91735396e+00  8.50710000e+00  2.93827568e+00  8.50710000e+00  2.93820867e+00  8.50710000e+00  1.48338973e+00  8.50710000e+00  2.93825264e+00  8.50710000e+00  2.43997823e-01  8.50710000e+00  2.93816334e+00 
 8.59800000e+00  1.56386266e+00  8.59800000e+00  1.35683310e+00  8.59800000e+00  1.30634324e+00  8.59800000e+00  1.49127627e+00  8.59800000e+00  1.38973807e+00  8.59800000e+00  1.44864862e+00  8.59800000e+00  1.14678387e+00  8.59800000e+00  1.33928392e+00  8.59800000e+00  1.32534313e+00  8.59800000e+00  5.36706734e-01  8.59800000e+00  9.14326500e-01  8.59800000e+00  8.86251727e-01  8.59800000e+00  1.78103704e+00  8.59800000e+00  1.68245231e+00  8.59800000e+00  5.64827134e-01  8.59800000e+00  1.74710849e+00  8.59800000e+00  4.64213167e-01  8.59800000e+00  1.61593931e+00  8.59800000e+00  1.05196641e+00  8.59800000e+00  1.10812894e+00  8.59800000e+00  1.10164741e+00  8.59800000e+00  1.85687489e+00  8.59800000e+00  1.92108876e+00  8.59800000e+00  1.05068045e+00  8.59800000e+00  2.48149663e+00  8.59800000e+00  1.04933983e+00  8.59800000e+00  1.57916231e+00  8.59800000e+00  1.08810310e+00  8.59800000e+00  2.92211095e+00  8.59800000e+00  2.91735396e+00  8.59800000e+00  2.93827568e+00  8.59800000e+00  2.93820867e+00  8.59800000e+00  1.48338973e+00  8.59800000e+00  2.93825264e+00  8.59800000e+00  2.43997823e-01  8.59800000e+00  2.93816334e+00 
 8.60820000e+00  1.54670801e+00  8.60820000e+00  1.35554885e+00  8.60820000e+00  1.30153752e+00  8.60820000e+00  1.47334332e+00  8.60820000e+00  1.37913585e+00  8.60820000e+00  1.44633455e+00  8.60820000e+00  1.15694531e+00  8.60820000e+00  1.34214409e+00  8.60820000e+00  1.31511238e+00  8.60820000e+00  5.21800549e-01  8.60820000e+00  9.02557340e-01  8.60820000e+00  8.74645179e-01  8.60820000e+00  1.71921910e+00  8.60820000e+00  1.70867820e+00  8.60820000e+00  5.41447723e-01  8.60820000e+00  1.70688996e+00  8.60820000e+00  4.50569724e-01  8.60820000e+00  1.60559947e+00  8.60820000e+00  1.04840872e+00  8.60820000e+00  1.10166595e+00  8.60820000e+00  1.09522785e+00  8.60820000e+00  1.63795236e+00  8.60820000e+00  2.04727921e+00  8.60820000e+00  1.04684896e+00  8.60820000e+00  2.45011531e+00  8.60820000e+00  1.04638742e+00  8.60820000e+00  1.54583588e+00  8.60820000e+00  8.85078376e-01  8.60820000e+00  2.92023417e+00  8.60820000e+00  2.91509568e+00  8.60820000e+00  2.93823369e+00  8.60820000e+00  2.93822652e+00  8.60820000e+00  1.15367958e+00  8.60820000e+00  2.93822530e+00  8.60820000e+00  2.12380373e-01  8.60820000e+00  2.93815628e+00 
 8.62860000e+00  1.51665508e+00  8.62860000e+00  1.35187726e+00  8.62860000e+00  1.29248916e+00  8.62860000e+00  1.44175990e+00  8.62860000e+00  1.36051807e+00  8.62860000e+00  1.44123294e+00  8.62860000e+00  1.17579833e+00  8.62860000e+00  1.34371637e+00  8.62860000e+00  1.29527320e+00  8.62860000e+00  4.93140126e-01  8.62860000e+00  8.80499476e-01  8.62860000e+00  8.53822159e-01  8.62860000e+00  1.59149707e+00  8.62860000e+00  1.77248654e+00  8.62860000e+00  4.97851609e-01  8.62860000e+00  1.61846374e+00  8.62860000e+00  4.35427050e-01  8.62860000e+00  1.58435299e+00  8.62860000e+00  1.03974708e+00  8.62860000e+00  1.08728644e+00  8.62860000e+00  1.08120738e+00  8.62860000e+00  1.43231618e+00  8.62860000e+00  2.19682685e+00  8.62860000e+00  1.03832842e+00  8.62860000e+00  2.34545163e+00  8.62860000e+00  1.03843529e+00  8.62860000e+00  1.48500369e+00  8.62860000e+00  5.09822098e-01  8.62860000e+00  2.91625704e+00  8.62860000e+00  2.91057715e+00  8.62860000e+00  2.93814665e+00  8.62860000e+00  2.93826988e+00  8.62860000e+00  5.70023174e-01  8.62860000e+00  2.93816506e+00  8.62860000e+00  1.86372567e-01  8.62860000e+00  2.93814177e+00 
 8.66430000e+00  1.49052065e+00  8.66430000e+00  1.34672438e+00  8.66430000e+00  1.28314230e+00  8.66430000e+00  1.41351056e+00  8.66430000e+00  1.34369175e+00  8.66430000e+00  1.43584891e+00  8.66430000e+00  1.19321417e+00  8.66430000e+00  1.34057608e+00  8.66430000e+00  1.27443376e+00  8.66430000e+00  4.47261624e-01  8.66430000e+00  8.46670818e-01  8.66430000e+00  8.26075687e-01  8.66430000e+00  1.37498588e+00  8.66430000e+00  1.92376499e+00  8.66430000e+00  4.50665948e-01  8.66430000e+00  1.45842239e+00  8.66430000e+00  4.37123472e-01  8.66430000e+00  1.54535426e+00  8.66430000e+00  1.02452970e+00  8.66430000e+00  1.06348454e+00  8.66430000e+00  1.05897429e+00  8.66430000e+00  1.25397837e+00  8.66430000e+00  2.32289952e+00  8.66430000e+00  1.02369328e+00  8.66430000e+00  1.50545486e+00  8.66430000e+00  1.02372478e+00  8.66430000e+00  1.40287142e+00  8.66430000e+00  2.06126779e-01  8.66430000e+00  2.90887691e+00  8.66430000e+00  2.90351144e+00  8.66430000e+00  2.93799825e+00  8.66430000e+00  2.93837230e+00  8.66430000e+00  2.12568294e-01  8.66430000e+00  2.93805557e+00  8.66430000e+00  1.88997074e-01  8.66430000e+00  2.93811512e+00 
 8.70000000e+00  1.48822020e+00  8.70000000e+00  1.34504963e+00  8.70000000e+00  1.28128658e+00  8.70000000e+00  1.41034997e+00  8.70000000e+00  1.34172171e+00  8.70000000e+00  1.43495692e+00  8.70000000e+00  1.19562925e+00  8.70000000e+00  1.33735130e+00  8.70000000e+00  1.26995597e+00  8.70000000e+00  4.07419560e-01  8.70000000e+00  8.18891865e-01  8.70000000e+00  8.10839813e-01  8.70000000e+00  1.17131045e+00  8.70000000e+00  2.07325578e+00  8.70000000e+00  4.19202975e-01  8.70000000e+00  1.29746710e+00  8.70000000e+00  4.98220186e-01  8.70000000e+00  1.50380044e+00  8.70000000e+00  1.00316969e+00  8.70000000e+00  1.03520437e+00  8.70000000e+00  1.03350710e+00  8.70000000e+00  1.13330677e+00  8.70000000e+00  2.36027299e+00  8.70000000e+00  1.00250479e+00  8.70000000e+00  1.25291325e+00  8.70000000e+00  1.00245252e+00  8.70000000e+00  1.32508967e+00  8.70000000e+00  1.49702133e-01  8.70000000e+00  2.90146202e+00  8.70000000e+00  2.89904496e+00  8.70000000e+00  2.93710186e+00  8.70000000e+00  2.93847301e+00  8.70000000e+00  1.63831207e-01  8.70000000e+00  2.93794486e+00  8.70000000e+00  5.74758603e-01  8.70000000e+00  2.93808667e+00 
 8.70714000e+00  1.48822020e+00  8.70714000e+00  1.34504963e+00  8.70714000e+00  1.28128658e+00  8.70714000e+00  1.41034997e+00  8.70714000e+00  1.34172171e+00  8.70714000e+00  1.43495692e+00  8.70714000e+00  1.19562925e+00  8.70714000e+00  1.33735130e+00  8.70714000e+00  1.26995597e+00  8.70714000e+00  4.07419560e-01  8.70714000e+00  8.18891865e-01  8.70714000e+00  8.10839813e-01  8.70714000e+00  1.17131045e+00  8.70714000e+00  2.07325578e+00  8.70714000e+00  4.19202975e-01  8.70714000e+00  1.29746710e+00  8.70714000e+00  4.98220186e-01  8.70714000e+00  1.50380044e+00  8.70714000e+00  1.00316969e+00  8.70714000e+00  1.03520437e+00  8.70714000e+00  1.03350710e+00  8.70714000e+00  1.13330677e+00  8.70714000e+00  2.36027299e+00  8.70714000e+00  1.00250479e+00  8.70714000e+00  1.25291325e+00  8.70714000e+00  1.00245252e+00  8.70714000e+00  1.32508967e+00  8.70714000e+00  1.49702133e-01  8.70714000e+00  2.90146202e+00  8.70714000e+00  2.89904496e+00  8.70714000e+00  2.93710186e+00  8.70714000e+00  2.93847301e+00  8.70714000e+00  1.63831207e-01  8.70714000e+00  2.93794486e+00  8.70714000e+00  5.74758603e-01  8.70714000e+00  2.93808667e+00 
 8.72142000e+00  1.48822020e+00  8.72142000e+00  1.34504963e+00  8.72142000e+00  1.28128658e+00  8.72142000e+00  1.41034997e+00  8.72142000e+00  1.34172171e+00  8.72142000e+00  1.43495692e+00  8.72142000e+00  1.19562925e+00  8.72142000e+00  1.33735130e+00  8.72142000e+00  1.26995597e+00  8.72142000e+00  4.07419560e-01  8.72142000e+00  8.18891865e-01  8.72142000e+00  8.10839813e-01  8.72142000e+00  1.17131045e+00  8.72142000e+00  2.07325578e+00  8.72142000e+00  4.19202975e-01  8.72142000e+00  1.29746710e+00  8.72142000e+00  4.98220186e-01  8.72142000e+00  1.50380044e+00  8.72142000e+00  1.00316969e+00  8.72142000e+00  1.03520437e+00  8.72142000e+00  1.03350710e+00  8.72142000e+00  1.13330677e+00  8.72142000e+00  2.36027299e+00  8.72142000e+00  1.00250479e+00  8.72142000e+00  1.25291325e+00  8.72142000e+00  1.00245251e+00  8.72142000e+00  1.32508967e+00  8.72142000e+00  1.49702133e-01  8.72142000e+00  2.90146202e+00  8.72142000e+00  2.89904496e+00  8.72142000e+00  2.93710186e+00  8.72142000e+00  2.93847301e+00  8.72142000e+00  1.63831207e-01  8.72142000e+00  2.93794486e+00  8.72142000e+00  5.74758603e-01  8.72142000e+00  2.93808667e+00 
 8.74998000e+00  1.48822020e+00  8.74998000e+00  1.34504963e+00  8.74998000e+00  1.28128658e+00  8.74998000e+00  1.41034997e+00  8.74998000e+00  1.34172171e+00  8.74998000e+00  1.43495692e+00  8.74998000e+00  1.19562925e+00  8.74998000e+00  1.33735130e+00  8.74998000e+00  1.26995597e+00  8.74998000e+00  4.07419560e-01  8.74998000e+00  8.18891865e-01  8.74998000e+00  8.10839813e-01  8.74998000e+00  1.17131045e+00  8.74998000e+00  2.07325578e+00  8.74998000e+00  4.19202975e-01  8.74998000e+00  1.29746710e+00  8.74998000e+00  4.98220186e-01  8.74998000e+00  1.50380044e+00  8.74998000e+00  1.00316969e+00  8.74998000e+00  1.03520437e+00  8.74998000e+00  1.03350710e+00  8.74998000e+00  1.13330677e+00  8.74998000e+00  2.36027299e+00  8.74998000e+00  1.00250479e+00  8.74998000e+00  1.25291325e+00  8.74998000e+00  1.00245252e+00  8.74998000e+00  1.32508967e+00  8.74998000e+00  1.49702133e-01  8.74998000e+00  2.90146202e+00  8.74998000e+00  2.89904496e+00  8.74998000e+00  2.93710186e+00  8.74998000e+00  2.93847301e+00  8.74998000e+00  1.63831207e-01  8.74998000e+00  2.93794486e+00  8.74998000e+00  5.74758603e-01  8.74998000e+00  2.93808667e+00 
 8.80710000e+00  1.48822020e+00  8.80710000e+00  1.34504963e+00  8.80710000e+00  1.28128658e+00  8.80710000e+00  1.41034997e+00  8.80710000e+00  1.34172171e+00  8.80710000e+00  1.43495692e+00  8.80710000e+00  1.19562925e+00  8.80710000e+00  1.33735130e+00  8.80710000e+00  1.26995597e+00  8.80710000e+00  4.07419560e-01  8.80710000e+00  8.18891865e-01  8.80710000e+00  8.10839813e-01  8.80710000e+00  1.17131045e+00  8.80710000e+00  2.07325578e+00  8.80710000e+00  4.19202975e-01  8.80710000e+00  1.29746710e+00  8.80710000e+00  4.98220186e-01  8.80710000e+00  1.50380044e+00  8.80710000e+00  1.00316969e+00  8.80710000e+00  1.03520437e+00  8.80710000e+00  1.03350710e+00  8.80710000e+00  1.13330677e+00  8.80710000e+00  2.36027299e+00  8.80710000e+00  1.00250479e+00  8.80710000e+00  1.25291325e+00  8.80710000e+00  1.00245251e+00  8.80710000e+00  1.32508967e+00  8.80710000e+00  1.49702133e-01  8.80710000e+00  2.90146202e+00  8.80710000e+00  2.89904496e+00  8.80710000e+00  2.93710186e+00  8.80710000e+00  2.93847301e+00  8.80710000e+00  1.63831207e-01  8.80710000e+00  2.93794486e+00  8.80710000e+00  5.74758603e-01  8.80710000e+00  2.93808667e+00 
 8.89800000e+00  1.48822020e+00  8.89800000e+00  1.34504963e+00  8.89800000e+00  1.28128658e+00  8.89800000e+00  1.41034997e+00  8.89800000e+00  1.34172171e+00  8.89800000e+00  1.43495692e+00  8.89800000e+00  1.19562925e+00  8.89800000e+00  1.33735130e+00  8.89800000e+00  1.26995597e+00  8.89800000e+00  4.07419560e-01  8.89800000e+00  8.18891865e-01  8.89800000e+00  8.10839813e-01  8.89800000e+00  1.17131045e+00  8.89800000e+00  2.07325578e+00  8.89800000e+00  4.19202975e-01  8.89800000e+00  1.29746710e+00  8.89800000e+00  4.98220186e-01  8.89800000e+00  1.50380044e+00  8.89800000e+00  1.00316969e+00  8.89800000e+00  1.03520437e+00  8.89800000e+00  1.03350710e+00  8.89800000e+00  1.13330677e+00  8.89800000e+00  2.36027299e+00  8.89800000e+00  1.00250479e+00  8.89800000e+00  1.25291325e+00  8.89800000e+00  1.00245252e+00  8.89800000e+00  1.32508967e+00  8.89800000e+00  1.49702133e-01  8.89800000e+00  2.90146202e+00  8.89800000e+00  2.89904496e+00  8.89800000e+00  2.93710186e+00  8.89800000e+00  2.93847301e+00  8.89800000e+00  1.63831207e-01  8.89800000e+00  2.93794486e+00  8.89800000e+00  5.74758603e-01  8.89800000e+00  2.93808667e+00 
 8.90820000e+00  1.50489473e+00  8.90820000e+00  1.36304370e+00  8.90820000e+00  1.29544902e+00  8.90820000e+00  1.42976114e+00  8.90820000e+00  1.35489616e+00  8.90820000e+00  1.44996582e+00  8.90820000e+00  1.18590135e+00  8.90820000e+00  1.36963384e+00  8.90820000e+00  1.29907871e+00  8.90820000e+00  4.15988404e-01  8.90820000e+00  8.01708171e-01  8.90820000e+00  8.44150701e-01  8.90820000e+00  1.21350848e+00  8.90820000e+00  1.93756021e+00  8.90820000e+00  4.36084415e-01  8.90820000e+00  1.34934153e+00  8.90820000e+00  4.83383687e-01  8.90820000e+00  1.43604890e+00  8.90820000e+00  1.00442189e+00  8.90820000e+00  1.03316398e+00  8.90820000e+00  1.04203724e+00  8.90820000e+00  1.15127129e+00  8.90820000e+00  2.27707254e+00  8.90820000e+00  1.00383993e+00  8.90820000e+00  1.29791390e+00  8.90820000e+00  1.00375757e+00  8.90820000e+00  1.27990452e+00  8.90820000e+00  1.59817285e-01  8.90820000e+00  2.89613928e+00  8.90820000e+00  2.90825855e+00  8.90820000e+00  2.93771139e+00  8.90820000e+00  2.93838161e+00  8.90820000e+00  1.87382451e-01  8.90820000e+00  2.93798060e+00  8.90820000e+00  3.87174584e-01  8.90820000e+00  2.93804022e+00 
 8.92860000e+00  1.56468665e+00  8.92860000e+00  1.42570045e+00  8.92860000e+00  1.34172135e+00  8.92860000e+00  1.49015869e+00  8.92860000e+00  1.39959179e+00  8.92860000e+00  1.51120365e+00  8.92860000e+00  1.17816751e+00  8.92860000e+00  1.46943210e+00  8.92860000e+00  1.37735839e+00  8.92860000e+00  4.49279595e-01  8.92860000e+00  7.58454512e-01  8.92860000e+00  9.23255630e-01  8.92860000e+00  1.31808636e+00  8.92860000e+00  1.64950484e+00  8.92860000e+00  5.05156664e-01  8.92860000e+00  1.45516391e+00  8.92860000e+00  4.68228740e-01  8.92860000e+00  1.30287349e+00  8.92860000e+00  1.00422229e+00  8.92860000e+00  1.02548653e+00  8.92860000e+00  1.06182052e+00  8.92860000e+00  1.19651070e+00  8.92860000e+00  1.47297367e+00  8.92860000e+00  1.00407570e+00  8.92860000e+00  1.42268725e+00  8.92860000e+00  1.00389804e+00  8.92860000e+00  1.20270900e+00  8.92860000e+00  2.09894844e-01  8.92860000e+00  2.87944908e+00  8.92860000e+00  2.92342593e+00  8.92860000e+00  2.93795907e+00  8.92860000e+00  2.93818623e+00  8.92860000e+00  6.64562053e-01  8.92860000e+00  2.93805333e+00  8.92860000e+00  2.56499257e-01  8.92860000e+00  2.93794858e+00 
 8.96430000e+00  1.56315810e+00  8.96430000e+00  1.43306324e+00  8.96430000e+00  1.35756938e+00  8.96430000e+00  1.50224641e+00  8.96430000e+00  1.41074077e+00  8.96430000e+00  1.50450601e+00  8.96430000e+00  1.17604111e+00  8.96430000e+00  1.48591525e+00  8.96430000e+00  1.41065508e+00  8.96430000e+00  5.99648852e-01  8.96430000e+00  7.00628100e-01  8.96430000e+00  1.09947114e+00  8.96430000e+00  1.56292541e+00  8.96430000e+00  1.15883129e+00  8.96430000e+00  6.92415285e-01  8.96430000e+00  1.64558342e+00  8.96430000e+00  4.82649505e-01  8.96430000e+00  1.07973533e+00  8.96430000e+00  9.93697447e-01  8.96430000e+00  1.00322708e+00  8.96430000e+00  1.10380779e+00  8.96430000e+00  1.31351387e+00  8.96430000e+00  1.12181717e+00  8.96430000e+00  1.00293708e+00  8.96430000e+00  2.19114576e+00  8.96430000e+00  9.90581734e-01  8.96430000e+00  1.09131624e+00  8.96430000e+00  1.99069434e+00  8.96430000e+00  2.84422300e+00  8.96430000e+00  2.93525345e+00  8.96430000e+00  2.93812713e+00  8.96430000e+00  2.93685182e+00  8.96430000e+00  2.83688548e+00  8.96430000e+00  2.93818356e+00  8.96430000e+00  3.78058624e-01  8.96430000e+00  2.93457409e+00 
 9.00000000e+00  1.50394748e+00  9.00000000e+00  1.35581635e+00  9.00000000e+00  1.37822323e+00  9.00000000e+00  1.52525176e+00  9.00000000e+00  1.43063564e+00  9.00000000e+00  1.35279632e+00  9.00000000e+00  1.14108126e+00  9.00000000e+00  1.36847457e+00  9.00000000e+00  1.49083372e+00  9.00000000e+00  8.75337604e-01  9.00000000e+00  6.65427748e-01  9.00000000e+00  1.30154543e+00  9.00000000e+00  1.80353096e+00  9.00000000e+00  7.25574925e-01  9.00000000e+00  9.09757684e-01  9.00000000e+00  1.83967928e+00  9.00000000e+00  5.39979989e-01  9.00000000e+00  8.73546488e-01  9.00000000e+00  1.04495302e+00  9.00000000e+00  1.01123669e+00  9.00000000e+00  1.21223929e+00  9.00000000e+00  1.58914403e+00  9.00000000e+00  1.01811962e+00  9.00000000e+00  1.05543969e+00  9.00000000e+00  2.44911813e+00  9.00000000e+00  1.00330048e+00  9.00000000e+00  1.04586662e+00  9.00000000e+00  2.91523545e+00  9.00000000e+00  2.80206673e+00  9.00000000e+00  2.93794767e+00  9.00000000e+00  2.93829094e+00  9.00000000e+00  2.86209436e+00  9.00000000e+00  2.92140200e+00  9.00000000e+00  2.93831543e+00  9.00000000e+00  1.13332875e+00  9.00000000e+00  2.91487257e+00 
 9.00714000e+00  1.50394748e+00  9.00714000e+00  1.35581635e+00  9.00714000e+00  1.37822323e+00  9.00714000e+00  1.52525176e+00  9.00714000e+00  1.43063564e+00  9.00714000e+00  1.35279632e+00  9.00714000e+00  1.14108126e+00  9.00714000e+00  1.36847457e+00  9.00714000e+00  1.49083372e+00  9.00714000e+00  8.75337604e-01  9.00714000e+00  6.65427748e-01  9.00714000e+00  1.30154543e+00  9.00714000e+00  1.80353096e+00  9.00714000e+00  7.25574925e-01  9.00714000e+00  9.09757684e-01  9.00714000e+00  1.83967928e+00  9.00714000e+00  5.39979989e-01  9.00714000e+00  8.73546488e-01  9.00714000e+00  1.04495302e+00  9.00714000e+00  1.01123669e+00  9.00714000e+00  1.21223929e+00  9.00714000e+00  1.58914403e+00  9.00714000e+00  1.01811962e+00  9.00714000e+00  1.05543969e+00  9.00714000e+00  2.44911813e+00  9.00714000e+00  1.00330048e+00  9.00714000e+00  1.04586662e+00  9.00714000e+00  2.91523545e+00  9.00714000e+00  2.80206673e+00  9.00714000e+00  2.93794767e+00  9.00714000e+00  2.93829094e+00  9.00714000e+00  2.86209436e+00  9.00714000e+00  2.92140200e+00  9.00714000e+00  2.93831543e+00  9.00714000e+00  1.13332875e+00  9.00714000e+00  2.91487257e+00 
 9.02142000e+00  1.50394748e+00  9.02142000e+00  1.35581635e+00  9.02142000e+00  1.37822323e+00  9.02142000e+00  1.52525176e+00  9.02142000e+00  1.43063564e+00  9.02142000e+00  1.35279632e+00  9.02142000e+00  1.14108126e+00  9.02142000e+00  1.36847457e+00  9.02142000e+00  1.49083372e+00  9.02142000e+00  8.75337604e-01  9.02142000e+00  6.65427748e-01  9.02142000e+00  1.30154543e+00  9.02142000e+00  1.80353096e+00  9.02142000e+00  7.25574925e-01  9.02142000e+00  9.09757684e-01  9.02142000e+00  1.83967928e+00  9.02142000e+00  5.39979989e-01  9.02142000e+00  8.73546488e-01  9.02142000e+00  1.04495302e+00  9.02142000e+00  1.01123669e+00  9.02142000e+00  1.21223929e+00  9.02142000e+00  1.58914403e+00  9.02142000e+00  1.01811962e+00  9.02142000e+00  1.05543969e+00  9.02142000e+00  2.44911813e+00  9.02142000e+00  1.00330048e+00  9.02142000e+00  1.04586662e+00  9.02142000e+00  2.91523545e+00  9.02142000e+00  2.80206673e+00  9.02142000e+00  2.93794767e+00  9.02142000e+00  2.93829094e+00  9.02142000e+00  2.86209436e+00  9.02142000e+00  2.92140200e+00  9.02142000e+00  2.93831543e+00  9.02142000e+00  1.13332875e+00  9.02142000e+00  2.91487257e+00 
 9.04998000e+00  1.50394748e+00  9.04998000e+00  1.35581635e+00  9.04998000e+00  1.37822323e+00  9.04998000e+00  1.52525176e+00  9.04998000e+00  1.43063564e+00  9.04998000e+00  1.35279632e+00  9.04998000e+00  1.14108126e+00  9.04998000e+00  1.36847457e+00  9.04998000e+00  1.49083372e+00  9.04998000e+00  8.75337604e-01  9.04998000e+00  6.65427748e-01  9.04998000e+00  1.30154543e+00  9.04998000e+00  1.80353096e+00  9.04998000e+00  7.25574925e-01  9.04998000e+00  9.09757684e-01  9.04998000e+00  1.83967928e+00  9.04998000e+00  5.39979989e-01  9.04998000e+00  8.73546488e-01  9.04998000e+00  1.04495302e+00  9.04998000e+00  1.01123669e+00  9.04998000e+00  1.21223929e+00  9.04998000e+00  1.58914403e+00  9.04998000e+00  1.01811962e+00  9.04998000e+00  1.05543969e+00  9.04998000e+00  2.44911813e+00  9.04998000e+00  1.00330048e+00  9.04998000e+00  1.04586662e+00  9.04998000e+00  2.91523545e+00  9.04998000e+00  2.80206673e+00  9.04998000e+00  2.93794767e+00  9.04998000e+00  2.93829094e+00  9.04998000e+00  2.86209436e+00  9.04998000e+00  2.92140200e+00  9.04998000e+00  2.93831543e+00  9.04998000e+00  1.13332875e+00  9.04998000e+00  2.91487257e+00 
 9.10710000e+00  1.50394748e+00  9.10710000e+00  1.35581635e+00  9.10710000e+00  1.37822323e+00  9.10710000e+00  1.52525176e+00  9.10710000e+00  1.43063564e+00  9.10710000e+00  1.35279632e+00  9.10710000e+00  1.14108126e+00  9.10710000e+00  1.36847457e+00  9.10710000e+00  1.49083372e+00  9.10710000e+00  8.75337604e-01  9.10710000e+00  6.65427748e-01  9.10710000e+00  1.30154543e+00  9.10710000e+00  1.80353096e+00  9.10710000e+00  7.25574925e-01  9.10710000e+00  9.09757684e-01  9.10710000e+00  1.83967928e+00  9.10710000e+00  5.39979989e-01  9.10710000e+00  8.73546488e-01  9.10710000e+00  1.04495302e+00  9.10710000e+00  1.01123669e+00  9.10710000e+00  1.21223929e+00  9.10710000e+00  1.58914403e+00  9.10710000e+00  1.01811962e+00  9.10710000e+00  1.05543969e+00  9.10710000e+00  2.44911813e+00  9.10710000e+00  1.00330048e+00  9.10710000e+00  1.04586662e+00  9.10710000e+00  2.91523545e+00  9.10710000e+00  2.80206673e+00  9.10710000e+00  2.93794767e+00  9.10710000e+00  2.93829094e+00  9.10710000e+00  2.86209436e+00  9.10710000e+00  2.92140200e+00  9.10710000e+00  2.93831543e+00  9.10710000e+00  1.13332875e+00  9.10710000e+00  2.91487257e+00 
 9.19800000e+00  1.50394748e+00  9.19800000e+00  1.35581635e+00  9.19800000e+00  1.37822323e+00  9.19800000e+00  1.52525176e+00  9.19800000e+00  1.43063564e+00  9.19800000e+00  1.35279632e+00  9.19800000e+00  1.14108126e+00  9.19800000e+00  1.36847457e+00  9.19800000e+00  1.49083372e+00  9.19800000e+00  8.75337604e-01  9.19800000e+00  6.65427748e-01  9.19800000e+00  1.30154543e+00  9.19800000e+00  1.80353096e+00  9.19800000e+00  7.25574925e-01  9.19800000e+00  9.09757684e-01  9.19800000e+00  1.83967928e+00  9.19800000e+00  5.39979989e-01  9.19800000e+00  8.73546488e-01  9.19800000e+00  1.04495302e+00  9.19800000e+00  1.01123669e+00  9.19800000e+00  1.21223929e+00  9.19800000e+00  1.58914403e+00  9.19800000e+00  1.01811962e+00  9.19800000e+00  1.05543969e+00  9.19800000e+00  2.44911813e+00  9.19800000e+00  1.00330048e+00  9.19800000e+00  1.04586662e+00  9.19800000e+00  2.91523545e+00  9.19800000e+00  2.80206673e+00  9.19800000e+00  2.93794767e+00  9.19800000e+00  2.93829094e+00  9.19800000e+00  2.86209436e+00  9.19800000e+00  2.92140200e+00  9.19800000e+00  2.93831543e+00  9.19800000e+00  1.13332875e+00  9.19800000e+00  2.91487257e+00 
 9.20820000e+00  1.49741117e+00  9.20820000e+00  1.36409263e+00  9.20820000e+00  1.36282711e+00  9.20820000e+00  1.49889884e+00  9.20820000e+00  1.41159565e+00  9.20820000e+00  1.37770977e+00  9.20820000e+00  1.15444235e+00  9.20820000e+00  1.38526611e+00  9.20820000e+00  1.45444029e+00  9.20820000e+00  8.04851990e-01  9.20820000e+00  6.72313530e-01  9.20820000e+00  1.28814299e+00  9.20820000e+00  1.72005980e+00  9.20820000e+00  7.96226567e-01  9.20820000e+00  9.11512537e-01  9.20820000e+00  1.75014252e+00  9.20820000e+00  4.95334799e-01  9.20820000e+00  8.87127318e-01  9.20820000e+00  1.02544057e+00  9.20820000e+00  1.00663445e+00  9.20820000e+00  1.19727679e+00  9.20820000e+00  1.45738272e+00  9.20820000e+00  1.02434308e+00  9.20820000e+00  1.05015221e+00  9.20820000e+00  2.37356652e+00  9.20820000e+00  9.97416471e-01  9.20820000e+00  1.04309078e+00  9.20820000e+00  2.89716023e+00  9.20820000e+00  2.81337269e+00  9.20820000e+00  2.93793842e+00  9.20820000e+00  2.93823426e+00  9.20820000e+00  2.89430503e+00  9.20820000e+00  2.92167722e+00  9.20820000e+00  2.93825470e+00  9.20820000e+00  5.37787619e-01  9.20820000e+00  2.91751715e+00 
 9.22860000e+00  1.54503931e+00  9.22860000e+00  1.42049550e+00  9.22860000e+00  1.35487920e+00  9.22860000e+00  1.49265205e+00  9.22860000e+00  1.40524716e+00  9.22860000e+00  1.48330542e+00  9.22860000e+00  1.17754991e+00  9.22860000e+00  1.46890536e+00  9.22860000e+00  1.40991661e+00  9.22860000e+00  6.80893136e-01  9.22860000e+00  6.90224949e-01  9.22860000e+00  1.26131809e+00  9.22860000e+00  1.54448882e+00  9.22860000e+00  9.65227292e-01  9.22860000e+00  9.13049614e-01  9.22860000e+00  1.57188653e+00  9.22860000e+00  4.47039931e-01  9.22860000e+00  9.15140823e-01  9.22860000e+00  9.99236512e-01  9.22860000e+00  1.00059126e+00  9.22860000e+00  1.17223826e+00  9.22860000e+00  1.29879121e+00  9.22860000e+00  1.05508515e+00  9.22860000e+00  1.04183847e+00  9.22860000e+00  1.73715819e+00  9.22860000e+00  9.89343107e-01  9.22860000e+00  1.04093732e+00  9.22860000e+00  2.82466577e+00  9.22860000e+00  2.83475832e+00  9.22860000e+00  2.93791991e+00  9.22860000e+00  2.93811452e+00  9.22860000e+00  2.92839813e+00  9.22860000e+00  2.92191529e+00  9.22860000e+00  2.93813326e+00  9.22860000e+00  2.05718960e-01  9.22860000e+00  2.92223472e+00 
 9.26430000e+00  1.56112344e+00  9.26430000e+00  1.45188842e+00  9.26430000e+00  1.35073077e+00  9.26430000e+00  1.48215017e+00  9.26430000e+00  1.39781821e+00  9.26430000e+00  1.53805612e+00  9.26430000e+00  1.19292247e+00  9.26430000e+00  1.52067530e+00  9.26430000e+00  1.38805956e+00  9.26430000e+00  5.24923398e-01  9.26430000e+00  7.35210519e-01  9.26430000e+00  1.21435405e+00  9.26430000e+00  1.23107486e+00  9.26430000e+00  1.31124998e+00  9.26430000e+00  9.09467479e-01  9.26430000e+00  1.27285594e+00  9.26430000e+00  4.33247550e-01  9.26430000e+00  9.66970117e-01  9.26430000e+00  9.70415746e-01  9.26430000e+00  9.87431557e-01  9.26430000e+00  1.12565085e+00  9.26430000e+00  1.11562933e+00  9.26430000e+00  1.16245385e+00  9.26430000e+00  1.02062744e+00  9.26430000e+00  1.18676016e+00  9.26430000e+00  9.70341846e-01  9.26430000e+00  1.03403456e+00  9.26430000e+00  9.27199268e-01  9.26430000e+00  2.86775056e+00  9.26430000e+00  2.93771967e+00  9.26430000e+00  2.93784917e+00  9.26430000e+00  2.93795436e+00  9.26430000e+00  2.92135613e+00  9.26430000e+00  2.93792787e+00  9.26430000e+00  1.83085928e-01  9.26430000e+00  2.92856228e+00 
 9.30000000e+00  1.45862411e+00  9.30000000e+00  1.47828536e+00  9.30000000e+00  1.33686215e+00  9.30000000e+00  1.36937964e+00  9.30000000e+00  1.33695753e+00  9.30000000e+00  1.55921588e+00  9.30000000e+00  1.28206221e+00  9.30000000e+00  1.59852558e+00  9.30000000e+00  1.34020600e+00  9.30000000e+00  4.52578791e-01  9.30000000e+00  7.96361774e-01  9.30000000e+00  1.16744328e+00  9.30000000e+00  9.60340332e-01  9.30000000e+00  1.69436499e+00  9.30000000e+00  8.98035145e-01  9.30000000e+00  1.00279320e+00  9.30000000e+00  4.78284514e-01  9.30000000e+00  1.02219511e+00  9.30000000e+00  9.68535268e-01  9.30000000e+00  9.95474312e-01  9.30000000e+00  1.10367034e+00  9.30000000e+00  1.02806579e+00  9.30000000e+00  1.42653059e+00  9.30000000e+00  1.01590052e+00  9.30000000e+00  1.05595243e+00  9.30000000e+00  9.68395612e-01  9.30000000e+00  1.04795279e+00  9.30000000e+00  2.16381762e-01  9.30000000e+00  2.89435112e+00  9.30000000e+00  2.93702766e+00  9.30000000e+00  2.92791995e+00  9.30000000e+00  2.93821678e+00  9.30000000e+00  2.91946857e+00  9.30000000e+00  2.93118492e+00  9.30000000e+00  3.24198130e-01  9.30000000e+00  2.93215627e+00 
 9.30714000e+00  1.45862411e+00  9.30714000e+00  1.47828536e+00  9.30714000e+00  1.33686215e+00  9.30714000e+00  1.36937965e+00  9.30714000e+00  1.33695753e+00  9.30714000e+00  1.55921588e+00  9.30714000e+00  1.28206221e+00  9.30714000e+00  1.59852558e+00  9.30714000e+00  1.34020600e+00  9.30714000e+00  4.52578791e-01  9.30714000e+00  7.96361774e-01  9.30714000e+00  1.16744328e+00  9.30714000e+00  9.60340332e-01  9.30714000e+00  1.69436499e+00  9.30714000e+00  8.98035145e-01  9.30714000e+00  1.00279320e+00  9.30714000e+00  4.78284514e-01  9.30714000e+00  1.02219511e+00  9.30714000e+00  9.68535269e-01  9.30714000e+00  9.95474312e-01  9.30714000e+00  1.10367034e+00  9.30714000e+00  1.02806579e+00  9.30714000e+00  1.42653059e+00  9.30714000e+00  1.01590052e+00  9.30714000e+00  1.05595243e+00  9.30714000e+00  9.68395612e-01  9.30714000e+00  1.04795279e+00  9.30714000e+00  2.16381762e-01  9.30714000e+00  2.89435112e+00  9.30714000e+00  2.93702766e+00  9.30714000e+00  2.92791995e+00  9.30714000e+00  2.93821678e+00  9.30714000e+00  2.91946857e+00  9.30714000e+00  2.93118492e+00  9.30714000e+00  3.24198130e-01  9.30714000e+00  2.93215627e+00 
 9.32142000e+00  1.45862411e+00  9.32142000e+00  1.47828536e+00  9.32142000e+00  1.33686215e+00  9.32142000e+00  1.36937965e+00  9.32142000e+00  1.33695753e+00  9.32142000e+00  1.55921588e+00  9.32142000e+00  1.28206221e+00  9.32142000e+00  1.59852558e+00  9.32142000e+00  1.34020600e+00  9.32142000e+00  4.52578791e-01  9.32142000e+00  7.96361774e-01  9.32142000e+00  1.16744328e+00  9.32142000e+00  9.60340332e-01  9.32142000e+00  1.69436499e+00  9.32142000e+00  8.98035145e-01  9.32142000e+00  1.00279320e+00  9.32142000e+00  4.78284514e-01  9.32142000e+00  1.02219511e+00  9.32142000e+00  9.68535268e-01  9.32142000e+00  9.95474312e-01  9.32142000e+00  1.10367034e+00  9.32142000e+00  1.02806579e+00  9.32142000e+00  1.42653059e+00  9.32142000e+00  1.01590052e+00  9.32142000e+00  1.05595243e+00  9.32142000e+00  9.68395614e-01  9.32142000e+00  1.04795279e+00  9.32142000e+00  2.16381762e-01  9.32142000e+00  2.89435112e+00  9.32142000e+00  2.93702766e+00  9.32142000e+00  2.92791995e+00  9.32142000e+00  2.93821678e+00  9.32142000e+00  2.91946857e+00  9.32142000e+00  2.93118492e+00  9.32142000e+00  3.24198130e-01  9.32142000e+00  2.93215627e+00 
 9.34998000e+00  1.45862411e+00  9.34998000e+00  1.47828536e+00  9.34998000e+00  1.33686215e+00  9.34998000e+00  1.36937965e+00  9.34998000e+00  1.33695753e+00  9.34998000e+00  1.55921588e+00  9.34998000e+00  1.28206221e+00  9.34998000e+00  1.59852558e+00  9.34998000e+00  1.34020600e+00  9.34998000e+00  4.52578791e-01  9.34998000e+00  7.96361774e-01  9.34998000e+00  1.16744328e+00  9.34998000e+00  9.60340332e-01  9.34998000e+00  1.69436499e+00  9.34998000e+00  8.98035145e-01  9.34998000e+00  1.00279320e+00  9.34998000e+00  4.78284514e-01  9.34998000e+00  1.02219511e+00  9.34998000e+00  9.68535269e-01  9.34998000e+00  9.95474312e-01  9.34998000e+00  1.10367034e+00  9.34998000e+00  1.02806579e+00  9.34998000e+00  1.42653059e+00  9.34998000e+00  1.01590052e+00  9.34998000e+00  1.05595243e+00  9.34998000e+00  9.68395612e-01  9.34998000e+00  1.04795279e+00  9.34998000e+00  2.16381762e-01  9.34998000e+00  2.89435112e+00  9.34998000e+00  2.93702766e+00  9.34998000e+00  2.92791995e+00  9.34998000e+00  2.93821678e+00  9.34998000e+00  2.91946857e+00  9.34998000e+00  2.93118492e+00  9.34998000e+00  3.24198130e-01  9.34998000e+00  2.93215627e+00 
 9.40710000e+00  1.45862411e+00  9.40710000e+00  1.47828536e+00  9.40710000e+00  1.33686215e+00  9.40710000e+00  1.36937965e+00  9.40710000e+00  1.33695753e+00  9.40710000e+00  1.55921588e+00  9.40710000e+00  1.28206221e+00  9.40710000e+00  1.59852558e+00  9.40710000e+00  1.34020600e+00  9.40710000e+00  4.52578791e-01  9.40710000e+00  7.96361774e-01  9.40710000e+00  1.16744328e+00  9.40710000e+00  9.60340332e-01  9.40710000e+00  1.69436499e+00  9.40710000e+00  8.98035145e-01  9.40710000e+00  1.00279320e+00  9.40710000e+00  4.78284514e-01  9.40710000e+00  1.02219511e+00  9.40710000e+00  9.68535268e-01  9.40710000e+00  9.95474312e-01  9.40710000e+00  1.10367034e+00  9.40710000e+00  1.02806579e+00  9.40710000e+00  1.42653059e+00  9.40710000e+00  1.01590052e+00  9.40710000e+00  1.05595243e+00  9.40710000e+00  9.68395614e-01  9.40710000e+00  1.04795279e+00  9.40710000e+00  2.16381762e-01  9.40710000e+00  2.89435112e+00  9.40710000e+00  2.93702766e+00  9.40710000e+00  2.92791995e+00  9.40710000e+00  2.93821678e+00  9.40710000e+00  2.91946857e+00  9.40710000e+00  2.93118492e+00  9.40710000e+00  3.24198130e-01  9.40710000e+00  2.93215627e+00 
 9.49800000e+00  1.45862411e+00  9.49800000e+00  1.47828536e+00  9.49800000e+00  1.33686215e+00  9.49800000e+00  1.36937965e+00  9.49800000e+00  1.33695753e+00  9.49800000e+00  1.55921588e+00  9.49800000e+00  1.28206221e+00  9.49800000e+00  1.59852558e+00  9.49800000e+00  1.34020600e+00  9.49800000e+00  4.52578791e-01  9.49800000e+00  7.96361774e-01  9.49800000e+00  1.16744328e+00  9.49800000e+00  9.60340332e-01  9.49800000e+00  1.69436499e+00  9.49800000e+00  8.98035145e-01  9.49800000e+00  1.00279320e+00  9.49800000e+00  4.78284514e-01  9.49800000e+00  1.02219511e+00  9.49800000e+00  9.68535269e-01  9.49800000e+00  9.95474312e-01  9.49800000e+00  1.10367034e+00  9.49800000e+00  1.02806579e+00  9.49800000e+00  1.42653059e+00  9.49800000e+00  1.01590052e+00  9.49800000e+00  1.05595243e+00  9.49800000e+00  9.68395612e-01  9.49800000e+00  1.04795279e+00  9.49800000e+00  2.16381762e-01  9.49800000e+00  2.89435112e+00  9.49800000e+00  2.93702766e+00  9.49800000e+00  2.92791995e+00  9.49800000e+00  2.93821678e+00  9.49800000e+00  2.91946857e+00  9.49800000e+00  2.93118492e+00  9.49800000e+00  3.24198130e-01  9.49800000e+00  2.93215627e+00 
 9.50820000e+00  1.48563780e+00  9.50820000e+00  1.45439353e+00  9.50820000e+00  1.33291462e+00  9.50820000e+00  1.40350193e+00  9.50820000e+00  1.35147815e+00  9.50820000e+00  1.53495589e+00  9.50820000e+00  1.23765400e+00  9.50820000e+00  1.55199598e+00  9.50820000e+00  1.35034262e+00  9.50820000e+00  4.62456264e-01  9.50820000e+00  7.86526958e-01  9.50820000e+00  1.18966773e+00  9.50820000e+00  1.03387767e+00  9.50820000e+00  1.58946154e+00  9.50820000e+00  9.04544845e-01  9.50820000e+00  1.08281435e+00  9.50820000e+00  4.53471215e-01  9.50820000e+00  1.00456934e+00  9.50820000e+00  9.69013730e-01  9.50820000e+00  9.94312755e-01  9.50820000e+00  1.11346394e+00  9.50820000e+00  1.04822364e+00  9.50820000e+00  1.33078952e+00  9.50820000e+00  1.01800898e+00  9.50820000e+00  1.08771193e+00  9.50820000e+00  9.68971569e-01  9.50820000e+00  1.04327403e+00  9.50820000e+00  2.39170714e-01  9.50820000e+00  2.89088014e+00  9.50820000e+00  2.93741302e+00  9.50820000e+00  2.93270179e+00  9.50820000e+00  2.93814526e+00  9.50820000e+00  2.92056277e+00  9.50820000e+00  2.93468498e+00  9.50820000e+00  2.18214512e-01  9.50820000e+00  2.93127752e+00 
 9.52860000e+00  1.54797059e+00  9.52860000e+00  1.45379039e+00  9.52860000e+00  1.34820523e+00  9.52860000e+00  1.46815255e+00  9.52860000e+00  1.38979206e+00  9.52860000e+00  1.53906739e+00  9.52860000e+00  1.20166081e+00  9.52860000e+00  1.52876506e+00  9.52860000e+00  1.38206004e+00  9.52860000e+00  4.99378883e-01  9.52860000e+00  7.70041886e-01  9.52860000e+00  1.23394578e+00  9.52860000e+00  1.20801659e+00  9.52860000e+00  1.38239865e+00  9.52860000e+00  9.16267399e-01  9.52860000e+00  1.25301519e+00  9.52860000e+00  4.30459642e-01  9.52860000e+00  9.70179976e-01  9.52860000e+00  9.74954026e-01  9.52860000e+00  9.97704280e-01  9.52860000e+00  1.14043746e+00  9.52860000e+00  1.11261152e+00  9.52860000e+00  1.20539755e+00  9.52860000e+00  1.02722783e+00  9.52860000e+00  1.18148643e+00  9.52860000e+00  9.75020972e-01  9.52860000e+00  1.04008354e+00  9.52860000e+00  5.89669597e-01  9.52860000e+00  2.88447020e+00  9.52860000e+00  2.93786463e+00  9.52860000e+00  2.93765368e+00  9.52860000e+00  2.93800335e+00  9.52860000e+00  2.92240468e+00  9.52860000e+00  2.93791417e+00  9.52860000e+00  1.79011767e-01  9.52860000e+00  2.92885580e+00 
 9.56430000e+00  1.56512383e+00  9.56430000e+00  1.43707491e+00  9.56430000e+00  1.35742703e+00  9.56430000e+00  1.50125946e+00  9.56430000e+00  1.41009962e+00  9.56430000e+00  1.51106029e+00  9.56430000e+00  1.17785983e+00  9.56430000e+00  1.49261357e+00  9.56430000e+00  1.40874121e+00  9.56430000e+00  6.18001591e-01  9.56430000e+00  7.52769832e-01  9.56430000e+00  1.31063046e+00  9.56430000e+00  1.54720873e+00  9.56430000e+00  1.04167064e+00  9.56430000e+00  9.32503371e-01  9.56430000e+00  1.57516036e+00  9.56430000e+00  4.44863635e-01  9.56430000e+00  9.13016653e-01  9.56430000e+00  1.00066791e+00  9.56430000e+00  1.01674327e+00  9.56430000e+00  1.20782477e+00  9.56430000e+00  1.31265821e+00  9.56430000e+00  1.08615807e+00  9.56430000e+00  1.05422701e+00  9.56430000e+00  1.84751605e+00  9.56430000e+00  9.96375878e-01  9.56430000e+00  1.04803559e+00  9.56430000e+00  2.26401657e+00  9.56430000e+00  2.87680575e+00  9.56430000e+00  2.93795393e+00  9.56430000e+00  2.93811638e+00  9.56430000e+00  2.93304981e+00  9.56430000e+00  2.92469112e+00  9.56430000e+00  2.93813549e+00  9.56430000e+00  2.01821802e-01  9.56430000e+00  2.92191022e+00 
 9.60000000e+00  1.53589300e+00  9.60000000e+00  1.36996196e+00  9.60000000e+00  1.39224675e+00  9.60000000e+00  1.55749608e+00  9.60000000e+00  1.45116188e+00  9.60000000e+00  1.36871923e+00  9.60000000e+00  1.12778529e+00  9.60000000e+00  1.38540021e+00  9.60000000e+00  1.51715454e+00  9.60000000e+00  7.99944142e-01  9.60000000e+00  7.50702104e-01  9.60000000e+00  1.38584756e+00  9.60000000e+00  1.87258994e+00  9.60000000e+00  7.70991426e-01  9.60000000e+00  9.43093598e-01  9.60000000e+00  1.90601916e+00  9.60000000e+00  5.53025013e-01  9.60000000e+00  8.59869686e-01  9.60000000e+00  1.03937931e+00  9.60000000e+00  1.03151579e+00  9.60000000e+00  1.27665934e+00  9.60000000e+00  1.84753148e+00  9.60000000e+00  1.03424219e+00  9.60000000e+00  1.07290593e+00  9.60000000e+00  2.49706419e+00  9.60000000e+00  1.01204773e+00  9.60000000e+00  1.05194108e+00  9.60000000e+00  2.89555663e+00  9.60000000e+00  2.87581209e+00  9.60000000e+00  2.93800572e+00  9.60000000e+00  2.93833771e+00  9.60000000e+00  2.88486157e+00  9.60000000e+00  2.92602121e+00  9.60000000e+00  2.93836031e+00  9.60000000e+00  1.31569215e+00  9.60000000e+00  2.91195408e+00 
 9.60714000e+00  1.53589300e+00  9.60714000e+00  1.36996196e+00  9.60714000e+00  1.39224675e+00  9.60714000e+00  1.55749608e+00  9.60714000e+00  1.45116188e+00  9.60714000e+00  1.36871923e+00  9.60714000e+00  1.12778529e+00  9.60714000e+00  1.38540021e+00  9.60714000e+00  1.51715454e+00  9.60714000e+00  7.99944142e-01  9.60714000e+00  7.50702104e-01  9.60714000e+00  1.38584756e+00  9.60714000e+00  1.87258994e+00  9.60714000e+00  7.70991426e-01  9.60714000e+00  9.43093598e-01  9.60714000e+00  1.90601916e+00  9.60714000e+00  5.53025013e-01  9.60714000e+00  8.59869686e-01  9.60714000e+00  1.03937931e+00  9.60714000e+00  1.03151579e+00  9.60714000e+00  1.27665934e+00  9.60714000e+00  1.84753148e+00  9.60714000e+00  1.03424219e+00  9.60714000e+00  1.07290593e+00  9.60714000e+00  2.49706419e+00  9.60714000e+00  1.01204773e+00  9.60714000e+00  1.05194108e+00  9.60714000e+00  2.89555663e+00  9.60714000e+00  2.87581209e+00  9.60714000e+00  2.93800572e+00  9.60714000e+00  2.93833771e+00  9.60714000e+00  2.88486157e+00  9.60714000e+00  2.92602121e+00  9.60714000e+00  2.93836031e+00  9.60714000e+00  1.31569215e+00  9.60714000e+00  2.91195408e+00 
 9.62142000e+00  1.53589300e+00  9.62142000e+00  1.36996196e+00  9.62142000e+00  1.39224675e+00  9.62142000e+00  1.55749608e+00  9.62142000e+00  1.45116188e+00  9.62142000e+00  1.36871923e+00  9.62142000e+00  1.12778529e+00  9.62142000e+00  1.38540021e+00  9.62142000e+00  1.51715454e+00  9.62142000e+00  7.99944142e-01  9.62142000e+00  7.50702104e-01  9.62142000e+00  1.38584756e+00  9.62142000e+00  1.87258994e+00  9.62142000e+00  7.70991426e-01  9.62142000e+00  9.43093598e-01  9.62142000e+00  1.90601916e+00  9.62142000e+00  5.53025013e-01  9.62142000e+00  8.59869686e-01  9.62142000e+00  1.03937931e+00  9.62142000e+00  1.03151579e+00  9.62142000e+00  1.27665934e+00  9.62142000e+00  1.84753148e+00  9.62142000e+00  1.03424219e+00  9.62142000e+00  1.07290593e+00  9.62142000e+00  2.49706419e+00  9.62142000e+00  1.01204773e+00  9.62142000e+00  1.05194108e+00  9.62142000e+00  2.89555663e+00  9.62142000e+00  2.87581209e+00  9.62142000e+00  2.93800572e+00  9.62142000e+00  2.93833771e+00  9.62142000e+00  2.88486157e+00  9.62142000e+00  2.92602121e+00  9.62142000e+00  2.93836031e+00  9.62142000e+00  1.31569215e+00  9.62142000e+00  2.91195408e+00 
 9.64998000e+00  1.53589300e+00  9.64998000e+00  1.36996196e+00  9.64998000e+00  1.39224675e+00  9.64998000e+00  1.55749608e+00  9.64998000e+00  1.45116188e+00  9.64998000e+00  1.36871923e+00  9.64998000e+00  1.12778529e+00  9.64998000e+00  1.38540021e+00  9.64998000e+00  1.51715454e+00  9.64998000e+00  7.99944142e-01  9.64998000e+00  7.50702104e-01  9.64998000e+00  1.38584756e+00  9.64998000e+00  1.87258994e+00  9.64998000e+00  7.70991426e-01  9.64998000e+00  9.43093598e-01  9.64998000e+00  1.90601916e+00  9.64998000e+00  5.53025013e-01  9.64998000e+00  8.59869686e-01  9.64998000e+00  1.03937931e+00  9.64998000e+00  1.03151579e+00  9.64998000e+00  1.27665934e+00  9.64998000e+00  1.84753148e+00  9.64998000e+00  1.03424219e+00  9.64998000e+00  1.07290593e+00  9.64998000e+00  2.49706419e+00  9.64998000e+00  1.01204773e+00  9.64998000e+00  1.05194108e+00  9.64998000e+00  2.89555663e+00  9.64998000e+00  2.87581209e+00  9.64998000e+00  2.93800572e+00  9.64998000e+00  2.93833771e+00  9.64998000e+00  2.88486157e+00  9.64998000e+00  2.92602121e+00  9.64998000e+00  2.93836031e+00  9.64998000e+00  1.31569215e+00  9.64998000e+00  2.91195408e+00 
 9.70710000e+00  1.53589300e+00  9.70710000e+00  1.36996196e+00  9.70710000e+00  1.39224675e+00  9.70710000e+00  1.55749608e+00  9.70710000e+00  1.45116188e+00  9.70710000e+00  1.36871923e+00  9.70710000e+00  1.12778529e+00  9.70710000e+00  1.38540021e+00  9.70710000e+00  1.51715454e+00  9.70710000e+00  7.99944142e-01  9.70710000e+00  7.50702104e-01  9.70710000e+00  1.38584756e+00  9.70710000e+00  1.87258994e+00  9.70710000e+00  7.70991426e-01  9.70710000e+00  9.43093598e-01  9.70710000e+00  1.90601916e+00  9.70710000e+00  5.53025013e-01  9.70710000e+00  8.59869686e-01  9.70710000e+00  1.03937931e+00  9.70710000e+00  1.03151579e+00  9.70710000e+00  1.27665934e+00  9.70710000e+00  1.84753148e+00  9.70710000e+00  1.03424219e+00  9.70710000e+00  1.07290593e+00  9.70710000e+00  2.49706419e+00  9.70710000e+00  1.01204773e+00  9.70710000e+00  1.05194108e+00  9.70710000e+00  2.89555663e+00  9.70710000e+00  2.87581209e+00  9.70710000e+00  2.93800572e+00  9.70710000e+00  2.93833771e+00  9.70710000e+00  2.88486157e+00  9.70710000e+00  2.92602121e+00  9.70710000e+00  2.93836031e+00  9.70710000e+00  1.31569215e+00  9.70710000e+00  2.91195408e+00 
 9.79800000e+00  1.53589300e+00  9.79800000e+00  1.36996196e+00  9.79800000e+00  1.39224675e+00  9.79800000e+00  1.55749608e+00  9.79800000e+00  1.45116188e+00  9.79800000e+00  1.36871923e+00  9.79800000e+00  1.12778529e+00  9.79800000e+00  1.38540021e+00  9.79800000e+00  1.51715454e+00  9.79800000e+00  7.99944142e-01  9.79800000e+00  7.50702104e-01  9.79800000e+00  1.38584756e+00  9.79800000e+00  1.87258994e+00  9.79800000e+00  7.70991426e-01  9.79800000e+00  9.43093598e-01  9.79800000e+00  1.90601916e+00  9.79800000e+00  5.53025013e-01  9.79800000e+00  8.59869686e-01  9.79800000e+00  1.03937931e+00  9.79800000e+00  1.03151579e+00  9.79800000e+00  1.27665934e+00  9.79800000e+00  1.84753148e+00  9.79800000e+00  1.03424219e+00  9.79800000e+00  1.07290593e+00  9.79800000e+00  2.49706419e+00  9.79800000e+00  1.01204773e+00  9.79800000e+00  1.05194108e+00  9.79800000e+00  2.89555663e+00  9.79800000e+00  2.87581209e+00  9.79800000e+00  2.93800572e+00  9.79800000e+00  2.93833771e+00  9.79800000e+00  2.88486157e+00  9.79800000e+00  2.92602121e+00  9.79800000e+00  2.93836031e+00  9.79800000e+00  1.31569215e+00  9.79800000e+00  2.91195408e+00 
 9.80820000e+00  1.50749842e+00  9.80820000e+00  1.36927129e+00  9.80820000e+00  1.36795902e+00  9.80820000e+00  1.50931082e+00  9.80820000e+00  1.41848359e+00  9.80820000e+00  1.38312875e+00  9.80820000e+00  1.15081983e+00  9.80820000e+00  1.39179239e+00  9.80820000e+00  1.46374139e+00  9.80820000e+00  7.45759440e-01  9.80820000e+00  7.48140141e-01  9.80820000e+00  1.36607819e+00  9.80820000e+00  1.74206429e+00  9.80820000e+00  8.24839951e-01  9.80820000e+00  9.48313628e-01  9.80820000e+00  1.80531071e+00  9.80820000e+00  5.04703088e-01  9.80820000e+00  8.68163113e-01  9.80820000e+00  1.02334051e+00  9.80820000e+00  1.02432114e+00  9.80820000e+00  1.25285626e+00  9.80820000e+00  1.50209684e+00  9.80820000e+00  1.03737077e+00  9.80820000e+00  1.06714769e+00  9.80820000e+00  2.43193684e+00  9.80820000e+00  1.00448446e+00  9.80820000e+00  1.04627208e+00  9.80820000e+00  2.87336273e+00  9.80820000e+00  2.87455586e+00  9.80820000e+00  2.93799212e+00  9.80820000e+00  2.93824922e+00  9.80820000e+00  2.90316582e+00  9.80820000e+00  2.92663071e+00  9.80820000e+00  2.93829214e+00  9.80820000e+00  6.58650669e-01  9.80820000e+00  2.91375534e+00 
 9.82860000e+00  1.53998220e+00  9.82860000e+00  1.41939176e+00  9.82860000e+00  1.35269964e+00  9.82860000e+00  1.48697754e+00  9.82860000e+00  1.40167019e+00  9.82860000e+00  1.48234418e+00  9.82860000e+00  1.18031125e+00  9.82860000e+00  1.46839568e+00  9.82860000e+00  1.40551704e+00  9.82860000e+00  6.49735530e-01  9.82860000e+00  7.46961817e-01  9.82860000e+00  1.32558636e+00  9.82860000e+00  1.46544106e+00  9.82860000e+00  9.72470949e-01  9.82860000e+00  9.53845429e-01  9.82860000e+00  1.59225585e+00  9.82860000e+00  4.49399461e-01  9.82860000e+00  8.85152558e-01  9.82860000e+00  9.96160698e-01  9.82860000e+00  1.00873405e+00  9.82860000e+00  1.20605327e+00  9.82860000e+00  1.25093526e+00  9.82860000e+00  1.05717282e+00  9.82860000e+00  1.05225849e+00  9.82860000e+00  1.87038378e+00  9.82860000e+00  9.89493561e-01  9.82860000e+00  1.03371585e+00  9.82860000e+00  2.74306236e+00  9.82860000e+00  2.87396849e+00  9.82860000e+00  2.93796424e+00  9.82860000e+00  2.93806038e+00  9.82860000e+00  2.92905833e+00  9.82860000e+00  2.92724359e+00  9.82860000e+00  2.93814717e+00  9.82860000e+00  2.10117575e-01  9.82860000e+00  2.91714769e+00 
 9.86430000e+00  1.55146210e+00  9.86430000e+00  1.44767034e+00  9.86430000e+00  1.34627398e+00  9.86430000e+00  1.47222562e+00  9.86430000e+00  1.39140738e+00  9.86430000e+00  1.53352434e+00  9.86430000e+00  1.19697339e+00  9.86430000e+00  1.51573480e+00  9.86430000e+00  1.37978775e+00  9.86430000e+00  5.28367391e-01  9.86430000e+00  7.58405306e-01  9.86430000e+00  1.25187042e+00  9.86430000e+00  1.00242398e+00  9.86430000e+00  1.30924016e+00  9.86430000e+00  9.47929195e-01  9.86430000e+00  1.23670088e+00  9.86430000e+00  4.83537971e-01  9.86430000e+00  9.16566381e-01  9.86430000e+00  9.57346815e-01  9.86430000e+00  9.77723371e-01  9.86430000e+00  1.12561742e+00  9.86430000e+00  1.02632091e+00  9.86430000e+00  1.14404352e+00  9.86430000e+00  1.01596189e+00  9.86430000e+00  1.14720114e+00  9.86430000e+00  9.57426960e-01  9.86430000e+00  1.00707021e+00  9.86430000e+00  9.73910593e-01  9.86430000e+00  2.87942674e+00  9.86430000e+00  2.93791338e+00  9.86430000e+00  2.93116532e+00  9.86430000e+00  2.93795297e+00  9.86430000e+00  2.92658686e+00  9.86430000e+00  2.93787752e+00  9.86430000e+00  3.89092312e-01  9.86430000e+00  2.92244953e+00 
 9.90000000e+00  1.44774626e+00  9.90000000e+00  1.47516642e+00  9.90000000e+00  1.33257640e+00  9.90000000e+00  1.35761418e+00  9.90000000e+00  1.32989501e+00  9.90000000e+00  1.55605905e+00  9.90000000e+00  1.28944225e+00  9.90000000e+00  1.59506643e+00  9.90000000e+00  1.33065138e+00  9.90000000e+00  4.75107183e-01  9.90000000e+00  7.86091906e-01  9.90000000e+00  1.17483293e+00  9.90000000e+00  6.34019931e-01  9.90000000e+00  1.69329198e+00  9.90000000e+00  9.31920359e-01  9.90000000e+00  9.22218573e-01  9.90000000e+00  6.17231904e-01  9.90000000e+00  9.49980293e-01  9.90000000e+00  9.52859596e-01  9.90000000e+00  9.77678522e-01  9.90000000e+00  1.08759613e+00  9.90000000e+00  9.57363023e-01  9.90000000e+00  1.38672978e+00  9.90000000e+00  1.00722903e+00  9.90000000e+00  1.01297240e+00  9.90000000e+00  9.57369692e-01  9.90000000e+00  1.01081649e+00  9.90000000e+00  2.88904923e-01  9.90000000e+00  2.89072086e+00  9.90000000e+00  2.93716686e+00  9.90000000e+00  2.50500793e+00  9.90000000e+00  2.93821605e+00  9.90000000e+00  2.92461423e+00  9.90000000e+00  2.92327795e+00  9.90000000e+00  2.25248860e+00  9.90000000e+00  2.92681893e+00 
 9.90714000e+00  1.44774626e+00  9.90714000e+00  1.47516642e+00  9.90714000e+00  1.33257640e+00  9.90714000e+00  1.35761418e+00  9.90714000e+00  1.32989501e+00  9.90714000e+00  1.55605905e+00  9.90714000e+00  1.28944225e+00  9.90714000e+00  1.59506643e+00  9.90714000e+00  1.33065138e+00  9.90714000e+00  4.75107183e-01  9.90714000e+00  7.86091906e-01  9.90714000e+00  1.17483293e+00  9.90714000e+00  6.34019931e-01  9.90714000e+00  1.69329198e+00  9.90714000e+00  9.31920359e-01  9.90714000e+00  9.22218573e-01  9.90714000e+00  6.17231904e-01  9.90714000e+00  9.49980293e-01  9.90714000e+00  9.52859596e-01  9.90714000e+00  9.77678522e-01  9.90714000e+00  1.08759613e+00  9.90714000e+00  9.57363023e-01  9.90714000e+00  1.38672978e+00  9.90714000e+00  1.00722903e+00  9.90714000e+00  1.01297240e+00  9.90714000e+00  9.57369692e-01  9.90714000e+00  1.01081649e+00  9.90714000e+00  2.88904923e-01  9.90714000e+00  2.89072086e+00  9.90714000e+00  2.93716686e+00  9.90714000e+00  2.50500793e+00  9.90714000e+00  2.93821605e+00  9.90714000e+00  2.92461423e+00  9.90714000e+00  2.92327795e+00  9.90714000e+00  2.25248860e+00  9.90714000e+00  2.92681893e+00 
 9.92142000e+00  1.44774626e+00  9.92142000e+00  1.47516642e+00  9.92142000e+00  1.33257640e+00  9.92142000e+00  1.35761418e+00  9.92142000e+00  1.32989501e+00  9.92142000e+00  1.55605905e+00  9.92142000e+00  1.28944225e+00  9.92142000e+00  1.59506643e+00  9.92142000e+00  1.33065138e+00  9.92142000e+00  4.75107183e-01  9.92142000e+00  7.86091906e-01  9.92142000e+00  1.17483293e+00  9.92142000e+00  6.34019931e-01  9.92142000e+00  1.69329198e+00  9.92142000e+00  9.31920359e-01  9.92142000e+00  9.22218573e-01  9.92142000e+00  6.17231904e-01  9.92142000e+00  9.49980293e-01  9.92142000e+00  9.52859596e-01  9.92142000e+00  9.77678522e-01  9.92142000e+00  1.08759613e+00  9.92142000e+00  9.57363023e-01  9.92142000e+00  1.38672978e+00  9.92142000e+00  1.00722903e+00  9.92142000e+00  1.01297240e+00  9.92142000e+00  9.57369692e-01  9.92142000e+00  1.01081649e+00  9.92142000e+00  2.88904923e-01  9.92142000e+00  2.89072086e+00  9.92142000e+00  2.93716686e+00  9.92142000e+00  2.50500793e+00  9.92142000e+00  2.93821605e+00  9.92142000e+00  2.92461423e+00  9.92142000e+00  2.92327795e+00  9.92142000e+00  2.25248860e+00  9.92142000e+00  2.92681893e+00 
 9.94998000e+00  1.44774627e+00  9.94998000e+00  1.47516642e+00  9.94998000e+00  1.33257640e+00  9.94998000e+00  1.35761418e+00  9.94998000e+00  1.32989501e+00  9.94998000e+00  1.55605905e+00  9.94998000e+00  1.28944225e+00  9.94998000e+00  1.59506643e+00  9.94998000e+00  1.33065138e+00  9.94998000e+00  4.75107183e-01  9.94998000e+00  7.86091906e-01  9.94998000e+00  1.17483293e+00  9.94998000e+00  6.34019931e-01  9.94998000e+00  1.69329198e+00  9.94998000e+00  9.31920359e-01  9.94998000e+00  9.22218573e-01  9.94998000e+00  6.17231904e-01  9.94998000e+00  9.49980293e-01  9.94998000e+00  9.52859598e-01  9.94998000e+00  9.77678522e-01  9.94998000e+00  1.08759613e+00  9.94998000e+00  9.57363024e-01  9.94998000e+00  1.38672979e+00  9.94998000e+00  1.00722903e+00  9.94998000e+00  1.01297240e+00  9.94998000e+00  9.57369693e-01  9.94998000e+00  1.01081649e+00  9.94998000e+00  2.88904923e-01  9.94998000e+00  2.89072086e+00  9.94998000e+00  2.93716686e+00  9.94998000e+00  2.50500793e+00  9.94998000e+00  2.93821605e+00  9.94998000e+00  2.92461423e+00  9.94998000e+00  2.92327795e+00  9.94998000e+00  2.25248860e+00  9.94998000e+00  2.92681893e+00 
 1.00071000e+01  1.44774626e+00  1.00071000e+01  1.47516642e+00  1.00071000e+01  1.33257640e+00  1.00071000e+01  1.35761418e+00  1.00071000e+01  1.32989501e+00  1.00071000e+01  1.55605905e+00  1.00071000e+01  1.28944225e+00  1.00071000e+01  1.59506643e+00  1.00071000e+01  1.33065138e+00  1.00071000e+01  4.75107183e-01  1.00071000e+01  7.86091906e-01  1.00071000e+01  1.17483293e+00  1.00071000e+01  6.34019931e-01  1.00071000e+01  1.69329198e+00  1.00071000e+01  9.31920359e-01  1.00071000e+01  9.22218573e-01  1.00071000e+01  6.17231904e-01  1.00071000e+01  9.49980293e-01  1.00071000e+01  9.52859596e-01  1.00071000e+01  9.77678522e-01  1.00071000e+01  1.08759613e+00  1.00071000e+01  9.57363023e-01  1.00071000e+01  1.38672978e+00  1.00071000e+01  1.00722903e+00  1.00071000e+01  1.01297240e+00  1.00071000e+01  9.57369692e-01  1.00071000e+01  1.01081649e+00  1.00071000e+01  2.88904923e-01  1.00071000e+01  2.89072086e+00  1.00071000e+01  2.93716686e+00  1.00071000e+01  2.50500793e+00  1.00071000e+01  2.93821605e+00  1.00071000e+01  2.92461423e+00  1.00071000e+01  2.92327795e+00  1.00071000e+01  2.25248860e+00  1.00071000e+01  2.92681893e+00 
 1.00980000e+01  1.44774627e+00  1.00980000e+01  1.47516642e+00  1.00980000e+01  1.33257640e+00  1.00980000e+01  1.35761418e+00  1.00980000e+01  1.32989501e+00  1.00980000e+01  1.55605905e+00  1.00980000e+01  1.28944225e+00  1.00980000e+01  1.59506643e+00  1.00980000e+01  1.33065138e+00  1.00980000e+01  4.75107183e-01  1.00980000e+01  7.86091906e-01  1.00980000e+01  1.17483293e+00  1.00980000e+01  6.34019931e-01  1.00980000e+01  1.69329198e+00  1.00980000e+01  9.31920359e-01  1.00980000e+01  9.22218573e-01  1.00980000e+01  6.17231904e-01  1.00980000e+01  9.49980293e-01  1.00980000e+01  9.52859598e-01  1.00980000e+01  9.77678522e-01  1.00980000e+01  1.08759613e+00  1.00980000e+01  9.57363024e-01  1.00980000e+01  1.38672979e+00  1.00980000e+01  1.00722903e+00  1.00980000e+01  1.01297240e+00  1.00980000e+01  9.57369693e-01  1.00980000e+01  1.01081649e+00  1.00980000e+01  2.88904923e-01  1.00980000e+01  2.89072086e+00  1.00980000e+01  2.93716686e+00  1.00980000e+01  2.50500793e+00  1.00980000e+01  2.93821605e+00  1.00980000e+01  2.92461423e+00  1.00980000e+01  2.92327795e+00  1.00980000e+01  2.25248860e+00  1.00980000e+01  2.92681893e+00 
 1.01082000e+01  1.47937122e+00  1.01082000e+01  1.45012074e+00  1.01082000e+01  1.32961499e+00  1.01082000e+01  1.39748273e+00  1.01082000e+01  1.34744810e+00  1.01082000e+01  1.53026784e+00  1.01082000e+01  1.23961715e+00  1.01082000e+01  1.54579426e+00  1.01082000e+01  1.34455211e+00  1.01082000e+01  4.75274552e-01  1.01082000e+01  7.81857380e-01  1.01082000e+01  1.18099714e+00  1.01082000e+01  7.13339174e-01  1.01082000e+01  1.62297736e+00  1.01082000e+01  9.16399073e-01  1.01082000e+01  9.98452341e-01  1.01082000e+01  5.87326199e-01  1.01082000e+01  9.66044023e-01  1.01082000e+01  9.52740618e-01  1.01082000e+01  9.76898903e-01  1.01082000e+01  1.08995220e+00  1.01082000e+01  9.65344104e-01  1.01082000e+01  1.32553250e+00  1.01082000e+01  1.00354740e+00  1.01082000e+01  1.03707533e+00  1.01082000e+01  9.55368885e-01  1.01082000e+01  1.01482680e+00  1.01082000e+01  2.90177194e-01  1.01082000e+01  2.88914383e+00  1.01082000e+01  2.93727460e+00  1.01082000e+01  2.85401168e+00  1.01082000e+01  2.93816814e+00  1.01082000e+01  2.92242445e+00  1.01082000e+01  2.93094451e+00  1.01082000e+01  1.80927150e+00  1.01082000e+01  2.92847547e+00 
 1.01286000e+01  1.53947754e+00  1.01286000e+01  1.44866130e+00  1.01286000e+01  1.34470618e+00  1.01286000e+01  1.46072190e+00  1.01286000e+01  1.38498279e+00  1.01286000e+01  1.53259421e+00  1.01286000e+01  1.20404893e+00  1.01286000e+01  1.52184804e+00  1.01286000e+01  1.37628934e+00  1.01286000e+01  4.82414702e-01  1.01286000e+01  7.75128185e-01  1.01286000e+01  1.19159958e+00  1.01286000e+01  8.94750354e-01  1.01286000e+01  1.47771707e+00  1.01286000e+01  8.86788440e-01  1.01286000e+01  1.16026373e+00  1.01286000e+01  5.08905069e-01  1.01286000e+01  9.97360261e-01  1.01286000e+01  9.57147619e-01  1.01286000e+01  9.80383615e-01  1.01286000e+01  1.09972587e+00  1.01286000e+01  1.00060987e+00  1.01286000e+01  1.23327582e+00  1.01286000e+01  1.00171204e+00  1.01286000e+01  1.10803670e+00  1.01286000e+01  9.57390368e-01  1.01286000e+01  1.02811969e+00  1.01286000e+01  3.75146614e-01  1.01286000e+01  2.88653355e+00  1.01286000e+01  2.93744174e+00  1.01286000e+01  2.91889664e+00  1.01286000e+01  2.93806880e+00  1.01286000e+01  2.91745411e+00  1.01286000e+01  2.93688208e+00  1.01286000e+01  7.13619338e-01  1.01286000e+01  2.93088061e+00 
 1.01643000e+01  1.55458971e+00  1.01643000e+01  1.43047144e+00  1.01643000e+01  1.35372299e+00  1.01643000e+01  1.49287523e+00  1.01643000e+01  1.40477860e+00  1.01643000e+01  1.50202086e+00  1.01643000e+01  1.18036254e+00  1.01643000e+01  1.48366612e+00  1.01643000e+01  1.40309556e+00  1.01643000e+01  5.14896681e-01  1.01643000e+01  7.69670874e-01  1.01643000e+01  1.20512233e+00  1.01643000e+01  1.27115064e+00  1.01643000e+01  1.22555426e+00  1.01643000e+01  8.39099830e-01  1.01643000e+01  1.46415372e+00  1.01643000e+01  4.24181606e-01  1.01643000e+01  1.05239400e+00  1.01643000e+01  9.80928410e-01  1.01643000e+01  1.00389859e+00  1.01643000e+01  1.13523580e+00  1.01643000e+01  1.14496645e+00  1.01643000e+01  1.13739746e+00  1.01643000e+01  1.01681829e+00  1.01643000e+01  1.36967167e+00  1.01643000e+01  9.81134274e-01  1.01643000e+01  1.07112784e+00  1.01643000e+01  7.92777099e-01  1.01643000e+01  2.88431650e+00  1.01643000e+01  2.93762056e+00  1.01643000e+01  2.93792670e+00  1.01643000e+01  2.93781377e+00  1.01643000e+01  2.90698813e+00  1.01643000e+01  2.93805950e+00  1.01643000e+01  1.70314633e-01  1.01643000e+01  2.93350839e+00 
 1.02000000e+01  1.48049084e+00  1.02000000e+01  1.34621231e+00  1.02000000e+01  1.37013737e+00  1.02000000e+01  1.50333745e+00  1.02000000e+01  1.41729037e+00  1.02000000e+01  1.34011019e+00  1.02000000e+01  1.15114200e+00  1.02000000e+01  1.35739909e+00  1.02000000e+01  1.47566873e+00  1.02000000e+01  5.67953593e-01  1.02000000e+01  7.72896438e-01  1.02000000e+01  1.21303966e+00  1.02000000e+01  1.67767229e+00  1.02000000e+01  1.00683089e+00  1.02000000e+01  7.87304343e-01  1.02000000e+01  1.77649151e+00  1.02000000e+01  4.34103440e-01  1.02000000e+01  1.10718486e+00  1.02000000e+01  1.00277008e+00  1.02000000e+01  1.02505756e+00  1.02000000e+01  1.16481903e+00  1.02000000e+01  1.42476702e+00  1.02000000e+01  1.08071575e+00  1.02000000e+01  1.02786340e+00  1.02000000e+01  2.40450856e+00  1.02000000e+01  1.00109749e+00  1.02000000e+01  1.11361683e+00  1.02000000e+01  1.52821130e+00  1.02000000e+01  2.88563813e+00  1.02000000e+01  2.93770673e+00  1.02000000e+01  2.93820542e+00  1.02000000e+01  2.93139411e+00  1.02000000e+01  2.89116350e+00  1.02000000e+01  2.93827260e+00  1.02000000e+01  1.84365543e-01  1.02000000e+01  2.93549885e+00 
 1.02071400e+01  1.48049084e+00  1.02071400e+01  1.34621231e+00  1.02071400e+01  1.37013737e+00  1.02071400e+01  1.50333745e+00  1.02071400e+01  1.41729037e+00  1.02071400e+01  1.34011019e+00  1.02071400e+01  1.15114200e+00  1.02071400e+01  1.35739909e+00  1.02071400e+01  1.47566873e+00  1.02071400e+01  5.67953593e-01  1.02071400e+01  7.72896438e-01  1.02071400e+01  1.21303966e+00  1.02071400e+01  1.67767229e+00  1.02071400e+01  1.00683089e+00  1.02071400e+01  7.87304343e-01  1.02071400e+01  1.77649151e+00  1.02071400e+01  4.34103440e-01  1.02071400e+01  1.10718486e+00  1.02071400e+01  1.00277008e+00  1.02071400e+01  1.02505756e+00  1.02071400e+01  1.16481903e+00  1.02071400e+01  1.42476702e+00  1.02071400e+01  1.08071575e+00  1.02071400e+01  1.02786340e+00  1.02071400e+01  2.40450856e+00  1.02071400e+01  1.00109749e+00  1.02071400e+01  1.11361683e+00  1.02071400e+01  1.52821130e+00  1.02071400e+01  2.88563813e+00  1.02071400e+01  2.93770673e+00  1.02071400e+01  2.93820542e+00  1.02071400e+01  2.93139411e+00  1.02071400e+01  2.89116350e+00  1.02071400e+01  2.93827260e+00  1.02071400e+01  1.84365543e-01  1.02071400e+01  2.93549885e+00 
 1.02214200e+01  1.48049084e+00  1.02214200e+01  1.34621231e+00  1.02214200e+01  1.37013737e+00  1.02214200e+01  1.50333745e+00  1.02214200e+01  1.41729037e+00  1.02214200e+01  1.34011019e+00  1.02214200e+01  1.15114200e+00  1.02214200e+01  1.35739909e+00  1.02214200e+01  1.47566873e+00  1.02214200e+01  5.67953593e-01  1.02214200e+01  7.72896438e-01  1.02214200e+01  1.21303966e+00  1.02214200e+01  1.67767229e+00  1.02214200e+01  1.00683089e+00  1.02214200e+01  7.87304343e-01  1.02214200e+01  1.77649151e+00  1.02214200e+01  4.34103440e-01  1.02214200e+01  1.10718486e+00  1.02214200e+01  1.00277008e+00  1.02214200e+01  1.02505756e+00  1.02214200e+01  1.16481903e+00  1.02214200e+01  1.42476702e+00  1.02214200e+01  1.08071575e+00  1.02214200e+01  1.02786340e+00  1.02214200e+01  2.40450856e+00  1.02214200e+01  1.00109749e+00  1.02214200e+01  1.11361683e+00  1.02214200e+01  1.52821130e+00  1.02214200e+01  2.88563813e+00  1.02214200e+01  2.93770673e+00  1.02214200e+01  2.93820542e+00  1.02214200e+01  2.93139411e+00  1.02214200e+01  2.89116350e+00  1.02214200e+01  2.93827260e+00  1.02214200e+01  1.84365543e-01  1.02214200e+01  2.93549885e+00 
 1.02499800e+01  1.48049084e+00  1.02499800e+01  1.34621231e+00  1.02499800e+01  1.37013737e+00  1.02499800e+01  1.50333745e+00  1.02499800e+01  1.41729037e+00  1.02499800e+01  1.34011019e+00  1.02499800e+01  1.15114200e+00  1.02499800e+01  1.35739909e+00  1.02499800e+01  1.47566873e+00  1.02499800e+01  5.67953593e-01  1.02499800e+01  7.72896438e-01  1.02499800e+01  1.21303966e+00  1.02499800e+01  1.67767229e+00  1.02499800e+01  1.00683089e+00  1.02499800e+01  7.87304343e-01  1.02499800e+01  1.77649151e+00  1.02499800e+01  4.34103440e-01  1.02499800e+01  1.10718486e+00  1.02499800e+01  1.00277008e+00  1.02499800e+01  1.02505756e+00  1.02499800e+01  1.16481903e+00  1.02499800e+01  1.42476702e+00  1.02499800e+01  1.08071575e+00  1.02499800e+01  1.02786340e+00  1.02499800e+01  2.40450856e+00  1.02499800e+01  1.00109749e+00  1.02499800e+01  1.11361683e+00  1.02499800e+01  1.52821130e+00  1.02499800e+01  2.88563813e+00  1.02499800e+01  2.93770673e+00  1.02499800e+01  2.93820542e+00  1.02499800e+01  2.93139411e+00  1.02499800e+01  2.89116350e+00  1.02499800e+01  2.93827260e+00  1.02499800e+01  1.84365543e-01  1.02499800e+01  2.93549885e+00 
 1.03071000e+01  1.48049084e+00  1.03071000e+01  1.34621231e+00  1.03071000e+01  1.37013737e+00  1.03071000e+01  1.50333745e+00  1.03071000e+01  1.41729037e+00  1.03071000e+01  1.34011019e+00  1.03071000e+01  1.15114200e+00  1.03071000e+01  1.35739909e+00  1.03071000e+01  1.47566873e+00  1.03071000e+01  5.67953593e-01  1.03071000e+01  7.72896438e-01  1.03071000e+01  1.21303966e+00  1.03071000e+01  1.67767229e+00  1.03071000e+01  1.00683089e+00  1.03071000e+01  7.87304343e-01  1.03071000e+01  1.77649151e+00  1.03071000e+01  4.34103440e-01  1.03071000e+01  1.10718486e+00  1.03071000e+01  1.00277008e+00  1.03071000e+01  1.02505756e+00  1.03071000e+01  1.16481903e+00  1.03071000e+01  1.42476702e+00  1.03071000e+01  1.08071575e+00  1.03071000e+01  1.02786340e+00  1.03071000e+01  2.40450856e+00  1.03071000e+01  1.00109749e+00  1.03071000e+01  1.11361683e+00  1.03071000e+01  1.52821130e+00  1.03071000e+01  2.88563813e+00  1.03071000e+01  2.93770673e+00  1.03071000e+01  2.93820542e+00  1.03071000e+01  2.93139411e+00  1.03071000e+01  2.89116350e+00  1.03071000e+01  2.93827260e+00  1.03071000e+01  1.84365543e-01  1.03071000e+01  2.93549885e+00 
 1.03980000e+01  1.48049084e+00  1.03980000e+01  1.34621231e+00  1.03980000e+01  1.37013737e+00  1.03980000e+01  1.50333745e+00  1.03980000e+01  1.41729037e+00  1.03980000e+01  1.34011019e+00  1.03980000e+01  1.15114200e+00  1.03980000e+01  1.35739909e+00  1.03980000e+01  1.47566873e+00  1.03980000e+01  5.67953593e-01  1.03980000e+01  7.72896438e-01  1.03980000e+01  1.21303966e+00  1.03980000e+01  1.67767229e+00  1.03980000e+01  1.00683089e+00  1.03980000e+01  7.87304343e-01  1.03980000e+01  1.77649151e+00  1.03980000e+01  4.34103440e-01  1.03980000e+01  1.10718486e+00  1.03980000e+01  1.00277008e+00  1.03980000e+01  1.02505756e+00  1.03980000e+01  1.16481903e+00  1.03980000e+01  1.42476702e+00  1.03980000e+01  1.08071575e+00  1.03980000e+01  1.02786340e+00  1.03980000e+01  2.40450856e+00  1.03980000e+01  1.00109749e+00  1.03980000e+01  1.11361683e+00  1.03980000e+01  1.52821130e+00  1.03980000e+01  2.88563813e+00  1.03980000e+01  2.93770673e+00  1.03980000e+01  2.93820542e+00  1.03980000e+01  2.93139411e+00  1.03980000e+01  2.89116350e+00  1.03980000e+01  2.93827260e+00  1.03980000e+01  1.84365543e-01  1.03980000e+01  2.93549885e+00 
 1.04082000e+01  1.46557642e+00  1.04082000e+01  1.33976928e+00  1.04082000e+01  1.36397373e+00  1.04082000e+01  1.48862710e+00  1.04082000e+01  1.40798985e+00  1.04082000e+01  1.33248774e+00  1.04082000e+01  1.15724807e+00  1.04082000e+01  1.34988350e+00  1.04082000e+01  1.46424170e+00  1.04082000e+01  5.94410891e-01  1.04082000e+01  7.67194975e-01  1.04082000e+01  1.21859298e+00  1.04082000e+01  1.59274952e+00  1.04082000e+01  9.71637739e-01  1.04082000e+01  8.03996472e-01  1.04082000e+01  1.69629780e+00  1.04082000e+01  4.18275962e-01  1.04082000e+01  1.09973606e+00  1.04082000e+01  9.97800951e-01  1.04082000e+01  1.01775292e+00  1.04082000e+01  1.15932008e+00  1.04082000e+01  1.34222267e+00  1.04082000e+01  1.06327453e+00  1.04082000e+01  1.02454085e+00  1.04082000e+01  2.30824341e+00  1.04082000e+01  9.94989265e-01  1.04082000e+01  1.10344808e+00  1.04082000e+01  1.91335041e+00  1.04082000e+01  2.88327925e+00  1.04082000e+01  2.93775872e+00  1.04082000e+01  2.93814751e+00  1.04082000e+01  2.92898534e+00  1.04082000e+01  2.89688459e+00  1.04082000e+01  2.93821810e+00  1.04082000e+01  1.62660437e-01  1.04082000e+01  2.93526206e+00 
 1.04286000e+01  1.44797213e+00  1.04286000e+01  1.33198154e+00  1.04286000e+01  1.35691178e+00  1.04286000e+01  1.47158607e+00  1.04286000e+01  1.39726103e+00  1.04286000e+01  1.32302491e+00  1.04286000e+01  1.16432502e+00  1.04286000e+01  1.34066705e+00  1.04286000e+01  1.45125346e+00  1.04286000e+01  6.50663234e-01  1.04286000e+01  7.56712147e-01  1.04286000e+01  1.22899811e+00  1.04286000e+01  1.42471187e+00  1.04286000e+01  9.26711032e-01  1.04286000e+01  8.35702256e-01  1.04286000e+01  1.53508356e+00  1.04286000e+01  4.03508004e-01  1.04286000e+01  1.08430843e+00  1.04286000e+01  9.90188672e-01  1.04286000e+01  1.00415744e+00  1.04286000e+01  1.14899594e+00  1.04286000e+01  1.21993490e+00  1.04286000e+01  1.03836072e+00  1.04286000e+01  1.01860579e+00  1.04286000e+01  1.50012446e+00  1.04286000e+01  9.83492492e-01  1.04286000e+01  1.08430984e+00  1.04286000e+01  2.75438074e+00  1.04286000e+01  2.87865228e+00  1.04286000e+01  2.93783672e+00  1.04286000e+01  2.93803243e+00  1.04286000e+01  2.92391008e+00  1.04286000e+01  2.90610962e+00  1.04286000e+01  2.93810809e+00  1.04286000e+01  1.45339542e-01  1.04286000e+01  2.93473814e+00 
 1.04643000e+01  1.45006720e+00  1.04643000e+01  1.33032556e+00  1.04643000e+01  1.35718835e+00  1.04643000e+01  1.47439360e+00  1.04643000e+01  1.39888781e+00  1.04643000e+01  1.32117157e+00  1.04643000e+01  1.16249780e+00  1.04643000e+01  1.33668013e+00  1.04643000e+01  1.45215367e+00  1.04643000e+01  7.59553078e-01  1.04643000e+01  7.41382307e-01  1.04643000e+01  1.24472856e+00  1.04643000e+01  1.14612053e+00  1.04643000e+01  8.75842236e-01  1.04643000e+01  8.88496290e-01  1.04643000e+01  1.25986788e+00  1.04643000e+01  4.15250928e-01  1.04643000e+01  1.05633569e+00  1.04643000e+01  9.69134819e-01  1.04643000e+01  9.67751995e-01  1.04643000e+01  1.11314515e+00  1.04643000e+01  1.06093533e+00  1.04643000e+01  9.90949539e-01  1.04643000e+01  9.94499866e-01  1.04643000e+01  1.14993344e+00  1.04643000e+01  9.50205165e-01  1.04643000e+01  1.03726275e+00  1.04643000e+01  2.87994558e+00  1.04643000e+01  2.87110092e+00  1.04643000e+01  2.93790398e+00  1.04643000e+01  2.93656596e+00  1.04643000e+01  2.91533690e+00  1.04643000e+01  2.91777033e+00  1.04643000e+01  2.93791891e+00  1.04643000e+01  1.58914222e-01  1.04643000e+01  2.93367112e+00 
 1.05000000e+01  1.44887357e+00  1.05000000e+01  1.32868973e+00  1.05000000e+01  1.35672291e+00  1.05000000e+01  1.47381629e+00  1.05000000e+01  1.39854078e+00  1.05000000e+01  1.31902020e+00  1.05000000e+01  1.16257846e+00  1.05000000e+01  1.33383845e+00  1.05000000e+01  1.45147370e+00  1.05000000e+01  8.81845294e-01  1.05000000e+01  7.29895951e-01  1.05000000e+01  1.25687003e+00  1.05000000e+01  8.98097645e-01  1.05000000e+01  8.43995741e-01  1.05000000e+01  9.49081664e-01  1.05000000e+01  1.00445837e+00  1.05000000e+01  4.90280897e-01  1.05000000e+01  1.02565639e+00  1.05000000e+01  9.65469328e-01  1.05000000e+01  9.42287416e-01  1.05000000e+01  1.08856516e+00  1.05000000e+01  9.68780584e-01  1.05000000e+01  9.59874246e-01  1.05000000e+01  9.83271665e-01  1.05000000e+01  1.00994857e+00  1.05000000e+01  9.26819210e-01  1.05000000e+01  1.00208958e+00  1.05000000e+01  2.91651757e+00  1.05000000e+01  2.86469968e+00  1.05000000e+01  2.93791684e+00  1.05000000e+01  2.91947932e+00  1.05000000e+01  2.90822019e+00  1.05000000e+01  2.92671783e+00  1.05000000e+01  2.93127177e+00  1.05000000e+01  4.73593011e-01  1.05000000e+01  2.93232091e+00 
 1.05071400e+01  1.44887357e+00  1.05071400e+01  1.32868973e+00  1.05071400e+01  1.35672291e+00  1.05071400e+01  1.47381629e+00  1.05071400e+01  1.39854078e+00  1.05071400e+01  1.31902020e+00  1.05071400e+01  1.16257846e+00  1.05071400e+01  1.33383845e+00  1.05071400e+01  1.45147370e+00  1.05071400e+01  8.81845294e-01  1.05071400e+01  7.29895951e-01  1.05071400e+01  1.25687003e+00  1.05071400e+01  8.98097645e-01  1.05071400e+01  8.43995741e-01  1.05071400e+01  9.49081664e-01  1.05071400e+01  1.00445837e+00  1.05071400e+01  4.90280897e-01  1.05071400e+01  1.02565639e+00  1.05071400e+01  9.65469329e-01  1.05071400e+01  9.42287417e-01  1.05071400e+01  1.08856516e+00  1.05071400e+01  9.68780584e-01  1.05071400e+01  9.59874247e-01  1.05071400e+01  9.83271665e-01  1.05071400e+01  1.00994857e+00  1.05071400e+01  9.26819212e-01  1.05071400e+01  1.00208958e+00  1.05071400e+01  2.91651757e+00  1.05071400e+01  2.86469968e+00  1.05071400e+01  2.93791684e+00  1.05071400e+01  2.91947932e+00  1.05071400e+01  2.90822019e+00  1.05071400e+01  2.92671783e+00  1.05071400e+01  2.93127177e+00  1.05071400e+01  4.73593011e-01  1.05071400e+01  2.93232091e+00 
 1.05214200e+01  1.44887357e+00  1.05214200e+01  1.32868973e+00  1.05214200e+01  1.35672291e+00  1.05214200e+01  1.47381629e+00  1.05214200e+01  1.39854078e+00  1.05214200e+01  1.31902020e+00  1.05214200e+01  1.16257846e+00  1.05214200e+01  1.33383845e+00  1.05214200e+01  1.45147370e+00  1.05214200e+01  8.81845294e-01  1.05214200e+01  7.29895951e-01  1.05214200e+01  1.25687003e+00  1.05214200e+01  8.98097645e-01  1.05214200e+01  8.43995741e-01  1.05214200e+01  9.49081664e-01  1.05214200e+01  1.00445837e+00  1.05214200e+01  4.90280897e-01  1.05214200e+01  1.02565639e+00  1.05214200e+01  9.65469328e-01  1.05214200e+01  9.42287416e-01  1.05214200e+01  1.08856516e+00  1.05214200e+01  9.68780584e-01  1.05214200e+01  9.59874246e-01  1.05214200e+01  9.83271665e-01  1.05214200e+01  1.00994857e+00  1.05214200e+01  9.26819210e-01  1.05214200e+01  1.00208958e+00  1.05214200e+01  2.91651757e+00  1.05214200e+01  2.86469968e+00  1.05214200e+01  2.93791684e+00  1.05214200e+01  2.91947932e+00  1.05214200e+01  2.90822019e+00  1.05214200e+01  2.92671783e+00  1.05214200e+01  2.93127177e+00  1.05214200e+01  4.73593011e-01  1.05214200e+01  2.93232091e+00 
 1.05499800e+01  1.44887357e+00  1.05499800e+01  1.32868973e+00  1.05499800e+01  1.35672291e+00  1.05499800e+01  1.47381629e+00  1.05499800e+01  1.39854078e+00  1.05499800e+01  1.31902020e+00  1.05499800e+01  1.16257846e+00  1.05499800e+01  1.33383845e+00  1.05499800e+01  1.45147370e+00  1.05499800e+01  8.81845294e-01  1.05499800e+01  7.29895951e-01  1.05499800e+01  1.25687003e+00  1.05499800e+01  8.98097645e-01  1.05499800e+01  8.43995741e-01  1.05499800e+01  9.49081664e-01  1.05499800e+01  1.00445837e+00  1.05499800e+01  4.90280897e-01  1.05499800e+01  1.02565639e+00  1.05499800e+01  9.65469329e-01  1.05499800e+01  9.42287417e-01  1.05499800e+01  1.08856516e+00  1.05499800e+01  9.68780584e-01  1.05499800e+01  9.59874247e-01  1.05499800e+01  9.83271665e-01  1.05499800e+01  1.00994857e+00  1.05499800e+01  9.26819212e-01  1.05499800e+01  1.00208958e+00  1.05499800e+01  2.91651757e+00  1.05499800e+01  2.86469968e+00  1.05499800e+01  2.93791684e+00  1.05499800e+01  2.91947932e+00  1.05499800e+01  2.90822019e+00  1.05499800e+01  2.92671783e+00  1.05499800e+01  2.93127177e+00  1.05499800e+01  4.73593011e-01  1.05499800e+01  2.93232091e+00 
 1.06071000e+01  1.44887357e+00  1.06071000e+01  1.32868973e+00  1.06071000e+01  1.35672291e+00  1.06071000e+01  1.47381629e+00  1.06071000e+01  1.39854078e+00  1.06071000e+01  1.31902020e+00  1.06071000e+01  1.16257846e+00  1.06071000e+01  1.33383845e+00  1.06071000e+01  1.45147370e+00  1.06071000e+01  8.81845294e-01  1.06071000e+01  7.29895951e-01  1.06071000e+01  1.25687003e+00  1.06071000e+01  8.98097645e-01  1.06071000e+01  8.43995741e-01  1.06071000e+01  9.49081664e-01  1.06071000e+01  1.00445837e+00  1.06071000e+01  4.90280897e-01  1.06071000e+01  1.02565639e+00  1.06071000e+01  9.65469328e-01  1.06071000e+01  9.42287416e-01  1.06071000e+01  1.08856516e+00  1.06071000e+01  9.68780584e-01  1.06071000e+01  9.59874246e-01  1.06071000e+01  9.83271665e-01  1.06071000e+01  1.00994857e+00  1.06071000e+01  9.26819210e-01  1.06071000e+01  1.00208958e+00  1.06071000e+01  2.91651757e+00  1.06071000e+01  2.86469968e+00  1.06071000e+01  2.93791684e+00  1.06071000e+01  2.91947932e+00  1.06071000e+01  2.90822019e+00  1.06071000e+01  2.92671783e+00  1.06071000e+01  2.93127177e+00  1.06071000e+01  4.73593011e-01  1.06071000e+01  2.93232091e+00 
 1.06980000e+01  1.44887357e+00  1.06980000e+01  1.32868973e+00  1.06980000e+01  1.35672291e+00  1.06980000e+01  1.47381629e+00  1.06980000e+01  1.39854078e+00  1.06980000e+01  1.31902020e+00  1.06980000e+01  1.16257846e+00  1.06980000e+01  1.33383845e+00  1.06980000e+01  1.45147370e+00  1.06980000e+01  8.81845294e-01  1.06980000e+01  7.29895951e-01  1.06980000e+01  1.25687003e+00  1.06980000e+01  8.98097645e-01  1.06980000e+01  8.43995741e-01  1.06980000e+01  9.49081664e-01  1.06980000e+01  1.00445837e+00  1.06980000e+01  4.90280897e-01  1.06980000e+01  1.02565639e+00  1.06980000e+01  9.65469329e-01  1.06980000e+01  9.42287417e-01  1.06980000e+01  1.08856516e+00  1.06980000e+01  9.68780584e-01  1.06980000e+01  9.59874247e-01  1.06980000e+01  9.83271665e-01  1.06980000e+01  1.00994857e+00  1.06980000e+01  9.26819212e-01  1.06980000e+01  1.00208958e+00  1.06980000e+01  2.91651757e+00  1.06980000e+01  2.86469968e+00  1.06980000e+01  2.93791684e+00  1.06980000e+01  2.91947932e+00  1.06980000e+01  2.90822019e+00  1.06980000e+01  2.92671783e+00  1.06980000e+01  2.93127177e+00  1.06980000e+01  4.73593011e-01  1.06980000e+01  2.93232091e+00 
 1.07082000e+01  1.46570959e+00  1.07082000e+01  1.34698857e+00  1.07082000e+01  1.34752755e+00  1.07082000e+01  1.46774035e+00  1.07082000e+01  1.39093479e+00  1.07082000e+01  1.35849826e+00  1.07082000e+01  1.16428216e+00  1.07082000e+01  1.36365662e+00  1.07082000e+01  1.42787837e+00  1.07082000e+01  7.96817372e-01  1.07082000e+01  7.31555678e-01  1.07082000e+01  1.24954829e+00  1.07082000e+01  8.61997704e-01  1.07082000e+01  9.23963680e-01  1.07082000e+01  9.49389350e-01  1.07082000e+01  9.88878550e-01  1.07082000e+01  4.89146112e-01  1.07082000e+01  1.03828330e+00  1.07082000e+01  9.48507571e-01  1.07082000e+01  9.40464575e-01  1.07082000e+01  1.08294914e+00  1.07082000e+01  9.59495187e-01  1.07082000e+01  9.74806010e-01  1.07082000e+01  9.81175508e-01  1.07082000e+01  1.00268179e+00  1.07082000e+01  9.24805685e-01  1.07082000e+01  1.00343990e+00  1.07082000e+01  2.89450612e+00  1.07082000e+01  2.86566995e+00  1.07082000e+01  2.93791166e+00  1.07082000e+01  2.91242572e+00  1.07082000e+01  2.92352625e+00  1.07082000e+01  2.92675255e+00  1.07082000e+01  2.93033795e+00  1.07082000e+01  4.59279174e-01  1.07082000e+01  2.93290008e+00 
 1.07286000e+01  1.53690734e+00  1.07286000e+01  1.41225785e+00  1.07286000e+01  1.35166754e+00  1.07286000e+01  1.48765551e+00  1.07286000e+01  1.40183120e+00  1.07286000e+01  1.47217560e+00  1.07286000e+01  1.17742364e+00  1.07286000e+01  1.45619344e+00  1.07286000e+01  1.40604069e+00  1.07286000e+01  6.40743514e-01  1.07286000e+01  7.37547017e-01  1.07286000e+01  1.23478204e+00  1.07286000e+01  7.88212448e-01  1.07286000e+01  1.09035284e+00  1.07286000e+01  9.50004635e-01  1.07286000e+01  9.58286909e-01  1.07286000e+01  4.88594495e-01  1.07286000e+01  1.06390775e+00  1.07286000e+01  9.30963785e-01  1.07286000e+01  9.42183971e-01  1.07286000e+01  1.07795978e+00  1.07286000e+01  9.47668661e-01  1.07286000e+01  1.02124982e+00  1.07286000e+01  9.82248719e-01  1.07286000e+01  9.94213016e-01  1.07286000e+01  9.25679096e-01  1.07286000e+01  1.01194583e+00  1.07286000e+01  2.60669026e+00  1.07286000e+01  2.86904217e+00  1.07286000e+01  2.93786875e+00  1.07286000e+01  2.89149249e+00  1.07286000e+01  2.93494881e+00  1.07286000e+01  2.92682166e+00  1.07286000e+01  2.92771115e+00  1.07286000e+01  4.52334701e-01  1.07286000e+01  2.93397507e+00 
 1.07643000e+01  1.55661485e+00  1.07643000e+01  1.44854681e+00  1.07643000e+01  1.34942247e+00  1.07643000e+01  1.47916294e+00  1.07643000e+01  1.39595297e+00  1.07643000e+01  1.53315744e+00  1.07643000e+01  1.19354050e+00  1.07643000e+01  1.51591280e+00  1.07643000e+01  1.38645108e+00  1.07643000e+01  4.18963625e-01  1.07643000e+01  7.56605338e-01  1.07643000e+01  1.20854981e+00  1.07643000e+01  6.59376725e-01  1.07643000e+01  1.39745828e+00  1.07643000e+01  9.51178348e-01  1.07643000e+01  9.06634381e-01  1.07643000e+01  4.92835777e-01  1.07643000e+01  1.10927427e+00  1.07643000e+01  9.40118083e-01  1.07643000e+01  9.60019494e-01  1.07643000e+01  1.08563452e+00  1.07643000e+01  9.46726737e-01  1.07643000e+01  1.16371068e+00  1.07643000e+01  9.98359615e-01  1.07643000e+01  9.95242184e-01  1.07643000e+01  9.40406280e-01  1.07643000e+01  1.04311590e+00  1.07643000e+01  1.63527870e-01  1.07643000e+01  2.87860306e+00  1.07643000e+01  2.93765958e+00  1.07643000e+01  2.78919239e+00  1.07643000e+01  2.93801371e+00  1.07643000e+01  2.92695233e+00  1.07643000e+01  2.92090308e+00  1.07643000e+01  5.05954657e-01  1.07643000e+01  2.93556339e+00 
 1.08000000e+01  1.45943520e+00  1.08000000e+01  1.47908356e+00  1.08000000e+01  1.33795992e+00  1.08000000e+01  1.37073584e+00  1.08000000e+01  1.33799580e+00  1.08000000e+01  1.55947374e+00  1.08000000e+01  1.28171296e+00  1.08000000e+01  1.59984494e+00  1.08000000e+01  1.34233668e+00  1.08000000e+01  3.25370922e-01  1.08000000e+01  7.85610734e-01  1.08000000e+01  1.18182452e+00  1.08000000e+01  5.62521326e-01  1.08000000e+01  1.72011694e+00  1.08000000e+01  9.55812155e-01  1.08000000e+01  8.57464544e-01  1.08000000e+01  5.06093840e-01  1.08000000e+01  1.15480179e+00  1.08000000e+01  9.62873858e-01  1.08000000e+01  9.87754229e-01  1.08000000e+01  1.10258006e+00  1.08000000e+01  9.63120090e-01  1.08000000e+01  1.44026182e+00  1.08000000e+01  1.02366383e+00  1.08000000e+01  1.00572333e+00  1.08000000e+01  9.62799666e-01  1.08000000e+01  1.08564447e+00  1.08000000e+01  8.11168324e-02  1.08000000e+01  2.89054411e+00  1.08000000e+01  2.93728848e+00  1.08000000e+01  1.45043678e+00  1.08000000e+01  2.93823430e+00  1.08000000e+01  2.92745332e+00  1.08000000e+01  2.91141300e+00  1.08000000e+01  6.76793183e-01  1.08000000e+01  2.93676458e+00 
 1.08071400e+01  1.45943520e+00  1.08071400e+01  1.47908356e+00  1.08071400e+01  1.33795992e+00  1.08071400e+01  1.37073584e+00  1.08071400e+01  1.33799580e+00  1.08071400e+01  1.55947374e+00  1.08071400e+01  1.28171296e+00  1.08071400e+01  1.59984494e+00  1.08071400e+01  1.34233668e+00  1.08071400e+01  3.25370922e-01  1.08071400e+01  7.85610734e-01  1.08071400e+01  1.18182452e+00  1.08071400e+01  5.62521326e-01  1.08071400e+01  1.72011694e+00  1.08071400e+01  9.55812155e-01  1.08071400e+01  8.57464544e-01  1.08071400e+01  5.06093840e-01  1.08071400e+01  1.15480179e+00  1.08071400e+01  9.62873858e-01  1.08071400e+01  9.87754229e-01  1.08071400e+01  1.10258006e+00  1.08071400e+01  9.63120090e-01  1.08071400e+01  1.44026182e+00  1.08071400e+01  1.02366383e+00  1.08071400e+01  1.00572333e+00  1.08071400e+01  9.62799666e-01  1.08071400e+01  1.08564447e+00  1.08071400e+01  8.11168324e-02  1.08071400e+01  2.89054411e+00  1.08071400e+01  2.93728848e+00  1.08071400e+01  1.45043678e+00  1.08071400e+01  2.93823430e+00  1.08071400e+01  2.92745332e+00  1.08071400e+01  2.91141300e+00  1.08071400e+01  6.76793183e-01  1.08071400e+01  2.93676458e+00 
 1.08214200e+01  1.45943520e+00  1.08214200e+01  1.47908356e+00  1.08214200e+01  1.33795992e+00  1.08214200e+01  1.37073584e+00  1.08214200e+01  1.33799580e+00  1.08214200e+01  1.55947374e+00  1.08214200e+01  1.28171296e+00  1.08214200e+01  1.59984494e+00  1.08214200e+01  1.34233668e+00  1.08214200e+01  3.25370922e-01  1.08214200e+01  7.85610734e-01  1.08214200e+01  1.18182452e+00  1.08214200e+01  5.62521326e-01  1.08214200e+01  1.72011694e+00  1.08214200e+01  9.55812155e-01  1.08214200e+01  8.57464544e-01  1.08214200e+01  5.06093840e-01  1.08214200e+01  1.15480179e+00  1.08214200e+01  9.62873860e-01  1.08214200e+01  9.87754229e-01  1.08214200e+01  1.10258006e+00  1.08214200e+01  9.63120091e-01  1.08214200e+01  1.44026182e+00  1.08214200e+01  1.02366383e+00  1.08214200e+01  1.00572333e+00  1.08214200e+01  9.62799667e-01  1.08214200e+01  1.08564447e+00  1.08214200e+01  8.11168324e-02  1.08214200e+01  2.89054411e+00  1.08214200e+01  2.93728848e+00  1.08214200e+01  1.45043678e+00  1.08214200e+01  2.93823430e+00  1.08214200e+01  2.92745332e+00  1.08214200e+01  2.91141300e+00  1.08214200e+01  6.76793183e-01  1.08214200e+01  2.93676458e+00 
 1.08499800e+01  1.45943520e+00  1.08499800e+01  1.47908356e+00  1.08499800e+01  1.33795992e+00  1.08499800e+01  1.37073584e+00  1.08499800e+01  1.33799580e+00  1.08499800e+01  1.55947374e+00  1.08499800e+01  1.28171296e+00  1.08499800e+01  1.59984494e+00  1.08499800e+01  1.34233668e+00  1.08499800e+01  3.25370922e-01  1.08499800e+01  7.85610734e-01  1.08499800e+01  1.18182452e+00  1.08499800e+01  5.62521326e-01  1.08499800e+01  1.72011694e+00  1.08499800e+01  9.55812155e-01  1.08499800e+01  8.57464544e-01  1.08499800e+01  5.06093840e-01  1.08499800e+01  1.15480179e+00  1.08499800e+01  9.62873858e-01  1.08499800e+01  9.87754229e-01  1.08499800e+01  1.10258006e+00  1.08499800e+01  9.63120090e-01  1.08499800e+01  1.44026182e+00  1.08499800e+01  1.02366383e+00  1.08499800e+01  1.00572333e+00  1.08499800e+01  9.62799666e-01  1.08499800e+01  1.08564447e+00  1.08499800e+01  8.11168324e-02  1.08499800e+01  2.89054411e+00  1.08499800e+01  2.93728848e+00  1.08499800e+01  1.45043678e+00  1.08499800e+01  2.93823430e+00  1.08499800e+01  2.92745332e+00  1.08499800e+01  2.91141300e+00  1.08499800e+01  6.76793183e-01  1.08499800e+01  2.93676458e+00 
 1.09071000e+01  1.45943520e+00  1.09071000e+01  1.47908356e+00  1.09071000e+01  1.33795992e+00  1.09071000e+01  1.37073584e+00  1.09071000e+01  1.33799580e+00  1.09071000e+01  1.55947374e+00  1.09071000e+01  1.28171296e+00  1.09071000e+01  1.59984494e+00  1.09071000e+01  1.34233668e+00  1.09071000e+01  3.25370922e-01  1.09071000e+01  7.85610734e-01  1.09071000e+01  1.18182452e+00  1.09071000e+01  5.62521326e-01  1.09071000e+01  1.72011694e+00  1.09071000e+01  9.55812155e-01  1.09071000e+01  8.57464544e-01  1.09071000e+01  5.06093840e-01  1.09071000e+01  1.15480179e+00  1.09071000e+01  9.62873860e-01  1.09071000e+01  9.87754229e-01  1.09071000e+01  1.10258006e+00  1.09071000e+01  9.63120091e-01  1.09071000e+01  1.44026182e+00  1.09071000e+01  1.02366383e+00  1.09071000e+01  1.00572333e+00  1.09071000e+01  9.62799667e-01  1.09071000e+01  1.08564447e+00  1.09071000e+01  8.11168324e-02  1.09071000e+01  2.89054411e+00  1.09071000e+01  2.93728848e+00  1.09071000e+01  1.45043678e+00  1.09071000e+01  2.93823430e+00  1.09071000e+01  2.92745332e+00  1.09071000e+01  2.91141300e+00  1.09071000e+01  6.76793183e-01  1.09071000e+01  2.93676458e+00 
 1.09980000e+01  1.45943520e+00  1.09980000e+01  1.47908356e+00  1.09980000e+01  1.33795992e+00  1.09980000e+01  1.37073584e+00  1.09980000e+01  1.33799580e+00  1.09980000e+01  1.55947374e+00  1.09980000e+01  1.28171296e+00  1.09980000e+01  1.59984494e+00  1.09980000e+01  1.34233668e+00  1.09980000e+01  3.25370922e-01  1.09980000e+01  7.85610734e-01  1.09980000e+01  1.18182452e+00  1.09980000e+01  5.62521326e-01  1.09980000e+01  1.72011694e+00  1.09980000e+01  9.55812155e-01  1.09980000e+01  8.57464544e-01  1.09980000e+01  5.06093840e-01  1.09980000e+01  1.15480179e+00  1.09980000e+01  9.62873858e-01  1.09980000e+01  9.87754229e-01  1.09980000e+01  1.10258006e+00  1.09980000e+01  9.63120090e-01  1.09980000e+01  1.44026182e+00  1.09980000e+01  1.02366383e+00  1.09980000e+01  1.00572333e+00  1.09980000e+01  9.62799666e-01  1.09980000e+01  1.08564447e+00  1.09980000e+01  8.11168324e-02  1.09980000e+01  2.89054411e+00  1.09980000e+01  2.93728848e+00  1.09980000e+01  1.45043678e+00  1.09980000e+01  2.93823430e+00  1.09980000e+01  2.92745332e+00  1.09980000e+01  2.91141300e+00  1.09980000e+01  6.76793183e-01  1.09980000e+01  2.93676458e+00 
 1.10082000e+01  1.49340098e+00  1.10082000e+01  1.45991761e+00  1.10082000e+01  1.33844923e+00  1.10082000e+01  1.41237691e+00  1.10082000e+01  1.35768113e+00  1.10082000e+01  1.53957998e+00  1.10082000e+01  1.23483440e+00  1.10082000e+01  1.56023533e+00  1.10082000e+01  1.36060443e+00  1.10082000e+01  3.39172950e-01  1.10082000e+01  8.14170994e-01  1.10082000e+01  1.16832993e+00  1.10082000e+01  6.38703701e-01  1.10082000e+01  1.73520872e+00  1.10082000e+01  9.30182164e-01  1.10082000e+01  9.24411835e-01  1.10082000e+01  4.77276843e-01  1.10082000e+01  1.19517822e+00  1.10082000e+01  9.68968341e-01  1.10082000e+01  9.99189258e-01  1.10082000e+01  1.10455181e+00  1.10082000e+01  9.74021638e-01  1.10082000e+01  1.47719148e+00  1.10082000e+01  1.02381854e+00  1.10082000e+01  1.03058512e+00  1.10082000e+01  9.68817263e-01  1.10082000e+01  1.10846582e+00  1.10082000e+01  8.98942314e-02  1.10082000e+01  2.90006081e+00  1.10082000e+01  2.93704494e+00  1.10082000e+01  2.57581332e+00  1.10082000e+01  2.93824456e+00  1.10082000e+01  2.92438271e+00  1.10082000e+01  2.92358946e+00  1.10082000e+01  3.11847319e-01  1.10082000e+01  2.93749286e+00 
 1.10286000e+01  1.58245180e+00  1.10286000e+01  1.47017025e+00  1.10286000e+01  1.36690629e+00  1.10286000e+01  1.50593633e+00  1.10286000e+01  1.41472546e+00  1.10286000e+01  1.55413824e+00  1.10286000e+01  1.18653847e+00  1.10286000e+01  1.54936192e+00  1.10286000e+01  1.41758099e+00  1.10286000e+01  3.86018114e-01  1.10286000e+01  8.73584083e-01  1.10286000e+01  1.13731568e+00  1.10286000e+01  8.03713593e-01  1.10286000e+01  1.77256377e+00  1.10286000e+01  8.71822652e-01  1.10286000e+01  1.06927895e+00  1.10286000e+01  4.27624166e-01  1.10286000e+01  1.27674906e+00  1.10286000e+01  9.84856845e-01  1.10286000e+01  1.02803590e+00  1.10286000e+01  1.11134858e+00  1.10286000e+01  1.01194660e+00  1.10286000e+01  1.62505496e+00  1.10286000e+01  1.02706141e+00  1.10286000e+01  1.10017446e+00  1.10286000e+01  9.84479731e-01  1.10286000e+01  1.16381318e+00  1.10286000e+01  1.27486561e-01  1.10286000e+01  2.91488023e+00  1.10286000e+01  2.93634977e+00  1.10286000e+01  2.89679309e+00  1.10286000e+01  2.93826993e+00  1.10286000e+01  2.91451918e+00  1.10286000e+01  2.93418382e+00  1.10286000e+01  1.75006195e-01  1.10286000e+01  2.93793056e+00 
 1.10643000e+01  1.61804273e+00  1.10643000e+01  1.45857910e+00  1.10643000e+01  1.37088764e+00  1.10643000e+01  1.54464534e+00  1.10643000e+01  1.43596436e+00  1.10643000e+01  1.54501791e+00  1.10643000e+01  1.15935365e+00  1.10643000e+01  1.51552756e+00  1.10643000e+01  1.43029209e+00  1.10643000e+01  5.45087864e-01  1.10643000e+01  9.86357618e-01  1.10643000e+01  1.07244854e+00  1.10643000e+01  1.12215303e+00  1.10643000e+01  1.86498597e+00  1.10643000e+01  7.51809265e-01  1.10643000e+01  1.34991348e+00  1.10643000e+01  3.99469409e-01  1.10643000e+01  1.41876871e+00  1.10643000e+01  1.01740441e+00  1.10643000e+01  1.09242986e+00  1.10643000e+01  1.12418626e+00  1.10643000e+01  1.13129943e+00  1.10643000e+01  2.24063865e+00  1.10643000e+01  1.03719288e+00  1.10643000e+01  1.32304630e+00  1.10643000e+01  1.01612948e+00  1.10643000e+01  1.28863953e+00  1.10643000e+01  1.20433895e+00  1.10643000e+01  2.93016094e+00  1.10643000e+01  2.93430437e+00  1.10643000e+01  2.93594299e+00  1.10643000e+01  2.93833257e+00  1.10643000e+01  2.87634635e+00  1.10643000e+01  2.93798100e+00  1.10643000e+01  1.40987006e-01  1.10643000e+01  2.93802835e+00 
 1.11000000e+01  1.51017830e+00  1.11000000e+01  1.35440859e+00  1.11000000e+01  1.28975037e+00  1.11000000e+01  1.43215787e+00  1.11000000e+01  1.35472629e+00  1.11000000e+01  1.44572453e+00  1.11000000e+01  1.18237500e+00  1.11000000e+01  1.35011823e+00  1.11000000e+01  1.28804404e+00  1.11000000e+01  7.14794704e-01  1.11000000e+01  1.11682151e+00  1.11000000e+01  1.00264099e+00  1.11000000e+01  1.45724489e+00  1.11000000e+01  1.98595373e+00  1.11000000e+01  6.21002861e-01  1.11000000e+01  1.65013583e+00  1.11000000e+01  4.24898178e-01  1.11000000e+01  1.55240159e+00  1.11000000e+01  1.06187897e+00  1.11000000e+01  1.17369875e+00  1.11000000e+01  1.13319608e+00  1.11000000e+01  1.33880082e+00  1.11000000e+01  2.41365511e+00  1.11000000e+01  1.05073609e+00  1.11000000e+01  2.40269115e+00  1.11000000e+01  1.04557507e+00  1.11000000e+01  1.46408876e+00  1.11000000e+01  2.85503353e+00  1.11000000e+01  2.93578964e+00  1.11000000e+01  2.93117686e+00  1.11000000e+01  2.93805476e+00  1.11000000e+01  2.93841426e+00  1.11000000e+01  2.30901686e+00  1.11000000e+01  2.93818666e+00  1.11000000e+01  1.71276449e-01  1.11000000e+01  2.93811994e+00 
 1.11071400e+01  1.51017830e+00  1.11071400e+01  1.35440859e+00  1.11071400e+01  1.28975037e+00  1.11071400e+01  1.43215787e+00  1.11071400e+01  1.35472629e+00  1.11071400e+01  1.44572453e+00  1.11071400e+01  1.18237500e+00  1.11071400e+01  1.35011823e+00  1.11071400e+01  1.28804404e+00  1.11071400e+01  7.14794704e-01  1.11071400e+01  1.11682151e+00  1.11071400e+01  1.00264099e+00  1.11071400e+01  1.45724489e+00  1.11071400e+01  1.98595373e+00  1.11071400e+01  6.21002861e-01  1.11071400e+01  1.65013583e+00  1.11071400e+01  4.24898178e-01  1.11071400e+01  1.55240159e+00  1.11071400e+01  1.06187897e+00  1.11071400e+01  1.17369875e+00  1.11071400e+01  1.13319608e+00  1.11071400e+01  1.33880082e+00  1.11071400e+01  2.41365511e+00  1.11071400e+01  1.05073609e+00  1.11071400e+01  2.40269115e+00  1.11071400e+01  1.04557507e+00  1.11071400e+01  1.46408876e+00  1.11071400e+01  2.85503353e+00  1.11071400e+01  2.93578964e+00  1.11071400e+01  2.93117686e+00  1.11071400e+01  2.93805476e+00  1.11071400e+01  2.93841426e+00  1.11071400e+01  2.30901686e+00  1.11071400e+01  2.93818666e+00  1.11071400e+01  1.71276449e-01  1.11071400e+01  2.93811994e+00 
 1.11214200e+01  1.51017830e+00  1.11214200e+01  1.35440859e+00  1.11214200e+01  1.28975037e+00  1.11214200e+01  1.43215787e+00  1.11214200e+01  1.35472629e+00  1.11214200e+01  1.44572453e+00  1.11214200e+01  1.18237500e+00  1.11214200e+01  1.35011823e+00  1.11214200e+01  1.28804404e+00  1.11214200e+01  7.14794704e-01  1.11214200e+01  1.11682151e+00  1.11214200e+01  1.00264099e+00  1.11214200e+01  1.45724489e+00  1.11214200e+01  1.98595373e+00  1.11214200e+01  6.21002861e-01  1.11214200e+01  1.65013583e+00  1.11214200e+01  4.24898178e-01  1.11214200e+01  1.55240159e+00  1.11214200e+01  1.06187897e+00  1.11214200e+01  1.17369875e+00  1.11214200e+01  1.13319608e+00  1.11214200e+01  1.33880082e+00  1.11214200e+01  2.41365511e+00  1.11214200e+01  1.05073609e+00  1.11214200e+01  2.40269115e+00  1.11214200e+01  1.04557507e+00  1.11214200e+01  1.46408876e+00  1.11214200e+01  2.85503353e+00  1.11214200e+01  2.93578964e+00  1.11214200e+01  2.93117686e+00  1.11214200e+01  2.93805476e+00  1.11214200e+01  2.93841426e+00  1.11214200e+01  2.30901686e+00  1.11214200e+01  2.93818666e+00  1.11214200e+01  1.71276449e-01  1.11214200e+01  2.93811994e+00 
 1.11499800e+01  1.51017830e+00  1.11499800e+01  1.35440859e+00  1.11499800e+01  1.28975037e+00  1.11499800e+01  1.43215787e+00  1.11499800e+01  1.35472629e+00  1.11499800e+01  1.44572453e+00  1.11499800e+01  1.18237500e+00  1.11499800e+01  1.35011823e+00  1.11499800e+01  1.28804404e+00  1.11499800e+01  7.14794704e-01  1.11499800e+01  1.11682151e+00  1.11499800e+01  1.00264099e+00  1.11499800e+01  1.45724489e+00  1.11499800e+01  1.98595373e+00  1.11499800e+01  6.21002861e-01  1.11499800e+01  1.65013583e+00  1.11499800e+01  4.24898178e-01  1.11499800e+01  1.55240159e+00  1.11499800e+01  1.06187897e+00  1.11499800e+01  1.17369875e+00  1.11499800e+01  1.13319608e+00  1.11499800e+01  1.33880082e+00  1.11499800e+01  2.41365511e+00  1.11499800e+01  1.05073609e+00  1.11499800e+01  2.40269115e+00  1.11499800e+01  1.04557507e+00  1.11499800e+01  1.46408876e+00  1.11499800e+01  2.85503353e+00  1.11499800e+01  2.93578964e+00  1.11499800e+01  2.93117686e+00  1.11499800e+01  2.93805476e+00  1.11499800e+01  2.93841426e+00  1.11499800e+01  2.30901686e+00  1.11499800e+01  2.93818666e+00  1.11499800e+01  1.71276449e-01  1.11499800e+01  2.93811994e+00 
 1.12071000e+01  1.51017830e+00  1.12071000e+01  1.35440859e+00  1.12071000e+01  1.28975037e+00  1.12071000e+01  1.43215787e+00  1.12071000e+01  1.35472629e+00  1.12071000e+01  1.44572453e+00  1.12071000e+01  1.18237500e+00  1.12071000e+01  1.35011823e+00  1.12071000e+01  1.28804404e+00  1.12071000e+01  7.14794704e-01  1.12071000e+01  1.11682151e+00  1.12071000e+01  1.00264099e+00  1.12071000e+01  1.45724489e+00  1.12071000e+01  1.98595373e+00  1.12071000e+01  6.21002861e-01  1.12071000e+01  1.65013583e+00  1.12071000e+01  4.24898178e-01  1.12071000e+01  1.55240159e+00  1.12071000e+01  1.06187897e+00  1.12071000e+01  1.17369875e+00  1.12071000e+01  1.13319608e+00  1.12071000e+01  1.33880082e+00  1.12071000e+01  2.41365511e+00  1.12071000e+01  1.05073609e+00  1.12071000e+01  2.40269115e+00  1.12071000e+01  1.04557507e+00  1.12071000e+01  1.46408876e+00  1.12071000e+01  2.85503353e+00  1.12071000e+01  2.93578964e+00  1.12071000e+01  2.93117686e+00  1.12071000e+01  2.93805476e+00  1.12071000e+01  2.93841426e+00  1.12071000e+01  2.30901686e+00  1.12071000e+01  2.93818666e+00  1.12071000e+01  1.71276449e-01  1.12071000e+01  2.93811994e+00 
 1.12980000e+01  1.51017830e+00  1.12980000e+01  1.35440859e+00  1.12980000e+01  1.28975037e+00  1.12980000e+01  1.43215787e+00  1.12980000e+01  1.35472629e+00  1.12980000e+01  1.44572453e+00  1.12980000e+01  1.18237500e+00  1.12980000e+01  1.35011823e+00  1.12980000e+01  1.28804404e+00  1.12980000e+01  7.14794704e-01  1.12980000e+01  1.11682151e+00  1.12980000e+01  1.00264099e+00  1.12980000e+01  1.45724489e+00  1.12980000e+01  1.98595373e+00  1.12980000e+01  6.21002861e-01  1.12980000e+01  1.65013583e+00  1.12980000e+01  4.24898178e-01  1.12980000e+01  1.55240159e+00  1.12980000e+01  1.06187897e+00  1.12980000e+01  1.17369875e+00  1.12980000e+01  1.13319608e+00  1.12980000e+01  1.33880082e+00  1.12980000e+01  2.41365511e+00  1.12980000e+01  1.05073609e+00  1.12980000e+01  2.40269115e+00  1.12980000e+01  1.04557507e+00  1.12980000e+01  1.46408876e+00  1.12980000e+01  2.85503353e+00  1.12980000e+01  2.93578964e+00  1.12980000e+01  2.93117686e+00  1.12980000e+01  2.93805476e+00  1.12980000e+01  2.93841426e+00  1.12980000e+01  2.30901686e+00  1.12980000e+01  2.93818666e+00  1.12980000e+01  1.71276449e-01  1.12980000e+01  2.93811994e+00 
 1.13082000e+01  1.52147589e+00  1.13082000e+01  1.37250156e+00  1.13082000e+01  1.30234085e+00  1.13082000e+01  1.44456083e+00  1.13082000e+01  1.36453351e+00  1.13082000e+01  1.46184376e+00  1.13082000e+01  1.18129424e+00  1.13082000e+01  1.38186087e+00  1.13082000e+01  1.31035715e+00  1.13082000e+01  6.96276956e-01  1.13082000e+01  1.07483686e+00  1.13082000e+01  1.01999646e+00  1.13082000e+01  1.40513349e+00  1.13082000e+01  1.94333604e+00  1.13082000e+01  6.51531483e-01  1.13082000e+01  1.60948496e+00  1.13082000e+01  4.24337978e-01  1.13082000e+01  1.47966199e+00  1.13082000e+01  1.05216402e+00  1.13082000e+01  1.14860076e+00  1.13082000e+01  1.13125570e+00  1.13082000e+01  1.29362592e+00  1.13082000e+01  2.37427899e+00  1.13082000e+01  1.04670489e+00  1.13082000e+01  2.33474443e+00  1.13082000e+01  1.03862346e+00  1.13082000e+01  1.37489453e+00  1.13082000e+01  2.84045263e+00  1.13082000e+01  2.93439390e+00  1.13082000e+01  2.93205036e+00  1.13082000e+01  2.93801898e+00  1.13082000e+01  2.93838551e+00  1.13082000e+01  2.76069656e+00  1.13082000e+01  2.93815893e+00  1.13082000e+01  1.70523881e-01  1.13082000e+01  2.93807013e+00 
 1.13286000e+01  1.59232013e+00  1.13286000e+01  1.44132000e+00  1.13286000e+01  1.35457036e+00  1.13286000e+01  1.51666203e+00  1.13286000e+01  1.41687649e+00  1.13286000e+01  1.52911369e+00  1.13286000e+01  1.16871843e+00  1.13286000e+01  1.49029579e+00  1.13286000e+01  1.40006734e+00  1.13286000e+01  6.58559016e-01  1.13286000e+01  9.93839421e-01  1.13286000e+01  1.05500446e+00  1.13286000e+01  1.30082241e+00  1.13286000e+01  1.85482320e+00  1.13286000e+01  7.12782290e-01  1.13286000e+01  1.52616055e+00  1.13286000e+01  4.30802992e-01  1.13286000e+01  1.33583961e+00  1.13286000e+01  1.03423295e+00  1.13286000e+01  1.10524462e+00  1.13286000e+01  1.12857243e+00  1.13286000e+01  1.21770486e+00  1.13286000e+01  2.26148228e+00  1.13286000e+01  1.04092590e+00  1.13286000e+01  1.88883863e+00  1.13286000e+01  1.02545944e+00  1.13286000e+01  1.25183626e+00  1.13286000e+01  2.78710968e+00  1.13286000e+01  2.93066529e+00  1.13286000e+01  2.93361651e+00  1.13286000e+01  2.93794717e+00  1.13286000e+01  2.93832569e+00  1.13286000e+01  2.85361499e+00  1.13286000e+01  2.93810198e+00  1.13286000e+01  1.79506028e-01  1.13286000e+01  2.93797131e+00 
 1.13643000e+01  1.58183961e+00  1.13643000e+01  1.46273676e+00  1.13643000e+01  1.36186094e+00  1.13643000e+01  1.50416748e+00  1.13643000e+01  1.41238208e+00  1.13643000e+01  1.54865622e+00  1.13643000e+01  1.18451140e+00  1.13643000e+01  1.53493942e+00  1.13643000e+01  1.40881777e+00  1.13643000e+01  5.92178208e-01  1.13643000e+01  8.63411605e-01  1.13643000e+01  1.11340575e+00  1.13643000e+01  1.12153082e+00  1.13643000e+01  1.69605401e+00  1.13643000e+01  8.18798715e-01  1.13643000e+01  1.37623402e+00  1.13643000e+01  4.87714146e-01  1.13643000e+01  1.09395534e+00  1.13643000e+01  1.00052660e+00  1.13643000e+01  1.03960766e+00  1.13643000e+01  1.11762058e+00  1.13643000e+01  1.10859763e+00  1.13643000e+01  1.51893393e+00  1.13643000e+01  1.03000750e+00  1.13643000e+01  1.31142385e+00  1.13643000e+01  9.97578983e-01  1.13643000e+01  1.10479575e+00  1.13643000e+01  1.88048256e+00  1.13643000e+01  2.91273545e+00  1.13643000e+01  2.93568857e+00  1.13643000e+01  2.93592537e+00  1.13643000e+01  2.93821793e+00  1.13643000e+01  2.90143480e+00  1.13643000e+01  2.93799911e+00  1.13643000e+01  4.41270047e-01  1.13643000e+01  2.93507106e+00 
 1.14000000e+01  1.43780080e+00  1.14000000e+01  1.47337472e+00  1.14000000e+01  1.32859168e+00  1.14000000e+01  1.34610470e+00  1.14000000e+01  1.32304414e+00  1.14000000e+01  1.55481961e+00  1.14000000e+01  1.29722290e+00  1.14000000e+01  1.59372224e+00  1.14000000e+01  1.32118625e+00  1.14000000e+01  5.32821505e-01  1.14000000e+01  7.47981962e-01  1.14000000e+01  1.16033216e+00  1.14000000e+01  9.55779966e-01  1.14000000e+01  1.54837824e+00  1.14000000e+01  9.13955525e-01  1.14000000e+01  1.22491479e+00  1.14000000e+01  6.33866615e-01  1.14000000e+01  8.71361435e-01  1.14000000e+01  9.63164659e-01  1.14000000e+01  9.81855397e-01  1.14000000e+01  1.09406313e+00  1.14000000e+01  1.02066077e+00  1.14000000e+01  1.28870440e+00  1.14000000e+01  1.01384269e+00  1.14000000e+01  1.14840842e+00  1.14000000e+01  9.68838940e-01  1.14000000e+01  1.00285287e+00  1.14000000e+01  1.03471442e+00  1.14000000e+01  2.87447737e+00  1.14000000e+01  2.93688351e+00  1.14000000e+01  2.92744992e+00  1.14000000e+01  2.93811718e+00  1.14000000e+01  2.92205430e+00  1.14000000e+01  2.93780919e+00  1.14000000e+01  2.50269255e+00  1.14000000e+01  2.91442394e+00 
 1.14071400e+01  1.43780080e+00  1.14071400e+01  1.47337472e+00  1.14071400e+01  1.32859168e+00  1.14071400e+01  1.34610470e+00  1.14071400e+01  1.32304414e+00  1.14071400e+01  1.55481961e+00  1.14071400e+01  1.29722290e+00  1.14071400e+01  1.59372224e+00  1.14071400e+01  1.32118625e+00  1.14071400e+01  5.32821505e-01  1.14071400e+01  7.47981962e-01  1.14071400e+01  1.16033216e+00  1.14071400e+01  9.55779966e-01  1.14071400e+01  1.54837824e+00  1.14071400e+01  9.13955525e-01  1.14071400e+01  1.22491479e+00  1.14071400e+01  6.33866615e-01  1.14071400e+01  8.71361435e-01  1.14071400e+01  9.63164659e-01  1.14071400e+01  9.81855397e-01  1.14071400e+01  1.09406313e+00  1.14071400e+01  1.02066077e+00  1.14071400e+01  1.28870440e+00  1.14071400e+01  1.01384269e+00  1.14071400e+01  1.14840842e+00  1.14071400e+01  9.68838940e-01  1.14071400e+01  1.00285287e+00  1.14071400e+01  1.03471442e+00  1.14071400e+01  2.87447737e+00  1.14071400e+01  2.93688351e+00  1.14071400e+01  2.92744992e+00  1.14071400e+01  2.93811718e+00  1.14071400e+01  2.92205430e+00  1.14071400e+01  2.93780919e+00  1.14071400e+01  2.50269255e+00  1.14071400e+01  2.91442394e+00 
 1.14214200e+01  1.43780080e+00  1.14214200e+01  1.47337472e+00  1.14214200e+01  1.32859168e+00  1.14214200e+01  1.34610470e+00  1.14214200e+01  1.32304414e+00  1.14214200e+01  1.55481961e+00  1.14214200e+01  1.29722290e+00  1.14214200e+01  1.59372224e+00  1.14214200e+01  1.32118625e+00  1.14214200e+01  5.32821505e-01  1.14214200e+01  7.47981962e-01  1.14214200e+01  1.16033216e+00  1.14214200e+01  9.55779966e-01  1.14214200e+01  1.54837824e+00  1.14214200e+01  9.13955525e-01  1.14214200e+01  1.22491479e+00  1.14214200e+01  6.33866615e-01  1.14214200e+01  8.71361435e-01  1.14214200e+01  9.63164659e-01  1.14214200e+01  9.81855397e-01  1.14214200e+01  1.09406313e+00  1.14214200e+01  1.02066077e+00  1.14214200e+01  1.28870440e+00  1.14214200e+01  1.01384269e+00  1.14214200e+01  1.14840842e+00  1.14214200e+01  9.68838940e-01  1.14214200e+01  1.00285287e+00  1.14214200e+01  1.03471442e+00  1.14214200e+01  2.87447737e+00  1.14214200e+01  2.93688351e+00  1.14214200e+01  2.92744992e+00  1.14214200e+01  2.93811718e+00  1.14214200e+01  2.92205430e+00  1.14214200e+01  2.93780919e+00  1.14214200e+01  2.50269255e+00  1.14214200e+01  2.91442394e+00 
 1.14499800e+01  1.43780080e+00  1.14499800e+01  1.47337472e+00  1.14499800e+01  1.32859168e+00  1.14499800e+01  1.34610470e+00  1.14499800e+01  1.32304414e+00  1.14499800e+01  1.55481961e+00  1.14499800e+01  1.29722290e+00  1.14499800e+01  1.59372224e+00  1.14499800e+01  1.32118625e+00  1.14499800e+01  5.32821505e-01  1.14499800e+01  7.47981962e-01  1.14499800e+01  1.16033216e+00  1.14499800e+01  9.55779966e-01  1.14499800e+01  1.54837824e+00  1.14499800e+01  9.13955525e-01  1.14499800e+01  1.22491479e+00  1.14499800e+01  6.33866615e-01  1.14499800e+01  8.71361435e-01  1.14499800e+01  9.63164659e-01  1.14499800e+01  9.81855397e-01  1.14499800e+01  1.09406313e+00  1.14499800e+01  1.02066077e+00  1.14499800e+01  1.28870440e+00  1.14499800e+01  1.01384269e+00  1.14499800e+01  1.14840842e+00  1.14499800e+01  9.68838940e-01  1.14499800e+01  1.00285287e+00  1.14499800e+01  1.03471442e+00  1.14499800e+01  2.87447737e+00  1.14499800e+01  2.93688351e+00  1.14499800e+01  2.92744992e+00  1.14499800e+01  2.93811718e+00  1.14499800e+01  2.92205430e+00  1.14499800e+01  2.93780919e+00  1.14499800e+01  2.50269255e+00  1.14499800e+01  2.91442394e+00 
 1.15071000e+01  1.43780080e+00  1.15071000e+01  1.47337472e+00  1.15071000e+01  1.32859168e+00  1.15071000e+01  1.34610470e+00  1.15071000e+01  1.32304414e+00  1.15071000e+01  1.55481961e+00  1.15071000e+01  1.29722290e+00  1.15071000e+01  1.59372224e+00  1.15071000e+01  1.32118625e+00  1.15071000e+01  5.32821505e-01  1.15071000e+01  7.47981962e-01  1.15071000e+01  1.16033216e+00  1.15071000e+01  9.55779966e-01  1.15071000e+01  1.54837824e+00  1.15071000e+01  9.13955525e-01  1.15071000e+01  1.22491479e+00  1.15071000e+01  6.33866615e-01  1.15071000e+01  8.71361435e-01  1.15071000e+01  9.63164659e-01  1.15071000e+01  9.81855397e-01  1.15071000e+01  1.09406313e+00  1.15071000e+01  1.02066077e+00  1.15071000e+01  1.28870440e+00  1.15071000e+01  1.01384269e+00  1.15071000e+01  1.14840842e+00  1.15071000e+01  9.68838940e-01  1.15071000e+01  1.00285287e+00  1.15071000e+01  1.03471442e+00  1.15071000e+01  2.87447737e+00  1.15071000e+01  2.93688351e+00  1.15071000e+01  2.92744992e+00  1.15071000e+01  2.93811718e+00  1.15071000e+01  2.92205430e+00  1.15071000e+01  2.93780919e+00  1.15071000e+01  2.50269255e+00  1.15071000e+01  2.91442394e+00 
 1.15980000e+01  1.43780080e+00  1.15980000e+01  1.47337472e+00  1.15980000e+01  1.32859168e+00  1.15980000e+01  1.34610470e+00  1.15980000e+01  1.32304414e+00  1.15980000e+01  1.55481961e+00  1.15980000e+01  1.29722290e+00  1.15980000e+01  1.59372224e+00  1.15980000e+01  1.32118625e+00  1.15980000e+01  5.32821505e-01  1.15980000e+01  7.47981962e-01  1.15980000e+01  1.16033216e+00  1.15980000e+01  9.55779966e-01  1.15980000e+01  1.54837824e+00  1.15980000e+01  9.13955525e-01  1.15980000e+01  1.22491479e+00  1.15980000e+01  6.33866615e-01  1.15980000e+01  8.71361435e-01  1.15980000e+01  9.63164659e-01  1.15980000e+01  9.81855397e-01  1.15980000e+01  1.09406313e+00  1.15980000e+01  1.02066077e+00  1.15980000e+01  1.28870440e+00  1.15980000e+01  1.01384269e+00  1.15980000e+01  1.14840842e+00  1.15980000e+01  9.68838940e-01  1.15980000e+01  1.00285287e+00  1.15980000e+01  1.03471442e+00  1.15980000e+01  2.87447737e+00  1.15980000e+01  2.93688351e+00  1.15980000e+01  2.92744992e+00  1.15980000e+01  2.93811718e+00  1.15980000e+01  2.92205430e+00  1.15980000e+01  2.93780919e+00  1.15980000e+01  2.50269255e+00  1.15980000e+01  2.91442394e+00 
 1.16082000e+01  1.47466166e+00  1.16082000e+01  1.44738141e+00  1.16082000e+01  1.32668471e+00  1.16082000e+01  1.39215050e+00  1.16082000e+01  1.34387266e+00  1.16082000e+01  1.52793982e+00  1.16082000e+01  1.24182870e+00  1.16082000e+01  1.54185240e+00  1.16082000e+01  1.33888293e+00  1.16082000e+01  5.23511514e-01  1.16082000e+01  7.44454977e-01  1.16082000e+01  1.13521493e+00  1.16082000e+01  1.02304590e+00  1.16082000e+01  1.51971184e+00  1.16082000e+01  8.70532409e-01  1.16082000e+01  1.28901895e+00  1.16082000e+01  5.83707955e-01  1.16082000e+01  8.76982540e-01  1.16082000e+01  9.64276260e-01  1.16082000e+01  9.82644703e-01  1.16082000e+01  1.08590948e+00  1.16082000e+01  1.03965082e+00  1.16082000e+01  1.27127986e+00  1.16082000e+01  1.00560430e+00  1.16082000e+01  1.18787402e+00  1.16082000e+01  9.66631914e-01  1.16082000e+01  1.00543138e+00  1.16082000e+01  9.08127853e-01  1.16082000e+01  2.87269808e+00  1.16082000e+01  2.93629601e+00  1.16082000e+01  2.93219698e+00  1.16082000e+01  2.93809757e+00  1.16082000e+01  2.91425200e+00  1.16082000e+01  2.93793903e+00  1.16082000e+01  1.75636907e+00  1.16082000e+01  2.91556488e+00 
 1.16286000e+01  1.53248603e+00  1.16286000e+01  1.44553636e+00  1.16286000e+01  1.34127566e+00  1.16286000e+01  1.45337365e+00  1.16286000e+01  1.38018271e+00  1.16286000e+01  1.52941450e+00  1.16286000e+01  1.20697376e+00  1.16286000e+01  1.51814347e+00  1.16286000e+01  1.36991149e+00  1.16286000e+01  5.06219807e-01  1.16286000e+01  7.37716705e-01  1.16286000e+01  1.07575745e+00  1.16286000e+01  1.16257363e+00  1.16286000e+01  1.45720318e+00  1.16286000e+01  7.88872582e-01  1.16286000e+01  1.41988278e+00  1.16286000e+01  4.98952222e-01  1.16286000e+01  8.88159742e-01  1.16286000e+01  9.69176407e-01  1.16286000e+01  9.86856828e-01  1.16286000e+01  1.07032349e+00  1.16286000e+01  1.08912981e+00  1.16286000e+01  1.23976268e+00  1.16286000e+01  9.95385700e-01  1.16286000e+01  1.29563555e+00  1.16286000e+01  9.69412192e-01  1.16286000e+01  1.01328890e+00  1.16286000e+01  6.78438931e-01  1.16286000e+01  2.86913485e+00  1.16286000e+01  2.93442812e+00  1.16286000e+01  2.93693002e+00  1.16286000e+01  2.93805473e+00  1.16286000e+01  2.89173030e+00  1.16286000e+01  2.93802912e+00  1.16286000e+01  5.84174742e-01  1.16286000e+01  2.91770831e+00 
 1.16643000e+01  1.54364058e+00  1.16643000e+01  1.42477710e+00  1.16643000e+01  1.33359238e+00  1.16643000e+01  1.46546202e+00  1.16643000e+01  1.38437818e+00  1.16643000e+01  1.51152417e+00  1.16643000e+01  1.19173559e+00  1.16643000e+01  1.47421674e+00  1.16643000e+01  1.35981443e+00  1.16643000e+01  4.79402703e-01  1.16643000e+01  7.35978165e-01  1.16643000e+01  9.68277200e-01  1.16643000e+01  1.41859824e+00  1.16643000e+01  1.34316132e+00  1.16643000e+01  6.73956694e-01  1.16643000e+01  1.65379141e+00  1.16643000e+01  4.30291516e-01  1.16643000e+01  9.07414270e-01  1.16643000e+01  9.78353610e-01  1.16643000e+01  9.96024606e-01  1.16643000e+01  1.04657158e+00  1.16643000e+01  1.20990649e+00  1.16643000e+01  1.18957370e+00  1.16643000e+01  9.88740992e-01  1.16643000e+01  2.12591682e+00  1.16643000e+01  9.78644491e-01  1.16643000e+01  1.02756091e+00  1.16643000e+01  3.37940221e-01  1.16643000e+01  2.86817814e+00  1.16643000e+01  2.92868318e+00  1.16643000e+01  2.93802823e+00  1.16643000e+01  2.93797635e+00  1.16643000e+01  2.81573151e+00  1.16643000e+01  2.93818915e+00  1.16643000e+01  1.78770492e-01  1.16643000e+01  2.92102875e+00 
 1.17000000e+01  1.45102649e+00  1.17000000e+01  1.33655817e+00  1.17000000e+01  1.26263155e+00  1.17000000e+01  1.36411426e+00  1.17000000e+01  1.31350103e+00  1.17000000e+01  1.43209129e+00  1.17000000e+01  1.22632208e+00  1.17000000e+01  1.32817900e+00  1.17000000e+01  1.22607464e+00  1.17000000e+01  4.56055441e-01  1.17000000e+01  7.54181781e-01  1.17000000e+01  8.80705578e-01  1.17000000e+01  1.67827571e+00  1.17000000e+01  1.25844194e+00  1.17000000e+01  6.05623484e-01  1.17000000e+01  1.88361673e+00  1.17000000e+01  4.18739968e-01  1.17000000e+01  9.26097764e-01  1.17000000e+01  9.86966665e-01  1.17000000e+01  1.00733387e+00  1.17000000e+01  1.03242748e+00  1.17000000e+01  1.39370195e+00  1.17000000e+01  1.15981293e+00  1.17000000e+01  9.90949245e-01  1.17000000e+01  2.44363340e+00  1.17000000e+01  9.86891160e-01  1.17000000e+01  1.04143998e+00  1.17000000e+01  2.23736686e-01  1.17000000e+01  2.87747419e+00  1.17000000e+01  2.91629710e+00  1.17000000e+01  2.93820583e+00  1.17000000e+01  2.93791792e+00  1.17000000e+01  2.07929576e+00  1.17000000e+01  2.93834517e+00  1.17000000e+01  1.63245084e-01  1.17000000e+01  2.92382515e+00 
 1.17071400e+01  1.45102649e+00  1.17071400e+01  1.33655817e+00  1.17071400e+01  1.26263155e+00  1.17071400e+01  1.36411426e+00  1.17071400e+01  1.31350103e+00  1.17071400e+01  1.43209128e+00  1.17071400e+01  1.22632208e+00  1.17071400e+01  1.32817900e+00  1.17071400e+01  1.22607464e+00  1.17071400e+01  4.56055441e-01  1.17071400e+01  7.54181781e-01  1.17071400e+01  8.80705578e-01  1.17071400e+01  1.67827571e+00  1.17071400e+01  1.25844194e+00  1.17071400e+01  6.05623484e-01  1.17071400e+01  1.88361673e+00  1.17071400e+01  4.18739968e-01  1.17071400e+01  9.26097764e-01  1.17071400e+01  9.86966665e-01  1.17071400e+01  1.00733387e+00  1.17071400e+01  1.03242748e+00  1.17071400e+01  1.39370195e+00  1.17071400e+01  1.15981293e+00  1.17071400e+01  9.90949245e-01  1.17071400e+01  2.44363340e+00  1.17071400e+01  9.86891159e-01  1.17071400e+01  1.04143998e+00  1.17071400e+01  2.23736686e-01  1.17071400e+01  2.87747419e+00  1.17071400e+01  2.91629710e+00  1.17071400e+01  2.93820583e+00  1.17071400e+01  2.93791792e+00  1.17071400e+01  2.07929576e+00  1.17071400e+01  2.93834517e+00  1.17071400e+01  1.63245084e-01  1.17071400e+01  2.92382515e+00 
 1.17214200e+01  1.45102649e+00  1.17214200e+01  1.33655817e+00  1.17214200e+01  1.26263155e+00  1.17214200e+01  1.36411426e+00  1.17214200e+01  1.31350103e+00  1.17214200e+01  1.43209129e+00  1.17214200e+01  1.22632208e+00  1.17214200e+01  1.32817900e+00  1.17214200e+01  1.22607464e+00  1.17214200e+01  4.56055441e-01  1.17214200e+01  7.54181781e-01  1.17214200e+01  8.80705578e-01  1.17214200e+01  1.67827571e+00  1.17214200e+01  1.25844194e+00  1.17214200e+01  6.05623484e-01  1.17214200e+01  1.88361673e+00  1.17214200e+01  4.18739968e-01  1.17214200e+01  9.26097764e-01  1.17214200e+01  9.86966667e-01  1.17214200e+01  1.00733387e+00  1.17214200e+01  1.03242748e+00  1.17214200e+01  1.39370196e+00  1.17214200e+01  1.15981294e+00  1.17214200e+01  9.90949246e-01  1.17214200e+01  2.44363340e+00  1.17214200e+01  9.86891162e-01  1.17214200e+01  1.04143998e+00  1.17214200e+01  2.23736686e-01  1.17214200e+01  2.87747419e+00  1.17214200e+01  2.91629710e+00  1.17214200e+01  2.93820583e+00  1.17214200e+01  2.93791792e+00  1.17214200e+01  2.07929576e+00  1.17214200e+01  2.93834517e+00  1.17214200e+01  1.63245084e-01  1.17214200e+01  2.92382515e+00 
 1.17499800e+01  1.45102649e+00  1.17499800e+01  1.33655817e+00  1.17499800e+01  1.26263155e+00  1.17499800e+01  1.36411426e+00  1.17499800e+01  1.31350103e+00  1.17499800e+01  1.43209128e+00  1.17499800e+01  1.22632208e+00  1.17499800e+01  1.32817900e+00  1.17499800e+01  1.22607464e+00  1.17499800e+01  4.56055441e-01  1.17499800e+01  7.54181781e-01  1.17499800e+01  8.80705578e-01  1.17499800e+01  1.67827571e+00  1.17499800e+01  1.25844194e+00  1.17499800e+01  6.05623484e-01  1.17499800e+01  1.88361673e+00  1.17499800e+01  4.18739968e-01  1.17499800e+01  9.26097764e-01  1.17499800e+01  9.86966665e-01  1.17499800e+01  1.00733387e+00  1.17499800e+01  1.03242748e+00  1.17499800e+01  1.39370195e+00  1.17499800e+01  1.15981293e+00  1.17499800e+01  9.90949245e-01  1.17499800e+01  2.44363340e+00  1.17499800e+01  9.86891159e-01  1.17499800e+01  1.04143998e+00  1.17499800e+01  2.23736686e-01  1.17499800e+01  2.87747419e+00  1.17499800e+01  2.91629710e+00  1.17499800e+01  2.93820583e+00  1.17499800e+01  2.93791792e+00  1.17499800e+01  2.07929576e+00  1.17499800e+01  2.93834517e+00  1.17499800e+01  1.63245084e-01  1.17499800e+01  2.92382515e+00 
 1.18071000e+01  1.45102649e+00  1.18071000e+01  1.33655817e+00  1.18071000e+01  1.26263155e+00  1.18071000e+01  1.36411426e+00  1.18071000e+01  1.31350103e+00  1.18071000e+01  1.43209129e+00  1.18071000e+01  1.22632208e+00  1.18071000e+01  1.32817900e+00  1.18071000e+01  1.22607464e+00  1.18071000e+01  4.56055441e-01  1.18071000e+01  7.54181781e-01  1.18071000e+01  8.80705578e-01  1.18071000e+01  1.67827571e+00  1.18071000e+01  1.25844194e+00  1.18071000e+01  6.05623484e-01  1.18071000e+01  1.88361673e+00  1.18071000e+01  4.18739968e-01  1.18071000e+01  9.26097764e-01  1.18071000e+01  9.86966667e-01  1.18071000e+01  1.00733387e+00  1.18071000e+01  1.03242748e+00  1.18071000e+01  1.39370196e+00  1.18071000e+01  1.15981294e+00  1.18071000e+01  9.90949246e-01  1.18071000e+01  2.44363340e+00  1.18071000e+01  9.86891162e-01  1.18071000e+01  1.04143998e+00  1.18071000e+01  2.23736686e-01  1.18071000e+01  2.87747419e+00  1.18071000e+01  2.91629710e+00  1.18071000e+01  2.93820583e+00  1.18071000e+01  2.93791792e+00  1.18071000e+01  2.07929576e+00  1.18071000e+01  2.93834517e+00  1.18071000e+01  1.63245084e-01  1.18071000e+01  2.92382515e+00 
 1.18980000e+01  1.45102649e+00  1.18980000e+01  1.33655817e+00  1.18980000e+01  1.26263155e+00  1.18980000e+01  1.36411426e+00  1.18980000e+01  1.31350103e+00  1.18980000e+01  1.43209128e+00  1.18980000e+01  1.22632208e+00  1.18980000e+01  1.32817900e+00  1.18980000e+01  1.22607464e+00  1.18980000e+01  4.56055441e-01  1.18980000e+01  7.54181781e-01  1.18980000e+01  8.80705578e-01  1.18980000e+01  1.67827571e+00  1.18980000e+01  1.25844194e+00  1.18980000e+01  6.05623484e-01  1.18980000e+01  1.88361673e+00  1.18980000e+01  4.18739968e-01  1.18980000e+01  9.26097764e-01  1.18980000e+01  9.86966665e-01  1.18980000e+01  1.00733387e+00  1.18980000e+01  1.03242748e+00  1.18980000e+01  1.39370195e+00  1.18980000e+01  1.15981293e+00  1.18980000e+01  9.90949245e-01  1.18980000e+01  2.44363340e+00  1.18980000e+01  9.86891159e-01  1.18980000e+01  1.04143998e+00  1.18980000e+01  2.23736686e-01  1.18980000e+01  2.87747419e+00  1.18980000e+01  2.91629710e+00  1.18980000e+01  2.93820583e+00  1.18980000e+01  2.93791792e+00  1.18980000e+01  2.07929576e+00  1.18980000e+01  2.93834517e+00  1.18980000e+01  1.63245084e-01  1.18980000e+01  2.92382515e+00 
 1.19082000e+01  1.45141756e+00  1.19082000e+01  1.33658794e+00  1.19082000e+01  1.26289980e+00  1.19082000e+01  1.36472132e+00  1.19082000e+01  1.31388003e+00  1.19082000e+01  1.43195269e+00  1.19082000e+01  1.22588977e+00  1.19082000e+01  1.32819113e+00  1.19082000e+01  1.22674270e+00  1.19082000e+01  4.45557738e-01  1.19082000e+01  7.47214271e-01  1.19082000e+01  8.70515463e-01  1.19082000e+01  1.67267525e+00  1.19082000e+01  1.27493683e+00  1.19082000e+01  5.93825593e-01  1.19082000e+01  1.85107888e+00  1.19082000e+01  4.28569315e-01  1.19082000e+01  9.49540139e-01  1.19082000e+01  9.87771035e-01  1.19082000e+01  1.00703394e+00  1.19082000e+01  1.03084369e+00  1.19082000e+01  1.39067627e+00  1.19082000e+01  1.16857046e+00  1.19082000e+01  9.90963756e-01  1.19082000e+01  2.42622093e+00  1.19082000e+01  9.87681419e-01  1.19082000e+01  1.04844880e+00  1.19082000e+01  2.03049727e-01  1.19082000e+01  2.87409485e+00  1.19082000e+01  2.91424847e+00  1.19082000e+01  2.93820201e+00  1.19082000e+01  2.93792931e+00  1.19082000e+01  1.90472818e+00  1.19082000e+01  2.93832315e+00  1.19082000e+01  1.76326600e-01  1.19082000e+01  2.92676952e+00 
 1.19286000e+01  1.45232803e+00  1.19286000e+01  1.33670549e+00  1.19286000e+01  1.26350611e+00  1.19286000e+01  1.36608633e+00  1.19286000e+01  1.31473074e+00  1.19286000e+01  1.43171892e+00  1.19286000e+01  1.22492601e+00  1.19286000e+01  1.32830540e+00  1.19286000e+01  1.22823831e+00  1.19286000e+01  4.24589084e-01  1.19286000e+01  7.34390938e-01  1.19286000e+01  8.50123017e-01  1.19286000e+01  1.65959497e+00  1.19286000e+01  1.30960049e+00  1.19286000e+01  5.69586614e-01  1.19286000e+01  1.78313204e+00  1.19286000e+01  4.62733598e-01  1.19286000e+01  9.97586535e-01  1.19286000e+01  9.89628744e-01  1.19286000e+01  1.00692953e+00  1.19286000e+01  1.02809717e+00  1.19286000e+01  1.38367693e+00  1.19286000e+01  1.18799272e+00  1.19286000e+01  9.91466817e-01  1.19286000e+01  2.38214600e+00  1.19286000e+01  9.89508932e-01  1.19286000e+01  1.06404777e+00  1.19286000e+01  1.70860643e-01  1.19286000e+01  2.86729051e+00  1.19286000e+01  2.90970761e+00  1.19286000e+01  2.93819310e+00  1.19286000e+01  2.93795322e+00  1.19286000e+01  1.55168551e+00  1.19286000e+01  2.93827710e+00  1.19286000e+01  2.39912014e-01  1.19286000e+01  2.93089396e+00 
 1.19643000e+01  1.45476702e+00  1.19643000e+01  1.33730259e+00  1.19643000e+01  1.26496085e+00  1.19643000e+01  1.36938067e+00  1.19643000e+01  1.31676976e+00  1.19643000e+01  1.43168922e+00  1.19643000e+01  1.22267335e+00  1.19643000e+01  1.32908337e+00  1.19643000e+01  1.23172187e+00  1.19643000e+01  3.88144722e-01  1.19643000e+01  7.15504167e-01  1.19643000e+01  8.14424006e-01  1.19643000e+01  1.63176819e+00  1.19643000e+01  1.37594461e+00  1.19643000e+01  5.28992265e-01  1.19643000e+01  1.65748684e+00  1.19643000e+01  5.52649881e-01  1.19643000e+01  1.08495023e+00  1.19643000e+01  9.93940299e-01  1.19643000e+01  1.00851438e+00  1.19643000e+01  1.02490535e+00  1.19643000e+01  1.37000112e+00  1.19643000e+01  1.22965013e+00  1.19643000e+01  9.94334141e-01  1.19643000e+01  2.23824928e+00  1.19643000e+01  9.94726937e-01  1.19643000e+01  1.09708725e+00  1.19643000e+01  1.29526122e-01  1.19643000e+01  2.85552551e+00  1.19643000e+01  2.90013703e+00  1.19643000e+01  2.93817414e+00  1.19643000e+01  2.93799891e+00  1.19643000e+01  9.82414442e-01  1.19643000e+01  2.93819167e+00  1.19643000e+01  1.31040255e+00  1.19643000e+01  2.93476084e+00 
 1.20000000e+01  1.45910661e+00  1.20000000e+01  1.33869485e+00  1.20000000e+01  1.26724073e+00  1.20000000e+01  1.37468094e+00  1.20000000e+01  1.32002128e+00  1.20000000e+01  1.43246600e+00  1.20000000e+01  1.21918049e+00  1.20000000e+01  1.33096811e+00  1.20000000e+01  1.23700988e+00  1.20000000e+01  3.53430362e-01  1.20000000e+01  7.01073619e-01  1.20000000e+01  7.79039274e-01  1.20000000e+01  1.60173367e+00  1.20000000e+01  1.44880537e+00  1.20000000e+01  4.89906977e-01  1.20000000e+01  1.52884567e+00  1.20000000e+01  6.12727472e-01  1.20000000e+01  1.17490318e+00  1.20000000e+01  9.99878542e-01  1.20000000e+01  1.01248666e+00  1.20000000e+01  1.02408548e+00  1.20000000e+01  1.35834824e+00  1.20000000e+01  1.28383497e+00  1.20000000e+01  9.99861104e-01  1.20000000e+01  1.59154114e+00  1.20000000e+01  1.00397946e+00  1.20000000e+01  1.13828195e+00  1.20000000e+01  9.99891814e-02  1.20000000e+01  2.84459550e+00  1.20000000e+01  2.88806666e+00  1.20000000e+01  2.93815364e+00  1.20000000e+01  2.93804897e+00  1.20000000e+01  4.68872397e-01  1.20000000e+01  2.93810382e+00  1.20000000e+01  2.18513062e+00  1.20000000e+01  2.93716813e+00 
 1.20071400e+01  1.45910661e+00  1.20071400e+01  1.33869485e+00  1.20071400e+01  1.26724073e+00  1.20071400e+01  1.37468094e+00  1.20071400e+01  1.32002128e+00  1.20071400e+01  1.43246600e+00  1.20071400e+01  1.21918049e+00  1.20071400e+01  1.33096811e+00  1.20071400e+01  1.23700988e+00  1.20071400e+01  3.53430362e-01  1.20071400e+01  7.01073619e-01  1.20071400e+01  7.79039274e-01  1.20071400e+01  1.60173367e+00  1.20071400e+01  1.44880537e+00  1.20071400e+01  4.89906977e-01  1.20071400e+01  1.52884567e+00  1.20071400e+01  6.12727472e-01  1.20071400e+01  1.17490318e+00  1.20071400e+01  9.99878542e-01  1.20071400e+01  1.01248666e+00  1.20071400e+01  1.02408548e+00  1.20071400e+01  1.35834824e+00  1.20071400e+01  1.28383497e+00  1.20071400e+01  9.99861104e-01  1.20071400e+01  1.59154114e+00  1.20071400e+01  1.00397946e+00  1.20071400e+01  1.13828195e+00  1.20071400e+01  9.99891814e-02  1.20071400e+01  2.84459550e+00  1.20071400e+01  2.88806666e+00  1.20071400e+01  2.93815364e+00  1.20071400e+01  2.93804897e+00  1.20071400e+01  4.68872397e-01  1.20071400e+01  2.93810382e+00  1.20071400e+01  2.18513062e+00  1.20071400e+01  2.93716813e+00 
 1.20214200e+01  1.45910661e+00  1.20214200e+01  1.33869485e+00  1.20214200e+01  1.26724073e+00  1.20214200e+01  1.37468094e+00  1.20214200e+01  1.32002128e+00  1.20214200e+01  1.43246600e+00  1.20214200e+01  1.21918049e+00  1.20214200e+01  1.33096811e+00  1.20214200e+01  1.23700988e+00  1.20214200e+01  3.53430362e-01  1.20214200e+01  7.01073619e-01  1.20214200e+01  7.79039274e-01  1.20214200e+01  1.60173367e+00  1.20214200e+01  1.44880537e+00  1.20214200e+01  4.89906977e-01  1.20214200e+01  1.52884567e+00  1.20214200e+01  6.12727472e-01  1.20214200e+01  1.17490318e+00  1.20214200e+01  9.99878541e-01  1.20214200e+01  1.01248666e+00  1.20214200e+01  1.02408548e+00  1.20214200e+01  1.35834824e+00  1.20214200e+01  1.28383497e+00  1.20214200e+01  9.99861102e-01  1.20214200e+01  1.59154113e+00  1.20214200e+01  1.00397946e+00  1.20214200e+01  1.13828195e+00  1.20214200e+01  9.99891814e-02  1.20214200e+01  2.84459550e+00  1.20214200e+01  2.88806666e+00  1.20214200e+01  2.93815364e+00  1.20214200e+01  2.93804897e+00  1.20214200e+01  4.68872397e-01  1.20214200e+01  2.93810382e+00  1.20214200e+01  2.18513062e+00  1.20214200e+01  2.93716813e+00 
 1.20499800e+01  1.45910661e+00  1.20499800e+01  1.33869485e+00  1.20499800e+01  1.26724073e+00  1.20499800e+01  1.37468094e+00  1.20499800e+01  1.32002128e+00  1.20499800e+01  1.43246600e+00  1.20499800e+01  1.21918049e+00  1.20499800e+01  1.33096811e+00  1.20499800e+01  1.23700988e+00  1.20499800e+01  3.53430362e-01  1.20499800e+01  7.01073619e-01  1.20499800e+01  7.79039274e-01  1.20499800e+01  1.60173367e+00  1.20499800e+01  1.44880537e+00  1.20499800e+01  4.89906977e-01  1.20499800e+01  1.52884567e+00  1.20499800e+01  6.12727472e-01  1.20499800e+01  1.17490318e+00  1.20499800e+01  9.99878542e-01  1.20499800e+01  1.01248666e+00  1.20499800e+01  1.02408548e+00  1.20499800e+01  1.35834824e+00  1.20499800e+01  1.28383497e+00  1.20499800e+01  9.99861104e-01  1.20499800e+01  1.59154114e+00  1.20499800e+01  1.00397946e+00  1.20499800e+01  1.13828195e+00  1.20499800e+01  9.99891814e-02  1.20499800e+01  2.84459550e+00  1.20499800e+01  2.88806666e+00  1.20499800e+01  2.93815364e+00  1.20499800e+01  2.93804897e+00  1.20499800e+01  4.68872397e-01  1.20499800e+01  2.93810382e+00  1.20499800e+01  2.18513062e+00  1.20499800e+01  2.93716813e+00 
 1.21071000e+01  1.45910661e+00  1.21071000e+01  1.33869485e+00  1.21071000e+01  1.26724073e+00  1.21071000e+01  1.37468094e+00  1.21071000e+01  1.32002128e+00  1.21071000e+01  1.43246600e+00  1.21071000e+01  1.21918049e+00  1.21071000e+01  1.33096811e+00  1.21071000e+01  1.23700988e+00  1.21071000e+01  3.53430362e-01  1.21071000e+01  7.01073619e-01  1.21071000e+01  7.79039274e-01  1.21071000e+01  1.60173367e+00  1.21071000e+01  1.44880537e+00  1.21071000e+01  4.89906977e-01  1.21071000e+01  1.52884567e+00  1.21071000e+01  6.12727472e-01  1.21071000e+01  1.17490318e+00  1.21071000e+01  9.99878541e-01  1.21071000e+01  1.01248666e+00  1.21071000e+01  1.02408548e+00  1.21071000e+01  1.35834824e+00  1.21071000e+01  1.28383497e+00  1.21071000e+01  9.99861101e-01  1.21071000e+01  1.59154113e+00  1.21071000e+01  1.00397946e+00  1.21071000e+01  1.13828195e+00  1.21071000e+01  9.99891814e-02  1.21071000e+01  2.84459550e+00  1.21071000e+01  2.88806666e+00  1.21071000e+01  2.93815364e+00  1.21071000e+01  2.93804897e+00  1.21071000e+01  4.68872397e-01  1.21071000e+01  2.93810382e+00  1.21071000e+01  2.18513062e+00  1.21071000e+01  2.93716813e+00 
 1.21980000e+01  1.45910661e+00  1.21980000e+01  1.33869485e+00  1.21980000e+01  1.26724073e+00  1.21980000e+01  1.37468094e+00  1.21980000e+01  1.32002128e+00  1.21980000e+01  1.43246600e+00  1.21980000e+01  1.21918049e+00  1.21980000e+01  1.33096811e+00  1.21980000e+01  1.23700988e+00  1.21980000e+01  3.53430362e-01  1.21980000e+01  7.01073619e-01  1.21980000e+01  7.79039274e-01  1.21980000e+01  1.60173367e+00  1.21980000e+01  1.44880537e+00  1.21980000e+01  4.89906977e-01  1.21980000e+01  1.52884567e+00  1.21980000e+01  6.12727472e-01  1.21980000e+01  1.17490318e+00  1.21980000e+01  9.99878542e-01  1.21980000e+01  1.01248666e+00  1.21980000e+01  1.02408548e+00  1.21980000e+01  1.35834824e+00  1.21980000e+01  1.28383497e+00  1.21980000e+01  9.99861104e-01  1.21980000e+01  1.59154114e+00  1.21980000e+01  1.00397946e+00  1.21980000e+01  1.13828195e+00  1.21980000e+01  9.99891814e-02  1.21980000e+01  2.84459550e+00  1.21980000e+01  2.88806666e+00  1.21980000e+01  2.93815364e+00  1.21980000e+01  2.93804897e+00  1.21980000e+01  4.68872397e-01  1.21980000e+01  2.93810382e+00  1.21980000e+01  2.18513062e+00  1.21980000e+01  2.93716813e+00 
 1.22082000e+01  1.48075172e+00  1.22082000e+01  1.35955766e+00  1.22082000e+01  1.28496894e+00  1.22082000e+01  1.40172370e+00  1.22082000e+01  1.33716240e+00  1.22082000e+01  1.44795216e+00  1.22082000e+01  1.19977992e+00  1.22082000e+01  1.37073296e+00  1.22082000e+01  1.27780182e+00  1.22082000e+01  3.78877178e-01  1.22082000e+01  6.96804542e-01  1.22082000e+01  8.26942610e-01  1.22082000e+01  1.62794443e+00  1.22082000e+01  1.34463915e+00  1.22082000e+01  5.21546893e-01  1.22082000e+01  1.56746651e+00  1.22082000e+01  5.99540317e-01  1.22082000e+01  1.14378614e+00  1.22082000e+01  9.95087529e-01  1.22082000e+01  1.00714672e+00  1.22082000e+01  1.02871897e+00  1.22082000e+01  1.36927546e+00  1.22082000e+01  1.21393963e+00  1.22082000e+01  9.95331725e-01  1.22082000e+01  1.77799709e+00  1.22082000e+01  9.98305643e-01  1.22082000e+01  1.12004596e+00  1.22082000e+01  1.20876761e-01  1.22082000e+01  2.84092317e+00  1.22082000e+01  2.90375222e+00  1.22082000e+01  2.93817153e+00  1.22082000e+01  2.93797737e+00  1.22082000e+01  8.81667035e-01  1.22082000e+01  2.93813024e+00  1.22082000e+01  1.98908846e+00  1.22082000e+01  2.93651009e+00 
 1.22286000e+01  1.55289230e+00  1.22286000e+01  1.42067856e+00  1.22286000e+01  1.33372914e+00  1.22286000e+01  1.47514161e+00  1.22286000e+01  1.38944672e+00  1.22286000e+01  1.50854660e+00  1.22286000e+01  1.18440583e+00  1.22286000e+01  1.46328896e+00  1.22286000e+01  1.36145416e+00  1.22286000e+01  4.48342347e-01  1.22286000e+01  6.93888025e-01  1.22286000e+01  9.33726640e-01  1.22286000e+01  1.69522432e+00  1.22286000e+01  1.15241898e+00  1.22286000e+01  6.05288959e-01  1.22286000e+01  1.64500005e+00  1.22286000e+01  5.74679642e-01  1.22286000e+01  1.07931823e+00  1.22286000e+01  9.89873155e-01  1.22286000e+01  1.00153712e+00  1.22286000e+01  1.04919050e+00  1.22286000e+01  1.41504574e+00  1.22286000e+01  1.11845339e+00  1.22286000e+01  9.93758605e-01  1.22286000e+01  2.18207972e+00  1.22286000e+01  9.91664249e-01  1.22286000e+01  1.09041729e+00  1.22286000e+01  2.08127293e-01  1.22286000e+01  2.83827228e+00  1.22286000e+01  2.92485120e+00  1.22286000e+01  2.93821737e+00  1.22286000e+01  2.93671151e+00  1.22286000e+01  2.07432469e+00  1.22286000e+01  2.93818316e+00  1.22286000e+01  1.62516487e+00  1.22286000e+01  2.93455893e+00 
 1.22643000e+01  1.59551940e+00  1.22643000e+01  1.44668775e+00  1.22643000e+01  1.37055573e+00  1.22643000e+01  1.53375379e+00  1.22643000e+01  1.43064697e+00  1.22643000e+01  1.52095991e+00  1.22643000e+01  1.16282933e+00  1.22643000e+01  1.50143013e+00  1.22643000e+01  1.43441122e+00  1.22643000e+01  6.28940264e-01  1.22643000e+01  7.07970232e-01  1.22643000e+01  1.15267853e+00  1.22643000e+01  1.80831086e+00  1.22643000e+01  8.97282848e-01  1.22643000e+01  7.66619334e-01  1.22643000e+01  1.78003881e+00  1.22643000e+01  5.62736748e-01  1.22643000e+01  9.69759771e-01  1.22643000e+01  1.00012843e+00  1.22643000e+01  1.00822805e+00  1.22643000e+01  1.12981536e+00  1.22643000e+01  1.56219826e+00  1.22643000e+01  1.04336269e+00  1.22643000e+01  1.01757299e+00  1.22643000e+01  2.39116247e+00  1.22643000e+01  9.95891412e-01  1.22643000e+01  1.06176010e+00  1.22643000e+01  2.42837861e+00  1.22643000e+01  2.85007583e+00  1.22643000e+01  2.93671734e+00  1.22643000e+01  2.93829418e+00  1.22643000e+01  2.91933876e+00  1.22643000e+01  2.88303518e+00  1.22643000e+01  2.93827500e+00  1.22643000e+01  1.45351166e+00  1.22643000e+01  2.92881803e+00 
 1.23000000e+01  1.53877514e+00  1.23000000e+01  1.37098194e+00  1.23000000e+01  1.39335970e+00  1.23000000e+01  1.56039572e+00  1.23000000e+01  1.45296074e+00  1.23000000e+01  1.36994250e+00  1.23000000e+01  1.12646386e+00  1.23000000e+01  1.38644670e+00  1.23000000e+01  1.51929876e+00  1.23000000e+01  8.79716385e-01  1.23000000e+01  7.41255600e-01  1.23000000e+01  1.38450429e+00  1.23000000e+01  1.89752490e+00  1.23000000e+01  7.30691431e-01  1.23000000e+01  9.11912655e-01  1.23000000e+01  1.90907217e+00  1.23000000e+01  5.97847435e-01  1.23000000e+01  8.67744941e-01  1.23000000e+01  1.05579262e+00  1.23000000e+01  1.03065966e+00  1.23000000e+01  1.27685992e+00  1.23000000e+01  2.00384677e+00  1.23000000e+01  1.02828805e+00  1.23000000e+01  1.06559513e+00  1.23000000e+01  2.49946466e+00  1.23000000e+01  1.01506562e+00  1.23000000e+01  1.05448561e+00  1.23000000e+01  2.91610435e+00  1.23000000e+01  2.87103408e+00  1.23000000e+01  2.93800480e+00  1.23000000e+01  2.93835457e+00  1.23000000e+01  2.86516675e+00  1.23000000e+01  2.92173946e+00  1.23000000e+01  2.93836238e+00  1.23000000e+01  1.96405828e+00  1.23000000e+01  2.91366686e+00 
 1.23071400e+01  1.53877514e+00  1.23071400e+01  1.37098194e+00  1.23071400e+01  1.39335970e+00  1.23071400e+01  1.56039572e+00  1.23071400e+01  1.45296074e+00  1.23071400e+01  1.36994250e+00  1.23071400e+01  1.12646386e+00  1.23071400e+01  1.38644670e+00  1.23071400e+01  1.51929876e+00  1.23071400e+01  8.79716385e-01  1.23071400e+01  7.41255600e-01  1.23071400e+01  1.38450429e+00  1.23071400e+01  1.89752490e+00  1.23071400e+01  7.30691431e-01  1.23071400e+01  9.11912655e-01  1.23071400e+01  1.90907217e+00  1.23071400e+01  5.97847435e-01  1.23071400e+01  8.67744941e-01  1.23071400e+01  1.05579262e+00  1.23071400e+01  1.03065966e+00  1.23071400e+01  1.27685992e+00  1.23071400e+01  2.00384677e+00  1.23071400e+01  1.02828805e+00  1.23071400e+01  1.06559513e+00  1.23071400e+01  2.49946466e+00  1.23071400e+01  1.01506562e+00  1.23071400e+01  1.05448561e+00  1.23071400e+01  2.91610435e+00  1.23071400e+01  2.87103408e+00  1.23071400e+01  2.93800480e+00  1.23071400e+01  2.93835457e+00  1.23071400e+01  2.86516675e+00  1.23071400e+01  2.92173946e+00  1.23071400e+01  2.93836238e+00  1.23071400e+01  1.96405828e+00  1.23071400e+01  2.91366686e+00 
 1.23214200e+01  1.53877514e+00  1.23214200e+01  1.37098194e+00  1.23214200e+01  1.39335970e+00  1.23214200e+01  1.56039572e+00  1.23214200e+01  1.45296074e+00  1.23214200e+01  1.36994250e+00  1.23214200e+01  1.12646386e+00  1.23214200e+01  1.38644670e+00  1.23214200e+01  1.51929876e+00  1.23214200e+01  8.79716385e-01  1.23214200e+01  7.41255600e-01  1.23214200e+01  1.38450429e+00  1.23214200e+01  1.89752490e+00  1.23214200e+01  7.30691431e-01  1.23214200e+01  9.11912655e-01  1.23214200e+01  1.90907217e+00  1.23214200e+01  5.97847435e-01  1.23214200e+01  8.67744941e-01  1.23214200e+01  1.05579262e+00  1.23214200e+01  1.03065966e+00  1.23214200e+01  1.27685992e+00  1.23214200e+01  2.00384677e+00  1.23214200e+01  1.02828805e+00  1.23214200e+01  1.06559513e+00  1.23214200e+01  2.49946466e+00  1.23214200e+01  1.01506562e+00  1.23214200e+01  1.05448561e+00  1.23214200e+01  2.91610435e+00  1.23214200e+01  2.87103408e+00  1.23214200e+01  2.93800480e+00  1.23214200e+01  2.93835457e+00  1.23214200e+01  2.86516675e+00  1.23214200e+01  2.92173946e+00  1.23214200e+01  2.93836238e+00  1.23214200e+01  1.96405828e+00  1.23214200e+01  2.91366686e+00 
 1.23499800e+01  1.53877514e+00  1.23499800e+01  1.37098194e+00  1.23499800e+01  1.39335970e+00  1.23499800e+01  1.56039572e+00  1.23499800e+01  1.45296074e+00  1.23499800e+01  1.36994250e+00  1.23499800e+01  1.12646386e+00  1.23499800e+01  1.38644670e+00  1.23499800e+01  1.51929876e+00  1.23499800e+01  8.79716385e-01  1.23499800e+01  7.41255600e-01  1.23499800e+01  1.38450429e+00  1.23499800e+01  1.89752490e+00  1.23499800e+01  7.30691431e-01  1.23499800e+01  9.11912655e-01  1.23499800e+01  1.90907217e+00  1.23499800e+01  5.97847435e-01  1.23499800e+01  8.67744941e-01  1.23499800e+01  1.05579262e+00  1.23499800e+01  1.03065966e+00  1.23499800e+01  1.27685992e+00  1.23499800e+01  2.00384677e+00  1.23499800e+01  1.02828805e+00  1.23499800e+01  1.06559513e+00  1.23499800e+01  2.49946466e+00  1.23499800e+01  1.01506562e+00  1.23499800e+01  1.05448561e+00  1.23499800e+01  2.91610435e+00  1.23499800e+01  2.87103408e+00  1.23499800e+01  2.93800480e+00  1.23499800e+01  2.93835457e+00  1.23499800e+01  2.86516675e+00  1.23499800e+01  2.92173946e+00  1.23499800e+01  2.93836238e+00  1.23499800e+01  1.96405828e+00  1.23499800e+01  2.91366686e+00 
 1.24071000e+01  1.53877514e+00  1.24071000e+01  1.37098194e+00  1.24071000e+01  1.39335970e+00  1.24071000e+01  1.56039572e+00  1.24071000e+01  1.45296074e+00  1.24071000e+01  1.36994250e+00  1.24071000e+01  1.12646386e+00  1.24071000e+01  1.38644670e+00  1.24071000e+01  1.51929876e+00  1.24071000e+01  8.79716385e-01  1.24071000e+01  7.41255600e-01  1.24071000e+01  1.38450429e+00  1.24071000e+01  1.89752490e+00  1.24071000e+01  7.30691431e-01  1.24071000e+01  9.11912655e-01  1.24071000e+01  1.90907217e+00  1.24071000e+01  5.97847435e-01  1.24071000e+01  8.67744941e-01  1.24071000e+01  1.05579262e+00  1.24071000e+01  1.03065966e+00  1.24071000e+01  1.27685992e+00  1.24071000e+01  2.00384677e+00  1.24071000e+01  1.02828805e+00  1.24071000e+01  1.06559513e+00  1.24071000e+01  2.49946466e+00  1.24071000e+01  1.01506562e+00  1.24071000e+01  1.05448561e+00  1.24071000e+01  2.91610435e+00  1.24071000e+01  2.87103408e+00  1.24071000e+01  2.93800480e+00  1.24071000e+01  2.93835457e+00  1.24071000e+01  2.86516675e+00  1.24071000e+01  2.92173946e+00  1.24071000e+01  2.93836238e+00  1.24071000e+01  1.96405828e+00  1.24071000e+01  2.91366686e+00 
 1.24980000e+01  1.53877514e+00  1.24980000e+01  1.37098194e+00  1.24980000e+01  1.39335970e+00  1.24980000e+01  1.56039572e+00  1.24980000e+01  1.45296074e+00  1.24980000e+01  1.36994250e+00  1.24980000e+01  1.12646386e+00  1.24980000e+01  1.38644670e+00  1.24980000e+01  1.51929876e+00  1.24980000e+01  8.79716385e-01  1.24980000e+01  7.41255600e-01  1.24980000e+01  1.38450429e+00  1.24980000e+01  1.89752490e+00  1.24980000e+01  7.30691431e-01  1.24980000e+01  9.11912655e-01  1.24980000e+01  1.90907217e+00  1.24980000e+01  5.97847435e-01  1.24980000e+01  8.67744941e-01  1.24980000e+01  1.05579262e+00  1.24980000e+01  1.03065966e+00  1.24980000e+01  1.27685992e+00  1.24980000e+01  2.00384677e+00  1.24980000e+01  1.02828805e+00  1.24980000e+01  1.06559513e+00  1.24980000e+01  2.49946466e+00  1.24980000e+01  1.01506562e+00  1.24980000e+01  1.05448561e+00  1.24980000e+01  2.91610435e+00  1.24980000e+01  2.87103408e+00  1.24980000e+01  2.93800480e+00  1.24980000e+01  2.93835457e+00  1.24980000e+01  2.86516675e+00  1.24980000e+01  2.92173946e+00  1.24980000e+01  2.93836238e+00  1.24980000e+01  1.96405828e+00  1.24980000e+01  2.91366686e+00 
 1.25082000e+01  1.55258173e+00  1.25082000e+01  1.38677880e+00  1.25082000e+01  1.38897243e+00  1.25082000e+01  1.55725498e+00  1.25082000e+01  1.44935980e+00  1.25082000e+01  1.40113415e+00  1.25082000e+01  1.13106040e+00  1.25082000e+01  1.41067843e+00  1.25082000e+01  1.50366126e+00  1.25082000e+01  8.31838589e-01  1.25082000e+01  7.53511541e-01  1.25082000e+01  1.38219224e+00  1.25082000e+01  1.88369438e+00  1.25082000e+01  7.59154175e-01  1.25082000e+01  9.29930081e-01  1.25082000e+01  1.90292020e+00  1.25082000e+01  5.66003127e-01  1.25082000e+01  8.66739936e-01  1.25082000e+01  1.04564290e+00  1.25082000e+01  1.03234454e+00  1.25082000e+01  1.27478635e+00  1.25082000e+01  1.91678484e+00  1.25082000e+01  1.03256399e+00  1.25082000e+01  1.06983398e+00  1.25082000e+01  2.49625619e+00  1.25082000e+01  1.01294132e+00  1.25082000e+01  1.05391104e+00  1.25082000e+01  2.90508654e+00  1.25082000e+01  2.87715789e+00  1.25082000e+01  2.93800321e+00  1.25082000e+01  2.93834522e+00  1.25082000e+01  2.87976581e+00  1.25082000e+01  2.92434885e+00  1.25082000e+01  2.93835822e+00  1.25082000e+01  1.50023026e+00  1.25082000e+01  2.91345322e+00 
 1.25286000e+01  1.62122406e+00  1.25286000e+01  1.45291325e+00  1.25286000e+01  1.38816163e+00  1.25286000e+01  1.56970748e+00  1.25286000e+01  1.45441528e+00  1.25286000e+01  1.51965143e+00  1.25286000e+01  1.14524439e+00  1.25286000e+01  1.50654791e+00  1.25286000e+01  1.47206159e+00  1.25286000e+01  7.45292989e-01  1.25286000e+01  7.80629305e-01  1.25286000e+01  1.37511597e+00  1.25286000e+01  1.85341313e+00  1.25286000e+01  8.24999418e-01  1.25286000e+01  9.59552832e-01  1.25286000e+01  1.89012426e+00  1.25286000e+01  5.20079684e-01  1.25286000e+01  8.64876587e-01  1.25286000e+01  1.03083394e+00  1.25286000e+01  1.03706175e+00  1.25286000e+01  1.26997195e+00  1.25286000e+01  1.77262464e+00  1.25286000e+01  1.04495991e+00  1.25286000e+01  1.07771906e+00  1.25286000e+01  2.49053150e+00  1.25286000e+01  1.01151736e+00  1.25286000e+01  1.05336843e+00  1.25286000e+01  2.87312596e+00  1.25286000e+01  2.88867719e+00  1.25286000e+01  2.93799834e+00  1.25286000e+01  2.93832473e+00  1.25286000e+01  2.90321058e+00  1.25286000e+01  2.92784043e+00  1.25286000e+01  2.93834957e+00  1.25286000e+01  8.61964699e-01  1.25286000e+01  2.91305333e+00 
 1.25643000e+01  1.61645767e+00  1.25643000e+01  1.45939890e+00  1.25643000e+01  1.36321219e+00  1.25643000e+01  1.53442608e+00  1.25643000e+01  1.42823819e+00  1.25643000e+01  1.55378811e+00  1.25643000e+01  1.16441034e+00  1.25643000e+01  1.51653120e+00  1.25643000e+01  1.41256332e+00  1.25643000e+01  6.26711685e-01  1.25643000e+01  8.38109981e-01  1.25643000e+01  1.35630181e+00  1.25643000e+01  1.79429699e+00  1.25643000e+01  9.97619250e-01  1.25643000e+01  9.91528485e-01  1.25643000e+01  1.86599099e+00  1.25643000e+01  4.85415099e-01  1.25643000e+01  8.62604040e-01  1.25643000e+01  1.02009281e+00  1.25643000e+01  1.05165207e+00  1.25643000e+01  1.26229070e+00  1.25643000e+01  1.62872348e+00  1.25643000e+01  1.09286268e+00  1.25643000e+01  1.09010943e+00  1.25643000e+01  2.48457271e+00  1.25643000e+01  1.01432906e+00  1.25643000e+01  1.05575442e+00  1.25643000e+01  2.39481677e+00  1.25643000e+01  2.90673420e+00  1.25643000e+01  2.93798540e+00  1.25643000e+01  2.93828468e+00  1.25643000e+01  2.93089589e+00  1.25643000e+01  2.93051628e+00  1.25643000e+01  2.93833325e+00  1.25643000e+01  4.12481571e-01  1.25643000e+01  2.91255890e+00 
 1.26000000e+01  1.49131916e+00  1.26000000e+01  1.35596470e+00  1.26000000e+01  1.27699029e+00  1.26000000e+01  1.40128895e+00  1.26000000e+01  1.33564709e+00  1.26000000e+01  1.45656590e+00  1.26000000e+01  1.20518125e+00  1.26000000e+01  1.35502512e+00  1.26000000e+01  1.25507878e+00  1.26000000e+01  5.54013175e-01  1.26000000e+01  9.14807064e-01  1.26000000e+01  1.33516455e+00  1.26000000e+01  1.73058430e+00  1.26000000e+01  1.25224448e+00  1.26000000e+01  1.01455111e+00  1.26000000e+01  1.83931463e+00  1.26000000e+01  5.02175996e-01  1.26000000e+01  8.61245867e-01  1.26000000e+01  1.02559102e+00  1.26000000e+01  1.08065809e+00  1.26000000e+01  1.26405952e+00  1.26000000e+01  1.55173333e+00  1.26000000e+01  1.20657273e+00  1.26000000e+01  1.10806301e+00  1.26000000e+01  2.48882568e+00  1.26000000e+01  1.02408216e+00  1.26000000e+01  1.06572861e+00  1.26000000e+01  1.32963822e+00  1.26000000e+01  2.92218409e+00  1.26000000e+01  2.93797084e+00  1.26000000e+01  2.93824141e+00  1.26000000e+01  2.93791364e+00  1.26000000e+01  2.93178354e+00  1.26000000e+01  2.93831519e+00  1.26000000e+01  6.25814888e-01  1.26000000e+01  2.91225984e+00 
 1.26071400e+01  1.49131916e+00  1.26071400e+01  1.35596470e+00  1.26071400e+01  1.27699029e+00  1.26071400e+01  1.40128895e+00  1.26071400e+01  1.33564709e+00  1.26071400e+01  1.45656590e+00  1.26071400e+01  1.20518125e+00  1.26071400e+01  1.35502512e+00  1.26071400e+01  1.25507878e+00  1.26071400e+01  5.54013175e-01  1.26071400e+01  9.14807064e-01  1.26071400e+01  1.33516455e+00  1.26071400e+01  1.73058430e+00  1.26071400e+01  1.25224448e+00  1.26071400e+01  1.01455111e+00  1.26071400e+01  1.83931463e+00  1.26071400e+01  5.02175996e-01  1.26071400e+01  8.61245867e-01  1.26071400e+01  1.02559102e+00  1.26071400e+01  1.08065809e+00  1.26071400e+01  1.26405952e+00  1.26071400e+01  1.55173333e+00  1.26071400e+01  1.20657273e+00  1.26071400e+01  1.10806301e+00  1.26071400e+01  2.48882568e+00  1.26071400e+01  1.02408216e+00  1.26071400e+01  1.06572861e+00  1.26071400e+01  1.32963822e+00  1.26071400e+01  2.92218409e+00  1.26071400e+01  2.93797084e+00  1.26071400e+01  2.93824141e+00  1.26071400e+01  2.93791364e+00  1.26071400e+01  2.93178354e+00  1.26071400e+01  2.93831519e+00  1.26071400e+01  6.25814888e-01  1.26071400e+01  2.91225984e+00 
 1.26214200e+01  1.49131916e+00  1.26214200e+01  1.35596470e+00  1.26214200e+01  1.27699029e+00  1.26214200e+01  1.40128895e+00  1.26214200e+01  1.33564709e+00  1.26214200e+01  1.45656590e+00  1.26214200e+01  1.20518125e+00  1.26214200e+01  1.35502512e+00  1.26214200e+01  1.25507878e+00  1.26214200e+01  5.54013175e-01  1.26214200e+01  9.14807064e-01  1.26214200e+01  1.33516455e+00  1.26214200e+01  1.73058430e+00  1.26214200e+01  1.25224448e+00  1.26214200e+01  1.01455111e+00  1.26214200e+01  1.83931463e+00  1.26214200e+01  5.02175996e-01  1.26214200e+01  8.61245867e-01  1.26214200e+01  1.02559102e+00  1.26214200e+01  1.08065809e+00  1.26214200e+01  1.26405952e+00  1.26214200e+01  1.55173333e+00  1.26214200e+01  1.20657273e+00  1.26214200e+01  1.10806301e+00  1.26214200e+01  2.48882568e+00  1.26214200e+01  1.02408216e+00  1.26214200e+01  1.06572861e+00  1.26214200e+01  1.32963822e+00  1.26214200e+01  2.92218409e+00  1.26214200e+01  2.93797084e+00  1.26214200e+01  2.93824141e+00  1.26214200e+01  2.93791364e+00  1.26214200e+01  2.93178354e+00  1.26214200e+01  2.93831519e+00  1.26214200e+01  6.25814888e-01  1.26214200e+01  2.91225984e+00 
 1.26499800e+01  1.49131916e+00  1.26499800e+01  1.35596470e+00  1.26499800e+01  1.27699029e+00  1.26499800e+01  1.40128895e+00  1.26499800e+01  1.33564709e+00  1.26499800e+01  1.45656590e+00  1.26499800e+01  1.20518125e+00  1.26499800e+01  1.35502512e+00  1.26499800e+01  1.25507878e+00  1.26499800e+01  5.54013175e-01  1.26499800e+01  9.14807064e-01  1.26499800e+01  1.33516455e+00  1.26499800e+01  1.73058430e+00  1.26499800e+01  1.25224448e+00  1.26499800e+01  1.01455111e+00  1.26499800e+01  1.83931463e+00  1.26499800e+01  5.02175996e-01  1.26499800e+01  8.61245867e-01  1.26499800e+01  1.02559102e+00  1.26499800e+01  1.08065809e+00  1.26499800e+01  1.26405952e+00  1.26499800e+01  1.55173333e+00  1.26499800e+01  1.20657273e+00  1.26499800e+01  1.10806301e+00  1.26499800e+01  2.48882568e+00  1.26499800e+01  1.02408216e+00  1.26499800e+01  1.06572861e+00  1.26499800e+01  1.32963822e+00  1.26499800e+01  2.92218409e+00  1.26499800e+01  2.93797084e+00  1.26499800e+01  2.93824141e+00  1.26499800e+01  2.93791364e+00  1.26499800e+01  2.93178354e+00  1.26499800e+01  2.93831519e+00  1.26499800e+01  6.25814888e-01  1.26499800e+01  2.91225984e+00 
 1.27071000e+01  1.49131916e+00  1.27071000e+01  1.35596470e+00  1.27071000e+01  1.27699029e+00  1.27071000e+01  1.40128895e+00  1.27071000e+01  1.33564709e+00  1.27071000e+01  1.45656590e+00  1.27071000e+01  1.20518125e+00  1.27071000e+01  1.35502512e+00  1.27071000e+01  1.25507878e+00  1.27071000e+01  5.54013175e-01  1.27071000e+01  9.14807064e-01  1.27071000e+01  1.33516455e+00  1.27071000e+01  1.73058430e+00  1.27071000e+01  1.25224448e+00  1.27071000e+01  1.01455111e+00  1.27071000e+01  1.83931463e+00  1.27071000e+01  5.02175996e-01  1.27071000e+01  8.61245867e-01  1.27071000e+01  1.02559102e+00  1.27071000e+01  1.08065809e+00  1.27071000e+01  1.26405952e+00  1.27071000e+01  1.55173333e+00  1.27071000e+01  1.20657273e+00  1.27071000e+01  1.10806301e+00  1.27071000e+01  2.48882568e+00  1.27071000e+01  1.02408216e+00  1.27071000e+01  1.06572861e+00  1.27071000e+01  1.32963822e+00  1.27071000e+01  2.92218409e+00  1.27071000e+01  2.93797084e+00  1.27071000e+01  2.93824141e+00  1.27071000e+01  2.93791364e+00  1.27071000e+01  2.93178354e+00  1.27071000e+01  2.93831519e+00  1.27071000e+01  6.25814888e-01  1.27071000e+01  2.91225984e+00 
 1.27980000e+01  1.49131916e+00  1.27980000e+01  1.35596470e+00  1.27980000e+01  1.27699029e+00  1.27980000e+01  1.40128895e+00  1.27980000e+01  1.33564709e+00  1.27980000e+01  1.45656590e+00  1.27980000e+01  1.20518125e+00  1.27980000e+01  1.35502512e+00  1.27980000e+01  1.25507878e+00  1.27980000e+01  5.54013175e-01  1.27980000e+01  9.14807064e-01  1.27980000e+01  1.33516455e+00  1.27980000e+01  1.73058430e+00  1.27980000e+01  1.25224448e+00  1.27980000e+01  1.01455111e+00  1.27980000e+01  1.83931463e+00  1.27980000e+01  5.02175996e-01  1.27980000e+01  8.61245867e-01  1.27980000e+01  1.02559102e+00  1.27980000e+01  1.08065809e+00  1.27980000e+01  1.26405952e+00  1.27980000e+01  1.55173333e+00  1.27980000e+01  1.20657273e+00  1.27980000e+01  1.10806301e+00  1.27980000e+01  2.48882568e+00  1.27980000e+01  1.02408216e+00  1.27980000e+01  1.06572861e+00  1.27980000e+01  1.32963822e+00  1.27980000e+01  2.92218409e+00  1.27980000e+01  2.93797084e+00  1.27980000e+01  2.93824141e+00  1.27980000e+01  2.93791364e+00  1.27980000e+01  2.93178354e+00  1.27980000e+01  2.93831519e+00  1.27980000e+01  6.25814888e-01  1.27980000e+01  2.91225984e+00 
 1.28082000e+01  1.48265112e+00  1.28082000e+01  1.35282264e+00  1.28082000e+01  1.27406706e+00  1.28082000e+01  1.39294281e+00  1.28082000e+01  1.33068966e+00  1.28082000e+01  1.45254563e+00  1.28082000e+01  1.21001512e+00  1.28082000e+01  1.35133152e+00  1.28082000e+01  1.24904326e+00  1.28082000e+01  5.31843533e-01  1.28082000e+01  8.99014269e-01  1.28082000e+01  1.32006523e+00  1.28082000e+01  1.69100407e+00  1.28082000e+01  1.28294108e+00  1.28082000e+01  9.93774188e-01  1.28082000e+01  1.78562835e+00  1.28082000e+01  4.79041654e-01  1.28082000e+01  8.79690702e-01  1.28082000e+01  1.02255897e+00  1.28082000e+01  1.07405435e+00  1.28082000e+01  1.25109550e+00  1.28082000e+01  1.49130088e+00  1.28082000e+01  1.21910087e+00  1.28082000e+01  1.09913809e+00  1.28082000e+01  2.45499683e+00  1.28082000e+01  1.02180227e+00  1.28082000e+01  1.06758848e+00  1.28082000e+01  1.02132671e+00  1.28082000e+01  2.91963646e+00  1.28082000e+01  2.93796044e+00  1.28082000e+01  2.93821449e+00  1.28082000e+01  2.93793483e+00  1.28082000e+01  2.93066117e+00  1.28082000e+01  2.93827880e+00  1.28082000e+01  3.33498867e-01  1.28082000e+01  2.91609933e+00 
 1.28286000e+01  1.46919544e+00  1.28286000e+01  1.34755130e+00  1.28286000e+01  1.26948035e+00  1.28286000e+01  1.38014416e+00  1.28286000e+01  1.32307842e+00  1.28286000e+01  1.44580546e+00  1.28286000e+01  1.21736655e+00  1.28286000e+01  1.34482579e+00  1.28286000e+01  1.23965390e+00  1.28286000e+01  4.91242325e-01  1.28286000e+01  8.68625504e-01  1.28286000e+01  1.28906883e+00  1.28286000e+01  1.60258922e+00  1.28286000e+01  1.34772937e+00  1.28286000e+01  9.53004865e-01  1.28286000e+01  1.66189863e+00  1.28286000e+01  4.43899774e-01  1.28286000e+01  9.16796635e-01  1.28286000e+01  1.01736257e+00  1.28286000e+01  1.06153697e+00  1.28286000e+01  1.22588812e+00  1.28286000e+01  1.39334492e+00  1.28286000e+01  1.24807282e+00  1.28286000e+01  1.08225289e+00  1.28286000e+01  2.33666792e+00  1.28286000e+01  1.01711863e+00  1.28286000e+01  1.07178369e+00  1.28286000e+01  4.85749158e-01  1.28286000e+01  2.91385288e+00  1.28286000e+01  2.93793906e+00  1.28286000e+01  2.93815423e+00  1.28286000e+01  2.93797949e+00  1.28286000e+01  2.92715264e+00  1.28286000e+01  2.93819467e+00  1.28286000e+01  2.00139963e-01  1.28286000e+01  2.92248401e+00 
 1.28643000e+01  1.46469587e+00  1.28643000e+01  1.34386434e+00  1.28643000e+01  1.26850264e+00  1.28643000e+01  1.37759275e+00  1.28643000e+01  1.32164713e+00  1.28643000e+01  1.44019678e+00  1.28643000e+01  1.21827273e+00  1.28643000e+01  1.33916617e+00  1.28643000e+01  1.23847004e+00  1.28643000e+01  4.32588387e-01  1.28643000e+01  8.19328188e-01  1.28643000e+01  1.23254866e+00  1.28643000e+01  1.44967081e+00  1.28643000e+01  1.48957801e+00  1.28643000e+01  8.84607924e-01  1.28643000e+01  1.42738772e+00  1.28643000e+01  4.20314680e-01  1.28643000e+01  9.81731866e-01  1.28643000e+01  1.00855268e+00  1.28643000e+01  1.04139540e+00  1.28643000e+01  1.18380824e+00  1.28643000e+01  1.27178457e+00  1.28643000e+01  1.32782965e+00  1.28643000e+01  1.05539847e+00  1.28643000e+01  1.39506796e+00  1.28643000e+01  1.00832229e+00  1.28643000e+01  1.08036078e+00  1.28643000e+01  1.82109875e-01  1.28643000e+01  2.90158931e+00  1.28643000e+01  2.93785736e+00  1.28643000e+01  2.93804957e+00  1.28643000e+01  2.93807693e+00  1.28643000e+01  2.91704490e+00  1.28643000e+01  2.93803427e+00  1.28643000e+01  1.65249856e-01  1.28643000e+01  2.92981757e+00 
 1.29000000e+01  1.47427948e+00  1.29000000e+01  1.34361219e+00  1.29000000e+01  1.27240053e+00  1.29000000e+01  1.38964412e+00  1.29000000e+01  1.32893494e+00  1.29000000e+01  1.43865933e+00  1.29000000e+01  1.21049181e+00  1.29000000e+01  1.33627796e+00  1.29000000e+01  1.24777151e+00  1.29000000e+01  3.90985529e-01  1.29000000e+01  7.74995647e-01  1.29000000e+01  1.17360750e+00  1.29000000e+01  1.30894775e+00  1.29000000e+01  1.63428174e+00  1.29000000e+01  8.21337506e-01  1.29000000e+01  1.18788219e+00  1.29000000e+01  4.22941457e-01  1.29000000e+01  1.04700824e+00  1.29000000e+01  9.91710287e-01  1.29000000e+01  1.01536667e+00  1.29000000e+01  1.13476614e+00  1.29000000e+01  1.17561597e+00  1.29000000e+01  1.42094202e+00  1.29000000e+01  1.02396947e+00  1.29000000e+01  1.16654950e+00  1.29000000e+01  9.91289470e-01  1.29000000e+01  1.08179739e+00  1.29000000e+01  1.32304114e-01  1.29000000e+01  2.88648080e+00  1.29000000e+01  2.93714453e+00  1.29000000e+01  2.93795277e+00  1.29000000e+01  2.93817585e+00  1.29000000e+01  2.90217072e+00  1.29000000e+01  2.93738578e+00  1.29000000e+01  1.68667621e-01  1.29000000e+01  2.93328098e+00 
 1.29071400e+01  1.47427948e+00  1.29071400e+01  1.34361219e+00  1.29071400e+01  1.27240053e+00  1.29071400e+01  1.38964412e+00  1.29071400e+01  1.32893494e+00  1.29071400e+01  1.43865933e+00  1.29071400e+01  1.21049181e+00  1.29071400e+01  1.33627796e+00  1.29071400e+01  1.24777151e+00  1.29071400e+01  3.90985529e-01  1.29071400e+01  7.74995647e-01  1.29071400e+01  1.17360750e+00  1.29071400e+01  1.30894775e+00  1.29071400e+01  1.63428174e+00  1.29071400e+01  8.21337506e-01  1.29071400e+01  1.18788219e+00  1.29071400e+01  4.22941457e-01  1.29071400e+01  1.04700824e+00  1.29071400e+01  9.91710289e-01  1.29071400e+01  1.01536667e+00  1.29071400e+01  1.13476614e+00  1.29071400e+01  1.17561597e+00  1.29071400e+01  1.42094202e+00  1.29071400e+01  1.02396947e+00  1.29071400e+01  1.16654950e+00  1.29071400e+01  9.91289472e-01  1.29071400e+01  1.08179739e+00  1.29071400e+01  1.32304114e-01  1.29071400e+01  2.88648080e+00  1.29071400e+01  2.93714453e+00  1.29071400e+01  2.93795277e+00  1.29071400e+01  2.93817585e+00  1.29071400e+01  2.90217072e+00  1.29071400e+01  2.93738578e+00  1.29071400e+01  1.68667621e-01  1.29071400e+01  2.93328098e+00 
 1.29214200e+01  1.47427948e+00  1.29214200e+01  1.34361219e+00  1.29214200e+01  1.27240053e+00  1.29214200e+01  1.38964412e+00  1.29214200e+01  1.32893494e+00  1.29214200e+01  1.43865933e+00  1.29214200e+01  1.21049181e+00  1.29214200e+01  1.33627796e+00  1.29214200e+01  1.24777151e+00  1.29214200e+01  3.90985529e-01  1.29214200e+01  7.74995647e-01  1.29214200e+01  1.17360750e+00  1.29214200e+01  1.30894775e+00  1.29214200e+01  1.63428174e+00  1.29214200e+01  8.21337506e-01  1.29214200e+01  1.18788219e+00  1.29214200e+01  4.22941457e-01  1.29214200e+01  1.04700824e+00  1.29214200e+01  9.91710287e-01  1.29214200e+01  1.01536667e+00  1.29214200e+01  1.13476614e+00  1.29214200e+01  1.17561597e+00  1.29214200e+01  1.42094202e+00  1.29214200e+01  1.02396947e+00  1.29214200e+01  1.16654950e+00  1.29214200e+01  9.91289470e-01  1.29214200e+01  1.08179739e+00  1.29214200e+01  1.32304114e-01  1.29214200e+01  2.88648080e+00  1.29214200e+01  2.93714453e+00  1.29214200e+01  2.93795277e+00  1.29214200e+01  2.93817585e+00  1.29214200e+01  2.90217072e+00  1.29214200e+01  2.93738578e+00  1.29214200e+01  1.68667621e-01  1.29214200e+01  2.93328098e+00 
 1.29499800e+01  1.47427948e+00  1.29499800e+01  1.34361219e+00  1.29499800e+01  1.27240053e+00  1.29499800e+01  1.38964412e+00  1.29499800e+01  1.32893494e+00  1.29499800e+01  1.43865933e+00  1.29499800e+01  1.21049181e+00  1.29499800e+01  1.33627796e+00  1.29499800e+01  1.24777151e+00  1.29499800e+01  3.90985529e-01  1.29499800e+01  7.74995647e-01  1.29499800e+01  1.17360750e+00  1.29499800e+01  1.30894775e+00  1.29499800e+01  1.63428174e+00  1.29499800e+01  8.21337506e-01  1.29499800e+01  1.18788219e+00  1.29499800e+01  4.22941457e-01  1.29499800e+01  1.04700824e+00  1.29499800e+01  9.91710289e-01  1.29499800e+01  1.01536667e+00  1.29499800e+01  1.13476614e+00  1.29499800e+01  1.17561597e+00  1.29499800e+01  1.42094202e+00  1.29499800e+01  1.02396947e+00  1.29499800e+01  1.16654950e+00  1.29499800e+01  9.91289472e-01  1.29499800e+01  1.08179739e+00  1.29499800e+01  1.32304114e-01  1.29499800e+01  2.88648080e+00  1.29499800e+01  2.93714453e+00  1.29499800e+01  2.93795277e+00  1.29499800e+01  2.93817585e+00  1.29499800e+01  2.90217072e+00  1.29499800e+01  2.93738578e+00  1.29499800e+01  1.68667621e-01  1.29499800e+01  2.93328098e+00 
 1.30071000e+01  1.47427948e+00  1.30071000e+01  1.34361219e+00  1.30071000e+01  1.27240053e+00  1.30071000e+01  1.38964412e+00  1.30071000e+01  1.32893494e+00  1.30071000e+01  1.43865933e+00  1.30071000e+01  1.21049181e+00  1.30071000e+01  1.33627796e+00  1.30071000e+01  1.24777151e+00  1.30071000e+01  3.90985529e-01  1.30071000e+01  7.74995647e-01  1.30071000e+01  1.17360750e+00  1.30071000e+01  1.30894775e+00  1.30071000e+01  1.63428174e+00  1.30071000e+01  8.21337506e-01  1.30071000e+01  1.18788219e+00  1.30071000e+01  4.22941457e-01  1.30071000e+01  1.04700824e+00  1.30071000e+01  9.91710287e-01  1.30071000e+01  1.01536667e+00  1.30071000e+01  1.13476614e+00  1.30071000e+01  1.17561597e+00  1.30071000e+01  1.42094202e+00  1.30071000e+01  1.02396947e+00  1.30071000e+01  1.16654950e+00  1.30071000e+01  9.91289470e-01  1.30071000e+01  1.08179739e+00  1.30071000e+01  1.32304114e-01  1.30071000e+01  2.88648080e+00  1.30071000e+01  2.93714453e+00  1.30071000e+01  2.93795277e+00  1.30071000e+01  2.93817585e+00  1.30071000e+01  2.90217072e+00  1.30071000e+01  2.93738578e+00  1.30071000e+01  1.68667621e-01  1.30071000e+01  2.93328098e+00 
 1.30980000e+01  1.47427948e+00  1.30980000e+01  1.34361219e+00  1.30980000e+01  1.27240053e+00  1.30980000e+01  1.38964412e+00  1.30980000e+01  1.32893494e+00  1.30980000e+01  1.43865933e+00  1.30980000e+01  1.21049181e+00  1.30980000e+01  1.33627796e+00  1.30980000e+01  1.24777151e+00  1.30980000e+01  3.90985529e-01  1.30980000e+01  7.74995647e-01  1.30980000e+01  1.17360750e+00  1.30980000e+01  1.30894775e+00  1.30980000e+01  1.63428174e+00  1.30980000e+01  8.21337506e-01  1.30980000e+01  1.18788219e+00  1.30980000e+01  4.22941457e-01  1.30980000e+01  1.04700824e+00  1.30980000e+01  9.91710289e-01  1.30980000e+01  1.01536667e+00  1.30980000e+01  1.13476614e+00  1.30980000e+01  1.17561597e+00  1.30980000e+01  1.42094202e+00  1.30980000e+01  1.02396947e+00  1.30980000e+01  1.16654950e+00  1.30980000e+01  9.91289472e-01  1.30980000e+01  1.08179739e+00  1.30980000e+01  1.32304114e-01  1.30980000e+01  2.88648080e+00  1.30980000e+01  2.93714453e+00  1.30980000e+01  2.93795277e+00  1.30980000e+01  2.93817585e+00  1.30980000e+01  2.90217072e+00  1.30980000e+01  2.93738578e+00  1.30980000e+01  1.68667621e-01  1.30980000e+01  2.93328098e+00 
 1.31082000e+01  1.49478664e+00  1.31082000e+01  1.36339624e+00  1.31082000e+01  1.28904130e+00  1.31082000e+01  1.41472472e+00  1.31082000e+01  1.34508427e+00  1.31082000e+01  1.45387108e+00  1.31082000e+01  1.19391326e+00  1.31082000e+01  1.37315781e+00  1.31082000e+01  1.28493957e+00  1.31082000e+01  3.98913795e-01  1.31082000e+01  7.79781877e-01  1.31082000e+01  1.19473091e+00  1.31082000e+01  1.34840747e+00  1.31082000e+01  1.59633903e+00  1.31082000e+01  8.39632829e-01  1.31082000e+01  1.25428776e+00  1.31082000e+01  4.12666474e-01  1.31082000e+01  1.03842224e+00  1.31082000e+01  9.96933851e-01  1.31082000e+01  1.02161489e+00  1.31082000e+01  1.15066527e+00  1.31082000e+01  1.20106775e+00  1.31082000e+01  1.39509968e+00  1.31082000e+01  1.03309860e+00  1.31082000e+01  1.21403512e+00  1.31082000e+01  9.96534610e-01  1.31082000e+01  1.08493811e+00  1.31082000e+01  1.40399712e-01  1.31082000e+01  2.88835270e+00  1.31082000e+01  2.93748662e+00  1.31082000e+01  2.93797996e+00  1.31082000e+01  2.93814996e+00  1.31082000e+01  2.90712418e+00  1.31082000e+01  2.93791505e+00  1.31082000e+01  1.55799503e-01  1.31082000e+01  2.93290627e+00 
 1.31286000e+01  1.57179462e+00  1.31286000e+01  1.43064583e+00  1.31286000e+01  1.34192553e+00  1.31286000e+01  1.49299868e+00  1.31286000e+01  1.40097627e+00  1.31286000e+01  1.52042336e+00  1.31286000e+01  1.17786808e+00  1.31286000e+01  1.47608132e+00  1.31286000e+01  1.37581503e+00  1.31286000e+01  4.19296990e-01  1.31286000e+01  7.91526553e-01  1.31286000e+01  1.23651504e+00  1.31286000e+01  1.43233235e+00  1.31286000e+01  1.53502786e+00  1.31286000e+01  8.72902892e-01  1.31286000e+01  1.38811115e+00  1.31286000e+01  4.06126589e-01  1.31286000e+01  1.02062804e+00  1.31286000e+01  1.00897223e+00  1.31286000e+01  1.03625657e+00  1.31286000e+01  1.18628735e+00  1.31286000e+01  1.26244116e+00  1.31286000e+01  1.36526726e+00  1.31286000e+01  1.05303049e+00  1.31286000e+01  1.34743724e+00  1.31286000e+01  1.00862514e+00  1.31286000e+01  1.09283565e+00  1.31286000e+01  1.63950559e-01  1.31286000e+01  2.89267507e+00  1.31286000e+01  2.93787671e+00  1.31286000e+01  2.93803766e+00  1.31286000e+01  2.93810805e+00  1.31286000e+01  2.91474111e+00  1.31286000e+01  2.93800728e+00  1.31286000e+01  1.48243458e-01  1.31286000e+01  2.93208089e+00 
 1.31643000e+01  1.60561121e+00  1.31643000e+01  1.45473996e+00  1.31643000e+01  1.37633701e+00  1.31643000e+01  1.54330015e+00  1.31643000e+01  1.43716980e+00  1.31643000e+01  1.52968887e+00  1.31643000e+01  1.16030020e+00  1.31643000e+01  1.51362955e+00  1.31643000e+01  1.44439618e+00  1.31643000e+01  4.69819625e-01  1.31643000e+01  8.18383051e-01  1.31643000e+01  1.30686463e+00  1.31643000e+01  1.59288288e+00  1.31643000e+01  1.47530036e+00  1.31643000e+01  9.16176409e-01  1.31643000e+01  1.61808908e+00  1.31643000e+01  4.26067207e-01  1.31643000e+01  9.88674414e-01  1.31643000e+01  1.02472915e+00  1.31643000e+01  1.05789443e+00  1.31643000e+01  1.24697709e+00  1.31643000e+01  1.40046061e+00  1.31643000e+01  1.34665379e+00  1.31643000e+01  1.08026066e+00  1.31643000e+01  2.29723955e+00  1.31643000e+01  1.02427185e+00  1.31643000e+01  1.10047863e+00  1.31643000e+01  2.62251540e-01  1.31643000e+01  2.90131312e+00  1.31643000e+01  2.93795134e+00  1.31643000e+01  2.93814760e+00  1.31643000e+01  2.93806714e+00  1.31643000e+01  2.92239101e+00  1.31643000e+01  2.93816480e+00  1.31643000e+01  1.72861972e-01  1.31643000e+01  2.93032388e+00 
 1.32000000e+01  1.55917535e+00  1.32000000e+01  1.38169597e+00  1.32000000e+01  1.40374250e+00  1.32000000e+01  1.58154393e+00  1.32000000e+01  1.46678918e+00  1.32000000e+01  1.38103844e+00  1.32000000e+01  1.11850996e+00  1.32000000e+01  1.40052361e+00  1.32000000e+01  1.53867258e+00  1.32000000e+01  5.38974754e-01  1.32000000e+01  8.49406080e-01  1.32000000e+01  1.36933866e+00  1.32000000e+01  1.75469016e+00  1.32000000e+01  1.47780662e+00  1.32000000e+01  9.33875473e-01  1.32000000e+01  1.82070412e+00  1.32000000e+01  5.40833516e-01  1.32000000e+01  9.57162820e-01  1.32000000e+01  1.03830028e+00  1.32000000e+01  1.07786993e+00  1.32000000e+01  1.30837508e+00  1.32000000e+01  1.66247567e+00  1.32000000e+01  1.37366255e+00  1.32000000e+01  1.09842407e+00  1.32000000e+01  2.50095167e+00  1.32000000e+01  1.03730007e+00  1.32000000e+01  1.10548549e+00  1.32000000e+01  1.11941610e+00  1.32000000e+01  2.90953663e+00  1.32000000e+01  2.93799437e+00  1.32000000e+01  2.93825779e+00  1.32000000e+01  2.93806886e+00  1.32000000e+01  2.92487056e+00  1.32000000e+01  2.93830258e+00  1.32000000e+01  1.14515798e+00  1.32000000e+01  2.92759488e+00 
 1.32071400e+01  1.55917535e+00  1.32071400e+01  1.38169597e+00  1.32071400e+01  1.40374250e+00  1.32071400e+01  1.58154393e+00  1.32071400e+01  1.46678918e+00  1.32071400e+01  1.38103844e+00  1.32071400e+01  1.11850996e+00  1.32071400e+01  1.40052361e+00  1.32071400e+01  1.53867258e+00  1.32071400e+01  5.38974754e-01  1.32071400e+01  8.49406080e-01  1.32071400e+01  1.36933866e+00  1.32071400e+01  1.75469016e+00  1.32071400e+01  1.47780662e+00  1.32071400e+01  9.33875473e-01  1.32071400e+01  1.82070412e+00  1.32071400e+01  5.40833516e-01  1.32071400e+01  9.57162820e-01  1.32071400e+01  1.03830028e+00  1.32071400e+01  1.07786993e+00  1.32071400e+01  1.30837508e+00  1.32071400e+01  1.66247567e+00  1.32071400e+01  1.37366255e+00  1.32071400e+01  1.09842407e+00  1.32071400e+01  2.50095167e+00  1.32071400e+01  1.03730007e+00  1.32071400e+01  1.10548549e+00  1.32071400e+01  1.11941610e+00  1.32071400e+01  2.90953663e+00  1.32071400e+01  2.93799437e+00  1.32071400e+01  2.93825779e+00  1.32071400e+01  2.93806886e+00  1.32071400e+01  2.92487056e+00  1.32071400e+01  2.93830258e+00  1.32071400e+01  1.14515798e+00  1.32071400e+01  2.92759488e+00 
 1.32214200e+01  1.55917535e+00  1.32214200e+01  1.38169597e+00  1.32214200e+01  1.40374250e+00  1.32214200e+01  1.58154393e+00  1.32214200e+01  1.46678918e+00  1.32214200e+01  1.38103844e+00  1.32214200e+01  1.11850996e+00  1.32214200e+01  1.40052361e+00  1.32214200e+01  1.53867258e+00  1.32214200e+01  5.38974754e-01  1.32214200e+01  8.49406080e-01  1.32214200e+01  1.36933866e+00  1.32214200e+01  1.75469016e+00  1.32214200e+01  1.47780662e+00  1.32214200e+01  9.33875473e-01  1.32214200e+01  1.82070412e+00  1.32214200e+01  5.40833516e-01  1.32214200e+01  9.57162820e-01  1.32214200e+01  1.03830028e+00  1.32214200e+01  1.07786993e+00  1.32214200e+01  1.30837508e+00  1.32214200e+01  1.66247567e+00  1.32214200e+01  1.37366255e+00  1.32214200e+01  1.09842407e+00  1.32214200e+01  2.50095167e+00  1.32214200e+01  1.03730007e+00  1.32214200e+01  1.10548549e+00  1.32214200e+01  1.11941610e+00  1.32214200e+01  2.90953663e+00  1.32214200e+01  2.93799437e+00  1.32214200e+01  2.93825779e+00  1.32214200e+01  2.93806886e+00  1.32214200e+01  2.92487056e+00  1.32214200e+01  2.93830258e+00  1.32214200e+01  1.14515798e+00  1.32214200e+01  2.92759488e+00 
 1.32499800e+01  1.55917535e+00  1.32499800e+01  1.38169597e+00  1.32499800e+01  1.40374250e+00  1.32499800e+01  1.58154393e+00  1.32499800e+01  1.46678918e+00  1.32499800e+01  1.38103844e+00  1.32499800e+01  1.11850996e+00  1.32499800e+01  1.40052361e+00  1.32499800e+01  1.53867258e+00  1.32499800e+01  5.38974754e-01  1.32499800e+01  8.49406080e-01  1.32499800e+01  1.36933866e+00  1.32499800e+01  1.75469016e+00  1.32499800e+01  1.47780662e+00  1.32499800e+01  9.33875473e-01  1.32499800e+01  1.82070412e+00  1.32499800e+01  5.40833516e-01  1.32499800e+01  9.57162820e-01  1.32499800e+01  1.03830028e+00  1.32499800e+01  1.07786993e+00  1.32499800e+01  1.30837508e+00  1.32499800e+01  1.66247567e+00  1.32499800e+01  1.37366255e+00  1.32499800e+01  1.09842407e+00  1.32499800e+01  2.50095167e+00  1.32499800e+01  1.03730007e+00  1.32499800e+01  1.10548549e+00  1.32499800e+01  1.11941610e+00  1.32499800e+01  2.90953663e+00  1.32499800e+01  2.93799437e+00  1.32499800e+01  2.93825779e+00  1.32499800e+01  2.93806886e+00  1.32499800e+01  2.92487056e+00  1.32499800e+01  2.93830258e+00  1.32499800e+01  1.14515798e+00  1.32499800e+01  2.92759488e+00 
 1.33071000e+01  1.55917535e+00  1.33071000e+01  1.38169597e+00  1.33071000e+01  1.40374250e+00  1.33071000e+01  1.58154393e+00  1.33071000e+01  1.46678918e+00  1.33071000e+01  1.38103844e+00  1.33071000e+01  1.11850996e+00  1.33071000e+01  1.40052361e+00  1.33071000e+01  1.53867258e+00  1.33071000e+01  5.38974754e-01  1.33071000e+01  8.49406080e-01  1.33071000e+01  1.36933866e+00  1.33071000e+01  1.75469016e+00  1.33071000e+01  1.47780662e+00  1.33071000e+01  9.33875473e-01  1.33071000e+01  1.82070412e+00  1.33071000e+01  5.40833516e-01  1.33071000e+01  9.57162820e-01  1.33071000e+01  1.03830028e+00  1.33071000e+01  1.07786993e+00  1.33071000e+01  1.30837508e+00  1.33071000e+01  1.66247567e+00  1.33071000e+01  1.37366255e+00  1.33071000e+01  1.09842407e+00  1.33071000e+01  2.50095167e+00  1.33071000e+01  1.03730007e+00  1.33071000e+01  1.10548549e+00  1.33071000e+01  1.11941610e+00  1.33071000e+01  2.90953663e+00  1.33071000e+01  2.93799437e+00  1.33071000e+01  2.93825779e+00  1.33071000e+01  2.93806886e+00  1.33071000e+01  2.92487056e+00  1.33071000e+01  2.93830258e+00  1.33071000e+01  1.14515798e+00  1.33071000e+01  2.92759488e+00 
 1.33980000e+01  1.55917535e+00  1.33980000e+01  1.38169597e+00  1.33980000e+01  1.40374250e+00  1.33980000e+01  1.58154393e+00  1.33980000e+01  1.46678918e+00  1.33980000e+01  1.38103844e+00  1.33980000e+01  1.11850996e+00  1.33980000e+01  1.40052361e+00  1.33980000e+01  1.53867258e+00  1.33980000e+01  5.38974754e-01  1.33980000e+01  8.49406080e-01  1.33980000e+01  1.36933866e+00  1.33980000e+01  1.75469016e+00  1.33980000e+01  1.47780662e+00  1.33980000e+01  9.33875473e-01  1.33980000e+01  1.82070412e+00  1.33980000e+01  5.40833516e-01  1.33980000e+01  9.57162820e-01  1.33980000e+01  1.03830028e+00  1.33980000e+01  1.07786993e+00  1.33980000e+01  1.30837508e+00  1.33980000e+01  1.66247567e+00  1.33980000e+01  1.37366255e+00  1.33980000e+01  1.09842407e+00  1.33980000e+01  2.50095167e+00  1.33980000e+01  1.03730007e+00  1.33980000e+01  1.10548549e+00  1.33980000e+01  1.11941610e+00  1.33980000e+01  2.90953663e+00  1.33980000e+01  2.93799437e+00  1.33980000e+01  2.93825779e+00  1.33980000e+01  2.93806886e+00  1.33980000e+01  2.92487056e+00  1.33980000e+01  2.93830258e+00  1.33980000e+01  1.14515798e+00  1.33980000e+01  2.92759488e+00 
 1.34082000e+01  1.53659111e+00  1.34082000e+01  1.38177041e+00  1.34082000e+01  1.38265651e+00  1.34082000e+01  1.54079222e+00  1.34082000e+01  1.43903253e+00  1.34082000e+01  1.39528752e+00  1.34082000e+01  1.13835205e+00  1.34082000e+01  1.40634182e+00  1.34082000e+01  1.49162519e+00  1.34082000e+01  5.07673478e-01  1.34082000e+01  8.61696242e-01  1.34082000e+01  1.28381450e+00  1.34082000e+01  1.67498105e+00  1.34082000e+01  1.48440079e+00  1.34082000e+01  8.68190166e-01  1.34082000e+01  1.75223042e+00  1.34082000e+01  5.06869092e-01  1.34082000e+01  9.99271556e-01  1.34082000e+01  1.02907666e+00  1.34082000e+01  1.07191150e+00  1.34082000e+01  1.23958933e+00  1.34082000e+01  1.49187515e+00  1.34082000e+01  1.36226302e+00  1.34082000e+01  1.07295004e+00  1.34082000e+01  2.44672185e+00  1.34082000e+01  1.02837527e+00  1.34082000e+01  1.10868716e+00  1.34082000e+01  6.97460821e-01  1.34082000e+01  2.91235931e+00  1.34082000e+01  2.93793544e+00  1.34082000e+01  2.93820358e+00  1.34082000e+01  2.93807338e+00  1.34082000e+01  2.91376105e+00  1.34082000e+01  2.93825612e+00  1.34082000e+01  6.86928337e-01  1.34082000e+01  2.93099155e+00 
 1.34286000e+01  1.56966516e+00  1.34286000e+01  1.43075649e+00  1.34286000e+01  1.36739249e+00  1.34286000e+01  1.51958142e+00  1.34286000e+01  1.42277982e+00  1.34286000e+01  1.49294124e+00  1.34286000e+01  1.16627814e+00  1.34286000e+01  1.48081839e+00  1.34286000e+01  1.43394713e+00  1.34286000e+01  4.49170778e-01  1.34286000e+01  9.01917245e-01  1.34286000e+01  1.09380247e+00  1.34286000e+01  1.50038431e+00  1.34286000e+01  1.49263107e+00  1.34286000e+01  7.50957920e-01  1.34286000e+01  1.59514014e+00  1.34286000e+01  4.56423557e-01  1.34286000e+01  1.08577599e+00  1.34286000e+01  1.01150296e+00  1.34286000e+01  1.06350338e+00  1.34286000e+01  1.12640881e+00  1.34286000e+01  1.30782294e+00  1.34286000e+01  1.33567337e+00  1.34286000e+01  1.03227492e+00  1.34286000e+01  2.15900318e+00  1.34286000e+01  1.01128958e+00  1.34286000e+01  1.11789683e+00  1.34286000e+01  2.09688021e-01  1.34286000e+01  2.92012732e+00  1.34286000e+01  2.93506592e+00  1.34286000e+01  2.93808433e+00  1.34286000e+01  2.93807902e+00  1.34286000e+01  2.87593599e+00  1.34286000e+01  2.93814914e+00  1.34286000e+01  2.24551594e-01  1.34286000e+01  2.93478993e+00 
 1.34643000e+01  1.57693493e+00  1.34643000e+01  1.43938340e+00  1.34643000e+01  1.34907075e+00  1.34643000e+01  1.49977958e+00  1.34643000e+01  1.40655966e+00  1.34643000e+01  1.52710919e+00  1.34643000e+01  1.17774801e+00  1.34643000e+01  1.49141696e+00  1.34643000e+01  1.38857831e+00  1.34643000e+01  3.60499960e-01  1.34643000e+01  1.06582946e+00  1.34643000e+01  8.05791438e-01  1.34643000e+01  1.20521344e+00  1.34643000e+01  1.54202885e+00  1.34643000e+01  6.63332220e-01  1.34643000e+01  1.30887384e+00  1.34643000e+01  4.61882870e-01  1.34643000e+01  1.24151003e+00  1.34643000e+01  9.87637530e-01  1.34643000e+01  1.08557268e+00  1.34643000e+01  1.01662852e+00  1.34643000e+01  1.12705918e+00  1.34643000e+01  1.32930786e+00  1.34643000e+01  9.96521813e-01  1.34643000e+01  1.23748949e+00  1.34643000e+01  9.87544870e-01  1.34643000e+01  1.15126954e+00  1.34643000e+01  1.05404965e-01  1.34643000e+01  2.93405041e+00  1.34643000e+01  2.89746105e+00  1.34643000e+01  2.93762163e+00  1.34643000e+01  2.93811284e+00  1.34643000e+01  2.79801855e+00  1.34643000e+01  2.93795272e+00  1.34643000e+01  2.37660710e-01  1.34643000e+01  2.93789539e+00 
 1.35000000e+01  1.47138206e+00  1.35000000e+01  1.34611939e+00  1.35000000e+01  1.27207073e+00  1.35000000e+01  1.38577925e+00  1.35000000e+01  1.32666608e+00  1.35000000e+01  1.44146803e+00  1.35000000e+01  1.21281927e+00  1.35000000e+01  1.34233409e+00  1.35000000e+01  1.24677488e+00  1.35000000e+01  3.07424213e-01  1.35000000e+01  1.27301373e+00  1.35000000e+01  6.14650167e-01  1.35000000e+01  9.42405786e-01  1.35000000e+01  1.61149550e+00  1.35000000e+01  7.57218137e-01  1.35000000e+01  1.03380515e+00  1.35000000e+01  6.37101532e-01  1.35000000e+01  1.39687907e+00  1.35000000e+01  9.84320186e-01  1.35000000e+01  1.16440050e+00  1.35000000e+01  9.86405441e-01  1.35000000e+01  1.04066975e+00  1.35000000e+01  1.38116436e+00  1.35000000e+01  1.00530546e+00  1.35000000e+01  1.08544554e+00  1.35000000e+01  9.90491340e-01  1.35000000e+01  1.22462338e+00  1.35000000e+01  7.10985812e-02  1.35000000e+01  2.93792798e+00  1.35000000e+01  2.21385927e+00  1.35000000e+01  2.92593864e+00  1.35000000e+01  2.93816031e+00  1.35000000e+01  2.87888487e+00  1.35000000e+01  2.93269849e+00  1.35000000e+01  2.55157796e+00  1.35000000e+01  2.93801331e+00 
 1.35071400e+01  1.47138206e+00  1.35071400e+01  1.34611939e+00  1.35071400e+01  1.27207073e+00  1.35071400e+01  1.38577925e+00  1.35071400e+01  1.32666608e+00  1.35071400e+01  1.44146803e+00  1.35071400e+01  1.21281927e+00  1.35071400e+01  1.34233409e+00  1.35071400e+01  1.24677488e+00  1.35071400e+01  3.07424213e-01  1.35071400e+01  1.27301373e+00  1.35071400e+01  6.14650167e-01  1.35071400e+01  9.42405786e-01  1.35071400e+01  1.61149550e+00  1.35071400e+01  7.57218137e-01  1.35071400e+01  1.03380515e+00  1.35071400e+01  6.37101532e-01  1.35071400e+01  1.39687907e+00  1.35071400e+01  9.84320186e-01  1.35071400e+01  1.16440050e+00  1.35071400e+01  9.86405441e-01  1.35071400e+01  1.04066975e+00  1.35071400e+01  1.38116436e+00  1.35071400e+01  1.00530546e+00  1.35071400e+01  1.08544554e+00  1.35071400e+01  9.90491340e-01  1.35071400e+01  1.22462338e+00  1.35071400e+01  7.10985812e-02  1.35071400e+01  2.93792798e+00  1.35071400e+01  2.21385927e+00  1.35071400e+01  2.92593864e+00  1.35071400e+01  2.93816031e+00  1.35071400e+01  2.87888487e+00  1.35071400e+01  2.93269849e+00  1.35071400e+01  2.55157796e+00  1.35071400e+01  2.93801331e+00 
 1.35214200e+01  1.47138206e+00  1.35214200e+01  1.34611939e+00  1.35214200e+01  1.27207073e+00  1.35214200e+01  1.38577925e+00  1.35214200e+01  1.32666608e+00  1.35214200e+01  1.44146803e+00  1.35214200e+01  1.21281927e+00  1.35214200e+01  1.34233409e+00  1.35214200e+01  1.24677488e+00  1.35214200e+01  3.07424213e-01  1.35214200e+01  1.27301373e+00  1.35214200e+01  6.14650167e-01  1.35214200e+01  9.42405786e-01  1.35214200e+01  1.61149550e+00  1.35214200e+01  7.57218137e-01  1.35214200e+01  1.03380515e+00  1.35214200e+01  6.37101532e-01  1.35214200e+01  1.39687907e+00  1.35214200e+01  9.84320186e-01  1.35214200e+01  1.16440050e+00  1.35214200e+01  9.86405441e-01  1.35214200e+01  1.04066975e+00  1.35214200e+01  1.38116436e+00  1.35214200e+01  1.00530546e+00  1.35214200e+01  1.08544554e+00  1.35214200e+01  9.90491340e-01  1.35214200e+01  1.22462338e+00  1.35214200e+01  7.10985812e-02  1.35214200e+01  2.93792798e+00  1.35214200e+01  2.21385927e+00  1.35214200e+01  2.92593864e+00  1.35214200e+01  2.93816031e+00  1.35214200e+01  2.87888487e+00  1.35214200e+01  2.93269849e+00  1.35214200e+01  2.55157796e+00  1.35214200e+01  2.93801331e+00 
 1.35499800e+01  1.47138206e+00  1.35499800e+01  1.34611939e+00  1.35499800e+01  1.27207073e+00  1.35499800e+01  1.38577925e+00  1.35499800e+01  1.32666608e+00  1.35499800e+01  1.44146803e+00  1.35499800e+01  1.21281927e+00  1.35499800e+01  1.34233409e+00  1.35499800e+01  1.24677488e+00  1.35499800e+01  3.07424213e-01  1.35499800e+01  1.27301373e+00  1.35499800e+01  6.14650167e-01  1.35499800e+01  9.42405786e-01  1.35499800e+01  1.61149550e+00  1.35499800e+01  7.57218137e-01  1.35499800e+01  1.03380515e+00  1.35499800e+01  6.37101532e-01  1.35499800e+01  1.39687907e+00  1.35499800e+01  9.84320186e-01  1.35499800e+01  1.16440050e+00  1.35499800e+01  9.86405441e-01  1.35499800e+01  1.04066975e+00  1.35499800e+01  1.38116436e+00  1.35499800e+01  1.00530546e+00  1.35499800e+01  1.08544554e+00  1.35499800e+01  9.90491340e-01  1.35499800e+01  1.22462338e+00  1.35499800e+01  7.10985812e-02  1.35499800e+01  2.93792798e+00  1.35499800e+01  2.21385927e+00  1.35499800e+01  2.92593864e+00  1.35499800e+01  2.93816031e+00  1.35499800e+01  2.87888487e+00  1.35499800e+01  2.93269849e+00  1.35499800e+01  2.55157796e+00  1.35499800e+01  2.93801331e+00 
 1.36071000e+01  1.47138206e+00  1.36071000e+01  1.34611939e+00  1.36071000e+01  1.27207073e+00  1.36071000e+01  1.38577925e+00  1.36071000e+01  1.32666608e+00  1.36071000e+01  1.44146803e+00  1.36071000e+01  1.21281927e+00  1.36071000e+01  1.34233409e+00  1.36071000e+01  1.24677488e+00  1.36071000e+01  3.07424213e-01  1.36071000e+01  1.27301373e+00  1.36071000e+01  6.14650167e-01  1.36071000e+01  9.42405786e-01  1.36071000e+01  1.61149550e+00  1.36071000e+01  7.57218137e-01  1.36071000e+01  1.03380515e+00  1.36071000e+01  6.37101532e-01  1.36071000e+01  1.39687907e+00  1.36071000e+01  9.84320186e-01  1.36071000e+01  1.16440050e+00  1.36071000e+01  9.86405441e-01  1.36071000e+01  1.04066975e+00  1.36071000e+01  1.38116436e+00  1.36071000e+01  1.00530546e+00  1.36071000e+01  1.08544554e+00  1.36071000e+01  9.90491340e-01  1.36071000e+01  1.22462338e+00  1.36071000e+01  7.10985812e-02  1.36071000e+01  2.93792798e+00  1.36071000e+01  2.21385927e+00  1.36071000e+01  2.92593864e+00  1.36071000e+01  2.93816031e+00  1.36071000e+01  2.87888487e+00  1.36071000e+01  2.93269849e+00  1.36071000e+01  2.55157796e+00  1.36071000e+01  2.93801331e+00 
 1.36980000e+01  1.47138206e+00  1.36980000e+01  1.34611939e+00  1.36980000e+01  1.27207073e+00  1.36980000e+01  1.38577925e+00  1.36980000e+01  1.32666608e+00  1.36980000e+01  1.44146803e+00  1.36980000e+01  1.21281927e+00  1.36980000e+01  1.34233409e+00  1.36980000e+01  1.24677488e+00  1.36980000e+01  3.07424213e-01  1.36980000e+01  1.27301373e+00  1.36980000e+01  6.14650167e-01  1.36980000e+01  9.42405786e-01  1.36980000e+01  1.61149550e+00  1.36980000e+01  7.57218137e-01  1.36980000e+01  1.03380515e+00  1.36980000e+01  6.37101532e-01  1.36980000e+01  1.39687907e+00  1.36980000e+01  9.84320186e-01  1.36980000e+01  1.16440050e+00  1.36980000e+01  9.86405441e-01  1.36980000e+01  1.04066975e+00  1.36980000e+01  1.38116436e+00  1.36980000e+01  1.00530546e+00  1.36980000e+01  1.08544554e+00  1.36980000e+01  9.90491340e-01  1.36980000e+01  1.22462338e+00  1.36980000e+01  7.10985812e-02  1.36980000e+01  2.93792798e+00  1.36980000e+01  2.21385927e+00  1.36980000e+01  2.92593864e+00  1.36980000e+01  2.93816031e+00  1.36980000e+01  2.87888487e+00  1.36980000e+01  2.93269849e+00  1.36980000e+01  2.55157796e+00  1.36980000e+01  2.93801331e+00 
 1.37082000e+01  1.48689628e+00  1.37082000e+01  1.36258808e+00  1.37082000e+01  1.28685856e+00  1.37082000e+01  1.40673511e+00  1.37082000e+01  1.34029460e+00  1.37082000e+01  1.45238649e+00  1.37082000e+01  1.19812228e+00  1.37082000e+01  1.37427272e+00  1.37082000e+01  1.28062440e+00  1.37082000e+01  3.18741458e-01  1.37082000e+01  1.20981227e+00  1.37082000e+01  6.57952620e-01  1.37082000e+01  1.00748975e+00  1.37082000e+01  1.57002105e+00  1.37082000e+01  7.10972267e-01  1.37082000e+01  1.10824447e+00  1.37082000e+01  5.83432093e-01  1.37082000e+01  1.34435631e+00  1.37082000e+01  9.79606749e-01  1.37082000e+01  1.13034223e+00  1.37082000e+01  9.85824190e-01  1.37082000e+01  1.05256190e+00  1.37082000e+01  1.33591410e+00  1.37082000e+01  9.93950434e-01  1.37082000e+01  1.11143587e+00  1.37082000e+01  9.81914023e-01  1.37082000e+01  1.18957714e+00  1.37082000e+01  7.72350357e-02  1.37082000e+01  2.93767329e+00  1.37082000e+01  2.78549116e+00  1.37082000e+01  2.93142786e+00  1.37082000e+01  2.93813198e+00  1.37082000e+01  2.85230886e+00  1.37082000e+01  2.93553168e+00  1.37082000e+01  1.75234297e+00  1.37082000e+01  2.93797717e+00 
 1.37286000e+01  1.55258201e+00  1.37286000e+01  1.42166274e+00  1.37286000e+01  1.33411223e+00  1.37286000e+01  1.47475028e+00  1.37286000e+01  1.38935094e+00  1.37286000e+01  1.50945451e+00  1.37286000e+01  1.18503937e+00  1.37286000e+01  1.46527385e+00  1.37286000e+01  1.36195091e+00  1.37286000e+01  3.51757204e-01  1.37286000e+01  1.08233742e+00  1.37286000e+01  7.70055071e-01  1.37286000e+01  1.14784256e+00  1.37286000e+01  1.47604974e+00  1.37286000e+01  6.69007588e-01  1.37286000e+01  1.26301909e+00  1.37286000e+01  4.78323194e-01  1.37286000e+01  1.23975968e+00  1.37286000e+01  9.76661485e-01  1.37286000e+01  1.07861003e+00  1.37286000e+01  9.98744145e-01  1.37286000e+01  1.09291881e+00  1.37286000e+01  1.26347276e+00  1.37286000e+01  9.86152372e-01  1.37286000e+01  1.18989733e+00  1.37286000e+01  9.76695351e-01  1.37286000e+01  1.13644416e+00  1.37286000e+01  9.87481931e-02  1.37286000e+01  2.93466793e+00  1.37286000e+01  2.88447566e+00  1.37286000e+01  2.93660651e+00  1.37286000e+01  2.93806766e+00  1.37286000e+01  2.80826721e+00  1.37286000e+01  2.93792108e+00  1.37286000e+01  3.24672842e-01  1.37286000e+01  2.93788958e+00 
 1.37643000e+01  1.55698996e+00  1.37643000e+01  1.43218972e+00  1.37643000e+01  1.35465073e+00  1.37643000e+01  1.49475276e+00  1.37643000e+01  1.40599713e+00  1.37643000e+01  1.50429919e+00  1.37643000e+01  1.17989793e+00  1.37643000e+01  1.48611131e+00  1.37643000e+01  1.40448876e+00  1.37643000e+01  4.45401489e-01  1.37643000e+01  8.91715243e-01  1.37643000e+01  1.04487578e+00  1.37643000e+01  1.42110813e+00  1.37643000e+01  1.29477329e+00  1.37643000e+01  7.55992847e-01  1.37643000e+01  1.54379627e+00  1.37643000e+01  4.21084530e-01  1.37643000e+01  1.05977775e+00  1.37643000e+01  9.91683680e-01  1.37643000e+01  1.04014027e+00  1.37643000e+01  1.08557741e+00  1.37643000e+01  1.23042346e+00  1.37643000e+01  1.18347076e+00  1.37643000e+01  1.01314419e+00  1.37643000e+01  1.59144816e+00  1.37643000e+01  9.91894564e-01  1.37643000e+01  1.08586803e+00  1.37643000e+01  2.02772055e-01  1.37643000e+01  2.91835622e+00  1.37643000e+01  2.93318932e+00  1.37643000e+01  2.93802996e+00  1.37643000e+01  2.93794300e+00  1.37643000e+01  2.87831994e+00  1.37643000e+01  2.93811405e+00  1.37643000e+01  1.66241815e-01  1.37643000e+01  2.93381070e+00 
 1.38000000e+01  1.49654200e+00  1.38000000e+01  1.35501573e+00  1.38000000e+01  1.37605113e+00  1.38000000e+01  1.51754931e+00  1.38000000e+01  1.42602535e+00  1.38000000e+01  1.35146950e+00  1.38000000e+01  1.14513005e+00  1.38000000e+01  1.36936849e+00  1.38000000e+01  1.48638209e+00  1.38000000e+01  5.61001692e-01  1.38000000e+01  8.11079910e-01  1.38000000e+01  1.36182686e+00  1.38000000e+01  1.70083396e+00  1.38000000e+01  1.12349844e+00  1.38000000e+01  1.01610957e+00  1.38000000e+01  1.81710196e+00  1.38000000e+01  4.24297000e-01  1.38000000e+01  8.86492023e-01  1.38000000e+01  1.01688468e+00  1.38000000e+01  1.04701951e+00  1.38000000e+01  1.26733581e+00  1.38000000e+01  1.48440924e+00  1.38000000e+01  1.13807591e+00  1.38000000e+01  1.09867852e+00  1.38000000e+01  2.46110844e+00  1.38000000e+01  1.01534887e+00  1.38000000e+01  1.06223531e+00  1.38000000e+01  1.42876838e+00  1.38000000e+01  2.89911895e+00  1.38000000e+01  2.93798920e+00  1.38000000e+01  2.93822118e+00  1.38000000e+01  2.93598085e+00  1.38000000e+01  2.93186056e+00  1.38000000e+01  2.93830014e+00  1.38000000e+01  1.70469012e-01  1.38000000e+01  2.91739884e+00 
 1.38071400e+01  1.49654200e+00  1.38071400e+01  1.35501573e+00  1.38071400e+01  1.37605113e+00  1.38071400e+01  1.51754931e+00  1.38071400e+01  1.42602535e+00  1.38071400e+01  1.35146950e+00  1.38071400e+01  1.14513005e+00  1.38071400e+01  1.36936849e+00  1.38071400e+01  1.48638209e+00  1.38071400e+01  5.61001692e-01  1.38071400e+01  8.11079910e-01  1.38071400e+01  1.36182686e+00  1.38071400e+01  1.70083396e+00  1.38071400e+01  1.12349844e+00  1.38071400e+01  1.01610957e+00  1.38071400e+01  1.81710196e+00  1.38071400e+01  4.24297000e-01  1.38071400e+01  8.86492023e-01  1.38071400e+01  1.01688468e+00  1.38071400e+01  1.04701951e+00  1.38071400e+01  1.26733581e+00  1.38071400e+01  1.48440924e+00  1.38071400e+01  1.13807591e+00  1.38071400e+01  1.09867852e+00  1.38071400e+01  2.46110844e+00  1.38071400e+01  1.01534887e+00  1.38071400e+01  1.06223531e+00  1.38071400e+01  1.42876838e+00  1.38071400e+01  2.89911895e+00  1.38071400e+01  2.93798920e+00  1.38071400e+01  2.93822118e+00  1.38071400e+01  2.93598085e+00  1.38071400e+01  2.93186056e+00  1.38071400e+01  2.93830014e+00  1.38071400e+01  1.70469012e-01  1.38071400e+01  2.91739884e+00 
 1.38214200e+01  1.49654200e+00  1.38214200e+01  1.35501573e+00  1.38214200e+01  1.37605113e+00  1.38214200e+01  1.51754931e+00  1.38214200e+01  1.42602535e+00  1.38214200e+01  1.35146950e+00  1.38214200e+01  1.14513005e+00  1.38214200e+01  1.36936849e+00  1.38214200e+01  1.48638209e+00  1.38214200e+01  5.61001692e-01  1.38214200e+01  8.11079910e-01  1.38214200e+01  1.36182686e+00  1.38214200e+01  1.70083396e+00  1.38214200e+01  1.12349844e+00  1.38214200e+01  1.01610957e+00  1.38214200e+01  1.81710196e+00  1.38214200e+01  4.24297000e-01  1.38214200e+01  8.86492023e-01  1.38214200e+01  1.01688468e+00  1.38214200e+01  1.04701951e+00  1.38214200e+01  1.26733581e+00  1.38214200e+01  1.48440925e+00  1.38214200e+01  1.13807591e+00  1.38214200e+01  1.09867852e+00  1.38214200e+01  2.46110844e+00  1.38214200e+01  1.01534887e+00  1.38214200e+01  1.06223531e+00  1.38214200e+01  1.42876838e+00  1.38214200e+01  2.89911895e+00  1.38214200e+01  2.93798920e+00  1.38214200e+01  2.93822118e+00  1.38214200e+01  2.93598085e+00  1.38214200e+01  2.93186056e+00  1.38214200e+01  2.93830014e+00  1.38214200e+01  1.70469012e-01  1.38214200e+01  2.91739884e+00 
 1.38499800e+01  1.49654200e+00  1.38499800e+01  1.35501573e+00  1.38499800e+01  1.37605113e+00  1.38499800e+01  1.51754931e+00  1.38499800e+01  1.42602535e+00  1.38499800e+01  1.35146950e+00  1.38499800e+01  1.14513005e+00  1.38499800e+01  1.36936849e+00  1.38499800e+01  1.48638209e+00  1.38499800e+01  5.61001692e-01  1.38499800e+01  8.11079910e-01  1.38499800e+01  1.36182686e+00  1.38499800e+01  1.70083396e+00  1.38499800e+01  1.12349844e+00  1.38499800e+01  1.01610957e+00  1.38499800e+01  1.81710196e+00  1.38499800e+01  4.24297000e-01  1.38499800e+01  8.86492023e-01  1.38499800e+01  1.01688468e+00  1.38499800e+01  1.04701951e+00  1.38499800e+01  1.26733581e+00  1.38499800e+01  1.48440924e+00  1.38499800e+01  1.13807591e+00  1.38499800e+01  1.09867852e+00  1.38499800e+01  2.46110844e+00  1.38499800e+01  1.01534887e+00  1.38499800e+01  1.06223531e+00  1.38499800e+01  1.42876838e+00  1.38499800e+01  2.89911895e+00  1.38499800e+01  2.93798920e+00  1.38499800e+01  2.93822118e+00  1.38499800e+01  2.93598085e+00  1.38499800e+01  2.93186056e+00  1.38499800e+01  2.93830014e+00  1.38499800e+01  1.70469012e-01  1.38499800e+01  2.91739884e+00 
 1.39071000e+01  1.49654200e+00  1.39071000e+01  1.35501573e+00  1.39071000e+01  1.37605113e+00  1.39071000e+01  1.51754931e+00  1.39071000e+01  1.42602535e+00  1.39071000e+01  1.35146950e+00  1.39071000e+01  1.14513005e+00  1.39071000e+01  1.36936849e+00  1.39071000e+01  1.48638209e+00  1.39071000e+01  5.61001692e-01  1.39071000e+01  8.11079910e-01  1.39071000e+01  1.36182686e+00  1.39071000e+01  1.70083396e+00  1.39071000e+01  1.12349844e+00  1.39071000e+01  1.01610957e+00  1.39071000e+01  1.81710196e+00  1.39071000e+01  4.24297000e-01  1.39071000e+01  8.86492023e-01  1.39071000e+01  1.01688468e+00  1.39071000e+01  1.04701951e+00  1.39071000e+01  1.26733581e+00  1.39071000e+01  1.48440925e+00  1.39071000e+01  1.13807591e+00  1.39071000e+01  1.09867852e+00  1.39071000e+01  2.46110844e+00  1.39071000e+01  1.01534887e+00  1.39071000e+01  1.06223531e+00  1.39071000e+01  1.42876838e+00  1.39071000e+01  2.89911895e+00  1.39071000e+01  2.93798920e+00  1.39071000e+01  2.93822118e+00  1.39071000e+01  2.93598085e+00  1.39071000e+01  2.93186056e+00  1.39071000e+01  2.93830014e+00  1.39071000e+01  1.70469012e-01  1.39071000e+01  2.91739884e+00 
 1.39980000e+01  1.49654200e+00  1.39980000e+01  1.35501573e+00  1.39980000e+01  1.37605113e+00  1.39980000e+01  1.51754931e+00  1.39980000e+01  1.42602535e+00  1.39980000e+01  1.35146950e+00  1.39980000e+01  1.14513005e+00  1.39980000e+01  1.36936849e+00  1.39980000e+01  1.48638209e+00  1.39980000e+01  5.61001692e-01  1.39980000e+01  8.11079910e-01  1.39980000e+01  1.36182686e+00  1.39980000e+01  1.70083396e+00  1.39980000e+01  1.12349844e+00  1.39980000e+01  1.01610957e+00  1.39980000e+01  1.81710196e+00  1.39980000e+01  4.24297000e-01  1.39980000e+01  8.86492023e-01  1.39980000e+01  1.01688468e+00  1.39980000e+01  1.04701951e+00  1.39980000e+01  1.26733581e+00  1.39980000e+01  1.48440924e+00  1.39980000e+01  1.13807591e+00  1.39980000e+01  1.09867852e+00  1.39980000e+01  2.46110844e+00  1.39980000e+01  1.01534887e+00  1.39980000e+01  1.06223531e+00  1.39980000e+01  1.42876838e+00  1.39980000e+01  2.89911895e+00  1.39980000e+01  2.93798920e+00  1.39980000e+01  2.93822118e+00  1.39980000e+01  2.93598085e+00  1.39980000e+01  2.93186056e+00  1.39980000e+01  2.93830014e+00  1.39980000e+01  1.70469012e-01  1.39980000e+01  2.91739884e+00 
 1.40082000e+01  1.49662738e+00  1.40082000e+01  1.36566185e+00  1.40082000e+01  1.36306248e+00  1.40082000e+01  1.49761356e+00  1.40082000e+01  1.41098591e+00  1.40082000e+01  1.37944634e+00  1.40082000e+01  1.15577813e+00  1.40082000e+01  1.38846901e+00  1.40082000e+01  1.45437550e+00  1.40082000e+01  5.51791560e-01  1.40082000e+01  8.01919829e-01  1.40082000e+01  1.32827389e+00  1.40082000e+01  1.61728231e+00  1.40082000e+01  1.15875939e+00  1.40082000e+01  9.88797201e-01  1.40082000e+01  1.75696578e+00  1.40082000e+01  4.25195077e-01  1.40082000e+01  8.83877825e-01  1.40082000e+01  1.00975826e+00  1.40082000e+01  1.03835826e+00  1.40082000e+01  1.23622024e+00  1.40082000e+01  1.38810295e+00  1.40082000e+01  1.14406526e+00  1.40082000e+01  1.08315543e+00  1.40082000e+01  2.40759169e+00  1.40082000e+01  1.00878897e+00  1.40082000e+01  1.05437730e+00  1.40082000e+01  1.29830948e+00  1.40082000e+01  2.89620872e+00  1.40082000e+01  2.93796609e+00  1.40082000e+01  2.93816425e+00  1.40082000e+01  2.93685029e+00  1.40082000e+01  2.93033235e+00  1.40082000e+01  2.93825934e+00  1.40082000e+01  1.71677182e-01  1.40082000e+01  2.91690651e+00 
 1.40286000e+01  1.54586274e+00  1.40286000e+01  1.42173130e+00  1.40286000e+01  1.35537804e+00  1.40286000e+01  1.49311653e+00  1.40286000e+01  1.40561831e+00  1.40286000e+01  1.48482364e+00  1.40286000e+01  1.17774177e+00  1.40286000e+01  1.47096509e+00  1.40286000e+01  1.41055499e+00  1.40286000e+01  5.34981933e-01  1.40286000e+01  7.84971403e-01  1.40286000e+01  1.26023755e+00  1.40286000e+01  1.44792676e+00  1.40286000e+01  1.24397512e+00  1.40286000e+01  9.35539744e-01  1.40286000e+01  1.63165703e+00  1.40286000e+01  4.31862967e-01  1.40286000e+01  8.78688154e-01  1.40286000e+01  9.96696159e-01  1.40286000e+01  1.02242535e+00  1.40286000e+01  1.18139394e+00  1.40286000e+01  1.25188799e+00  1.40286000e+01  1.16533982e+00  1.40286000e+01  1.05515391e+00  1.40286000e+01  2.18718898e+00  1.40286000e+01  9.96509483e-01  1.40286000e+01  1.03979789e+00  1.40286000e+01  1.06436216e+00  1.40286000e+01  2.89030831e+00  1.40286000e+01  2.93791916e+00  1.40286000e+01  2.93804837e+00  1.40286000e+01  2.93790221e+00  1.40286000e+01  2.92508536e+00  1.40286000e+01  2.93817406e+00  1.40286000e+01  1.81044989e-01  1.40286000e+01  2.91590262e+00 
 1.40643000e+01  1.54979548e+00  1.40643000e+01  1.44699178e+00  1.40643000e+01  1.34569455e+00  1.40643000e+01  1.47069561e+00  1.40643000e+01  1.39045410e+00  1.40643000e+01  1.53261101e+00  1.40643000e+01  1.19760757e+00  1.40643000e+01  1.51500344e+00  1.40643000e+01  1.37877557e+00  1.40643000e+01  5.11232520e-01  1.40643000e+01  7.59728816e-01  1.40643000e+01  1.13931769e+00  1.40643000e+01  1.16272804e+00  1.40643000e+01  1.41083407e+00  1.40643000e+01  8.47154873e-01  1.40643000e+01  1.41245488e+00  1.40643000e+01  4.85069812e-01  1.40643000e+01  8.69735415e-01  1.40643000e+01  9.70947446e-01  1.40643000e+01  9.92055411e-01  1.40643000e+01  1.09569130e+00  1.40643000e+01  1.09122246e+00  1.40643000e+01  1.21528544e+00  1.40643000e+01  1.00803209e+00  1.40643000e+01  1.29238830e+00  1.40643000e+01  9.71181149e-01  1.40643000e+01  1.01099944e+00  1.40643000e+01  7.44261254e-01  1.40643000e+01  2.88002459e+00  1.40643000e+01  2.93640023e+00  1.40643000e+01  2.93693319e+00  1.40643000e+01  2.93802290e+00  1.40643000e+01  2.90899452e+00  1.40643000e+01  2.93802401e+00  1.40643000e+01  4.08171387e-01  1.40643000e+01  2.91408580e+00 
 1.41000000e+01  1.42915318e+00  1.41000000e+01  1.46861384e+00  1.41000000e+01  1.32578695e+00  1.41000000e+01  1.33888746e+00  1.41000000e+01  1.31868110e+00  1.41000000e+01  1.54826200e+00  1.41000000e+01  1.30054905e+00  1.41000000e+01  1.58716544e+00  1.41000000e+01  1.31625978e+00  1.41000000e+01  4.95193959e-01  1.41000000e+01  7.39945194e-01  1.41000000e+01  1.01844370e+00  1.41000000e+01  9.06507415e-01  1.41000000e+01  1.57705525e+00  1.41000000e+01  7.65589082e-01  1.41000000e+01  1.20023765e+00  1.41000000e+01  6.36167541e-01  1.41000000e+01  8.60954213e-01  1.41000000e+01  9.47009476e-01  1.41000000e+01  9.64580116e-01  1.41000000e+01  1.02666676e+00  1.41000000e+01  9.92415645e-01  1.41000000e+01  1.28087550e+00  1.41000000e+01  9.68796551e-01  1.41000000e+01  1.11437961e+00  1.41000000e+01  9.53141810e-01  1.41000000e+01  9.84073810e-01  1.41000000e+01  5.35988912e-01  1.41000000e+01  2.87033819e+00  1.41000000e+01  2.93197493e+00  1.41000000e+01  2.92088255e+00  1.41000000e+01  2.93813679e+00  1.41000000e+01  2.88259557e+00  1.41000000e+01  2.93756050e+00  1.41000000e+01  2.53745699e+00  1.41000000e+01  2.91219527e+00 
 1.41071400e+01  1.42914399e+00  1.41071400e+01  1.46861789e+00  1.41071400e+01  1.32578661e+00  1.41071400e+01  1.33887677e+00  1.41071400e+01  1.31867592e+00  1.41071400e+01  1.54826583e+00  1.41071400e+01  1.30056025e+00  1.41071400e+01  1.58717450e+00  1.41071400e+01  1.31625535e+00  1.41071400e+01  4.95193959e-01  1.41071400e+01  7.39945194e-01  1.41071400e+01  1.01844370e+00  1.41071400e+01  9.06507415e-01  1.41071400e+01  1.57705525e+00  1.41071400e+01  7.65589082e-01  1.41071400e+01  1.20023765e+00  1.41071400e+01  6.36167541e-01  1.41071400e+01  8.60954213e-01  1.41071400e+01  9.47009396e-01  1.41071400e+01  9.64580043e-01  1.41071400e+01  1.02666667e+00  1.41071400e+01  9.92415558e-01  1.41071400e+01  1.28087535e+00  1.41071400e+01  9.68796479e-01  1.41071400e+01  1.11437951e+00  1.41071400e+01  9.53148176e-01  1.41071400e+01  9.84073727e-01  1.41071400e+01  5.35988912e-01  1.41071400e+01  2.87033819e+00  1.41071400e+01  2.93197493e+00  1.41071400e+01  2.92088255e+00  1.41071400e+01  2.93813679e+00  1.41071400e+01  2.88259557e+00  1.41071400e+01  2.93756050e+00  1.41071400e+01  2.53745699e+00  1.41071400e+01  2.91219527e+00 
 1.41214200e+01  1.42914399e+00  1.41214200e+01  1.46861789e+00  1.41214200e+01  1.32578661e+00  1.41214200e+01  1.33887677e+00  1.41214200e+01  1.31867592e+00  1.41214200e+01  1.54826583e+00  1.41214200e+01  1.30056025e+00  1.41214200e+01  1.58717450e+00  1.41214200e+01  1.31625535e+00  1.41214200e+01  4.95193959e-01  1.41214200e+01  7.39945194e-01  1.41214200e+01  1.01844370e+00  1.41214200e+01  9.06507415e-01  1.41214200e+01  1.57705525e+00  1.41214200e+01  7.65589082e-01  1.41214200e+01  1.20023765e+00  1.41214200e+01  6.36167541e-01  1.41214200e+01  8.60954213e-01  1.41214200e+01  9.47009398e-01  1.41214200e+01  9.64580043e-01  1.41214200e+01  1.02666667e+00  1.41214200e+01  9.92415559e-01  1.41214200e+01  1.28087535e+00  1.41214200e+01  9.68796480e-01  1.41214200e+01  1.11437951e+00  1.41214200e+01  9.53148176e-01  1.41214200e+01  9.84073728e-01  1.41214200e+01  5.35988912e-01  1.41214200e+01  2.87033819e+00  1.41214200e+01  2.93197493e+00  1.41214200e+01  2.92088255e+00  1.41214200e+01  2.93813679e+00  1.41214200e+01  2.88259557e+00  1.41214200e+01  2.93756050e+00  1.41214200e+01  2.53745699e+00  1.41214200e+01  2.91219527e+00 
 1.41499800e+01  1.42914399e+00  1.41499800e+01  1.46861789e+00  1.41499800e+01  1.32578661e+00  1.41499800e+01  1.33887677e+00  1.41499800e+01  1.31867592e+00  1.41499800e+01  1.54826583e+00  1.41499800e+01  1.30056025e+00  1.41499800e+01  1.58717450e+00  1.41499800e+01  1.31625535e+00  1.41499800e+01  4.95193959e-01  1.41499800e+01  7.39945194e-01  1.41499800e+01  1.01844370e+00  1.41499800e+01  9.06507415e-01  1.41499800e+01  1.57705525e+00  1.41499800e+01  7.65589082e-01  1.41499800e+01  1.20023765e+00  1.41499800e+01  6.36167541e-01  1.41499800e+01  8.60954213e-01  1.41499800e+01  9.47009396e-01  1.41499800e+01  9.64580043e-01  1.41499800e+01  1.02666667e+00  1.41499800e+01  9.92415558e-01  1.41499800e+01  1.28087535e+00  1.41499800e+01  9.68796479e-01  1.41499800e+01  1.11437951e+00  1.41499800e+01  9.53148176e-01  1.41499800e+01  9.84073727e-01  1.41499800e+01  5.35988912e-01  1.41499800e+01  2.87033819e+00  1.41499800e+01  2.93197493e+00  1.41499800e+01  2.92088255e+00  1.41499800e+01  2.93813679e+00  1.41499800e+01  2.88259557e+00  1.41499800e+01  2.93756050e+00  1.41499800e+01  2.53745699e+00  1.41499800e+01  2.91219527e+00 
 1.42071000e+01  1.42914399e+00  1.42071000e+01  1.46861789e+00  1.42071000e+01  1.32578661e+00  1.42071000e+01  1.33887677e+00  1.42071000e+01  1.31867592e+00  1.42071000e+01  1.54826583e+00  1.42071000e+01  1.30056025e+00  1.42071000e+01  1.58717450e+00  1.42071000e+01  1.31625535e+00  1.42071000e+01  4.95193959e-01  1.42071000e+01  7.39945194e-01  1.42071000e+01  1.01844370e+00  1.42071000e+01  9.06507415e-01  1.42071000e+01  1.57705525e+00  1.42071000e+01  7.65589082e-01  1.42071000e+01  1.20023765e+00  1.42071000e+01  6.36167541e-01  1.42071000e+01  8.60954213e-01  1.42071000e+01  9.47009398e-01  1.42071000e+01  9.64580043e-01  1.42071000e+01  1.02666667e+00  1.42071000e+01  9.92415559e-01  1.42071000e+01  1.28087535e+00  1.42071000e+01  9.68796480e-01  1.42071000e+01  1.11437951e+00  1.42071000e+01  9.53148176e-01  1.42071000e+01  9.84073728e-01  1.42071000e+01  5.35988912e-01  1.42071000e+01  2.87033819e+00  1.42071000e+01  2.93197493e+00  1.42071000e+01  2.92088255e+00  1.42071000e+01  2.93813679e+00  1.42071000e+01  2.88259557e+00  1.42071000e+01  2.93756050e+00  1.42071000e+01  2.53745699e+00  1.42071000e+01  2.91219527e+00 
 1.42980000e+01  1.42914399e+00  1.42980000e+01  1.46861789e+00  1.42980000e+01  1.32578661e+00  1.42980000e+01  1.33887677e+00  1.42980000e+01  1.31867592e+00  1.42980000e+01  1.54826583e+00  1.42980000e+01  1.30056025e+00  1.42980000e+01  1.58717450e+00  1.42980000e+01  1.31625535e+00  1.42980000e+01  4.95193959e-01  1.42980000e+01  7.39945194e-01  1.42980000e+01  1.01844370e+00  1.42980000e+01  9.06507415e-01  1.42980000e+01  1.57705525e+00  1.42980000e+01  7.65589082e-01  1.42980000e+01  1.20023765e+00  1.42980000e+01  6.36167541e-01  1.42980000e+01  8.60954213e-01  1.42980000e+01  9.47009396e-01  1.42980000e+01  9.64580043e-01  1.42980000e+01  1.02666667e+00  1.42980000e+01  9.92415558e-01  1.42980000e+01  1.28087535e+00  1.42980000e+01  9.68796479e-01  1.42980000e+01  1.11437951e+00  1.42980000e+01  9.53148176e-01  1.42980000e+01  9.84073727e-01  1.42980000e+01  5.35988912e-01  1.42980000e+01  2.87033819e+00  1.42980000e+01  2.93197493e+00  1.42980000e+01  2.92088255e+00  1.42980000e+01  2.93813679e+00  1.42980000e+01  2.88259557e+00  1.42980000e+01  2.93756050e+00  1.42980000e+01  2.53745699e+00  1.42980000e+01  2.91219527e+00 
 1.43082000e+01  1.43209525e+00  1.43082000e+01  1.46948473e+00  1.43082000e+01  1.32682743e+00  1.43082000e+01  1.34192057e+00  1.43082000e+01  1.32047796e+00  1.43082000e+01  1.54928459e+00  1.43082000e+01  1.29865019e+00  1.43082000e+01  1.58812556e+00  1.43082000e+01  1.31855248e+00  1.43082000e+01  4.95973189e-01  1.43082000e+01  7.48468223e-01  1.43082000e+01  1.03501995e+00  1.43082000e+01  8.92479675e-01  1.43082000e+01  1.60470223e+00  1.43082000e+01  7.82749608e-01  1.43082000e+01  1.18301038e+00  1.43082000e+01  6.23310796e-01  1.43082000e+01  8.72512096e-01  1.43082000e+01  9.49381820e-01  1.43082000e+01  9.68221913e-01  1.43082000e+01  1.03437135e+00  1.43082000e+01  9.91931581e-01  1.43082000e+01  1.30512463e+00  1.43082000e+01  9.73900667e-01  1.43082000e+01  1.10894220e+00  1.43082000e+01  9.54460787e-01  1.43082000e+01  9.88994590e-01  1.43082000e+01  5.45947570e-01  1.43082000e+01  2.87471832e+00  1.43082000e+01  2.93275359e+00  1.43082000e+01  2.91849342e+00  1.43082000e+01  2.93815567e+00  1.43082000e+01  2.88948020e+00  1.43082000e+01  2.93730812e+00  1.43082000e+01  2.34367253e+00  1.43082000e+01  2.91466101e+00 
 1.43286000e+01  1.43882230e+00  1.43286000e+01  1.47162580e+00  1.43286000e+01  1.32926228e+00  1.43286000e+01  1.34882054e+00  1.43286000e+01  1.32458855e+00  1.43286000e+01  1.55178621e+00  1.43286000e+01  1.29442124e+00  1.43286000e+01  1.59058698e+00  1.43286000e+01  1.32383910e+00  1.43286000e+01  4.98886313e-01  1.43286000e+01  7.65827473e-01  1.43286000e+01  1.06868320e+00  1.43286000e+01  8.66170528e-01  1.43286000e+01  1.66037657e+00  1.43286000e+01  8.18316820e-01  1.43286000e+01  1.14890452e+00  1.43286000e+01  5.99411593e-01  1.43286000e+01  8.96189074e-01  1.43286000e+01  9.54682591e-01  1.43286000e+01  9.76260698e-01  1.43286000e+01  1.05117417e+00  1.43286000e+01  9.92120322e-01  1.43286000e+01  1.36071174e+00  1.43286000e+01  9.85407124e-01  1.43286000e+01  1.09943011e+00  1.43286000e+01  9.58023079e-01  1.43286000e+01  9.99812518e-01  1.43286000e+01  5.83326362e-01  1.43286000e+01  2.88269762e+00  1.43286000e+01  2.93416095e+00  1.43286000e+01  2.91333154e+00  1.43286000e+01  2.93819364e+00  1.43286000e+01  2.90129370e+00  1.43286000e+01  2.93663123e+00  1.43286000e+01  1.98718406e+00  1.43286000e+01  2.91914879e+00 
 1.43643000e+01  1.45451362e+00  1.43643000e+01  1.47712479e+00  1.43643000e+01  1.33522170e+00  1.43643000e+01  1.36489865e+00  1.43643000e+01  1.33426464e+00  1.43643000e+01  1.55807270e+00  1.43643000e+01  1.28488212e+00  1.43643000e+01  1.59724472e+00  1.43643000e+01  1.33653566e+00  1.43643000e+01  5.07666738e-01  1.43643000e+01  7.96370111e-01  1.43643000e+01  1.12644195e+00  1.43643000e+01  8.24956318e-01  1.43643000e+01  1.75790308e+00  1.43643000e+01  8.84414528e-01  1.43643000e+01  1.09049819e+00  1.43643000e+01  5.64434164e-01  1.43643000e+01  9.39413900e-01  1.43643000e+01  9.65151612e-01  1.43643000e+01  9.92023717e-01  1.43643000e+01  1.08365368e+00  1.43643000e+01  9.95184998e-01  1.43643000e+01  1.49636841e+00  1.43643000e+01  1.00934618e+00  1.43643000e+01  1.08613789e+00  1.43643000e+01  9.66456699e-01  1.43643000e+01  1.02138372e+00  1.43643000e+01  6.97372494e-01  1.43643000e+01  2.89435396e+00  1.43643000e+01  2.93606247e+00  1.43643000e+01  2.90319849e+00  1.43643000e+01  2.93825998e+00  1.43643000e+01  2.91700831e+00  1.43643000e+01  2.93495379e+00  1.43643000e+01  1.47776741e+00  1.43643000e+01  2.92557332e+00 
 1.44000000e+01  1.47565960e+00  1.44000000e+01  1.48559237e+00  1.44000000e+01  1.34386331e+00  1.44000000e+01  1.38655934e+00  1.44000000e+01  1.34750965e+00  1.44000000e+01  1.56746239e+00  1.44000000e+01  1.27270094e+00  1.44000000e+01  1.60814120e+00  1.44000000e+01  1.35446803e+00  1.44000000e+01  5.17204700e-01  1.44000000e+01  8.22494051e-01  1.44000000e+01  1.18239026e+00  1.44000000e+01  7.85652633e-01  1.44000000e+01  1.84996435e+00  1.44000000e+01  9.55140332e-01  1.44000000e+01  1.03396048e+00  1.44000000e+01  5.37713718e-01  1.44000000e+01  9.84866465e-01  1.44000000e+01  9.73540896e-01  1.44000000e+01  1.00532108e+00  1.44000000e+01  1.11572161e+00  1.44000000e+01  9.97018731e-01  1.44000000e+01  1.87665349e+00  1.44000000e+01  1.03474826e+00  1.44000000e+01  1.07261367e+00  1.44000000e+01  9.73654946e-01  1.44000000e+01  1.04261727e+00  1.44000000e+01  8.23506575e-01  1.44000000e+01  2.90250188e+00  1.44000000e+01  2.93729788e+00  1.44000000e+01  2.89055953e+00  1.44000000e+01  2.93832240e+00  1.44000000e+01  2.92738216e+00  1.44000000e+01  2.93270556e+00  1.44000000e+01  1.10199262e+00  1.44000000e+01  2.93005288e+00 
 1.44071400e+01  1.47565960e+00  1.44071400e+01  1.48559237e+00  1.44071400e+01  1.34386331e+00  1.44071400e+01  1.38655934e+00  1.44071400e+01  1.34750965e+00  1.44071400e+01  1.56746239e+00  1.44071400e+01  1.27270094e+00  1.44071400e+01  1.60814120e+00  1.44071400e+01  1.35446803e+00  1.44071400e+01  5.17204700e-01  1.44071400e+01  8.22494051e-01  1.44071400e+01  1.18239026e+00  1.44071400e+01  7.85652633e-01  1.44071400e+01  1.84996435e+00  1.44071400e+01  9.55140332e-01  1.44071400e+01  1.03396048e+00  1.44071400e+01  5.37713718e-01  1.44071400e+01  9.84866465e-01  1.44071400e+01  9.73540896e-01  1.44071400e+01  1.00532108e+00  1.44071400e+01  1.11572161e+00  1.44071400e+01  9.97018731e-01  1.44071400e+01  1.87665349e+00  1.44071400e+01  1.03474826e+00  1.44071400e+01  1.07261367e+00  1.44071400e+01  9.73654946e-01  1.44071400e+01  1.04261727e+00  1.44071400e+01  8.23506575e-01  1.44071400e+01  2.90250188e+00  1.44071400e+01  2.93729788e+00  1.44071400e+01  2.89055953e+00  1.44071400e+01  2.93832240e+00  1.44071400e+01  2.92738216e+00  1.44071400e+01  2.93270556e+00  1.44071400e+01  1.10199262e+00  1.44071400e+01  2.93005288e+00 
 1.44214200e+01  1.47565960e+00  1.44214200e+01  1.48559237e+00  1.44214200e+01  1.34386331e+00  1.44214200e+01  1.38655934e+00  1.44214200e+01  1.34750965e+00  1.44214200e+01  1.56746239e+00  1.44214200e+01  1.27270094e+00  1.44214200e+01  1.60814120e+00  1.44214200e+01  1.35446803e+00  1.44214200e+01  5.17204700e-01  1.44214200e+01  8.22494051e-01  1.44214200e+01  1.18239026e+00  1.44214200e+01  7.85652633e-01  1.44214200e+01  1.84996435e+00  1.44214200e+01  9.55140332e-01  1.44214200e+01  1.03396048e+00  1.44214200e+01  5.37713718e-01  1.44214200e+01  9.84866465e-01  1.44214200e+01  9.73540896e-01  1.44214200e+01  1.00532108e+00  1.44214200e+01  1.11572161e+00  1.44214200e+01  9.97018731e-01  1.44214200e+01  1.87665349e+00  1.44214200e+01  1.03474826e+00  1.44214200e+01  1.07261367e+00  1.44214200e+01  9.73654946e-01  1.44214200e+01  1.04261727e+00  1.44214200e+01  8.23506575e-01  1.44214200e+01  2.90250188e+00  1.44214200e+01  2.93729788e+00  1.44214200e+01  2.89055953e+00  1.44214200e+01  2.93832240e+00  1.44214200e+01  2.92738216e+00  1.44214200e+01  2.93270556e+00  1.44214200e+01  1.10199262e+00  1.44214200e+01  2.93005288e+00 
 1.44499800e+01  1.47565960e+00  1.44499800e+01  1.48559237e+00  1.44499800e+01  1.34386331e+00  1.44499800e+01  1.38655934e+00  1.44499800e+01  1.34750965e+00  1.44499800e+01  1.56746239e+00  1.44499800e+01  1.27270094e+00  1.44499800e+01  1.60814120e+00  1.44499800e+01  1.35446803e+00  1.44499800e+01  5.17204700e-01  1.44499800e+01  8.22494051e-01  1.44499800e+01  1.18239026e+00  1.44499800e+01  7.85652633e-01  1.44499800e+01  1.84996435e+00  1.44499800e+01  9.55140332e-01  1.44499800e+01  1.03396048e+00  1.44499800e+01  5.37713718e-01  1.44499800e+01  9.84866465e-01  1.44499800e+01  9.73540896e-01  1.44499800e+01  1.00532108e+00  1.44499800e+01  1.11572161e+00  1.44499800e+01  9.97018731e-01  1.44499800e+01  1.87665349e+00  1.44499800e+01  1.03474826e+00  1.44499800e+01  1.07261367e+00  1.44499800e+01  9.73654946e-01  1.44499800e+01  1.04261727e+00  1.44499800e+01  8.23506575e-01  1.44499800e+01  2.90250188e+00  1.44499800e+01  2.93729788e+00  1.44499800e+01  2.89055953e+00  1.44499800e+01  2.93832240e+00  1.44499800e+01  2.92738216e+00  1.44499800e+01  2.93270556e+00  1.44499800e+01  1.10199262e+00  1.44499800e+01  2.93005288e+00 
 1.45071000e+01  1.47565960e+00  1.45071000e+01  1.48559237e+00  1.45071000e+01  1.34386331e+00  1.45071000e+01  1.38655934e+00  1.45071000e+01  1.34750965e+00  1.45071000e+01  1.56746239e+00  1.45071000e+01  1.27270094e+00  1.45071000e+01  1.60814120e+00  1.45071000e+01  1.35446803e+00  1.45071000e+01  5.17204700e-01  1.45071000e+01  8.22494051e-01  1.45071000e+01  1.18239026e+00  1.45071000e+01  7.85652633e-01  1.45071000e+01  1.84996435e+00  1.45071000e+01  9.55140332e-01  1.45071000e+01  1.03396048e+00  1.45071000e+01  5.37713718e-01  1.45071000e+01  9.84866465e-01  1.45071000e+01  9.73540896e-01  1.45071000e+01  1.00532108e+00  1.45071000e+01  1.11572161e+00  1.45071000e+01  9.97018731e-01  1.45071000e+01  1.87665349e+00  1.45071000e+01  1.03474826e+00  1.45071000e+01  1.07261367e+00  1.45071000e+01  9.73654946e-01  1.45071000e+01  1.04261727e+00  1.45071000e+01  8.23506575e-01  1.45071000e+01  2.90250188e+00  1.45071000e+01  2.93729788e+00  1.45071000e+01  2.89055953e+00  1.45071000e+01  2.93832240e+00  1.45071000e+01  2.92738216e+00  1.45071000e+01  2.93270556e+00  1.45071000e+01  1.10199262e+00  1.45071000e+01  2.93005288e+00 
 1.45980000e+01  1.47565960e+00  1.45980000e+01  1.48559237e+00  1.45980000e+01  1.34386331e+00  1.45980000e+01  1.38655934e+00  1.45980000e+01  1.34750965e+00  1.45980000e+01  1.56746239e+00  1.45980000e+01  1.27270094e+00  1.45980000e+01  1.60814120e+00  1.45980000e+01  1.35446803e+00  1.45980000e+01  5.17204700e-01  1.45980000e+01  8.22494051e-01  1.45980000e+01  1.18239026e+00  1.45980000e+01  7.85652633e-01  1.45980000e+01  1.84996435e+00  1.45980000e+01  9.55140332e-01  1.45980000e+01  1.03396048e+00  1.45980000e+01  5.37713718e-01  1.45980000e+01  9.84866465e-01  1.45980000e+01  9.73540896e-01  1.45980000e+01  1.00532108e+00  1.45980000e+01  1.11572161e+00  1.45980000e+01  9.97018731e-01  1.45980000e+01  1.87665349e+00  1.45980000e+01  1.03474826e+00  1.45980000e+01  1.07261367e+00  1.45980000e+01  9.73654946e-01  1.45980000e+01  1.04261727e+00  1.45980000e+01  8.23506575e-01  1.45980000e+01  2.90250188e+00  1.45980000e+01  2.93729788e+00  1.45980000e+01  2.89055953e+00  1.45980000e+01  2.93832240e+00  1.45980000e+01  2.92738216e+00  1.45980000e+01  2.93270556e+00  1.45980000e+01  1.10199262e+00  1.45980000e+01  2.93005288e+00 
 1.46082000e+01  1.47497685e+00  1.46082000e+01  1.48528725e+00  1.46082000e+01  1.34351494e+00  1.46082000e+01  1.38580485e+00  1.46082000e+01  1.34703057e+00  1.46082000e+01  1.56718547e+00  1.46082000e+01  1.27309612e+00  1.46082000e+01  1.60772581e+00  1.46082000e+01  1.35375072e+00  1.46082000e+01  4.87247945e-01  1.46082000e+01  8.21726827e-01  1.46082000e+01  1.17875469e+00  1.46082000e+01  7.73830586e-01  1.46082000e+01  1.85035175e+00  1.46082000e+01  9.56054472e-01  1.46082000e+01  1.02615777e+00  1.46082000e+01  5.45949827e-01  1.46082000e+01  9.70733600e-01  1.46082000e+01  9.72074609e-01  1.46082000e+01  1.00375437e+00  1.46082000e+01  1.11251555e+00  1.46082000e+01  9.93697378e-01  1.46082000e+01  1.85818556e+00  1.46082000e+01  1.03350844e+00  1.46082000e+01  1.06808192e+00  1.46082000e+01  9.72527855e-01  1.46082000e+01  1.03719982e+00  1.46082000e+01  4.35419767e-01  1.46082000e+01  2.90228248e+00  1.46082000e+01  2.93723630e+00  1.46082000e+01  2.88601479e+00  1.46082000e+01  2.93832266e+00  1.46082000e+01  2.92747887e+00  1.46082000e+01  2.93234455e+00  1.46082000e+01  1.21637322e+00  1.46082000e+01  2.92890528e+00 
 1.46286000e+01  1.47357646e+00  1.46286000e+01  1.48465799e+00  1.46286000e+01  1.34279743e+00  1.46286000e+01  1.38425637e+00  1.46286000e+01  1.34604637e+00  1.46286000e+01  1.56661541e+00  1.46286000e+01  1.27390431e+00  1.46286000e+01  1.60686781e+00  1.46286000e+01  1.35227509e+00  1.46286000e+01  4.29682161e-01  1.46286000e+01  8.20194481e-01  1.46286000e+01  1.16674466e+00  1.46286000e+01  7.50120854e-01  1.46286000e+01  1.84579595e+00  1.46286000e+01  9.57879576e-01  1.46286000e+01  1.01062127e+00  1.46286000e+01  5.60080712e-01  1.46286000e+01  9.42048652e-01  1.46286000e+01  9.69195882e-01  1.46286000e+01  1.00048123e+00  1.46286000e+01  1.10407160e+00  1.46286000e+01  9.87140537e-01  1.46286000e+01  1.78420044e+00  1.46286000e+01  1.03087823e+00  1.46286000e+01  1.05907988e+00  1.46286000e+01  9.70169811e-01  1.46286000e+01  1.02647841e+00  1.46286000e+01  1.77900077e-01  1.46286000e+01  2.90184093e+00  1.46286000e+01  2.93701394e+00  1.46286000e+01  2.87552955e+00  1.46286000e+01  2.93831958e+00  1.46286000e+01  2.92766918e+00  1.46286000e+01  2.93158696e+00  1.46286000e+01  1.41565541e+00  1.46286000e+01  2.92589556e+00 
 1.46643000e+01  1.46826292e+00  1.46643000e+01  1.48251564e+00  1.46643000e+01  1.34020534e+00  1.46643000e+01  1.37836469e+00  1.46643000e+01  1.34235015e+00  1.46643000e+01  1.56468002e+00  1.46643000e+01  1.27714884e+00  1.46643000e+01  1.60404941e+00  1.46643000e+01  1.34683102e+00  1.46643000e+01  3.52218209e-01  1.46643000e+01  8.26707356e-01  1.46643000e+01  1.13872775e+00  1.46643000e+01  7.08749966e-01  1.46643000e+01  1.83017277e+00  1.46643000e+01  9.70238485e-01  1.46643000e+01  9.83571362e-01  1.46643000e+01  5.77151510e-01  1.46643000e+01  8.90705551e-01  1.46643000e+01  9.64037928e-01  1.46643000e+01  9.96448162e-01  1.46643000e+01  1.08686884e+00  1.46643000e+01  9.76312328e-01  1.46643000e+01  1.65445634e+00  1.46643000e+01  1.02855491e+00  1.46643000e+01  1.04393618e+00  1.46643000e+01  9.65842342e-01  1.46643000e+01  1.00851280e+00  1.46643000e+01  9.90885925e-02  1.46643000e+01  2.90368702e+00  1.46643000e+01  2.93638544e+00  1.46643000e+01  2.85066412e+00  1.46643000e+01  2.93830899e+00  1.46643000e+01  2.92886105e+00  1.46643000e+01  2.92995699e+00  1.46643000e+01  1.66096982e+00  1.46643000e+01  2.91817386e+00 
 1.47000000e+01  1.46217436e+00  1.47000000e+01  1.48081751e+00  1.47000000e+01  1.33731474e+00  1.47000000e+01  1.37121182e+00  1.47000000e+01  1.33794671e+00  1.47000000e+01  1.56350662e+00  1.47000000e+01  1.28156563e+00  1.47000000e+01  1.60212637e+00  1.47000000e+01  1.34034511e+00  1.47000000e+01  3.19321363e-01  1.47000000e+01  8.51871957e-01  1.47000000e+01  1.10831335e+00  1.47000000e+01  6.68071073e-01  1.47000000e+01  1.81307693e+00  1.47000000e+01  1.00122182e+00  1.47000000e+01  9.56516278e-01  1.47000000e+01  5.84302452e-01  1.47000000e+01  8.38244210e-01  1.47000000e+01  9.59916344e-01  1.47000000e+01  9.97316405e-01  1.47000000e+01  1.07076179e+00  1.47000000e+01  9.67563256e-01  1.47000000e+01  1.57405876e+00  1.47000000e+01  1.03245913e+00  1.47000000e+01  1.03070962e+00  1.47000000e+01  9.62193279e-01  1.47000000e+01  9.92960229e-01  1.47000000e+01  7.75660742e-02  1.47000000e+01  2.91012135e+00  1.47000000e+01  2.93553381e+00  1.47000000e+01  2.80672036e+00  1.47000000e+01  2.93829741e+00  1.47000000e+01  2.93110041e+00  1.47000000e+01  2.92752737e+00  1.47000000e+01  1.76504908e+00  1.47000000e+01  2.90676873e+00 
 1.47071400e+01  1.46217436e+00  1.47071400e+01  1.48081751e+00  1.47071400e+01  1.33731474e+00  1.47071400e+01  1.37121182e+00  1.47071400e+01  1.33794671e+00  1.47071400e+01  1.56350662e+00  1.47071400e+01  1.28156563e+00  1.47071400e+01  1.60212637e+00  1.47071400e+01  1.34034511e+00  1.47071400e+01  3.19321363e-01  1.47071400e+01  8.51871957e-01  1.47071400e+01  1.10831335e+00  1.47071400e+01  6.68071073e-01  1.47071400e+01  1.81307693e+00  1.47071400e+01  1.00122182e+00  1.47071400e+01  9.56516278e-01  1.47071400e+01  5.84302452e-01  1.47071400e+01  8.38244210e-01  1.47071400e+01  9.59916346e-01  1.47071400e+01  9.97316405e-01  1.47071400e+01  1.07076179e+00  1.47071400e+01  9.67563256e-01  1.47071400e+01  1.57405876e+00  1.47071400e+01  1.03245913e+00  1.47071400e+01  1.03070962e+00  1.47071400e+01  9.62193279e-01  1.47071400e+01  9.92960229e-01  1.47071400e+01  7.75660742e-02  1.47071400e+01  2.91012135e+00  1.47071400e+01  2.93553381e+00  1.47071400e+01  2.80672036e+00  1.47071400e+01  2.93829741e+00  1.47071400e+01  2.93110041e+00  1.47071400e+01  2.92752737e+00  1.47071400e+01  1.76504908e+00  1.47071400e+01  2.90676873e+00 
 1.47214200e+01  1.46217436e+00  1.47214200e+01  1.48081751e+00  1.47214200e+01  1.33731474e+00  1.47214200e+01  1.37121182e+00  1.47214200e+01  1.33794671e+00  1.47214200e+01  1.56350662e+00  1.47214200e+01  1.28156563e+00  1.47214200e+01  1.60212637e+00  1.47214200e+01  1.34034511e+00  1.47214200e+01  3.19321363e-01  1.47214200e+01  8.51871957e-01  1.47214200e+01  1.10831335e+00  1.47214200e+01  6.68071073e-01  1.47214200e+01  1.81307693e+00  1.47214200e+01  1.00122182e+00  1.47214200e+01  9.56516278e-01  1.47214200e+01  5.84302452e-01  1.47214200e+01  8.38244210e-01  1.47214200e+01  9.59916344e-01  1.47214200e+01  9.97316405e-01  1.47214200e+01  1.07076179e+00  1.47214200e+01  9.67563256e-01  1.47214200e+01  1.57405876e+00  1.47214200e+01  1.03245913e+00  1.47214200e+01  1.03070962e+00  1.47214200e+01  9.62193279e-01  1.47214200e+01  9.92960229e-01  1.47214200e+01  7.75660742e-02  1.47214200e+01  2.91012135e+00  1.47214200e+01  2.93553381e+00  1.47214200e+01  2.80672036e+00  1.47214200e+01  2.93829741e+00  1.47214200e+01  2.93110041e+00  1.47214200e+01  2.92752737e+00  1.47214200e+01  1.76504908e+00  1.47214200e+01  2.90676873e+00 
 1.47499800e+01  1.46217436e+00  1.47499800e+01  1.48081751e+00  1.47499800e+01  1.33731474e+00  1.47499800e+01  1.37121182e+00  1.47499800e+01  1.33794671e+00  1.47499800e+01  1.56350662e+00  1.47499800e+01  1.28156563e+00  1.47499800e+01  1.60212637e+00  1.47499800e+01  1.34034511e+00  1.47499800e+01  3.19321363e-01  1.47499800e+01  8.51871957e-01  1.47499800e+01  1.10831335e+00  1.47499800e+01  6.68071073e-01  1.47499800e+01  1.81307693e+00  1.47499800e+01  1.00122182e+00  1.47499800e+01  9.56516278e-01  1.47499800e+01  5.84302452e-01  1.47499800e+01  8.38244210e-01  1.47499800e+01  9.59916346e-01  1.47499800e+01  9.97316405e-01  1.47499800e+01  1.07076179e+00  1.47499800e+01  9.67563256e-01  1.47499800e+01  1.57405876e+00  1.47499800e+01  1.03245913e+00  1.47499800e+01  1.03070962e+00  1.47499800e+01  9.62193279e-01  1.47499800e+01  9.92960229e-01  1.47499800e+01  7.75660742e-02  1.47499800e+01  2.91012135e+00  1.47499800e+01  2.93553381e+00  1.47499800e+01  2.80672036e+00  1.47499800e+01  2.93829741e+00  1.47499800e+01  2.93110041e+00  1.47499800e+01  2.92752737e+00  1.47499800e+01  1.76504908e+00  1.47499800e+01  2.90676873e+00 
 1.48071000e+01  1.46217436e+00  1.48071000e+01  1.48081751e+00  1.48071000e+01  1.33731474e+00  1.48071000e+01  1.37121182e+00  1.48071000e+01  1.33794671e+00  1.48071000e+01  1.56350662e+00  1.48071000e+01  1.28156563e+00  1.48071000e+01  1.60212637e+00  1.48071000e+01  1.34034511e+00  1.48071000e+01  3.19321363e-01  1.48071000e+01  8.51871957e-01  1.48071000e+01  1.10831335e+00  1.48071000e+01  6.68071073e-01  1.48071000e+01  1.81307693e+00  1.48071000e+01  1.00122182e+00  1.48071000e+01  9.56516278e-01  1.48071000e+01  5.84302452e-01  1.48071000e+01  8.38244210e-01  1.48071000e+01  9.59916344e-01  1.48071000e+01  9.97316405e-01  1.48071000e+01  1.07076179e+00  1.48071000e+01  9.67563256e-01  1.48071000e+01  1.57405876e+00  1.48071000e+01  1.03245913e+00  1.48071000e+01  1.03070962e+00  1.48071000e+01  9.62193279e-01  1.48071000e+01  9.92960229e-01  1.48071000e+01  7.75660742e-02  1.48071000e+01  2.91012135e+00  1.48071000e+01  2.93553381e+00  1.48071000e+01  2.80672036e+00  1.48071000e+01  2.93829741e+00  1.48071000e+01  2.93110041e+00  1.48071000e+01  2.92752737e+00  1.48071000e+01  1.76504908e+00  1.48071000e+01  2.90676873e+00 
 1.48980000e+01  1.46217436e+00  1.48980000e+01  1.48081751e+00  1.48980000e+01  1.33731474e+00  1.48980000e+01  1.37121182e+00  1.48980000e+01  1.33794671e+00  1.48980000e+01  1.56350662e+00  1.48980000e+01  1.28156563e+00  1.48980000e+01  1.60212637e+00  1.48980000e+01  1.34034511e+00  1.48980000e+01  3.19321363e-01  1.48980000e+01  8.51871957e-01  1.48980000e+01  1.10831335e+00  1.48980000e+01  6.68071073e-01  1.48980000e+01  1.81307693e+00  1.48980000e+01  1.00122182e+00  1.48980000e+01  9.56516278e-01  1.48980000e+01  5.84302452e-01  1.48980000e+01  8.38244210e-01  1.48980000e+01  9.59916346e-01  1.48980000e+01  9.97316405e-01  1.48980000e+01  1.07076179e+00  1.48980000e+01  9.67563256e-01  1.48980000e+01  1.57405876e+00  1.48980000e+01  1.03245913e+00  1.48980000e+01  1.03070962e+00  1.48980000e+01  9.62193279e-01  1.48980000e+01  9.92960229e-01  1.48980000e+01  7.75660742e-02  1.48980000e+01  2.91012135e+00  1.48980000e+01  2.93553381e+00  1.48980000e+01  2.80672036e+00  1.48980000e+01  2.93829741e+00  1.48980000e+01  2.93110041e+00  1.48980000e+01  2.92752737e+00  1.48980000e+01  1.76504908e+00  1.48980000e+01  2.90676873e+00 
 1.49082000e+01  1.46217436e+00  1.49082000e+01  1.48081751e+00  1.49082000e+01  1.33731474e+00  1.49082000e+01  1.37121182e+00  1.49082000e+01  1.33794671e+00  1.49082000e+01  1.56350662e+00  1.49082000e+01  1.28156563e+00  1.49082000e+01  1.60212637e+00  1.49082000e+01  1.34034511e+00  1.49082000e+01  3.19321363e-01  1.49082000e+01  8.51871957e-01  1.49082000e+01  1.10831335e+00  1.49082000e+01  6.68071073e-01  1.49082000e+01  1.81307693e+00  1.49082000e+01  1.00122182e+00  1.49082000e+01  9.56516278e-01  1.49082000e+01  5.84302452e-01  1.49082000e+01  8.38244210e-01  1.49082000e+01  9.59916344e-01  1.49082000e+01  9.97316405e-01  1.49082000e+01  1.07076179e+00  1.49082000e+01  9.67563256e-01  1.49082000e+01  1.57405876e+00  1.49082000e+01  1.03245913e+00  1.49082000e+01  1.03070962e+00  1.49082000e+01  9.62193279e-01  1.49082000e+01  9.92960229e-01  1.49082000e+01  7.75660742e-02  1.49082000e+01  2.91012135e+00  1.49082000e+01  2.93553381e+00  1.49082000e+01  2.80672036e+00  1.49082000e+01  2.93829741e+00  1.49082000e+01  2.93110041e+00  1.49082000e+01  2.92752737e+00  1.49082000e+01  1.76504908e+00  1.49082000e+01  2.90676873e+00 
 1.49286000e+01  1.46217436e+00  1.49286000e+01  1.48081751e+00  1.49286000e+01  1.33731474e+00  1.49286000e+01  1.37121182e+00  1.49286000e+01  1.33794671e+00  1.49286000e+01  1.56350662e+00  1.49286000e+01  1.28156563e+00  1.49286000e+01  1.60212637e+00  1.49286000e+01  1.34034511e+00  1.49286000e+01  3.19321363e-01  1.49286000e+01  8.51871957e-01  1.49286000e+01  1.10831335e+00  1.49286000e+01  6.68071073e-01  1.49286000e+01  1.81307693e+00  1.49286000e+01  1.00122182e+00  1.49286000e+01  9.56516278e-01  1.49286000e+01  5.84302452e-01  1.49286000e+01  8.38244210e-01  1.49286000e+01  9.59916346e-01  1.49286000e+01  9.97316405e-01  1.49286000e+01  1.07076179e+00  1.49286000e+01  9.67563256e-01  1.49286000e+01  1.57405876e+00  1.49286000e+01  1.03245913e+00  1.49286000e+01  1.03070962e+00  1.49286000e+01  9.62193279e-01  1.49286000e+01  9.92960229e-01  1.49286000e+01  7.75660742e-02  1.49286000e+01  2.91012135e+00  1.49286000e+01  2.93553381e+00  1.49286000e+01  2.80672036e+00  1.49286000e+01  2.93829741e+00  1.49286000e+01  2.93110041e+00  1.49286000e+01  2.92752737e+00  1.49286000e+01  1.76504908e+00  1.49286000e+01  2.90676873e+00 
 1.49643000e+01  1.46217436e+00  1.49643000e+01  1.48081751e+00  1.49643000e+01  1.33731474e+00  1.49643000e+01  1.37121182e+00  1.49643000e+01  1.33794671e+00  1.49643000e+01  1.56350662e+00  1.49643000e+01  1.28156563e+00  1.49643000e+01  1.60212637e+00  1.49643000e+01  1.34034511e+00  1.49643000e+01  3.19321363e-01  1.49643000e+01  8.51871957e-01  1.49643000e+01  1.10831335e+00  1.49643000e+01  6.68071073e-01  1.49643000e+01  1.81307693e+00  1.49643000e+01  1.00122182e+00  1.49643000e+01  9.56516278e-01  1.49643000e+01  5.84302452e-01  1.49643000e+01  8.38244210e-01  1.49643000e+01  9.59916344e-01  1.49643000e+01  9.97316405e-01  1.49643000e+01  1.07076179e+00  1.49643000e+01  9.67563256e-01  1.49643000e+01  1.57405876e+00  1.49643000e+01  1.03245913e+00  1.49643000e+01  1.03070962e+00  1.49643000e+01  9.62193279e-01  1.49643000e+01  9.92960229e-01  1.49643000e+01  7.75660742e-02  1.49643000e+01  2.91012135e+00  1.49643000e+01  2.93553381e+00  1.49643000e+01  2.80672036e+00  1.49643000e+01  2.93829741e+00  1.49643000e+01  2.93110041e+00  1.49643000e+01  2.92752737e+00  1.49643000e+01  1.76504908e+00  1.49643000e+01  2.90676873e+00 
 1.50000000e+01  1.46217436e+00  1.50000000e+01  1.48081751e+00  1.50000000e+01  1.33731474e+00  1.50000000e+01  1.37121182e+00  1.50000000e+01  1.33794671e+00  1.50000000e+01  1.56350662e+00  1.50000000e+01  1.28156563e+00  1.50000000e+01  1.60212637e+00  1.50000000e+01  1.34034511e+00  1.50000000e+01  3.19321363e-01  1.50000000e+01  8.51871957e-01  1.50000000e+01  1.10831335e+00  1.50000000e+01  6.68071073e-01  1.50000000e+01  1.81307693e+00  1.50000000e+01  1.00122182e+00  1.50000000e+01  9.56516278e-01  1.50000000e+01  5.84302452e-01  1.50000000e+01  8.38244210e-01  1.50000000e+01  9.59916346e-01  1.50000000e+01  9.97316405e-01  1.50000000e+01  1.07076179e+00  1.50000000e+01  9.67563256e-01  1.50000000e+01  1.57405876e+00  1.50000000e+01  1.03245913e+00  1.50000000e+01  1.03070962e+00  1.50000000e+01  9.62193279e-01  1.50000000e+01  9.92960229e-01  1.50000000e+01  7.75660742e-02  1.50000000e+01  2.91012135e+00  1.50000000e+01  2.93553381e+00  1.50000000e+01  2.80672036e+00  1.50000000e+01  2.93829741e+00  1.50000000e+01  2.93110041e+00  1.50000000e+01  2.92752737e+00  1.50000000e+01  1.76504908e+00  1.50000000e+01  2.90676873e+00 
