 1.02000000e-03  1.54680000e+00  1.02000000e-03  1.29720000e+00  1.02000000e-03  2.01709979e+00  1.02000000e-03  1.18440000e+00  1.02000000e-03  1.85160000e+00  1.02000000e-03  1.60680000e+00  1.02000000e-03  1.16400000e+00  1.02000000e-03  1.81080000e+00  1.02000000e-03  1.13400000e+00  1.02000000e-03  1.70400000e+00  1.02000000e-03  1.18080000e+00  1.02000000e-03  1.21080000e+00  1.02000000e-03  1.69080000e+00  1.02000000e-03  2.27040000e+00  1.02000000e-03  1.25880000e+00  1.02000000e-03  1.40160000e+00  1.02000000e-03  1.98360000e+00  1.02000000e-03  2.44451502e+00  1.02000000e-03  1.91126543e+00  1.02000000e-03  1.65096369e+00  1.02000000e-03  2.48616365e+00  1.02000000e-03  1.14696268e+00  1.02000000e-03  2.31576374e+00  1.02000000e-03  1.49705708e+00  1.02000000e-03  1.28705252e+00 
 2.04000000e-03  1.54680000e+00  2.04000000e-03  1.29720000e+00  2.04000000e-03  2.01699990e+00  2.04000000e-03  1.18440000e+00  2.04000000e-03  1.85160000e+00  2.04000000e-03  1.60680000e+00  2.04000000e-03  1.16400000e+00  2.04000000e-03  1.81080000e+00  2.04000000e-03  1.13400000e+00  2.04000000e-03  1.70400000e+00  2.04000000e-03  1.18080000e+00  2.04000000e-03  1.21080000e+00  2.04000000e-03  1.69080000e+00  2.04000000e-03  2.27040000e+00  2.04000000e-03  1.25880000e+00  2.04000000e-03  1.40160000e+00  2.04000000e-03  1.98360000e+00  2.04000000e-03  2.44463006e+00  2.04000000e-03  1.91093152e+00  2.04000000e-03  1.65072774e+00  2.04000000e-03  2.48592767e+00  2.04000000e-03  1.14672570e+00  2.04000000e-03  2.31552785e+00  2.04000000e-03  1.49651522e+00  2.04000000e-03  1.28650631e+00 
 4.08000000e-03  1.54680000e+00  4.08000000e-03  1.29720000e+00  4.08000000e-03  2.01680074e+00  4.08000000e-03  1.18440000e+00  4.08000000e-03  1.85160000e+00  4.08000000e-03  1.60680000e+00  4.08000000e-03  1.16400000e+00  4.08000000e-03  1.81080000e+00  4.08000000e-03  1.13400000e+00  4.08000000e-03  1.70400000e+00  4.08000000e-03  1.18080000e+00  4.08000000e-03  1.21080000e+00  4.08000000e-03  1.69080000e+00  4.08000000e-03  2.27040000e+00  4.08000000e-03  1.25880000e+00  4.08000000e-03  1.40160000e+00  4.08000000e-03  1.98360000e+00  4.08000000e-03  2.44486012e+00  4.08000000e-03  1.91026505e+00  4.08000000e-03  1.65025654e+00  4.08000000e-03  2.48545642e+00  4.08000000e-03  1.14625242e+00  4.08000000e-03  2.31505678e+00  4.08000000e-03  1.49543363e+00  4.08000000e-03  1.28541644e+00 
 8.16000000e-03  1.54680000e+00  8.16000000e-03  1.29720000e+00  8.16000000e-03  2.01640620e+00  8.16000000e-03  1.18440000e+00  8.16000000e-03  1.85160000e+00  8.16000000e-03  1.60680000e+00  8.16000000e-03  1.16400000e+00  8.16000000e-03  1.81080000e+00  8.16000000e-03  1.13400000e+00  8.16000000e-03  1.70400000e+00  8.16000000e-03  1.18080000e+00  8.16000000e-03  1.21080000e+00  8.16000000e-03  1.69080000e+00  8.16000000e-03  2.27040000e+00  8.16000000e-03  1.25880000e+00  8.16000000e-03  1.40160000e+00  8.16000000e-03  1.98360000e+00  8.16000000e-03  2.44532025e+00  8.16000000e-03  1.90894017e+00  8.16000000e-03  1.64931844e+00  8.16000000e-03  2.48451831e+00  8.16000000e-03  1.14530997e+00  8.16000000e-03  2.31411902e+00  8.16000000e-03  1.49328324e+00  8.16000000e-03  1.28325201e+00 
 1.63200000e-02  1.54680000e+00  1.63200000e-02  1.29720000e+00  1.63200000e-02  2.01563197e+00  1.63200000e-02  1.18440000e+00  1.63200000e-02  1.85160000e+00  1.63200000e-02  1.60680000e+00  1.63200000e-02  1.16400000e+00  1.63200000e-02  1.81080000e+00  1.63200000e-02  1.13400000e+00  1.63200000e-02  1.70400000e+00  1.63200000e-02  1.18080000e+00  1.63200000e-02  1.21080000e+00  1.63200000e-02  1.69080000e+00  1.63200000e-02  2.27040000e+00  1.63200000e-02  1.25880000e+00  1.63200000e-02  1.40160000e+00  1.63200000e-02  1.98360000e+00  1.63200000e-02  2.44623994e+00  1.63200000e-02  1.90632273e+00  1.63200000e-02  1.64745967e+00  1.63200000e-02  2.48265988e+00  1.63200000e-02  1.14344179e+00  1.63200000e-02  2.31226125e+00  1.63200000e-02  1.48903379e+00  1.63200000e-02  1.27898432e+00 
 3.26400000e-02  1.54680000e+00  3.26400000e-02  1.29720000e+00  3.26400000e-02  2.01414067e+00  3.26400000e-02  1.18440000e+00  3.26400000e-02  1.85160000e+00  3.26400000e-02  1.60680000e+00  3.26400000e-02  1.16400000e+00  3.26400000e-02  1.81080000e+00  3.26400000e-02  1.13400000e+00  3.26400000e-02  1.70400000e+00  3.26400000e-02  1.18080000e+00  3.26400000e-02  1.21080000e+00  3.26400000e-02  1.69080000e+00  3.26400000e-02  2.27040000e+00  3.26400000e-02  1.25880000e+00  3.26400000e-02  1.40160000e+00  3.26400000e-02  1.98360000e+00  3.26400000e-02  2.44807336e+00  3.26400000e-02  1.90121719e+00  3.26400000e-02  1.64381374e+00  3.26400000e-02  2.47901586e+00  3.26400000e-02  1.13977448e+00  3.26400000e-02  2.30861846e+00  3.26400000e-02  1.48074063e+00  3.26400000e-02  1.27069211e+00 
 6.52800000e-02  1.54680000e+00  6.52800000e-02  1.29720000e+00  6.52800000e-02  2.01136674e+00  6.52800000e-02  1.18440000e+00  6.52800000e-02  1.85160000e+00  6.52800000e-02  1.60680000e+00  6.52800000e-02  1.16400000e+00  6.52800000e-02  1.81080000e+00  6.52800000e-02  1.13400000e+00  6.52800000e-02  1.70400000e+00  6.52800000e-02  1.18080000e+00  6.52800000e-02  1.21080000e+00  6.52800000e-02  1.69080000e+00  6.52800000e-02  2.27040000e+00  6.52800000e-02  1.25880000e+00  6.52800000e-02  1.40160000e+00  6.52800000e-02  1.98360000e+00  6.52800000e-02  2.45169811e+00  6.52800000e-02  1.89150609e+00  6.52800000e-02  1.63681056e+00  6.52800000e-02  2.47202014e+00  6.52800000e-02  1.13272031e+00  6.52800000e-02  2.30162495e+00  6.52800000e-02  1.46495133e+00  6.52800000e-02  1.25503468e+00 
 1.02000000e-01  1.54680000e+00  1.02000000e-01  1.29720000e+00  1.02000000e-01  2.00853912e+00  1.02000000e-01  1.18440000e+00  1.02000000e-01  1.85160000e+00  1.02000000e-01  1.60680000e+00  1.02000000e-01  1.16400000e+00  1.02000000e-01  1.81080000e+00  1.02000000e-01  1.13400000e+00  1.02000000e-01  1.70400000e+00  1.02000000e-01  1.18080000e+00  1.02000000e-01  1.21080000e+00  1.02000000e-01  1.69080000e+00  1.02000000e-01  2.27040000e+00  1.02000000e-01  1.25880000e+00  1.02000000e-01  1.40160000e+00  1.02000000e-01  1.98360000e+00  1.02000000e-01  2.45568231e+00  1.02000000e-01  1.88133252e+00  1.02000000e-01  1.62938539e+00  1.02000000e-01  2.46460691e+00  1.02000000e-01  1.12522821e+00  1.02000000e-01  2.29421406e+00  1.02000000e-01  1.44838846e+00  1.02000000e-01  1.23878971e+00 
 1.08528000e-01  1.54680000e+00  1.08528000e-01  1.29720000e+00  1.08528000e-01  2.00806987e+00  1.08528000e-01  1.18440000e+00  1.08528000e-01  1.85160000e+00  1.08528000e-01  1.60680000e+00  1.08528000e-01  1.16400000e+00  1.08528000e-01  1.81080000e+00  1.08528000e-01  1.13400000e+00  1.08528000e-01  1.70400000e+00  1.08528000e-01  1.18080000e+00  1.08528000e-01  1.21080000e+00  1.08528000e-01  1.69080000e+00  1.08528000e-01  2.27040000e+00  1.08528000e-01  1.25880000e+00  1.08528000e-01  1.40160000e+00  1.08528000e-01  1.98360000e+00  1.08528000e-01  2.45637628e+00  1.08528000e-01  1.87961476e+00  1.08528000e-01  1.62812201e+00  1.08528000e-01  2.46334590e+00  1.08528000e-01  1.12395206e+00  1.08528000e-01  2.29295348e+00  1.08528000e-01  1.44558931e+00  1.08528000e-01  1.23606511e+00 
 1.21584000e-01  1.54680000e+00  1.21584000e-01  1.29720000e+00  1.21584000e-01  2.00714683e+00  1.21584000e-01  1.18440000e+00  1.21584000e-01  1.85160000e+00  1.21584000e-01  1.60680000e+00  1.21584000e-01  1.16400000e+00  1.21584000e-01  1.81080000e+00  1.21584000e-01  1.13400000e+00  1.21584000e-01  1.70400000e+00  1.21584000e-01  1.18080000e+00  1.21584000e-01  1.21080000e+00  1.21584000e-01  1.69080000e+00  1.21584000e-01  2.27040000e+00  1.21584000e-01  1.25880000e+00  1.21584000e-01  1.40160000e+00  1.21584000e-01  1.98360000e+00  1.21584000e-01  2.45775557e+00  1.21584000e-01  1.87622412e+00  1.21584000e-01  1.62562409e+00  1.21584000e-01  2.46085275e+00  1.21584000e-01  1.12142827e+00  1.21584000e-01  2.29046120e+00  1.21584000e-01  1.44006287e+00  1.21584000e-01  1.23069544e+00 
 1.47696000e-01  1.54680000e+00  1.47696000e-01  1.29720000e+00  1.47696000e-01  2.00538793e+00  1.47696000e-01  1.18440000e+00  1.47696000e-01  1.85160000e+00  1.47696000e-01  1.60680000e+00  1.47696000e-01  1.16400000e+00  1.47696000e-01  1.81080000e+00  1.47696000e-01  1.13400000e+00  1.47696000e-01  1.70400000e+00  1.47696000e-01  1.18080000e+00  1.47696000e-01  1.21080000e+00  1.47696000e-01  1.69080000e+00  1.47696000e-01  2.27040000e+00  1.47696000e-01  1.25880000e+00  1.47696000e-01  1.40160000e+00  1.47696000e-01  1.98360000e+00  1.47696000e-01  2.46045952e+00  1.47696000e-01  1.86970367e+00  1.47696000e-01  1.62079790e+00  1.47696000e-01  2.45603607e+00  1.47696000e-01  1.11654892e+00  1.47696000e-01  2.28564637e+00  1.47696000e-01  1.42942812e+00  1.47696000e-01  1.22041563e+00 
 1.99920000e-01  1.54680000e+00  1.99920000e-01  1.29720000e+00  1.99920000e-01  2.00216936e+00  1.99920000e-01  1.18440000e+00  1.99920000e-01  1.85160000e+00  1.99920000e-01  1.60680000e+00  1.99920000e-01  1.16400000e+00  1.99920000e-01  1.81080000e+00  1.99920000e-01  1.13400000e+00  1.99920000e-01  1.70400000e+00  1.99920000e-01  1.18080000e+00  1.99920000e-01  1.21080000e+00  1.99920000e-01  1.69080000e+00  1.99920000e-01  2.27040000e+00  1.99920000e-01  1.25880000e+00  1.99920000e-01  1.40160000e+00  1.99920000e-01  1.98360000e+00  1.99920000e-01  2.46562908e+00  1.99920000e-01  1.85762645e+00  1.99920000e-01  1.61178846e+00  1.99920000e-01  2.44704370e+00  1.99920000e-01  1.10743065e+00  1.99920000e-01  2.27665837e+00  1.99920000e-01  1.40970571e+00  1.99920000e-01  1.20153042e+00 
 3.00000000e-01  1.54680000e+00  3.00000000e-01  1.29720000e+00  3.00000000e-01  1.99683980e+00  3.00000000e-01  1.18440000e+00  3.00000000e-01  1.85160000e+00  3.00000000e-01  1.60680000e+00  3.00000000e-01  1.16400000e+00  3.00000000e-01  1.81080000e+00  3.00000000e-01  1.13400000e+00  3.00000000e-01  1.70400000e+00  3.00000000e-01  1.18080000e+00  3.00000000e-01  1.21080000e+00  3.00000000e-01  1.69080000e+00  3.00000000e-01  2.27040000e+00  3.00000000e-01  1.25880000e+00  3.00000000e-01  1.40160000e+00  3.00000000e-01  1.98360000e+00  3.00000000e-01  2.47457834e+00  3.00000000e-01  1.83755956e+00  3.00000000e-01  1.59664875e+00  3.00000000e-01  2.43192172e+00  3.00000000e-01  1.09208801e+00  3.00000000e-01  2.26154800e+00  3.00000000e-01  1.37686413e+00  3.00000000e-01  1.17057326e+00 
 3.10200000e-01  1.54680000e+00  3.10200000e-01  1.29720000e+00  3.10200000e-01  1.99635312e+00  3.10200000e-01  1.18440000e+00  3.10200000e-01  1.85160000e+00  3.10200000e-01  1.60680000e+00  3.10200000e-01  1.16400000e+00  3.10200000e-01  1.81080000e+00  3.10200000e-01  1.13400000e+00  3.10200000e-01  1.70400000e+00  3.10200000e-01  1.18080000e+00  3.10200000e-01  1.21080000e+00  3.10200000e-01  1.69080000e+00  3.10200000e-01  2.27040000e+00  3.10200000e-01  1.25880000e+00  3.10200000e-01  1.40160000e+00  3.10200000e-01  1.98360000e+00  3.10200000e-01  2.47541164e+00  3.10200000e-01  1.83574009e+00  3.10200000e-01  1.59526452e+00  3.10200000e-01  2.43053783e+00  3.10200000e-01  1.09068408e+00  3.10200000e-01  2.26016558e+00  3.10200000e-01  1.37388089e+00  3.10200000e-01  1.16779737e+00 
 3.30600000e-01  1.54680000e+00  3.30600000e-01  1.29720000e+00  3.30600000e-01  1.99586645e+00  3.30600000e-01  1.18440000e+00  3.30600000e-01  1.84517866e+00  3.30600000e-01  1.60042970e+00  3.30600000e-01  1.16400000e+00  3.30600000e-01  1.81080000e+00  3.30600000e-01  1.13400000e+00  3.30600000e-01  1.70400000e+00  3.30600000e-01  1.18080000e+00  3.30600000e-01  1.21080000e+00  3.30600000e-01  1.69080000e+00  3.30600000e-01  2.27715681e+00  3.30600000e-01  1.26570335e+00  3.30600000e-01  1.40160000e+00  3.30600000e-01  1.97186296e+00  3.30600000e-01  2.46442503e+00  3.30600000e-01  1.83622368e+00  3.30600000e-01  1.59658800e+00  3.30600000e-01  2.43135890e+00  3.30600000e-01  1.09182531e+00  3.30600000e-01  2.26115034e+00  3.30600000e-01  1.38028830e+00  3.30600000e-01  1.17171674e+00 
 3.71400000e-01  1.54680000e+00  3.71400000e-01  1.29720000e+00  3.71400000e-01  1.99586645e+00  3.71400000e-01  1.18440000e+00  3.71400000e-01  1.82055026e+00  3.71400000e-01  1.57600565e+00  3.71400000e-01  1.16400000e+00  3.71400000e-01  1.81080000e+00  3.71400000e-01  1.13400000e+00  3.71400000e-01  1.70400000e+00  3.71400000e-01  1.18080000e+00  3.71400000e-01  1.21080000e+00  3.71400000e-01  1.69080000e+00  3.71400000e-01  2.30403426e+00  3.71400000e-01  1.29316849e+00  3.71400000e-01  1.40160000e+00  3.71400000e-01  1.92687676e+00  3.71400000e-01  2.41909348e+00  3.71400000e-01  1.84551738e+00  3.71400000e-01  1.60711316e+00  3.71400000e-01  2.44027829e+00  3.71400000e-01  1.10202934e+00  3.71400000e-01  2.27089646e+00  3.71400000e-01  1.41763387e+00  3.71400000e-01  1.19849088e+00 
 4.53000000e-01  1.54680000e+00  4.53000000e-01  1.29720000e+00  4.53000000e-01  1.99586645e+00  4.53000000e-01  1.18440000e+00  4.53000000e-01  1.77729973e+00  4.53000000e-01  1.53316372e+00  4.53000000e-01  1.16400000e+00  4.53000000e-01  1.81080000e+00  4.53000000e-01  1.13400000e+00  4.53000000e-01  1.70400000e+00  4.53000000e-01  1.18080000e+00  4.53000000e-01  1.21080000e+00  4.53000000e-01  1.69080000e+00  4.53000000e-01  2.35680349e+00  4.53000000e-01  1.34712305e+00  4.53000000e-01  1.40160000e+00  4.53000000e-01  1.84970757e+00  4.53000000e-01  2.34117093e+00  4.53000000e-01  1.86483316e+00  4.53000000e-01  1.62743833e+00  4.53000000e-01  2.45896408e+00  4.53000000e-01  1.12279220e+00  4.53000000e-01  2.29267172e+00  4.53000000e-01  1.48752532e+00  4.53000000e-01  1.25199768e+00 
 5.26500000e-01  1.54680000e+00  5.26500000e-01  1.29720000e+00  5.26500000e-01  1.99586645e+00  5.26500000e-01  1.18440000e+00  5.26500000e-01  1.75957407e+00  5.26500000e-01  1.51562189e+00  5.26500000e-01  1.16400000e+00  5.26500000e-01  1.81080000e+00  5.26500000e-01  1.13400000e+00  5.26500000e-01  1.70400000e+00  5.26500000e-01  1.18080000e+00  5.26500000e-01  1.21080000e+00  5.26500000e-01  1.69080000e+00  5.26500000e-01  2.40226064e+00  5.26500000e-01  1.39366862e+00  5.26500000e-01  1.40160000e+00  5.26500000e-01  1.79634460e+00  5.26500000e-01  2.28708608e+00  5.26500000e-01  1.88311240e+00  5.26500000e-01  1.64593235e+00  5.26500000e-01  2.47685108e+00  5.26500000e-01  1.14184656e+00  5.26500000e-01  2.31545072e+00  5.26500000e-01  1.54139467e+00  5.26500000e-01  1.30014583e+00 
 6.00000000e-01  1.54680000e+00  6.00000000e-01  1.29720000e+00  6.00000000e-01  1.99586645e+00  6.00000000e-01  1.18440000e+00  6.00000000e-01  1.75957407e+00  6.00000000e-01  1.51562189e+00  6.00000000e-01  1.16400000e+00  6.00000000e-01  1.81080000e+00  6.00000000e-01  1.13400000e+00  6.00000000e-01  1.70400000e+00  6.00000000e-01  1.18080000e+00  6.00000000e-01  1.21080000e+00  6.00000000e-01  1.69080000e+00  6.00000000e-01  2.44469363e+00  6.00000000e-01  1.43721924e+00  6.00000000e-01  1.40160000e+00  6.00000000e-01  1.75724454e+00  6.00000000e-01  2.24725170e+00  6.00000000e-01  1.90187093e+00  6.00000000e-01  1.66477073e+00  6.00000000e-01  2.49540388e+00  6.00000000e-01  1.16084593e+00  6.00000000e-01  2.34112808e+00  6.00000000e-01  1.58735492e+00  6.00000000e-01  1.34824917e+00 
 6.10200000e-01  1.54680000e+00  6.10200000e-01  1.29720000e+00  6.10200000e-01  1.99586645e+00  6.10200000e-01  1.18440000e+00  6.10200000e-01  1.75957407e+00  6.10200000e-01  1.51562189e+00  6.10200000e-01  1.16400000e+00  6.10200000e-01  1.81080000e+00  6.10200000e-01  1.13400000e+00  6.10200000e-01  1.70400000e+00  6.10200000e-01  1.18080000e+00  6.10200000e-01  1.21080000e+00  6.10200000e-01  1.69080000e+00  6.10200000e-01  2.45032101e+00  6.10200000e-01  1.44300414e+00  6.10200000e-01  1.40160000e+00  6.10200000e-01  1.75284858e+00  6.10200000e-01  2.24275385e+00  6.10200000e-01  1.90449576e+00  6.10200000e-01  1.66739777e+00  6.10200000e-01  2.49801465e+00  6.10200000e-01  1.16346399e+00  6.10200000e-01  2.34492078e+00  6.10200000e-01  1.59327640e+00  6.10200000e-01  1.35492077e+00 
 6.30600000e-01  1.54775796e+00  6.30600000e-01  1.29720000e+00  6.30600000e-01  1.99673851e+00  6.30600000e-01  1.18440000e+00  6.30600000e-01  1.75957407e+00  6.30600000e-01  1.51562189e+00  6.30600000e-01  1.16400000e+00  6.30600000e-01  1.81080000e+00  6.30600000e-01  1.13400000e+00  6.30600000e-01  1.70400000e+00  6.30600000e-01  1.18080000e+00  6.30600000e-01  1.21080000e+00  6.30600000e-01  1.69080000e+00  6.30600000e-01  2.45594839e+00  6.30600000e-01  1.44878903e+00  6.30600000e-01  1.39761248e+00  6.30600000e-01  1.74845263e+00  6.30600000e-01  2.23409445e+00  6.30600000e-01  1.90922545e+00  6.30600000e-01  1.67172943e+00  6.30600000e-01  2.50227339e+00  6.30600000e-01  1.16784061e+00  6.30600000e-01  2.35037027e+00  6.30600000e-01  1.60110986e+00  6.30600000e-01  1.36826225e+00 
 6.71400000e-01  1.55176887e+00  6.71400000e-01  1.29720000e+00  6.71400000e-01  2.00040639e+00  6.71400000e-01  1.18440000e+00  6.71400000e-01  1.75957407e+00  6.71400000e-01  1.51562189e+00  6.71400000e-01  1.16400000e+00  6.71400000e-01  1.81080000e+00  6.71400000e-01  1.13400000e+00  6.71400000e-01  1.70400000e+00  6.71400000e-01  1.18080000e+00  6.71400000e-01  1.21080000e+00  6.71400000e-01  1.69080000e+00  6.71400000e-01  2.45594839e+00  6.71400000e-01  1.44878903e+00  6.71400000e-01  1.38208255e+00  6.71400000e-01  1.74845263e+00  6.71400000e-01  2.21786919e+00  6.71400000e-01  1.91774935e+00  6.71400000e-01  1.67858383e+00  6.71400000e-01  2.50891128e+00  6.71400000e-01  1.17489722e+00  6.71400000e-01  2.35704215e+00  6.71400000e-01  1.60866563e+00  6.71400000e-01  1.39493485e+00 
 7.53000000e-01  1.56083289e+00  7.53000000e-01  1.29720000e+00  7.53000000e-01  2.00878772e+00  7.53000000e-01  1.18440000e+00  7.53000000e-01  1.75957407e+00  7.53000000e-01  1.51562189e+00  7.53000000e-01  1.16400000e+00  7.53000000e-01  1.81080000e+00  7.53000000e-01  1.13400000e+00  7.53000000e-01  1.70400000e+00  7.53000000e-01  1.18080000e+00  7.53000000e-01  1.21080000e+00  7.53000000e-01  1.69080000e+00  7.53000000e-01  2.45594839e+00  7.53000000e-01  1.44878903e+00  7.53000000e-01  1.35346348e+00  7.53000000e-01  1.74845262e+00  7.53000000e-01  2.18786431e+00  7.53000000e-01  1.93555585e+00  7.53000000e-01  1.69257312e+00  7.53000000e-01  2.52253189e+00  7.53000000e-01  1.18920478e+00  7.53000000e-01  2.37072265e+00  7.53000000e-01  1.62346248e+00  7.53000000e-01  1.44823874e+00 
 8.26500000e-01  1.57013417e+00  8.26500000e-01  1.29720000e+00  8.26500000e-01  2.01747780e+00  8.26500000e-01  1.18440000e+00  8.26500000e-01  1.75957407e+00  8.26500000e-01  1.51562189e+00  8.26500000e-01  1.16400001e+00  8.26500000e-01  1.81080000e+00  8.26500000e-01  1.13400001e+00  8.26500000e-01  1.70400000e+00  8.26500000e-01  1.18080000e+00  8.26500000e-01  1.21080000e+00  8.26500000e-01  1.69080000e+00  8.26500000e-01  2.45594839e+00  8.26500000e-01  1.44878903e+00  8.26500000e-01  1.33036908e+00  8.26500000e-01  1.74845262e+00  8.26500000e-01  2.16352786e+00  8.26500000e-01  1.95267386e+00  8.26500000e-01  1.70558992e+00  8.26500000e-01  2.53529660e+00  8.26500000e-01  1.20240181e+00  8.26500000e-01  2.38353128e+00  8.26500000e-01  1.63675564e+00  8.26500000e-01  1.49620430e+00 
 9.00000000e-01  1.58045135e+00  9.00000000e-01  1.29720001e+00  9.00000000e-01  2.02718723e+00  9.00000000e-01  1.18440001e+00  9.00000000e-01  1.75957407e+00  9.00000000e-01  1.51562189e+00  9.00000000e-01  1.16400001e+00  9.00000000e-01  1.81080001e+00  9.00000000e-01  1.13400001e+00  9.00000000e-01  1.70400000e+00  9.00000000e-01  1.18080000e+00  9.00000000e-01  1.21080000e+00  9.00000000e-01  1.69080000e+00  9.00000000e-01  2.45594839e+00  9.00000000e-01  1.44878903e+00  9.00000000e-01  1.30971419e+00  9.00000000e-01  1.74845262e+00  9.00000000e-01  2.14163784e+00  9.00000000e-01  1.97108496e+00  9.00000000e-01  1.71910460e+00  9.00000000e-01  2.54864273e+00  9.00000000e-01  1.21598657e+00  9.00000000e-01  2.39691085e+00  9.00000000e-01  1.65034166e+00  9.00000000e-01  1.54412522e+00 
 9.10200000e-01  1.58197068e+00  9.10200000e-01  1.29720001e+00  9.10200000e-01  2.02862252e+00  9.10200000e-01  1.18440001e+00  9.10200000e-01  1.75957407e+00  9.10200000e-01  1.51562189e+00  9.10200000e-01  1.16400001e+00  9.10200000e-01  1.81080001e+00  9.10200000e-01  1.13400001e+00  9.10200000e-01  1.70400000e+00  9.10200000e-01  1.18080000e+00  9.10200000e-01  1.21080000e+00  9.10200000e-01  1.69080000e+00  9.10200000e-01  2.45594839e+00  9.10200000e-01  1.44878903e+00  9.10200000e-01  1.30705911e+00  9.10200000e-01  1.74845262e+00  9.10200000e-01  2.13881205e+00  9.10200000e-01  1.97376846e+00  9.10200000e-01  1.72102855e+00  9.10200000e-01  2.55055100e+00  9.10200000e-01  1.21791014e+00  9.10200000e-01  2.39882279e+00  9.10200000e-01  1.65226649e+00  9.10200000e-01  1.55077152e+00 
 9.30600000e-01  1.58349002e+00  9.30600000e-01  1.29720001e+00  9.30600000e-01  2.03005782e+00  9.30600000e-01  1.18440001e+00  9.30600000e-01  1.75957407e+00  9.30600000e-01  1.51562189e+00  9.30600000e-01  1.16400001e+00  9.30600000e-01  1.81080001e+00  9.30600000e-01  1.13400001e+00  9.30600000e-01  1.70400000e+00  9.30600000e-01  1.18080000e+00  9.30600000e-01  1.21080000e+00  9.30600000e-01  1.68504600e+00  9.30600000e-01  2.45003546e+00  9.30600000e-01  1.44308583e+00  9.30600000e-01  1.30527853e+00  9.30600000e-01  1.74925487e+00  9.30600000e-01  2.13672573e+00  9.30600000e-01  1.97454918e+00  9.30600000e-01  1.72105656e+00  9.30600000e-01  2.55054579e+00  9.30600000e-01  1.21795896e+00  9.30600000e-01  2.39829501e+00  9.30600000e-01  1.65229756e+00  9.30600000e-01  1.54702868e+00 
 9.71400000e-01  1.58349002e+00  9.71400000e-01  1.29720001e+00  9.71400000e-01  2.03005782e+00  9.71400000e-01  1.18440001e+00  9.71400000e-01  1.75957407e+00  9.71400000e-01  1.51562189e+00  9.71400000e-01  1.16400001e+00  9.71400000e-01  1.81080001e+00  9.71400000e-01  1.13400001e+00  9.71400000e-01  1.70400000e+00  9.71400000e-01  1.18080000e+00  9.71400000e-01  1.21080000e+00  9.71400000e-01  1.66269603e+00  9.71400000e-01  2.42704973e+00  9.71400000e-01  1.42093904e+00  9.71400000e-01  1.30897895e+00  9.71400000e-01  1.75264107e+00  9.71400000e-01  2.13983894e+00  9.71400000e-01  1.96715256e+00  9.71400000e-01  1.71367518e+00  9.71400000e-01  2.54312525e+00  9.71400000e-01  1.21062490e+00  9.71400000e-01  2.38914724e+00  9.71400000e-01  1.64492065e+00  9.71400000e-01  1.50632719e+00 
 1.05300000e+00  1.58349002e+00  1.05300000e+00  1.29720001e+00  1.05300000e+00  2.03005782e+00  1.05300000e+00  1.18440001e+00  1.05300000e+00  1.75957407e+00  1.05300000e+00  1.51562189e+00  1.05300000e+00  1.16400001e+00  1.05300000e+00  1.81080000e+00  1.05300000e+00  1.13400001e+00  1.05300000e+00  1.70400000e+00  1.05300000e+00  1.18080000e+00  1.05300000e+00  1.21080000e+00  1.05300000e+00  1.62137104e+00  1.05300000e+00  2.38445412e+00  1.05300000e+00  1.38001998e+00  1.05300000e+00  1.31695678e+00  1.05300000e+00  1.75994074e+00  1.05300000e+00  2.14654931e+00  1.05300000e+00  1.95345279e+00  1.05300000e+00  1.69994440e+00  1.05300000e+00  2.52947370e+00  1.05300000e+00  1.19679672e+00  1.05300000e+00  2.37369183e+00  1.05300000e+00  1.63116475e+00  1.05300000e+00  1.42942191e+00 
 1.12650000e+00  1.58349002e+00  1.12650000e+00  1.29720001e+00  1.12650000e+00  2.03005782e+00  1.12650000e+00  1.18440001e+00  1.12650000e+00  1.75957407e+00  1.12650000e+00  1.51562189e+00  1.12650000e+00  1.16400001e+00  1.12650000e+00  1.81080001e+00  1.12650000e+00  1.13400001e+00  1.12650000e+00  1.70400000e+00  1.12650000e+00  1.18080001e+00  1.12650000e+00  1.21080000e+00  1.12650000e+00  1.58717103e+00  1.12650000e+00  2.34911193e+00  1.12650000e+00  1.34618473e+00  1.12650000e+00  1.32445161e+00  1.12650000e+00  1.76682597e+00  1.12650000e+00  2.15290479e+00  1.12650000e+00  1.94207305e+00  1.12650000e+00  1.68848182e+00  1.12650000e+00  2.51822283e+00  1.12650000e+00  1.18507356e+00  1.12650000e+00  2.36193991e+00  1.12650000e+00  1.61962559e+00  1.12650000e+00  1.36435014e+00 
 1.13568750e+00  1.58349002e+00  1.13568750e+00  1.29720001e+00  1.13568750e+00  2.03005782e+00  1.13568750e+00  1.18440001e+00  1.13568750e+00  1.75957407e+00  1.13568750e+00  1.51562189e+00  1.13568750e+00  1.16400001e+00  1.13568750e+00  1.81080001e+00  1.13568750e+00  1.13400001e+00  1.13568750e+00  1.70400000e+00  1.13568750e+00  1.18080001e+00  1.13568750e+00  1.21080000e+00  1.13568750e+00  1.58307525e+00  1.13568750e+00  2.34487360e+00  1.13568750e+00  1.34213445e+00  1.13568750e+00  1.32541272e+00  1.13568750e+00  1.76771099e+00  1.13568750e+00  2.15372368e+00  1.13568750e+00  1.94070452e+00  1.13568750e+00  1.68709973e+00  1.13568750e+00  2.51687537e+00  1.13568750e+00  1.18364872e+00  1.13568750e+00  2.36057455e+00  1.13568750e+00  1.61822887e+00  1.13568750e+00  1.35647255e+00 
 1.15406250e+00  1.58349002e+00  1.15406250e+00  1.29720001e+00  1.15406250e+00  2.03005782e+00  1.15406250e+00  1.18440001e+00  1.15406250e+00  1.75957407e+00  1.15406250e+00  1.51562189e+00  1.15406250e+00  1.16400001e+00  1.15406250e+00  1.81080001e+00  1.15406250e+00  1.13400001e+00  1.15406250e+00  1.70400000e+00  1.15406250e+00  1.18080001e+00  1.15406250e+00  1.21080000e+00  1.15406250e+00  1.57494380e+00  1.15406250e+00  2.33645722e+00  1.15406250e+00  1.33409398e+00  1.15406250e+00  1.32734518e+00  1.15406250e+00  1.76949131e+00  1.15406250e+00  2.15537178e+00  1.15406250e+00  1.93798343e+00  1.15406250e+00  1.68435049e+00  1.15406250e+00  2.51419801e+00  1.15406250e+00  1.18081068e+00  1.15406250e+00  2.35786882e+00  1.15406250e+00  1.61544789e+00  1.15406250e+00  1.34080411e+00 
 1.17703125e+00  1.58349002e+00  1.17703125e+00  1.29720001e+00  1.17703125e+00  2.03005782e+00  1.17703125e+00  1.18440001e+00  1.17703125e+00  1.75957407e+00  1.17703125e+00  1.51562189e+00  1.17703125e+00  1.16400001e+00  1.17703125e+00  1.81080001e+00  1.17703125e+00  1.13400001e+00  1.17703125e+00  1.70400000e+00  1.17703125e+00  1.18080001e+00  1.17703125e+00  1.21080000e+00  1.17703125e+00  1.56494321e+00  1.17703125e+00  2.32610088e+00  1.17703125e+00  1.32420697e+00  1.17703125e+00  1.32979001e+00  1.17703125e+00  1.77174609e+00  1.17703125e+00  2.15746141e+00  1.17703125e+00  1.93462351e+00  1.17703125e+00  1.68095263e+00  1.17703125e+00  2.51089699e+00  1.17703125e+00  1.17729292e+00  1.17703125e+00  2.35454716e+00  1.17703125e+00  1.61200295e+00  1.17703125e+00  1.32145337e+00 
 1.17990234e+00  1.58349002e+00  1.17990234e+00  1.29720001e+00  1.17990234e+00  2.03005782e+00  1.17990234e+00  1.18440001e+00  1.17990234e+00  1.75957407e+00  1.17990234e+00  1.51562189e+00  1.17990234e+00  1.16400001e+00  1.17990234e+00  1.81080001e+00  1.17990234e+00  1.13400001e+00  1.17990234e+00  1.70400000e+00  1.17990234e+00  1.18080001e+00  1.17990234e+00  1.21080000e+00  1.17990234e+00  1.56370691e+00  1.17990234e+00  2.32482015e+00  1.17990234e+00  1.32298485e+00  1.17990234e+00  1.33009819e+00  1.17990234e+00  1.77203053e+00  1.17990234e+00  2.15772521e+00  1.17990234e+00  1.93420681e+00  1.17990234e+00  1.68053095e+00  1.17990234e+00  2.51048799e+00  1.17990234e+00  1.17685553e+00  1.17990234e+00  2.35413634e+00  1.17990234e+00  1.61157471e+00  1.17990234e+00  1.31905410e+00 
 1.18564453e+00  1.58349002e+00  1.18564453e+00  1.29720001e+00  1.18564453e+00  2.03005782e+00  1.18564453e+00  1.18440001e+00  1.18564453e+00  1.75957407e+00  1.18564453e+00  1.51562189e+00  1.18564453e+00  1.16400001e+00  1.18564453e+00  1.81080001e+00  1.18564453e+00  1.13400001e+00  1.18564453e+00  1.70400000e+00  1.18564453e+00  1.18080001e+00  1.18564453e+00  1.21080000e+00  1.18564453e+00  1.56123985e+00  1.18564453e+00  2.32226429e+00  1.18564453e+00  1.32054613e+00  1.18564453e+00  1.33071560e+00  1.18564453e+00  1.77260045e+00  1.18564453e+00  2.15825387e+00  1.18564453e+00  1.93337456e+00  1.18564453e+00  1.67968868e+00  1.18564453e+00  2.50967129e+00  1.18564453e+00  1.17598155e+00  1.18564453e+00  2.35331605e+00  1.18564453e+00  1.61071904e+00  1.18564453e+00  1.31426304e+00 
 1.19282227e+00  1.58349002e+00  1.19282227e+00  1.29720001e+00  1.19282227e+00  2.03005782e+00  1.19282227e+00  1.18440001e+00  1.19282227e+00  1.75957407e+00  1.19282227e+00  1.51562189e+00  1.19282227e+00  1.16400001e+00  1.19282227e+00  1.81080001e+00  1.19282227e+00  1.13400001e+00  1.19282227e+00  1.70400000e+00  1.19282227e+00  1.18080001e+00  1.19282227e+00  1.21080000e+00  1.19282227e+00  1.55877841e+00  1.19282227e+00  2.31973004e+00  1.19282227e+00  1.31810799e+00  1.19282227e+00  1.33149033e+00  1.19282227e+00  1.77331584e+00  1.19282227e+00  2.15891768e+00  1.19282227e+00  1.93233744e+00  1.19282227e+00  1.67863880e+00  1.19282227e+00  2.50865396e+00  1.19282227e+00  1.17489127e+00  1.19282227e+00  2.35229426e+00  1.19282227e+00  1.60965157e+00  1.19282227e+00  1.30829496e+00 
 1.20000000e+00  1.58349002e+00  1.20000000e+00  1.29720001e+00  1.20000000e+00  2.03005782e+00  1.20000000e+00  1.18440001e+00  1.20000000e+00  1.75957407e+00  1.20000000e+00  1.51562189e+00  1.20000000e+00  1.16400001e+00  1.20000000e+00  1.81080001e+00  1.20000000e+00  1.13400001e+00  1.20000000e+00  1.70400000e+00  1.20000000e+00  1.18080001e+00  1.20000000e+00  1.21080000e+00  1.20000000e+00  1.55785543e+00  1.20000000e+00  2.31878973e+00  1.20000000e+00  1.31719059e+00  1.20000000e+00  1.33226836e+00  1.20000000e+00  1.77403454e+00  1.20000000e+00  2.15958483e+00  1.20000000e+00  1.93130375e+00  1.20000000e+00  1.67759209e+00  1.20000000e+00  2.50764046e+00  1.20000000e+00  1.17380333e+00  1.20000000e+00  2.35127622e+00  1.20000000e+00  1.60858634e+00  1.20000000e+00  1.30234955e+00 
 1.20143555e+00  1.58349002e+00  1.20143555e+00  1.29720001e+00  1.20143555e+00  2.03005782e+00  1.20143555e+00  1.18440001e+00  1.20143555e+00  1.75957407e+00  1.20143555e+00  1.51562189e+00  1.20143555e+00  1.16400001e+00  1.20143555e+00  1.81080001e+00  1.20143555e+00  1.13400001e+00  1.20143555e+00  1.70400000e+00  1.20143555e+00  1.18080001e+00  1.20143555e+00  1.21080000e+00  1.20143555e+00  1.55785543e+00  1.20143555e+00  2.31878973e+00  1.20143555e+00  1.31719059e+00  1.20143555e+00  1.33242443e+00  1.20143555e+00  1.77417875e+00  1.20143555e+00  2.15971873e+00  1.20143555e+00  1.93109749e+00  1.20143555e+00  1.67738318e+00  1.20143555e+00  2.50743829e+00  1.20143555e+00  1.17358607e+00  1.20143555e+00  2.35107313e+00  1.20143555e+00  1.60837360e+00  1.20143555e+00  1.30116360e+00 
 1.20430664e+00  1.58349002e+00  1.20430664e+00  1.29720001e+00  1.20430664e+00  2.02985873e+00  1.20430664e+00  1.18440001e+00  1.20430664e+00  1.75957407e+00  1.20430664e+00  1.51562189e+00  1.20430664e+00  1.16400001e+00  1.20430664e+00  1.81080001e+00  1.20430664e+00  1.13400001e+00  1.20430664e+00  1.70400000e+00  1.20430664e+00  1.18080001e+00  1.20430664e+00  1.21080000e+00  1.20430664e+00  1.55785543e+00  1.20430664e+00  2.31878973e+00  1.20430664e+00  1.31719059e+00  1.20430664e+00  1.33258050e+00  1.20430664e+00  1.77432296e+00  1.20430664e+00  2.15997501e+00  1.20430664e+00  1.93034324e+00  1.20430664e+00  1.67685001e+00  1.20430664e+00  2.50691252e+00  1.20430664e+00  1.17304365e+00  1.20430664e+00  2.35054634e+00  1.20430664e+00  1.60746720e+00  1.20430664e+00  1.29888465e+00 
 1.21004883e+00  1.58349002e+00  1.21004883e+00  1.29720001e+00  1.21004883e+00  2.02906813e+00  1.21004883e+00  1.18440001e+00  1.21004883e+00  1.75957407e+00  1.21004883e+00  1.51562189e+00  1.21004883e+00  1.16400001e+00  1.21004883e+00  1.81080001e+00  1.21004883e+00  1.13400001e+00  1.21004883e+00  1.70400000e+00  1.21004883e+00  1.18080001e+00  1.21004883e+00  1.21080000e+00  1.21004883e+00  1.55785543e+00  1.21004883e+00  2.31878973e+00  1.21004883e+00  1.31719059e+00  1.21004883e+00  1.33258050e+00  1.21004883e+00  1.77432296e+00  1.21004883e+00  2.16046906e+00  1.21004883e+00  1.92815636e+00  1.21004883e+00  1.67555401e+00  1.21004883e+00  2.50561956e+00  1.21004883e+00  1.17174374e+00  1.21004883e+00  2.34925298e+00  1.21004883e+00  1.60469557e+00  1.21004883e+00  1.29452417e+00 
 1.22153320e+00  1.58349002e+00  1.22153320e+00  1.29720001e+00  1.22153320e+00  2.02752092e+00  1.22153320e+00  1.18440001e+00  1.22153320e+00  1.75957407e+00  1.22153320e+00  1.51562189e+00  1.22153320e+00  1.16400001e+00  1.22153320e+00  1.81080001e+00  1.22153320e+00  1.13400001e+00  1.22153320e+00  1.70400000e+00  1.22153320e+00  1.18080001e+00  1.22153320e+00  1.21080000e+00  1.22153320e+00  1.55785543e+00  1.22153320e+00  2.31878973e+00  1.22153320e+00  1.31719059e+00  1.22153320e+00  1.33258050e+00  1.22153320e+00  1.77432296e+00  1.22153320e+00  2.16148407e+00  1.22153320e+00  1.92381250e+00  1.22153320e+00  1.67296850e+00  1.22153320e+00  2.50304205e+00  1.22153320e+00  1.16914793e+00  1.22153320e+00  2.34667439e+00  1.22153320e+00  1.59917002e+00  1.22153320e+00  1.28587178e+00 
 1.24450195e+00  1.58349002e+00  1.24450195e+00  1.29720001e+00  1.24450195e+00  2.02455849e+00  1.24450195e+00  1.18440001e+00  1.24450195e+00  1.75957408e+00  1.24450195e+00  1.51562189e+00  1.24450195e+00  1.16400001e+00  1.24450195e+00  1.81080001e+00  1.24450195e+00  1.13400001e+00  1.24450195e+00  1.70400000e+00  1.24450195e+00  1.18080001e+00  1.24450195e+00  1.21080001e+00  1.24450195e+00  1.55785543e+00  1.24450195e+00  2.31878973e+00  1.24450195e+00  1.31719059e+00  1.24450195e+00  1.33258050e+00  1.24450195e+00  1.77432296e+00  1.24450195e+00  2.16361942e+00  1.24450195e+00  1.91524109e+00  1.24450195e+00  1.66782187e+00  1.24450195e+00  2.49791893e+00  1.24450195e+00  1.16397100e+00  1.24450195e+00  2.34154811e+00  1.24450195e+00  1.58818734e+00  1.24450195e+00  1.26883603e+00 
 1.29043945e+00  1.58349002e+00  1.29043945e+00  1.29720001e+00  1.29043945e+00  2.01913232e+00  1.29043945e+00  1.18440001e+00  1.29043945e+00  1.75957408e+00  1.29043945e+00  1.51562189e+00  1.29043945e+00  1.16400001e+00  1.29043945e+00  1.81080001e+00  1.29043945e+00  1.13400001e+00  1.29043945e+00  1.70400000e+00  1.29043945e+00  1.18080001e+00  1.29043945e+00  1.21080001e+00  1.29043945e+00  1.55785543e+00  1.29043945e+00  2.31878972e+00  1.29043945e+00  1.31719059e+00  1.29043945e+00  1.33258050e+00  1.29043945e+00  1.77432296e+00  1.29043945e+00  2.16829435e+00  1.29043945e+00  1.89853940e+00  1.29043945e+00  1.65761443e+00  1.29043945e+00  2.48778708e+00  1.29043945e+00  1.15366591e+00  1.29043945e+00  2.33140610e+00  1.29043945e+00  1.56647724e+00  1.29043945e+00  1.23580306e+00 
 1.38231445e+00  1.58349002e+00  1.38231445e+00  1.29720001e+00  1.38231445e+00  2.01007522e+00  1.38231445e+00  1.18440001e+00  1.38231445e+00  1.75957408e+00  1.38231445e+00  1.51562189e+00  1.38231445e+00  1.16400001e+00  1.38231445e+00  1.81080000e+00  1.38231445e+00  1.13400001e+00  1.38231445e+00  1.70400001e+00  1.38231445e+00  1.18080001e+00  1.38231445e+00  1.21080001e+00  1.38231445e+00  1.55785543e+00  1.38231445e+00  2.31878972e+00  1.38231445e+00  1.31719059e+00  1.38231445e+00  1.33258051e+00  1.38231445e+00  1.77432296e+00  1.38231445e+00  2.17913142e+00  1.38231445e+00  1.86674794e+00  1.38231445e+00  1.63746274e+00  1.38231445e+00  2.46788683e+00  1.38231445e+00  1.13319454e+00  1.38231445e+00  2.31147156e+00  1.38231445e+00  1.52396172e+00  1.38231445e+00  1.17366054e+00 
 1.38323387e+00  1.58349002e+00  1.38323387e+00  1.29720001e+00  1.38323387e+00  2.00999626e+00  1.38323387e+00  1.18440001e+00  1.38323387e+00  1.75957408e+00  1.38323387e+00  1.51562189e+00  1.38323387e+00  1.16400001e+00  1.38323387e+00  1.81080000e+00  1.38323387e+00  1.13400001e+00  1.38323387e+00  1.70400001e+00  1.38323387e+00  1.18080001e+00  1.38323387e+00  1.21080001e+00  1.38323387e+00  1.55785543e+00  1.38323387e+00  2.31878972e+00  1.38323387e+00  1.31719059e+00  1.38323387e+00  1.33258051e+00  1.38323387e+00  1.77432296e+00  1.38323387e+00  2.17924962e+00  1.38323387e+00  1.86644036e+00  1.38323387e+00  1.63726266e+00  1.38323387e+00  2.46768989e+00  1.38323387e+00  1.13299050e+00  1.38323387e+00  2.31127420e+00  1.38323387e+00  1.52354210e+00  1.38323387e+00  1.17306476e+00 
 1.38507271e+00  1.58349002e+00  1.38507271e+00  1.29720001e+00  1.38507271e+00  2.00983876e+00  1.38507271e+00  1.18440001e+00  1.38507271e+00  1.75957408e+00  1.38507271e+00  1.51562189e+00  1.38507271e+00  1.16400001e+00  1.38507271e+00  1.81080000e+00  1.38507271e+00  1.13400001e+00  1.38507271e+00  1.70400001e+00  1.38507271e+00  1.18080001e+00  1.38507271e+00  1.21080001e+00  1.38507271e+00  1.55785543e+00  1.38507271e+00  2.31878972e+00  1.38507271e+00  1.31719059e+00  1.38507271e+00  1.33258051e+00  1.38507271e+00  1.77432296e+00  1.38507271e+00  2.17948637e+00  1.38507271e+00  1.86582559e+00  1.38507271e+00  1.63686256e+00  1.38507271e+00  2.46729610e+00  1.38507271e+00  1.13258245e+00  1.38507271e+00  2.31087953e+00  1.38507271e+00  1.52270308e+00  1.38507271e+00  1.17187419e+00 
 1.38553242e+00  1.58349002e+00  1.38553242e+00  1.29720001e+00  1.38553242e+00  2.00979954e+00  1.38553242e+00  1.18440001e+00  1.38553242e+00  1.75957408e+00  1.38553242e+00  1.51562189e+00  1.38553242e+00  1.16400001e+00  1.38553242e+00  1.81080000e+00  1.38553242e+00  1.13400001e+00  1.38553242e+00  1.70400001e+00  1.38553242e+00  1.18080001e+00  1.38553242e+00  1.21080001e+00  1.38553242e+00  1.55785543e+00  1.38553242e+00  2.31878972e+00  1.38553242e+00  1.31719059e+00  1.38553242e+00  1.33258051e+00  1.38553242e+00  1.77432296e+00  1.38553242e+00  2.17954569e+00  1.38553242e+00  1.86567204e+00  1.38553242e+00  1.63676255e+00  1.38553242e+00  2.46719767e+00  1.38553242e+00  1.13248045e+00  1.38553242e+00  2.31078089e+00  1.38553242e+00  1.52249341e+00  1.38553242e+00  1.17157692e+00 
 1.38645184e+00  1.58349002e+00  1.38645184e+00  1.29720001e+00  1.38645184e+00  2.00972121e+00  1.38645184e+00  1.18440001e+00  1.38645184e+00  1.75957408e+00  1.38645184e+00  1.51562189e+00  1.38645184e+00  1.16400001e+00  1.38645184e+00  1.81080000e+00  1.38645184e+00  1.13400001e+00  1.38645184e+00  1.70400001e+00  1.38645184e+00  1.18080001e+00  1.38645184e+00  1.21080001e+00  1.38645184e+00  1.55785543e+00  1.38645184e+00  2.31878972e+00  1.38645184e+00  1.31719059e+00  1.38645184e+00  1.33258051e+00  1.38645184e+00  1.77432296e+00  1.38645184e+00  2.17966441e+00  1.38645184e+00  1.86536505e+00  1.38645184e+00  1.63656256e+00  1.38645184e+00  2.46700084e+00  1.38645184e+00  1.13227647e+00  1.38645184e+00  2.31058363e+00  1.38645184e+00  1.52207411e+00  1.38645184e+00  1.17098262e+00 
 1.38829067e+00  1.58349002e+00  1.38829067e+00  1.29720001e+00  1.38829067e+00  2.00956518e+00  1.38829067e+00  1.18440001e+00  1.38829067e+00  1.75957408e+00  1.38829067e+00  1.51562189e+00  1.38829067e+00  1.16400001e+00  1.38829067e+00  1.81080000e+00  1.38829067e+00  1.13400001e+00  1.38829067e+00  1.70400001e+00  1.38829067e+00  1.18080001e+00  1.38829067e+00  1.21080001e+00  1.38829067e+00  1.55785543e+00  1.38829067e+00  2.31878972e+00  1.38829067e+00  1.31719059e+00  1.38829067e+00  1.33258051e+00  1.38829067e+00  1.77432296e+00  1.38829067e+00  2.17990238e+00  1.38829067e+00  1.86475164e+00  1.38829067e+00  1.63616268e+00  1.38829067e+00  2.46660729e+00  1.38829067e+00  1.13186859e+00  1.38829067e+00  2.31018921e+00  1.38829067e+00  1.52123583e+00  1.38829067e+00  1.16979552e+00 
 1.39196835e+00  1.58349002e+00  1.39196835e+00  1.29720001e+00  1.39196835e+00  2.00925563e+00  1.39196835e+00  1.18440001e+00  1.39196835e+00  1.75957408e+00  1.39196835e+00  1.51562189e+00  1.39196835e+00  1.16400001e+00  1.39196835e+00  1.81080000e+00  1.39196835e+00  1.13400001e+00  1.39196835e+00  1.70400001e+00  1.39196835e+00  1.18080001e+00  1.39196835e+00  1.21080001e+00  1.39196835e+00  1.55785543e+00  1.39196835e+00  2.31878972e+00  1.39196835e+00  1.31719059e+00  1.39196835e+00  1.33258051e+00  1.39196835e+00  1.77432296e+00  1.39196835e+00  2.18038037e+00  1.39196835e+00  1.86352716e+00  1.39196835e+00  1.63536329e+00  1.39196835e+00  2.46582061e+00  1.39196835e+00  1.13105312e+00  1.39196835e+00  2.30940078e+00  1.39196835e+00  1.51956054e+00  1.39196835e+00  1.16742724e+00 
 1.39932369e+00  1.58349002e+00  1.39932369e+00  1.29720001e+00  1.39932369e+00  2.00864646e+00  1.39932369e+00  1.18440001e+00  1.39932369e+00  1.75957408e+00  1.39932369e+00  1.51562189e+00  1.39932369e+00  1.16400001e+00  1.39932369e+00  1.81080000e+00  1.39932369e+00  1.13400001e+00  1.39932369e+00  1.70400001e+00  1.39932369e+00  1.18080001e+00  1.39932369e+00  1.21080001e+00  1.39932369e+00  1.55785543e+00  1.39932369e+00  2.31878972e+00  1.39932369e+00  1.31719059e+00  1.39932369e+00  1.33258051e+00  1.39932369e+00  1.77432296e+00  1.39932369e+00  2.18134449e+00  1.39932369e+00  1.86108750e+00  1.39932369e+00  1.63376611e+00  1.39932369e+00  2.46424900e+00  1.39932369e+00  1.12942343e+00  1.39932369e+00  2.30782568e+00  1.39932369e+00  1.51621498e+00  1.39932369e+00  1.16271435e+00 
 1.41403439e+00  1.58349002e+00  1.41403439e+00  1.29720001e+00  1.41403439e+00  2.00746728e+00  1.41403439e+00  1.18440001e+00  1.41403439e+00  1.75957408e+00  1.41403439e+00  1.51562189e+00  1.41403439e+00  1.16400001e+00  1.41403439e+00  1.81080000e+00  1.41403439e+00  1.13400001e+00  1.41403439e+00  1.70400001e+00  1.41403439e+00  1.18080001e+00  1.41403439e+00  1.21080001e+00  1.41403439e+00  1.55785543e+00  1.41403439e+00  2.31878972e+00  1.41403439e+00  1.31719059e+00  1.41403439e+00  1.33258051e+00  1.41403439e+00  1.77432296e+00  1.41403439e+00  2.18330453e+00  1.41403439e+00  1.85624504e+00  1.41403439e+00  1.63057860e+00  1.41403439e+00  2.46111318e+00  1.41403439e+00  1.12616960e+00  1.41403439e+00  2.30468284e+00  1.41403439e+00  1.50954385e+00  1.41403439e+00  1.15338290e+00 
 1.44345577e+00  1.58349002e+00  1.44345577e+00  1.29720001e+00  1.44345577e+00  2.00526050e+00  1.44345577e+00  1.18440001e+00  1.44345577e+00  1.75957408e+00  1.44345577e+00  1.51562189e+00  1.44345577e+00  1.16400001e+00  1.44345577e+00  1.81080000e+00  1.44345577e+00  1.13400001e+00  1.44345577e+00  1.70400001e+00  1.44345577e+00  1.18080001e+00  1.44345577e+00  1.21080001e+00  1.44345577e+00  1.55785543e+00  1.44345577e+00  2.31878972e+00  1.44345577e+00  1.31719059e+00  1.44345577e+00  1.33258051e+00  1.44345577e+00  1.77432296e+00  1.44345577e+00  2.18734568e+00  1.44345577e+00  1.84670575e+00  1.44345577e+00  1.62423448e+00  1.44345577e+00  2.45487427e+00  1.44345577e+00  1.11968823e+00  1.44345577e+00  2.29842980e+00  1.44345577e+00  1.49628079e+00  1.44345577e+00  1.13509490e+00 
 1.50000000e+00  1.58349002e+00  1.50000000e+00  1.29720000e+00  1.50000000e+00  2.00155157e+00  1.50000000e+00  1.18440001e+00  1.50000000e+00  1.75957408e+00  1.50000000e+00  1.51562189e+00  1.50000000e+00  1.16400001e+00  1.50000000e+00  1.81080000e+00  1.50000000e+00  1.13400001e+00  1.50000000e+00  1.70400001e+00  1.50000000e+00  1.18080001e+00  1.50000000e+00  1.21080001e+00  1.50000000e+00  1.55785543e+00  1.50000000e+00  2.31878972e+00  1.50000000e+00  1.31719059e+00  1.50000000e+00  1.33258051e+00  1.50000000e+00  1.77432296e+00  1.50000000e+00  2.19551853e+00  1.50000000e+00  1.82890952e+00  1.50000000e+00  1.61218322e+00  1.50000000e+00  2.44302923e+00  1.50000000e+00  1.10735951e+00  1.50000000e+00  2.28655767e+00  1.50000000e+00  1.47111578e+00  1.50000000e+00  1.10134217e+00 
 1.50588428e+00  1.58349002e+00  1.50588428e+00  1.29720000e+00  1.50588428e+00  2.00120798e+00  1.50588428e+00  1.18440001e+00  1.50588428e+00  1.75957408e+00  1.50588428e+00  1.51562189e+00  1.50588428e+00  1.16400001e+00  1.50588428e+00  1.81080000e+00  1.50588428e+00  1.13400001e+00  1.50588428e+00  1.70400001e+00  1.50588428e+00  1.18080001e+00  1.50588428e+00  1.21080001e+00  1.50588428e+00  1.55785543e+00  1.50588428e+00  2.31878972e+00  1.50588428e+00  1.31719059e+00  1.50588428e+00  1.33258051e+00  1.50588428e+00  1.77432296e+00  1.50588428e+00  2.19640039e+00  1.50588428e+00  1.82710170e+00  1.50588428e+00  1.61094199e+00  1.50588428e+00  2.44180967e+00  1.50588428e+00  1.10608843e+00  1.50588428e+00  2.28533531e+00  1.50588428e+00  1.46852578e+00  1.50588428e+00  1.09794477e+00 
 1.51765283e+00  1.58349002e+00  1.51765283e+00  1.29720000e+00  1.51765283e+00  2.00086438e+00  1.51765283e+00  1.18440001e+00  1.51765283e+00  1.75957408e+00  1.51765283e+00  1.51562189e+00  1.51765283e+00  1.16400001e+00  1.51765283e+00  1.81080000e+00  1.51765283e+00  1.13400001e+00  1.51765283e+00  1.70400001e+00  1.51765283e+00  1.18080001e+00  1.51765283e+00  1.21080001e+00  1.51765283e+00  1.55785543e+00  1.51765283e+00  2.32238631e+00  1.51765283e+00  1.32087416e+00  1.51765283e+00  1.33258051e+00  1.51765283e+00  1.76940662e+00  1.51765283e+00  2.19231683e+00  1.51765283e+00  1.82658693e+00  1.51765283e+00  1.61101224e+00  1.51765283e+00  2.44184355e+00  1.51765283e+00  1.10619248e+00  1.51765283e+00  2.28566483e+00  1.51765283e+00  1.46942809e+00  1.51765283e+00  1.09841526e+00 
 1.54118994e+00  1.58349002e+00  1.54118994e+00  1.29720001e+00  1.54118994e+00  2.00086438e+00  1.54118994e+00  1.18440001e+00  1.54118994e+00  1.75957408e+00  1.54118994e+00  1.51562189e+00  1.54118994e+00  1.16400001e+00  1.54118994e+00  1.81080000e+00  1.54118994e+00  1.13400001e+00  1.54118994e+00  1.70400001e+00  1.54118994e+00  1.18080001e+00  1.54118994e+00  1.21080001e+00  1.54118994e+00  1.55785543e+00  1.54118994e+00  2.33660898e+00  1.54118994e+00  1.33544638e+00  1.54118994e+00  1.33258051e+00  1.54118994e+00  1.75051062e+00  1.54118994e+00  2.17322320e+00  1.54118994e+00  1.83172174e+00  1.54118994e+00  1.61621637e+00  1.54118994e+00  2.44682805e+00  1.54118994e+00  1.11163370e+00  1.54118994e+00  2.29194170e+00  1.54118994e+00  1.48296210e+00  1.54118994e+00  1.11388453e+00 
 1.58826416e+00  1.58349002e+00  1.58826416e+00  1.29720001e+00  1.58826416e+00  2.00086438e+00  1.58826416e+00  1.18440001e+00  1.58826416e+00  1.75957408e+00  1.58826416e+00  1.51562189e+00  1.58826416e+00  1.16400001e+00  1.58826416e+00  1.81080001e+00  1.58826416e+00  1.13400001e+00  1.58826416e+00  1.70400001e+00  1.58826416e+00  1.18080001e+00  1.58826416e+00  1.21080001e+00  1.58826416e+00  1.55785543e+00  1.58826416e+00  2.36427411e+00  1.58826416e+00  1.36381797e+00  1.58826416e+00  1.33258051e+00  1.58826416e+00  1.71665988e+00  1.58826416e+00  2.13897158e+00  1.58826416e+00  1.84179980e+00  1.58826416e+00  1.62641185e+00  1.58826416e+00  2.45664513e+00  1.58826416e+00  1.12221934e+00  1.58826416e+00  2.30498920e+00  1.58826416e+00  1.50771500e+00  1.58826416e+00  1.14480923e+00 
 1.68241260e+00  1.58349002e+00  1.68241260e+00  1.29720001e+00  1.68241260e+00  2.00086438e+00  1.68241260e+00  1.18440001e+00  1.68241260e+00  1.75957408e+00  1.68241260e+00  1.51562189e+00  1.68241260e+00  1.16400001e+00  1.68241260e+00  1.81080001e+00  1.68241260e+00  1.13400001e+00  1.68241260e+00  1.70400001e+00  1.68241260e+00  1.18080001e+00  1.68241260e+00  1.21080001e+00  1.68241260e+00  1.55785543e+00  1.68241260e+00  2.41760536e+00  1.68241260e+00  1.41857975e+00  1.68241260e+00  1.33258051e+00  1.68241260e+00  1.66062398e+00  1.68241260e+00  2.08212575e+00  1.68241260e+00  1.86162753e+00  1.68241260e+00  1.64641049e+00  1.68241260e+00  2.47607057e+00  1.68241260e+00  1.14274908e+00  1.68241260e+00  2.33397393e+00  1.68241260e+00  1.54997915e+00  1.68241260e+00  1.20660337e+00 
 1.74120630e+00  1.58349002e+00  1.74120630e+00  1.29720001e+00  1.74120630e+00  2.00086438e+00  1.74120630e+00  1.18440001e+00  1.74120630e+00  1.75957408e+00  1.74120630e+00  1.51562189e+00  1.74120630e+00  1.16400001e+00  1.74120630e+00  1.81080001e+00  1.74120630e+00  1.13400001e+00  1.74120630e+00  1.70400001e+00  1.74120630e+00  1.18080001e+00  1.74120630e+00  1.21080001e+00  1.74120630e+00  1.55785543e+00  1.74120630e+00  2.44990149e+00  1.74120630e+00  1.45177750e+00  1.74120630e+00  1.33258051e+00  1.74120630e+00  1.63196353e+00  1.74120630e+00  2.05295836e+00  1.74120630e+00  1.87406779e+00  1.74120630e+00  1.65891728e+00  1.74120630e+00  2.48833460e+00  1.74120630e+00  1.15543228e+00  1.74120630e+00  2.35444936e+00  1.74120630e+00  1.57243530e+00  1.74120630e+00  1.24515513e+00 
 1.80000000e+00  1.58349002e+00  1.80000000e+00  1.29720001e+00  1.80000000e+00  2.00086438e+00  1.80000000e+00  1.18440001e+00  1.80000000e+00  1.75957408e+00  1.80000000e+00  1.51562189e+00  1.80000000e+00  1.16400001e+00  1.80000000e+00  1.81080001e+00  1.80000000e+00  1.13400001e+00  1.80000000e+00  1.70400001e+00  1.80000000e+00  1.18080001e+00  1.80000000e+00  1.21080001e+00  1.80000000e+00  1.55785543e+00  1.80000000e+00  2.48153227e+00  1.80000000e+00  1.48431497e+00  1.80000000e+00  1.33258051e+00  1.80000000e+00  1.60713128e+00  1.80000000e+00  2.02762059e+00  1.80000000e+00  1.88684681e+00  1.80000000e+00  1.67172890e+00  1.80000000e+00  2.50100034e+00  1.80000000e+00  1.16829029e+00  1.80000000e+00  2.37700254e+00  1.80000000e+00  1.59278416e+00  1.80000000e+00  1.28367820e+00 
 1.81020000e+00  1.58349002e+00  1.81020000e+00  1.29720001e+00  1.81020000e+00  2.00086438e+00  1.81020000e+00  1.18440001e+00  1.81020000e+00  1.75957408e+00  1.81020000e+00  1.51562189e+00  1.81020000e+00  1.16400001e+00  1.81020000e+00  1.81080001e+00  1.81020000e+00  1.13400001e+00  1.81020000e+00  1.70400001e+00  1.81020000e+00  1.18080001e+00  1.81020000e+00  1.21080001e+00  1.81020000e+00  1.55785543e+00  1.81020000e+00  2.48693838e+00  1.81020000e+00  1.48987932e+00  1.81020000e+00  1.33258051e+00  1.81020000e+00  1.60323154e+00  1.81020000e+00  2.02363339e+00  1.81020000e+00  1.88911899e+00  1.81020000e+00  1.67400240e+00  1.81020000e+00  2.50326089e+00  1.81020000e+00  1.17055530e+00  1.81020000e+00  2.38116453e+00  1.81020000e+00  1.59611920e+00  1.81020000e+00  1.29035814e+00 
 1.83060000e+00  1.58424628e+00  1.83060000e+00  1.29720001e+00  1.83060000e+00  2.00154038e+00  1.83060000e+00  1.18440001e+00  1.83060000e+00  1.75957408e+00  1.83060000e+00  1.51562189e+00  1.83060000e+00  1.16400001e+00  1.83060000e+00  1.81080001e+00  1.83060000e+00  1.13400001e+00  1.83060000e+00  1.70400000e+00  1.83060000e+00  1.18080001e+00  1.83060000e+00  1.21080001e+00  1.83060000e+00  1.55785543e+00  1.83060000e+00  2.49234450e+00  1.83060000e+00  1.49544367e+00  1.83060000e+00  1.33258051e+00  1.83060000e+00  1.59933179e+00  1.83060000e+00  2.01964618e+00  1.83060000e+00  1.89361499e+00  1.83060000e+00  1.67792422e+00  1.83060000e+00  2.50710492e+00  1.83060000e+00  1.17453364e+00  1.83060000e+00  2.38691773e+00  1.83060000e+00  1.60111055e+00  1.83060000e+00  1.30371629e+00 
 1.87140000e+00  1.58749057e+00  1.87140000e+00  1.29720001e+00  1.87140000e+00  2.00446421e+00  1.87140000e+00  1.18440001e+00  1.87140000e+00  1.75957408e+00  1.87140000e+00  1.51562189e+00  1.87140000e+00  1.16400001e+00  1.87140000e+00  1.81080001e+00  1.87140000e+00  1.13400001e+00  1.87140000e+00  1.70400000e+00  1.87140000e+00  1.18080001e+00  1.87140000e+00  1.21080001e+00  1.87140000e+00  1.55785543e+00  1.87140000e+00  2.49234450e+00  1.87140000e+00  1.49544367e+00  1.87140000e+00  1.33258051e+00  1.87140000e+00  1.59933179e+00  1.87140000e+00  2.01964618e+00  1.87140000e+00  1.90263902e+00  1.87140000e+00  1.68457520e+00  1.87140000e+00  2.51350567e+00  1.87140000e+00  1.18143202e+00  1.87140000e+00  2.39334855e+00  1.87140000e+00  1.60779211e+00  1.87140000e+00  1.33042224e+00 
 1.95300000e+00  1.59526578e+00  1.95300000e+00  1.29720001e+00  1.95300000e+00  2.01160214e+00  1.95300000e+00  1.18440001e+00  1.95300000e+00  1.75957408e+00  1.95300000e+00  1.51562189e+00  1.95300000e+00  1.16400001e+00  1.95300000e+00  1.81080001e+00  1.95300000e+00  1.13400001e+00  1.95300000e+00  1.70400000e+00  1.95300000e+00  1.18080001e+00  1.95300000e+00  1.21080001e+00  1.95300000e+00  1.55785543e+00  1.95300000e+00  2.49234450e+00  1.95300000e+00  1.49544367e+00  1.95300000e+00  1.33258051e+00  1.95300000e+00  1.59933179e+00  1.95300000e+00  2.01964618e+00  1.95300000e+00  1.92156708e+00  1.95300000e+00  1.69825357e+00  1.95300000e+00  2.52674219e+00  1.95300000e+00  1.19552499e+00  1.95300000e+00  2.40663957e+00  1.95300000e+00  1.62152281e+00  1.95300000e+00  1.38379277e+00 
 2.02650000e+00  1.60368910e+00  2.02650000e+00  1.29720001e+00  2.02650000e+00  2.01945551e+00  2.02650000e+00  1.18440001e+00  2.02650000e+00  1.75957408e+00  2.02650000e+00  1.51562189e+00  2.02650000e+00  1.16400001e+00  2.02650000e+00  1.81080001e+00  2.02650000e+00  1.13400001e+00  2.02650000e+00  1.70400000e+00  2.02650000e+00  1.18080001e+00  2.02650000e+00  1.21080001e+00  2.02650000e+00  1.55785544e+00  2.02650000e+00  2.49234450e+00  2.02650000e+00  1.49544367e+00  2.02650000e+00  1.33258051e+00  2.02650000e+00  1.59933179e+00  2.02650000e+00  2.01964618e+00  2.02650000e+00  1.93980395e+00  2.02650000e+00  1.71105320e+00  2.02650000e+00  2.53921682e+00  2.02650000e+00  1.20859925e+00  2.02650000e+00  2.41915623e+00  2.02650000e+00  1.63435858e+00  2.02650000e+00  1.43181829e+00 
 2.10000000e+00  1.61339086e+00  2.10000000e+00  1.29720001e+00  2.10000000e+00  2.02859110e+00  2.10000000e+00  1.18440001e+00  2.10000000e+00  1.75957408e+00  2.10000000e+00  1.51562189e+00  2.10000000e+00  1.16400001e+00  2.10000000e+00  1.81080001e+00  2.10000000e+00  1.13400001e+00  2.10000000e+00  1.70400000e+00  2.10000000e+00  1.18080001e+00  2.10000000e+00  1.21080001e+00  2.10000000e+00  1.55785544e+00  2.10000000e+00  2.49234450e+00  2.10000000e+00  1.49544368e+00  2.10000000e+00  1.33258051e+00  2.10000000e+00  1.59933179e+00  2.10000000e+00  2.01964618e+00  2.10000000e+00  1.95942508e+00  2.10000000e+00  1.72437185e+00  2.10000000e+00  2.55228813e+00  2.10000000e+00  1.22208899e+00  2.10000000e+00  2.43226201e+00  2.10000000e+00  1.64770178e+00  2.10000000e+00  1.47979912e+00 
 2.11020000e+00  1.61484694e+00  2.11020000e+00  1.29720001e+00  2.11020000e+00  2.02996893e+00  2.11020000e+00  1.18440001e+00  2.11020000e+00  1.75957408e+00  2.11020000e+00  1.51562189e+00  2.11020000e+00  1.16400001e+00  2.11020000e+00  1.81080001e+00  2.11020000e+00  1.13400001e+00  2.11020000e+00  1.70400000e+00  2.11020000e+00  1.18080001e+00  2.11020000e+00  1.21080001e+00  2.11020000e+00  1.55785544e+00  2.11020000e+00  2.49234450e+00  2.11020000e+00  1.49544368e+00  2.11020000e+00  1.33258051e+00  2.11020000e+00  1.59933179e+00  2.11020000e+00  2.01964618e+00  2.11020000e+00  1.96228559e+00  2.11020000e+00  1.72626968e+00  2.11020000e+00  2.55415899e+00  2.11020000e+00  1.22400083e+00  2.11020000e+00  2.43413693e+00  2.11020000e+00  1.64960192e+00  2.11020000e+00  1.48645373e+00 
 2.13060000e+00  1.61630302e+00  2.13060000e+00  1.29720001e+00  2.13060000e+00  2.03134677e+00  2.13060000e+00  1.18440001e+00  2.13060000e+00  1.75957408e+00  2.13060000e+00  1.51562189e+00  2.13060000e+00  1.16400001e+00  2.13060000e+00  1.81080001e+00  2.13060000e+00  1.13400001e+00  2.13060000e+00  1.70400000e+00  2.13060000e+00  1.18080001e+00  2.13060000e+00  1.21080001e+00  2.13060000e+00  1.55225467e+00  2.13060000e+00  2.48654941e+00  2.13060000e+00  1.48985602e+00  2.13060000e+00  1.33258051e+00  2.13060000e+00  1.59933179e+00  2.13060000e+00  2.01964618e+00  2.13060000e+00  1.96337102e+00  2.13060000e+00  1.72639160e+00  2.13060000e+00  2.55425619e+00  2.13060000e+00  1.22413398e+00  2.13060000e+00  2.43388736e+00  2.13060000e+00  1.64972583e+00  2.13060000e+00  1.48330270e+00 
 2.17140000e+00  1.61630302e+00  2.17140000e+00  1.29720001e+00  2.17140000e+00  2.03134677e+00  2.17140000e+00  1.18440001e+00  2.17140000e+00  1.75957408e+00  2.17140000e+00  1.51562189e+00  2.17140000e+00  1.16400001e+00  2.17140000e+00  1.81080001e+00  2.17140000e+00  1.13400001e+00  2.17140000e+00  1.70400000e+00  2.17140000e+00  1.18080001e+00  2.17140000e+00  1.21080001e+00  2.17140000e+00  1.53041432e+00  2.17140000e+00  2.46393185e+00  2.17140000e+00  1.46806811e+00  2.17140000e+00  1.33258051e+00  2.17140000e+00  1.59933179e+00  2.17140000e+00  2.01964618e+00  2.17140000e+00  1.95646015e+00  2.17140000e+00  1.71946789e+00  2.17140000e+00  2.54736731e+00  2.17140000e+00  1.21716785e+00  2.17140000e+00  2.42588909e+00  2.17140000e+00  1.64279723e+00  2.17140000e+00  1.44481632e+00 
 2.25300000e+00  1.61630302e+00  2.25300000e+00  1.29720001e+00  2.25300000e+00  2.03134677e+00  2.25300000e+00  1.18440001e+00  2.25300000e+00  1.75957408e+00  2.25300000e+00  1.51562189e+00  2.25300000e+00  1.16400001e+00  2.25300000e+00  1.81080001e+00  2.25300000e+00  1.13400001e+00  2.25300000e+00  1.70400000e+00  2.25300000e+00  1.18080001e+00  2.25300000e+00  1.21080001e+00  2.25300000e+00  1.48953756e+00  2.25300000e+00  2.42150233e+00  2.25300000e+00  1.42729608e+00  2.25300000e+00  1.33258051e+00  2.25300000e+00  1.59933179e+00  2.25300000e+00  2.01964618e+00  2.25300000e+00  1.94356852e+00  2.25300000e+00  1.70650360e+00  2.25300000e+00  2.53460017e+00  2.25300000e+00  1.20396283e+00  2.25300000e+00  2.41212723e+00  2.25300000e+00  1.62980519e+00  2.25300000e+00  1.37159277e+00 
 2.32650000e+00  1.61630302e+00  2.32650000e+00  1.29720001e+00  2.32650000e+00  2.03134677e+00  2.32650000e+00  1.18440001e+00  2.32650000e+00  1.75957408e+00  2.32650000e+00  1.51562189e+00  2.32650000e+00  1.16400001e+00  2.32650000e+00  1.81080001e+00  2.32650000e+00  1.13400001e+00  2.32650000e+00  1.70400001e+00  2.32650000e+00  1.18080001e+00  2.32650000e+00  1.21080001e+00  2.32650000e+00  1.45521539e+00  2.32650000e+00  2.38578550e+00  2.32650000e+00  1.39306795e+00  2.32650000e+00  1.33258051e+00  2.32650000e+00  1.59933179e+00  2.32650000e+00  2.01964618e+00  2.32650000e+00  1.93272376e+00  2.32650000e+00  1.69555283e+00  2.32650000e+00  2.52393664e+00  2.32650000e+00  1.19265941e+00  2.32650000e+00  2.40128414e+00  2.32650000e+00  1.61881390e+00  2.32650000e+00  1.30903881e+00 
 2.40000000e+00  1.61630302e+00  2.40000000e+00  1.29720001e+00  2.40000000e+00  2.03134677e+00  2.40000000e+00  1.18440001e+00  2.40000000e+00  1.75957408e+00  2.40000000e+00  1.51562189e+00  2.40000000e+00  1.16400001e+00  2.40000000e+00  1.81080001e+00  2.40000000e+00  1.13400001e+00  2.40000000e+00  1.70400001e+00  2.40000000e+00  1.18080001e+00  2.40000000e+00  1.21080001e+00  2.40000000e+00  1.43854687e+00  2.40000000e+00  2.36842097e+00  2.40000000e+00  1.37644636e+00  2.40000000e+00  1.33258051e+00  2.40000000e+00  1.59933179e+00  2.40000000e+00  2.01964618e+00  2.40000000e+00  1.92232598e+00  2.40000000e+00  1.68502228e+00  2.40000000e+00  2.51376529e+00  2.40000000e+00  1.18168502e+00  2.40000000e+00  2.39107400e+00  2.40000000e+00  1.60823252e+00  2.40000000e+00  1.24889592e+00 
 2.41020000e+00  1.61630302e+00  2.41020000e+00  1.29720001e+00  2.41020000e+00  2.03134677e+00  2.41020000e+00  1.18440001e+00  2.41020000e+00  1.75957408e+00  2.41020000e+00  1.51562189e+00  2.41020000e+00  1.16400001e+00  2.41020000e+00  1.81080001e+00  2.41020000e+00  1.13400001e+00  2.41020000e+00  1.70400001e+00  2.41020000e+00  1.18080001e+00  2.41020000e+00  1.21080001e+00  2.41020000e+00  1.43854687e+00  2.41020000e+00  2.36842097e+00  2.41020000e+00  1.37644636e+00  2.41020000e+00  1.33258051e+00  2.41020000e+00  1.59933180e+00  2.41020000e+00  2.01964618e+00  2.41020000e+00  1.92091356e+00  2.41020000e+00  1.68358945e+00  2.41020000e+00  2.51238762e+00  2.41020000e+00  1.18018375e+00  2.41020000e+00  2.38969048e+00  2.41020000e+00  1.60679187e+00  2.41020000e+00  1.24073338e+00 
 2.43060000e+00  1.61630302e+00  2.43060000e+00  1.29720001e+00  2.43060000e+00  2.03004878e+00  2.43060000e+00  1.18440001e+00  2.43060000e+00  1.75957408e+00  2.43060000e+00  1.51562189e+00  2.43060000e+00  1.16400001e+00  2.43060000e+00  1.81080001e+00  2.43060000e+00  1.13400001e+00  2.43060000e+00  1.70400001e+00  2.43060000e+00  1.18080001e+00  2.43060000e+00  1.21080001e+00  2.43060000e+00  1.43854687e+00  2.43060000e+00  2.36842097e+00  2.43060000e+00  1.37644636e+00  2.43060000e+00  1.33258051e+00  2.43060000e+00  1.59933180e+00  2.43060000e+00  2.02056713e+00  2.43060000e+00  1.91594747e+00  2.43060000e+00  1.68007854e+00  2.43060000e+00  2.50895676e+00  2.43060000e+00  1.17657280e+00  2.43060000e+00  2.38625115e+00  2.43060000e+00  1.60161499e+00  2.43060000e+00  1.22494299e+00 
 2.47140000e+00  1.61630302e+00  2.47140000e+00  1.29720001e+00  2.47140000e+00  2.02509004e+00  2.47140000e+00  1.18440001e+00  2.47140000e+00  1.75957408e+00  2.47140000e+00  1.51562189e+00  2.47140000e+00  1.16400001e+00  2.47140000e+00  1.81080001e+00  2.47140000e+00  1.13400001e+00  2.47140000e+00  1.70400001e+00  2.47140000e+00  1.18080001e+00  2.47140000e+00  1.21080001e+00  2.47140000e+00  1.43854687e+00  2.47140000e+00  2.36842097e+00  2.47140000e+00  1.37644636e+00  2.47140000e+00  1.33258051e+00  2.47140000e+00  1.59933180e+00  2.47140000e+00  2.02442402e+00  2.47140000e+00  1.90190255e+00  2.47140000e+00  1.67180625e+00  2.47140000e+00  2.50079524e+00  2.47140000e+00  1.16815950e+00  2.47140000e+00  2.37807800e+00  2.47140000e+00  1.58669957e+00  2.47140000e+00  1.19482865e+00 
 2.55300000e+00  1.61630302e+00  2.55300000e+00  1.29720001e+00  2.55300000e+00  2.01649016e+00  2.55300000e+00  1.18440002e+00  2.55300000e+00  1.75957408e+00  2.55300000e+00  1.51562189e+00  2.55300000e+00  1.16400001e+00  2.55300000e+00  1.81080001e+00  2.55300000e+00  1.13400001e+00  2.55300000e+00  1.70400001e+00  2.55300000e+00  1.18080002e+00  2.55300000e+00  1.21080001e+00  2.55300000e+00  1.43854687e+00  2.55300000e+00  2.36842097e+00  2.55300000e+00  1.37644636e+00  2.55300000e+00  1.33258051e+00  2.55300000e+00  1.59933180e+00  2.55300000e+00  2.03315820e+00  2.55300000e+00  1.87472733e+00  2.55300000e+00  1.65545755e+00  2.55300000e+00  2.48472984e+00  2.55300000e+00  1.15144749e+00  2.55300000e+00  2.36198294e+00  2.55300000e+00  1.55698289e+00  2.55300000e+00  1.13682921e+00 
 2.62650000e+00  1.61630302e+00  2.62650000e+00  1.29720001e+00  2.62650000e+00  2.01013471e+00  2.62650000e+00  1.18440002e+00  2.62650000e+00  1.75957408e+00  2.62650000e+00  1.51562189e+00  2.62650000e+00  1.16400001e+00  2.62650000e+00  1.81080001e+00  2.62650000e+00  1.13400001e+00  2.62650000e+00  1.70400001e+00  2.62650000e+00  1.18080002e+00  2.62650000e+00  1.21080001e+00  2.62650000e+00  1.43854687e+00  2.62650000e+00  2.36842097e+00  2.62650000e+00  1.37644636e+00  2.62650000e+00  1.33258051e+00  2.62650000e+00  1.59933180e+00  2.62650000e+00  2.04216685e+00  2.62650000e+00  1.85114341e+00  2.62650000e+00  1.64088797e+00  2.62650000e+00  2.47047781e+00  2.62650000e+00  1.13646695e+00  2.62650000e+00  2.34769777e+00  2.62650000e+00  1.53024555e+00  2.62650000e+00  1.08691836e+00 
 2.70000000e+00  1.61630302e+00  2.70000000e+00  1.29720001e+00  2.70000000e+00  2.00497873e+00  2.70000000e+00  1.18440002e+00  2.70000000e+00  1.75957408e+00  2.70000000e+00  1.51562189e+00  2.70000000e+00  1.16400001e+00  2.70000000e+00  1.81080001e+00  2.70000000e+00  1.13400001e+00  2.70000000e+00  1.70400001e+00  2.70000000e+00  1.18080002e+00  2.70000000e+00  1.21080002e+00  2.70000000e+00  1.43854687e+00  2.70000000e+00  2.36842097e+00  2.70000000e+00  1.37644636e+00  2.70000000e+00  1.33258051e+00  2.70000000e+00  1.59933180e+00  2.70000000e+00  2.05223011e+00  2.70000000e+00  1.82824201e+00  2.70000000e+00  1.62638564e+00  2.70000000e+00  2.45634321e+00  2.70000000e+00  1.12148425e+00  2.70000000e+00  2.33352492e+00  2.70000000e+00  1.50340935e+00  2.70000000e+00  1.03899807e+00 
 2.71020000e+00  1.61630302e+00  2.71020000e+00  1.29720001e+00  2.71020000e+00  2.00436425e+00  2.71020000e+00  1.18440002e+00  2.71020000e+00  1.75957408e+00  2.71020000e+00  1.51562189e+00  2.71020000e+00  1.16400001e+00  2.71020000e+00  1.81080001e+00  2.71020000e+00  1.13400001e+00  2.71020000e+00  1.70400001e+00  2.71020000e+00  1.18080002e+00  2.71020000e+00  1.21080002e+00  2.71020000e+00  1.43854687e+00  2.71020000e+00  2.36842097e+00  2.71020000e+00  1.37644636e+00  2.71020000e+00  1.33258051e+00  2.71020000e+00  1.59933180e+00  2.71020000e+00  2.05371847e+00  2.71020000e+00  1.82511686e+00  2.71020000e+00  1.62437499e+00  2.71020000e+00  2.45438764e+00  2.71020000e+00  1.11940127e+00  2.71020000e+00  2.33156363e+00  2.71020000e+00  1.49966986e+00  2.71020000e+00  1.03251526e+00 
 2.73060000e+00  1.61630302e+00  2.73060000e+00  1.29720001e+00  2.73060000e+00  2.00374978e+00  2.73060000e+00  1.18440002e+00  2.73060000e+00  1.75957408e+00  2.73060000e+00  1.51562189e+00  2.73060000e+00  1.16400001e+00  2.73060000e+00  1.81080001e+00  2.73060000e+00  1.13400001e+00  2.73060000e+00  1.70400001e+00  2.73060000e+00  1.18080002e+00  2.73060000e+00  1.21080002e+00  2.73060000e+00  1.43854687e+00  2.73060000e+00  2.37426007e+00  2.73060000e+00  1.38243868e+00  2.73060000e+00  1.33258051e+00  2.73060000e+00  1.59274042e+00  2.73060000e+00  2.04852069e+00  2.73060000e+00  1.82389021e+00  2.73060000e+00  1.62428339e+00  2.73060000e+00  2.45427981e+00  2.73060000e+00  1.11930988e+00  2.73060000e+00  2.33259862e+00  2.73060000e+00  1.49902839e+00  2.73060000e+00  1.03274566e+00 
 2.77140000e+00  1.61630302e+00  2.77140000e+00  1.29720001e+00  2.77140000e+00  2.00374978e+00  2.77140000e+00  1.18440002e+00  2.77140000e+00  1.75957408e+00  2.77140000e+00  1.51562189e+00  2.77140000e+00  1.16400001e+00  2.77140000e+00  1.81080001e+00  2.77140000e+00  1.13400001e+00  2.77140000e+00  1.70400001e+00  2.77140000e+00  1.18080002e+00  2.77140000e+00  1.21080002e+00  2.77140000e+00  1.43854687e+00  2.77140000e+00  2.39751963e+00  2.77140000e+00  1.40631183e+00  2.77140000e+00  1.33258051e+00  2.77140000e+00  1.56724323e+00  2.77140000e+00  2.02264402e+00  2.77140000e+00  1.83151739e+00  2.77140000e+00  1.63198722e+00  2.77140000e+00  2.46171522e+00  2.77140000e+00  1.12728069e+00  2.77140000e+00  2.34513177e+00  2.77140000e+00  1.51065629e+00  2.77140000e+00  1.05959159e+00 
 2.85300000e+00  1.61630302e+00  2.85300000e+00  1.29720001e+00  2.85300000e+00  2.00374978e+00  2.85300000e+00  1.18440002e+00  2.85300000e+00  1.75957408e+00  2.85300000e+00  1.51562189e+00  2.85300000e+00  1.16400002e+00  2.85300000e+00  1.81080001e+00  2.85300000e+00  1.13400002e+00  2.85300000e+00  1.70400001e+00  2.85300000e+00  1.18080002e+00  2.85300000e+00  1.21080002e+00  2.85300000e+00  1.43854687e+00  2.85300000e+00  2.44345406e+00  2.85300000e+00  1.45347747e+00  2.85300000e+00  1.33258051e+00  2.85300000e+00  1.52106624e+00  2.85300000e+00  1.97570677e+00  2.85300000e+00  1.84723219e+00  2.85300000e+00  1.64781719e+00  2.85300000e+00  2.47712386e+00  2.85300000e+00  1.14348486e+00  2.85300000e+00  2.37365235e+00  2.85300000e+00  1.53082766e+00  2.85300000e+00  1.11324186e+00 
 2.92650000e+00  1.61630302e+00  2.92650000e+00  1.29720001e+00  2.92650000e+00  2.00374978e+00  2.92650000e+00  1.18440002e+00  2.92650000e+00  1.75957408e+00  2.92650000e+00  1.51562189e+00  2.92650000e+00  1.16400002e+00  2.92650000e+00  1.81080001e+00  2.92650000e+00  1.13400002e+00  2.92650000e+00  1.70400001e+00  2.92650000e+00  1.18080002e+00  2.92650000e+00  1.21080002e+00  2.92650000e+00  1.43854687e+00  2.92650000e+00  2.48402575e+00  2.92650000e+00  1.49516445e+00  2.92650000e+00  1.33258051e+00  2.92650000e+00  1.48461390e+00  2.92650000e+00  1.93857005e+00  2.92650000e+00  1.86230656e+00  2.92650000e+00  1.66294147e+00  2.92650000e+00  2.49203129e+00  2.92650000e+00  1.15872244e+00  2.92650000e+00  2.40342063e+00  2.92650000e+00  1.54734973e+00  2.92650000e+00  1.16151911e+00 
 3.00000000e+00  1.61630302e+00  3.00000000e+00  1.29720001e+00  3.00000000e+00  2.00374978e+00  3.00000000e+00  1.18440002e+00  3.00000000e+00  1.75957408e+00  3.00000000e+00  1.51562189e+00  3.00000000e+00  1.16400002e+00  3.00000000e+00  1.81080001e+00  3.00000000e+00  1.13400002e+00  3.00000000e+00  1.70400001e+00  3.00000000e+00  1.18080002e+00  3.00000000e+00  1.21080002e+00  3.00000000e+00  1.43854687e+00  3.00000000e+00  2.52331422e+00  3.00000000e+00  1.53571687e+00  3.00000000e+00  1.33258051e+00  3.00000000e+00  1.45292285e+00  3.00000000e+00  1.90619717e+00  3.00000000e+00  1.87869127e+00  3.00000000e+00  1.67930918e+00  3.00000000e+00  2.50838457e+00  3.00000000e+00  1.17492780e+00  3.00000000e+00  2.43700099e+00  3.00000000e+00  1.56402255e+00  3.00000000e+00  1.20975144e+00 
 3.01020000e+00  1.61630302e+00  3.01020000e+00  1.29720001e+00  3.01020000e+00  2.00374978e+00  3.01020000e+00  1.18440002e+00  3.01020000e+00  1.75957408e+00  3.01020000e+00  1.51562189e+00  3.01020000e+00  1.16400002e+00  3.01020000e+00  1.81080001e+00  3.01020000e+00  1.13400002e+00  3.01020000e+00  1.70400001e+00  3.01020000e+00  1.18080002e+00  3.01020000e+00  1.21080002e+00  3.01020000e+00  1.43854687e+00  3.01020000e+00  2.52860801e+00  3.01020000e+00  1.54121665e+00  3.01020000e+00  1.33258051e+00  3.01020000e+00  1.44895062e+00  3.01020000e+00  1.90213067e+00  3.01020000e+00  1.88109987e+00  3.01020000e+00  1.68170861e+00  3.01020000e+00  2.51080265e+00  3.01020000e+00  1.17727676e+00  3.01020000e+00  2.44198584e+00  3.01020000e+00  1.56641659e+00  3.01020000e+00  1.21644093e+00 
 3.03060000e+00  1.61696724e+00  3.03060000e+00  1.29720001e+00  3.03060000e+00  2.00433933e+00  3.03060000e+00  1.18440002e+00  3.03060000e+00  1.75957408e+00  3.03060000e+00  1.51562189e+00  3.03060000e+00  1.16400002e+00  3.03060000e+00  1.81080001e+00  3.03060000e+00  1.13400002e+00  3.03060000e+00  1.70400001e+00  3.03060000e+00  1.18080002e+00  3.03060000e+00  1.21080002e+00  3.03060000e+00  1.43854687e+00  3.03060000e+00  2.53390180e+00  3.03060000e+00  1.54671642e+00  3.03060000e+00  1.33258051e+00  3.03060000e+00  1.44497839e+00  3.03060000e+00  1.89806418e+00  3.03060000e+00  1.88591133e+00  3.03060000e+00  1.68574789e+00  3.03060000e+00  2.51478894e+00  3.03060000e+00  1.18133954e+00  3.03060000e+00  2.44854349e+00  3.03060000e+00  1.57046420e+00  3.03060000e+00  1.22981818e+00 
 3.07140000e+00  1.61988073e+00  3.07140000e+00  1.29720001e+00  3.07140000e+00  2.00695474e+00  3.07140000e+00  1.18440002e+00  3.07140000e+00  1.75957408e+00  3.07140000e+00  1.51562189e+00  3.07140000e+00  1.16400002e+00  3.07140000e+00  1.81080001e+00  3.07140000e+00  1.13400002e+00  3.07140000e+00  1.70400001e+00  3.07140000e+00  1.18080002e+00  3.07140000e+00  1.21080002e+00  3.07140000e+00  1.43854687e+00  3.07140000e+00  2.53390180e+00  3.07140000e+00  1.54671642e+00  3.07140000e+00  1.33258051e+00  3.07140000e+00  1.44497839e+00  3.07140000e+00  1.89806417e+00  3.07140000e+00  1.89564537e+00  3.07140000e+00  1.69235765e+00  3.07140000e+00  2.52112001e+00  3.07140000e+00  1.18823419e+00  3.07140000e+00  2.45489250e+00  3.07140000e+00  1.57712698e+00  3.07140000e+00  1.25656230e+00 
 3.15300000e+00  1.62721813e+00  3.15300000e+00  1.29720001e+00  3.15300000e+00  2.01369978e+00  3.15300000e+00  1.18440002e+00  3.15300000e+00  1.75957408e+00  3.15300000e+00  1.51562189e+00  3.15300000e+00  1.16400002e+00  3.15300000e+00  1.81080001e+00  3.15300000e+00  1.13400002e+00  3.15300000e+00  1.70400001e+00  3.15300000e+00  1.18080002e+00  3.15300000e+00  1.21080002e+00  3.15300000e+00  1.43854687e+00  3.15300000e+00  2.53390180e+00  3.15300000e+00  1.54671642e+00  3.15300000e+00  1.33258051e+00  3.15300000e+00  1.44497839e+00  3.15300000e+00  1.89806417e+00  3.15300000e+00  1.91598072e+00  3.15300000e+00  1.70591401e+00  3.15300000e+00  2.53416961e+00  3.15300000e+00  1.20229005e+00  3.15300000e+00  2.46797538e+00  3.15300000e+00  1.59077754e+00  3.15300000e+00  1.31000912e+00 
 3.22650000e+00  1.63550361e+00  3.22650000e+00  1.29720001e+00  3.22650000e+00  2.02145602e+00  3.22650000e+00  1.18440002e+00  3.22650000e+00  1.75957408e+00  3.22650000e+00  1.51562189e+00  3.22650000e+00  1.16400002e+00  3.22650000e+00  1.81080001e+00  3.22650000e+00  1.13400002e+00  3.22650000e+00  1.70400001e+00  3.22650000e+00  1.18080002e+00  3.22650000e+00  1.21080002e+00  3.22650000e+00  1.43854687e+00  3.22650000e+00  2.53390180e+00  3.22650000e+00  1.54671642e+00  3.22650000e+00  1.33258051e+00  3.22650000e+00  1.44497839e+00  3.22650000e+00  1.89806417e+00  3.22650000e+00  1.93551077e+00  3.22650000e+00  1.71856536e+00  3.22650000e+00  2.54642845e+00  3.22650000e+00  1.21530355e+00  3.22650000e+00  2.48026089e+00  3.22650000e+00  1.60349882e+00  3.22650000e+00  1.35810329e+00 
 3.30000000e+00  1.64531504e+00  3.30000000e+00  1.29720001e+00  3.30000000e+00  2.03074223e+00  3.30000000e+00  1.18440002e+00  3.30000000e+00  1.75957408e+00  3.30000000e+00  1.51562189e+00  3.30000000e+00  1.16400002e+00  3.30000000e+00  1.81080001e+00  3.30000000e+00  1.13400002e+00  3.30000000e+00  1.70400001e+00  3.30000000e+00  1.18080002e+00  3.30000000e+00  1.21080002e+00  3.30000000e+00  1.43854687e+00  3.30000000e+00  2.53390180e+00  3.30000000e+00  1.54671642e+00  3.30000000e+00  1.33258051e+00  3.30000000e+00  1.44497839e+00  3.30000000e+00  1.89806417e+00  3.30000000e+00  1.95650522e+00  3.30000000e+00  1.73170817e+00  3.30000000e+00  2.55924795e+00  3.30000000e+00  1.22871503e+00  3.30000000e+00  2.49310348e+00  3.30000000e+00  1.61669557e+00  3.30000000e+00  1.40615271e+00 
 3.31020000e+00  1.64680863e+00  3.31020000e+00  1.29720001e+00  3.31020000e+00  2.03216329e+00  3.31020000e+00  1.18440002e+00  3.31020000e+00  1.75957408e+00  3.31020000e+00  1.51562189e+00  3.31020000e+00  1.16400002e+00  3.31020000e+00  1.81080001e+00  3.31020000e+00  1.13400002e+00  3.31020000e+00  1.70400001e+00  3.31020000e+00  1.18080002e+00  3.31020000e+00  1.21080002e+00  3.31020000e+00  1.43854687e+00  3.31020000e+00  2.53390180e+00  3.31020000e+00  1.54671642e+00  3.31020000e+00  1.33258051e+00  3.31020000e+00  1.44497839e+00  3.31020000e+00  1.89806417e+00  3.31020000e+00  1.95956668e+00  3.31020000e+00  1.73357963e+00  3.31020000e+00  2.56108117e+00  3.31020000e+00  1.23061491e+00  3.31020000e+00  2.49493955e+00  3.31020000e+00  1.61857300e+00  3.31020000e+00  1.41281683e+00 
 3.33060000e+00  1.64830222e+00  3.33060000e+00  1.29720002e+00  3.33060000e+00  2.03358436e+00  3.33060000e+00  1.18440002e+00  3.33060000e+00  1.75957408e+00  3.33060000e+00  1.51562189e+00  3.33060000e+00  1.16400002e+00  3.33060000e+00  1.81080001e+00  3.33060000e+00  1.13400002e+00  3.33060000e+00  1.70400001e+00  3.33060000e+00  1.18080002e+00  3.33060000e+00  1.21080002e+00  3.33060000e+00  1.43291281e+00  3.33060000e+00  2.52803982e+00  3.33060000e+00  1.54105962e+00  3.33060000e+00  1.33258051e+00  3.33060000e+00  1.44497839e+00  3.33060000e+00  1.89806417e+00  3.33060000e+00  1.96095227e+00  3.33060000e+00  1.73376877e+00  3.33060000e+00  2.56125031e+00  3.33060000e+00  1.23081032e+00  3.33060000e+00  2.49482620e+00  3.33060000e+00  1.61876418e+00  3.33060000e+00  1.41020870e+00 
 3.37140000e+00  1.64830222e+00  3.37140000e+00  1.29720002e+00  3.37140000e+00  2.03358436e+00  3.37140000e+00  1.18440002e+00  3.37140000e+00  1.75957408e+00  3.37140000e+00  1.51562189e+00  3.37140000e+00  1.16400002e+00  3.37140000e+00  1.81080001e+00  3.37140000e+00  1.13400002e+00  3.37140000e+00  1.70400001e+00  3.37140000e+00  1.18080002e+00  3.37140000e+00  1.21080002e+00  3.37140000e+00  1.41085430e+00  3.37140000e+00  2.50506977e+00  3.37140000e+00  1.51891017e+00  3.37140000e+00  1.33258051e+00  3.37140000e+00  1.44497839e+00  3.37140000e+00  1.89806417e+00  3.37140000e+00  1.95441369e+00  3.37140000e+00  1.72719684e+00  3.37140000e+00  2.55477245e+00  3.37140000e+00  1.22412407e+00  3.37140000e+00  2.48745157e+00  3.37140000e+00  1.61217201e+00  3.37140000e+00  1.37373030e+00 
 3.45300000e+00  1.64830222e+00  3.45300000e+00  1.29720002e+00  3.45300000e+00  2.03358436e+00  3.45300000e+00  1.18440002e+00  3.45300000e+00  1.75957408e+00  3.45300000e+00  1.51562190e+00  3.45300000e+00  1.16400002e+00  3.45300000e+00  1.81080001e+00  3.45300000e+00  1.13400002e+00  3.45300000e+00  1.70400001e+00  3.45300000e+00  1.18080002e+00  3.45300000e+00  1.21080002e+00  3.45300000e+00  1.36912419e+00  3.45300000e+00  2.46151832e+00  3.45300000e+00  1.47699841e+00  3.45300000e+00  1.33258051e+00  3.45300000e+00  1.44497839e+00  3.45300000e+00  1.89806418e+00  3.45300000e+00  1.94213781e+00  3.45300000e+00  1.71481739e+00  3.45300000e+00  2.54268488e+00  3.45300000e+00  1.21138817e+00  3.45300000e+00  2.47458433e+00  3.45300000e+00  1.59972962e+00  3.45300000e+00  1.30386567e+00 
 3.52650000e+00  1.64830222e+00  3.52650000e+00  1.29720002e+00  3.52650000e+00  2.03358436e+00  3.52650000e+00  1.18440002e+00  3.52650000e+00  1.75957408e+00  3.52650000e+00  1.51562190e+00  3.52650000e+00  1.16400002e+00  3.52650000e+00  1.81080001e+00  3.52650000e+00  1.13400002e+00  3.52650000e+00  1.70400001e+00  3.52650000e+00  1.18080002e+00  3.52650000e+00  1.21080002e+00  3.52650000e+00  1.33447379e+00  3.52650000e+00  2.42531039e+00  3.52650000e+00  1.44219269e+00  3.52650000e+00  1.33258051e+00  3.52650000e+00  1.44497839e+00  3.52650000e+00  1.89806418e+00  3.52650000e+00  1.93172505e+00  3.52650000e+00  1.70427978e+00  3.52650000e+00  2.53249856e+00  3.52650000e+00  1.20041897e+00  3.52650000e+00  2.46427204e+00  3.52650000e+00  1.58911603e+00  3.52650000e+00  1.24371330e+00 
 3.60000000e+00  1.64830222e+00  3.60000000e+00  1.29720002e+00  3.60000000e+00  2.03358436e+00  3.60000000e+00  1.18440002e+00  3.60000000e+00  1.75957408e+00  3.60000000e+00  1.51562190e+00  3.60000000e+00  1.16400002e+00  3.60000000e+00  1.81080001e+00  3.60000000e+00  1.13400002e+00  3.60000000e+00  1.70400001e+00  3.60000000e+00  1.18080002e+00  3.60000000e+00  1.21080002e+00  3.60000000e+00  1.31797262e+00  3.60000000e+00  2.40807126e+00  3.60000000e+00  1.42561793e+00  3.60000000e+00  1.33258051e+00  3.60000000e+00  1.44497839e+00  3.60000000e+00  1.89806418e+00  3.60000000e+00  1.92167519e+00  3.60000000e+00  1.69408442e+00  3.60000000e+00  2.52271192e+00  3.60000000e+00  1.18971822e+00  3.60000000e+00  2.45446173e+00  3.60000000e+00  1.57883198e+00  3.60000000e+00  1.18550721e+00 
 3.61020000e+00  1.64830222e+00  3.61020000e+00  1.29720002e+00  3.61020000e+00  2.03358436e+00  3.61020000e+00  1.18440002e+00  3.61020000e+00  1.75957408e+00  3.61020000e+00  1.51562190e+00  3.61020000e+00  1.16400002e+00  3.61020000e+00  1.81080001e+00  3.61020000e+00  1.13400002e+00  3.61020000e+00  1.70400001e+00  3.61020000e+00  1.18080002e+00  3.61020000e+00  1.21080002e+00  3.61020000e+00  1.31797262e+00  3.61020000e+00  2.40807126e+00  3.61020000e+00  1.42561793e+00  3.61020000e+00  1.33258051e+00  3.61020000e+00  1.44497839e+00  3.61020000e+00  1.89806418e+00  3.61020000e+00  1.92030526e+00  3.61020000e+00  1.69269275e+00  3.61020000e+00  2.52138123e+00  3.61020000e+00  1.18825085e+00  3.61020000e+00  2.45312751e+00  3.61020000e+00  1.57742705e+00  3.61020000e+00  1.17757748e+00 
 3.63060000e+00  1.64830222e+00  3.63060000e+00  1.29720002e+00  3.63060000e+00  2.03229865e+00  3.63060000e+00  1.18440002e+00  3.63060000e+00  1.75957408e+00  3.63060000e+00  1.51562190e+00  3.63060000e+00  1.16400002e+00  3.63060000e+00  1.81080001e+00  3.63060000e+00  1.13400002e+00  3.63060000e+00  1.70400001e+00  3.63060000e+00  1.18080002e+00  3.63060000e+00  1.21080002e+00  3.63060000e+00  1.31797262e+00  3.63060000e+00  2.40807126e+00  3.63060000e+00  1.42561793e+00  3.63060000e+00  1.33258051e+00  3.63060000e+00  1.44497839e+00  3.63060000e+00  1.89920209e+00  3.63060000e+00  1.91564981e+00  3.63060000e+00  1.68939875e+00  3.63060000e+00  2.51818642e+00  3.63060000e+00  1.18483290e+00  3.63060000e+00  2.44992698e+00  3.63060000e+00  1.57319222e+00  3.63060000e+00  1.16209407e+00 
 3.67140000e+00  1.64830222e+00  3.67140000e+00  1.29720002e+00  3.67140000e+00  2.02736139e+00  3.67140000e+00  1.18440002e+00  3.67140000e+00  1.75957408e+00  3.67140000e+00  1.51562190e+00  3.67140000e+00  1.16400002e+00  3.67140000e+00  1.81080001e+00  3.67140000e+00  1.13400002e+00  3.67140000e+00  1.70400001e+00  3.67140000e+00  1.18080002e+00  3.67140000e+00  1.21080002e+00  3.67140000e+00  1.31797262e+00  3.67140000e+00  2.40807126e+00  3.67140000e+00  1.42561793e+00  3.67140000e+00  1.33258051e+00  3.67140000e+00  1.44497839e+00  3.67140000e+00  1.90388266e+00  3.67140000e+00  1.90263748e+00  3.67140000e+00  1.68182077e+00  3.67140000e+00  2.51076965e+00  3.67140000e+00  1.17705096e+00  3.67140000e+00  2.44250096e+00  3.67140000e+00  1.56183081e+00  3.67140000e+00  1.13217416e+00 
 3.75300000e+00  1.64830222e+00  3.75300000e+00  1.29720002e+00  3.75300000e+00  2.01866095e+00  3.75300000e+00  1.18440002e+00  3.75300000e+00  1.75957408e+00  3.75300000e+00  1.51562190e+00  3.75300000e+00  1.16400002e+00  3.75300000e+00  1.81080001e+00  3.75300000e+00  1.13400002e+00  3.75300000e+00  1.70400001e+00  3.75300000e+00  1.18080002e+00  3.75300000e+00  1.21080002e+00  3.75300000e+00  1.31797262e+00  3.75300000e+00  2.40807126e+00  3.75300000e+00  1.42561793e+00  3.75300000e+00  1.33258051e+00  3.75300000e+00  1.44497839e+00  3.75300000e+00  1.91403077e+00  3.75300000e+00  1.87729181e+00  3.75300000e+00  1.66681285e+00  3.75300000e+00  2.49612918e+00  3.75300000e+00  1.16157496e+00  3.75300000e+00  2.42783947e+00  3.75300000e+00  1.53882014e+00  3.75300000e+00  1.07395709e+00 
 3.82650000e+00  1.64830222e+00  3.82650000e+00  1.29720001e+00  3.82650000e+00  2.01208352e+00  3.82650000e+00  1.18440002e+00  3.82650000e+00  1.75957408e+00  3.82650000e+00  1.51562190e+00  3.82650000e+00  1.16400002e+00  3.82650000e+00  1.81080001e+00  3.82650000e+00  1.13400002e+00  3.82650000e+00  1.70400001e+00  3.82650000e+00  1.18080002e+00  3.82650000e+00  1.21080002e+00  3.82650000e+00  1.31797262e+00  3.82650000e+00  2.40807126e+00  3.82650000e+00  1.42561793e+00  3.82650000e+00  1.33258052e+00  3.82650000e+00  1.44497839e+00  3.82650000e+00  1.92409510e+00  3.82650000e+00  1.85508841e+00  3.82650000e+00  1.65340128e+00  3.82650000e+00  2.48309239e+00  3.82650000e+00  1.14768196e+00  3.82650000e+00  2.41478130e+00  3.82650000e+00  1.51769415e+00  3.82650000e+00  1.02315718e+00 
 3.90000000e+00  1.64830222e+00  3.90000000e+00  1.29720001e+00  3.90000000e+00  2.00661925e+00  3.90000000e+00  1.18440002e+00  3.90000000e+00  1.75957408e+00  3.90000000e+00  1.51562190e+00  3.90000000e+00  1.16400002e+00  3.90000000e+00  1.81080001e+00  3.90000000e+00  1.13400002e+00  3.90000000e+00  1.70400001e+00  3.90000000e+00  1.18080002e+00  3.90000000e+00  1.21080002e+00  3.90000000e+00  1.31797262e+00  3.90000000e+00  2.40807126e+00  3.90000000e+00  1.42561793e+00  3.90000000e+00  1.33258052e+00  3.90000000e+00  1.44497839e+00  3.90000000e+00  1.93507524e+00  3.90000000e+00  1.83330327e+00  3.90000000e+00  1.64001320e+00  3.90000000e+00  2.47011148e+00  3.90000000e+00  1.13376646e+00  3.90000000e+00  2.40177723e+00  3.90000000e+00  1.49607920e+00  3.90000000e+00  9.73726214e-01 
 3.91020000e+00  1.64830222e+00  3.91020000e+00  1.29720001e+00  3.91020000e+00  2.00595632e+00  3.91020000e+00  1.18440002e+00  3.91020000e+00  1.75957408e+00  3.91020000e+00  1.51562190e+00  3.91020000e+00  1.16400002e+00  3.91020000e+00  1.81080001e+00  3.91020000e+00  1.13400002e+00  3.91020000e+00  1.70400001e+00  3.91020000e+00  1.18080002e+00  3.91020000e+00  1.21080002e+00  3.91020000e+00  1.31797262e+00  3.91020000e+00  2.40807126e+00  3.91020000e+00  1.42561793e+00  3.91020000e+00  1.33258052e+00  3.91020000e+00  1.44497839e+00  3.91020000e+00  1.93668271e+00  3.91020000e+00  1.83030844e+00  3.91020000e+00  1.63815335e+00  3.91020000e+00  2.46831055e+00  3.91020000e+00  1.13182986e+00  3.91020000e+00  2.39997295e+00  3.91020000e+00  1.49302957e+00  3.91020000e+00  9.66986673e-01 
 3.93060000e+00  1.64830222e+00  3.93060000e+00  1.29720001e+00  3.93060000e+00  2.00529339e+00  3.93060000e+00  1.18440002e+00  3.93060000e+00  1.75957408e+00  3.93060000e+00  1.51562190e+00  3.93060000e+00  1.16400002e+00  3.93060000e+00  1.81080001e+00  3.93060000e+00  1.13400002e+00  3.93060000e+00  1.70400001e+00  3.93060000e+00  1.18080002e+00  3.93060000e+00  1.21080002e+00  3.93060000e+00  1.31797262e+00  3.93060000e+00  2.41396353e+00  3.93060000e+00  1.43166141e+00  3.93060000e+00  1.33258052e+00  3.93060000e+00  1.43885629e+00  3.93060000e+00  1.93206519e+00  3.93060000e+00  1.82928587e+00  3.93060000e+00  1.63827683e+00  3.93060000e+00  2.46844896e+00  3.93060000e+00  1.13191192e+00  3.93060000e+00  2.40206307e+00  3.93060000e+00  1.49198636e+00  3.93060000e+00  9.66968846e-01 
 3.93570000e+00  1.64830222e+00  3.93570000e+00  1.29720001e+00  3.93570000e+00  2.00529339e+00  3.93570000e+00  1.18440002e+00  3.93570000e+00  1.75957408e+00  3.93570000e+00  1.51562190e+00  3.93570000e+00  1.16400002e+00  3.93570000e+00  1.81080001e+00  3.93570000e+00  1.13400002e+00  3.93570000e+00  1.70400001e+00  3.93570000e+00  1.18080002e+00  3.93570000e+00  1.21080002e+00  3.93570000e+00  1.31797262e+00  3.93570000e+00  2.41690677e+00  3.93570000e+00  1.43468028e+00  3.93570000e+00  1.33258052e+00  3.93570000e+00  1.43581746e+00  3.93570000e+00  1.92897491e+00  3.93570000e+00  1.83027814e+00  3.93570000e+00  1.63927440e+00  3.93570000e+00  2.46942532e+00  3.93570000e+00  1.13292603e+00  3.93570000e+00  2.40403148e+00  3.93570000e+00  1.49299307e+00  3.93570000e+00  9.70329486e-01 
 3.94590000e+00  1.64830222e+00  3.94590000e+00  1.29720001e+00  3.94590000e+00  2.00529339e+00  3.94590000e+00  1.18440002e+00  3.94590000e+00  1.75957408e+00  3.94590000e+00  1.51562190e+00  3.94590000e+00  1.16400002e+00  3.94590000e+00  1.81080001e+00  3.94590000e+00  1.13400002e+00  3.94590000e+00  1.70400001e+00  3.94590000e+00  1.18080002e+00  3.94590000e+00  1.21080002e+00  3.94590000e+00  1.31797262e+00  3.94590000e+00  2.42278704e+00  3.94590000e+00  1.44071185e+00  3.94590000e+00  1.33258052e+00  3.94590000e+00  1.42978472e+00  3.94590000e+00  1.92283930e+00  3.94590000e+00  1.83227550e+00  3.94590000e+00  1.64128182e+00  3.94590000e+00  2.47139196e+00  3.94590000e+00  1.13496421e+00  3.94590000e+00  2.40801068e+00  3.94590000e+00  1.49501516e+00  3.94590000e+00  9.77050332e-01 
 3.94845000e+00  1.64830222e+00  3.94845000e+00  1.29720001e+00  3.94845000e+00  2.00529339e+00  3.94845000e+00  1.18440002e+00  3.94845000e+00  1.75957408e+00  3.94845000e+00  1.51562190e+00  3.94845000e+00  1.16400002e+00  3.94845000e+00  1.81080001e+00  3.94845000e+00  1.13400002e+00  3.94845000e+00  1.70400001e+00  3.94845000e+00  1.18080002e+00  3.94845000e+00  1.21080002e+00  3.94845000e+00  1.31797262e+00  3.94845000e+00  2.42425475e+00  3.94845000e+00  1.44221740e+00  3.94845000e+00  1.33258052e+00  3.94845000e+00  1.42829345e+00  3.94845000e+00  1.92132232e+00  3.94845000e+00  1.83277970e+00  3.94845000e+00  1.64178832e+00  3.94845000e+00  2.47188889e+00  3.94845000e+00  1.13547754e+00  3.94845000e+00  2.40902135e+00  3.94845000e+00  1.49552411e+00  3.94845000e+00  9.78730381e-01 
 3.95355000e+00  1.64830222e+00  3.95355000e+00  1.29720001e+00  3.95355000e+00  2.00529339e+00  3.95355000e+00  1.18440002e+00  3.95355000e+00  1.75957408e+00  3.95355000e+00  1.51562190e+00  3.95355000e+00  1.16400002e+00  3.95355000e+00  1.81080001e+00  3.95355000e+00  1.13400002e+00  3.95355000e+00  1.70400001e+00  3.95355000e+00  1.18080002e+00  3.95355000e+00  1.21080002e+00  3.95355000e+00  1.31797262e+00  3.95355000e+00  2.42718849e+00  3.95355000e+00  1.44522683e+00  3.95355000e+00  1.33258052e+00  3.95355000e+00  1.42532239e+00  3.95355000e+00  1.91829983e+00  3.95355000e+00  1.83379145e+00  3.95355000e+00  1.64280457e+00  3.95355000e+00  2.47288642e+00  3.95355000e+00  1.13650682e+00  3.95355000e+00  2.41105325e+00  3.95355000e+00  1.49654472e+00  3.95355000e+00  9.82090370e-01 
 3.96375000e+00  1.64830222e+00  3.96375000e+00  1.29720001e+00  3.96375000e+00  2.00529339e+00  3.96375000e+00  1.18440002e+00  3.96375000e+00  1.75957408e+00  3.96375000e+00  1.51562190e+00  3.96375000e+00  1.16400002e+00  3.96375000e+00  1.81080001e+00  3.96375000e+00  1.13400002e+00  3.96375000e+00  1.70400001e+00  3.96375000e+00  1.18080002e+00  3.96375000e+00  1.21080002e+00  3.96375000e+00  1.31797262e+00  3.96375000e+00  2.43304544e+00  3.96375000e+00  1.45123524e+00  3.96375000e+00  1.33258052e+00  3.96375000e+00  1.41971091e+00  3.96375000e+00  1.91259507e+00  3.96375000e+00  1.83583562e+00  3.96375000e+00  1.64485687e+00  3.96375000e+00  2.47490392e+00  3.96375000e+00  1.13858150e+00  3.96375000e+00  2.41518024e+00  3.96375000e+00  1.49860377e+00  3.96375000e+00  9.88809696e-01 
 3.98415000e+00  1.64830222e+00  3.98415000e+00  1.29720001e+00  3.98415000e+00  2.00529339e+00  3.98415000e+00  1.18440002e+00  3.98415000e+00  1.75957408e+00  3.98415000e+00  1.51562190e+00  3.98415000e+00  1.16400002e+00  3.98415000e+00  1.81080001e+00  3.98415000e+00  1.13400002e+00  3.98415000e+00  1.70400001e+00  3.98415000e+00  1.18080002e+00  3.98415000e+00  1.21080002e+00  3.98415000e+00  1.31797262e+00  3.98415000e+00  2.44471179e+00  3.98415000e+00  1.46320487e+00  3.98415000e+00  1.33258052e+00  3.98415000e+00  1.41440712e+00  3.98415000e+00  1.90720758e+00  3.98415000e+00  1.84000980e+00  3.98415000e+00  1.64904378e+00  3.98415000e+00  2.47903232e+00  3.98415000e+00  1.14279764e+00  3.98415000e+00  2.42368417e+00  3.98415000e+00  1.50279993e+00  3.98415000e+00  1.00224575e+00 
 4.02495000e+00  1.64830222e+00  4.02495000e+00  1.29720001e+00  4.02495000e+00  2.00529339e+00  4.02495000e+00  1.18440002e+00  4.02495000e+00  1.75957408e+00  4.02495000e+00  1.51562190e+00  4.02495000e+00  1.16400002e+00  4.02495000e+00  1.81080001e+00  4.02495000e+00  1.13400002e+00  4.02495000e+00  1.70400001e+00  4.02495000e+00  1.18080002e+00  4.02495000e+00  1.21080002e+00  4.02495000e+00  1.31797262e+00  4.02495000e+00  2.46780213e+00  4.02495000e+00  1.48690362e+00  4.02495000e+00  1.33258052e+00  4.02495000e+00  1.41440712e+00  4.02495000e+00  1.90720758e+00  4.02495000e+00  1.84872063e+00  4.02495000e+00  1.65776438e+00  4.02495000e+00  2.48768492e+00  4.02495000e+00  1.15150864e+00  4.02495000e+00  2.44166480e+00  4.02495000e+00  1.51152417e+00  4.02495000e+00  1.02910743e+00 
 4.10655000e+00  1.64830222e+00  4.10655000e+00  1.29720002e+00  4.10655000e+00  2.00529339e+00  4.10655000e+00  1.18440002e+00  4.10655000e+00  1.75957408e+00  4.10655000e+00  1.51562190e+00  4.10655000e+00  1.16400002e+00  4.10655000e+00  1.81080001e+00  4.10655000e+00  1.13400002e+00  4.10655000e+00  1.70400001e+00  4.10655000e+00  1.18080002e+00  4.10655000e+00  1.21080002e+00  4.10655000e+00  1.31797262e+00  4.10655000e+00  2.51244689e+00  4.10655000e+00  1.53286402e+00  4.10655000e+00  1.33258052e+00  4.10655000e+00  1.41440712e+00  4.10655000e+00  1.90720758e+00  4.10655000e+00  1.86770597e+00  4.10655000e+00  1.67669546e+00  4.10655000e+00  2.50671183e+00  4.10655000e+00  1.17010279e+00  4.10655000e+00  2.48125272e+00  4.10655000e+00  1.53039275e+00  4.10655000e+00  1.08278919e+00 
 4.20000000e+00  1.64830222e+00  4.20000000e+00  1.29720002e+00  4.20000000e+00  2.00529339e+00  4.20000000e+00  1.18440002e+00  4.20000000e+00  1.75957408e+00  4.20000000e+00  1.51562190e+00  4.20000000e+00  1.16400002e+00  4.20000000e+00  1.81080001e+00  4.20000000e+00  1.13400002e+00  4.20000000e+00  1.70400001e+00  4.20000000e+00  1.18080002e+00  4.20000000e+00  1.21080002e+00  4.20000000e+00  1.31797262e+00  4.20000000e+00  2.55955067e+00  4.20000000e+00  1.58207661e+00  4.20000000e+00  1.33258052e+00  4.20000000e+00  1.41440713e+00  4.20000000e+00  1.90720758e+00  4.20000000e+00  1.89211929e+00  4.20000000e+00  1.70090656e+00  4.20000000e+00  2.53147493e+00  4.20000000e+00  1.19333154e+00  4.20000000e+00  2.53178005e+00  4.20000000e+00  1.55440032e+00  4.20000000e+00  1.14396870e+00 
 4.21020000e+00  1.64830222e+00  4.21020000e+00  1.29720002e+00  4.21020000e+00  2.00529339e+00  4.21020000e+00  1.18440002e+00  4.21020000e+00  1.75957408e+00  4.21020000e+00  1.51562190e+00  4.21020000e+00  1.16400002e+00  4.21020000e+00  1.81080001e+00  4.21020000e+00  1.13400002e+00  4.21020000e+00  1.70400001e+00  4.21020000e+00  1.18080002e+00  4.21020000e+00  1.21080002e+00  4.21020000e+00  1.31797262e+00  4.21020000e+00  2.56432379e+00  4.21020000e+00  1.58714873e+00  4.21020000e+00  1.33258052e+00  4.21020000e+00  1.41440713e+00  4.21020000e+00  1.90720758e+00  4.21020000e+00  1.89497566e+00  4.21020000e+00  1.70373006e+00  4.21020000e+00  2.53439288e+00  4.21020000e+00  1.19600218e+00  4.21020000e+00  2.53760235e+00  4.21020000e+00  1.55719147e+00  4.21020000e+00  1.15059113e+00 
 4.23060000e+00  1.64918345e+00  4.23060000e+00  1.29720002e+00  4.23060000e+00  2.00610623e+00  4.23060000e+00  1.18440002e+00  4.23060000e+00  1.75957408e+00  4.23060000e+00  1.51562190e+00  4.23060000e+00  1.16400002e+00  4.23060000e+00  1.81080001e+00  4.23060000e+00  1.13400002e+00  4.23060000e+00  1.70400001e+00  4.23060000e+00  1.18080002e+00  4.23060000e+00  1.21080002e+00  4.23060000e+00  1.31797262e+00  4.23060000e+00  2.56909690e+00  4.23060000e+00  1.59222084e+00  4.23060000e+00  1.33258052e+00  4.23060000e+00  1.41440713e+00  4.23060000e+00  1.90720758e+00  4.23060000e+00  1.90044780e+00  4.23060000e+00  1.70820235e+00  4.23060000e+00  2.53888543e+00  4.23060000e+00  1.20039885e+00  4.23060000e+00  2.54499881e+00  4.23060000e+00  1.56164972e+00  4.23060000e+00  1.16390983e+00 
 4.27140000e+00  1.65298689e+00  4.27140000e+00  1.29720002e+00  4.27140000e+00  2.00963677e+00  4.27140000e+00  1.18440002e+00  4.27140000e+00  1.75957408e+00  4.27140000e+00  1.51562190e+00  4.27140000e+00  1.16400002e+00  4.27140000e+00  1.81080001e+00  4.27140000e+00  1.13400002e+00  4.27140000e+00  1.70400001e+00  4.27140000e+00  1.18080002e+00  4.27140000e+00  1.21080002e+00  4.27140000e+00  1.31797262e+00  4.27140000e+00  2.56909690e+00  4.27140000e+00  1.59222084e+00  4.27140000e+00  1.33258052e+00  4.27140000e+00  1.41440713e+00  4.27140000e+00  1.90720758e+00  4.27140000e+00  1.91106660e+00  4.27140000e+00  1.71484800e+00  4.27140000e+00  2.54524121e+00  4.27140000e+00  1.20734370e+00  4.27140000e+00  2.55135291e+00  4.27140000e+00  1.56836654e+00  4.27140000e+00  1.19068801e+00 
 4.35300000e+00  1.66224391e+00  4.35300000e+00  1.29720002e+00  4.35300000e+00  2.01835182e+00  4.35300000e+00  1.18440002e+00  4.35300000e+00  1.75957408e+00  4.35300000e+00  1.51562190e+00  4.35300000e+00  1.16400002e+00  4.35300000e+00  1.81080001e+00  4.35300000e+00  1.13400002e+00  4.35300000e+00  1.70400001e+00  4.35300000e+00  1.18080002e+00  4.35300000e+00  1.21080002e+00  4.35300000e+00  1.31797262e+00  4.35300000e+00  2.56909690e+00  4.35300000e+00  1.59222084e+00  4.35300000e+00  1.33258052e+00  4.35300000e+00  1.41440713e+00  4.35300000e+00  1.90720758e+00  4.35300000e+00  1.93340816e+00  4.35300000e+00  1.72848250e+00  4.35300000e+00  2.55834107e+00  4.35300000e+00  1.22151313e+00  4.35300000e+00  2.56444960e+00  4.35300000e+00  1.58212963e+00  4.35300000e+00  1.24420286e+00 
 4.42650000e+00  1.67243082e+00  4.42650000e+00  1.29720002e+00  4.42650000e+00  2.02805500e+00  4.42650000e+00  1.18440002e+00  4.42650000e+00  1.75957408e+00  4.42650000e+00  1.51562190e+00  4.42650000e+00  1.16400002e+00  4.42650000e+00  1.81080001e+00  4.42650000e+00  1.13400003e+00  4.42650000e+00  1.70400001e+00  4.42650000e+00  1.18080002e+00  4.42650000e+00  1.21080002e+00  4.42650000e+00  1.31797263e+00  4.42650000e+00  2.56909690e+00  4.42650000e+00  1.59222084e+00  4.42650000e+00  1.33258052e+00  4.42650000e+00  1.41440713e+00  4.42650000e+00  1.90720758e+00  4.42650000e+00  1.95508126e+00  4.42650000e+00  1.74122068e+00  4.42650000e+00  2.57065587e+00  4.42650000e+00  1.23465229e+00  4.42650000e+00  2.57676181e+00  4.42650000e+00  1.59496598e+00  4.42650000e+00  1.29235826e+00 
 4.50000000e+00  1.68431838e+00  4.50000000e+00  1.29720002e+00  4.50000000e+00  2.03946301e+00  4.50000000e+00  1.18440002e+00  4.50000000e+00  1.75957408e+00  4.50000000e+00  1.51562190e+00  4.50000000e+00  1.16400003e+00  4.50000000e+00  1.81080002e+00  4.50000000e+00  1.13400003e+00  4.50000000e+00  1.70400001e+00  4.50000000e+00  1.18080002e+00  4.50000000e+00  1.21080002e+00  4.50000000e+00  1.31797263e+00  4.50000000e+00  2.56909690e+00  4.50000000e+00  1.59222084e+00  4.50000000e+00  1.33258052e+00  4.50000000e+00  1.41440713e+00  4.50000000e+00  1.90720758e+00  4.50000000e+00  1.97852671e+00  4.50000000e+00  1.75447872e+00  4.50000000e+00  2.58355515e+00  4.50000000e+00  1.24822294e+00  4.50000000e+00  2.58965880e+00  4.50000000e+00  1.60830277e+00  4.50000000e+00  1.34046886e+00 
 4.51020000e+00  1.68611573e+00  4.51020000e+00  1.29720002e+00  4.51020000e+00  2.04119419e+00  4.51020000e+00  1.18440002e+00  4.51020000e+00  1.75957408e+00  4.51020000e+00  1.51562190e+00  4.51020000e+00  1.16400003e+00  4.51020000e+00  1.81080002e+00  4.51020000e+00  1.13400003e+00  4.51020000e+00  1.70400001e+00  4.51020000e+00  1.18080002e+00  4.51020000e+00  1.21080002e+00  4.51020000e+00  1.31797263e+00  4.51020000e+00  2.56909690e+00  4.51020000e+00  1.59222084e+00  4.51020000e+00  1.33258052e+00  4.51020000e+00  1.41440713e+00  4.51020000e+00  1.90720758e+00  4.51020000e+00  1.98194780e+00  4.51020000e+00  1.75636942e+00  4.51020000e+00  2.58540232e+00  4.51020000e+00  1.25014852e+00  4.51020000e+00  2.59150569e+00  4.51020000e+00  1.61020252e+00  4.51020000e+00  1.34714146e+00 
 4.53060000e+00  1.68791308e+00  4.53060000e+00  1.29720002e+00  4.53060000e+00  2.04292536e+00  4.53060000e+00  1.18440002e+00  4.53060000e+00  1.75957408e+00  4.53060000e+00  1.51562190e+00  4.53060000e+00  1.16400003e+00  4.53060000e+00  1.81080002e+00  4.53060000e+00  1.13400003e+00  4.53060000e+00  1.70400001e+00  4.53060000e+00  1.18080002e+00  4.53060000e+00  1.21080002e+00  4.53060000e+00  1.31205761e+00  4.53060000e+00  2.56292160e+00  4.53060000e+00  1.58624817e+00  4.53060000e+00  1.33258052e+00  4.53060000e+00  1.41440713e+00  4.53060000e+00  1.90720758e+00  4.53060000e+00  1.98375451e+00  4.53060000e+00  1.75663597e+00  4.53060000e+00  2.58565306e+00  4.53060000e+00  1.25041634e+00  4.53060000e+00  2.59147988e+00  4.53060000e+00  1.61047045e+00  4.53060000e+00  1.34489953e+00 
 4.57140000e+00  1.68791308e+00  4.57140000e+00  1.29720002e+00  4.57140000e+00  2.04292536e+00  4.57140000e+00  1.18440002e+00  4.57140000e+00  1.75957408e+00  4.57140000e+00  1.51562190e+00  4.57140000e+00  1.16400003e+00  4.57140000e+00  1.81080002e+00  4.57140000e+00  1.13400003e+00  4.57140000e+00  1.70400001e+00  4.57140000e+00  1.18080003e+00  4.57140000e+00  1.21080002e+00  4.57140000e+00  1.28883220e+00  4.57140000e+00  2.53865496e+00  4.57140000e+00  1.56279215e+00  4.57140000e+00  1.33258052e+00  4.57140000e+00  1.41440713e+00  4.57140000e+00  1.90720758e+00  4.57140000e+00  1.97744762e+00  4.57140000e+00  1.75028363e+00  4.57140000e+00  2.57942945e+00  4.57140000e+00  1.24390757e+00  4.57140000e+00  2.58437371e+00  4.57140000e+00  1.60408247e+00  4.57140000e+00  1.30976681e+00 
 4.65300000e+00  1.68791308e+00  4.65300000e+00  1.29720002e+00  4.65300000e+00  2.04292536e+00  4.65300000e+00  1.18440002e+00  4.65300000e+00  1.75957408e+00  4.65300000e+00  1.51562190e+00  4.65300000e+00  1.16400003e+00  4.65300000e+00  1.81080002e+00  4.65300000e+00  1.13400003e+00  4.65300000e+00  1.70400001e+00  4.65300000e+00  1.18080003e+00  4.65300000e+00  1.21080002e+00  4.65300000e+00  1.24455275e+00  4.65300000e+00  2.49229380e+00  4.65300000e+00  1.51805176e+00  4.65300000e+00  1.33258052e+00  4.65300000e+00  1.41440713e+00  4.65300000e+00  1.90720758e+00  4.65300000e+00  1.96557170e+00  4.65300000e+00  1.73828543e+00  4.65300000e+00  2.56777717e+00  4.65300000e+00  1.23148700e+00  4.65300000e+00  2.57191118e+00  4.65300000e+00  1.59198828e+00  4.65300000e+00  1.24215084e+00 
 4.72650000e+00  1.68791308e+00  4.72650000e+00  1.29720002e+00  4.72650000e+00  2.04292536e+00  4.72650000e+00  1.18440003e+00  4.72650000e+00  1.75957408e+00  4.72650000e+00  1.51562190e+00  4.72650000e+00  1.16400003e+00  4.72650000e+00  1.81080002e+00  4.72650000e+00  1.13400003e+00  4.72650000e+00  1.70400001e+00  4.72650000e+00  1.18080003e+00  4.72650000e+00  1.21080002e+00  4.72650000e+00  1.20659664e+00  4.72650000e+00  2.45246589e+00  4.72650000e+00  1.47968131e+00  4.72650000e+00  1.33258052e+00  4.72650000e+00  1.41440713e+00  4.72650000e+00  1.90720758e+00  4.72650000e+00  1.95547395e+00  4.72650000e+00  1.72805071e+00  4.72650000e+00  2.55792935e+00  4.72650000e+00  1.22077707e+00  4.72650000e+00  2.56192685e+00  4.72650000e+00  1.58164584e+00  4.72650000e+00  1.18360038e+00 
 4.80000000e+00  1.68791308e+00  4.80000000e+00  1.29720002e+00  4.80000000e+00  2.04292536e+00  4.80000000e+00  1.18440003e+00  4.80000000e+00  1.75957408e+00  4.80000000e+00  1.51562190e+00  4.80000000e+00  1.16400003e+00  4.80000000e+00  1.81080002e+00  4.80000000e+00  1.13400003e+00  4.80000000e+00  1.70400001e+00  4.80000000e+00  1.18080003e+00  4.80000000e+00  1.21080003e+00  4.80000000e+00  1.18799619e+00  4.80000000e+00  2.43293073e+00  4.80000000e+00  1.46087397e+00  4.80000000e+00  1.33258052e+00  4.80000000e+00  1.41440713e+00  4.80000000e+00  1.90720758e+00  4.80000000e+00  1.94569812e+00  4.80000000e+00  1.71812094e+00  4.80000000e+00  2.54843372e+00  4.80000000e+00  1.21031081e+00  4.80000000e+00  2.55243069e+00  4.80000000e+00  1.57159480e+00  4.80000000e+00  1.12664223e+00 
 4.81020000e+00  1.68791308e+00  4.81020000e+00  1.29720002e+00  4.81020000e+00  2.04292536e+00  4.81020000e+00  1.18440003e+00  4.81020000e+00  1.75957408e+00  4.81020000e+00  1.51562190e+00  4.81020000e+00  1.16400003e+00  4.81020000e+00  1.81080002e+00  4.81020000e+00  1.13400003e+00  4.81020000e+00  1.70400001e+00  4.81020000e+00  1.18080003e+00  4.81020000e+00  1.21080003e+00  4.81020000e+00  1.18799619e+00  4.81020000e+00  2.43293073e+00  4.81020000e+00  1.46087397e+00  4.81020000e+00  1.33258052e+00  4.81020000e+00  1.41440713e+00  4.81020000e+00  1.90720758e+00  4.81020000e+00  1.94436139e+00  4.81020000e+00  1.71676164e+00  4.81020000e+00  2.54713802e+00  4.81020000e+00  1.20887263e+00  4.81020000e+00  2.55113519e+00  4.81020000e+00  1.57021770e+00  4.81020000e+00  1.11885493e+00 
 4.83060000e+00  1.68791308e+00  4.83060000e+00  1.29720002e+00  4.83060000e+00  2.04151027e+00  4.83060000e+00  1.18440003e+00  4.83060000e+00  1.75957408e+00  4.83060000e+00  1.51562190e+00  4.83060000e+00  1.16400003e+00  4.83060000e+00  1.81080002e+00  4.83060000e+00  1.13400003e+00  4.83060000e+00  1.70400001e+00  4.83060000e+00  1.18080003e+00  4.83060000e+00  1.21080003e+00  4.83060000e+00  1.18799619e+00  4.83060000e+00  2.43293073e+00  4.83060000e+00  1.46087397e+00  4.83060000e+00  1.33258052e+00  4.83060000e+00  1.41440713e+00  4.83060000e+00  1.90835630e+00  4.83060000e+00  1.93978326e+00  4.83060000e+00  1.71350228e+00  4.83060000e+00  2.54398252e+00  4.83060000e+00  1.20548360e+00  4.83060000e+00  2.54798004e+00  4.83060000e+00  1.56588772e+00  4.83060000e+00  1.10367322e+00 
 4.87140000e+00  1.68791308e+00  4.87140000e+00  1.29720002e+00  4.87140000e+00  2.03604419e+00  4.87140000e+00  1.18440003e+00  4.87140000e+00  1.75957408e+00  4.87140000e+00  1.51562190e+00  4.87140000e+00  1.16400003e+00  4.87140000e+00  1.81080002e+00  4.87140000e+00  1.13400003e+00  4.87140000e+00  1.70400001e+00  4.87140000e+00  1.18080003e+00  4.87140000e+00  1.21080003e+00  4.87140000e+00  1.18799619e+00  4.87140000e+00  2.43293073e+00  4.87140000e+00  1.46087397e+00  4.87140000e+00  1.33258052e+00  4.87140000e+00  1.41440713e+00  4.87140000e+00  1.91309067e+00  4.87140000e+00  1.92693850e+00  4.87140000e+00  1.70592616e+00  4.87140000e+00  2.53657422e+00  4.87140000e+00  1.19769535e+00  4.87140000e+00  2.54057228e+00  4.87140000e+00  1.55403036e+00  4.87140000e+00  1.07434006e+00 
 4.95300000e+00  1.68791308e+00  4.95300000e+00  1.29720002e+00  4.95300000e+00  2.02622655e+00  4.95300000e+00  1.18440003e+00  4.95300000e+00  1.75957409e+00  4.95300000e+00  1.51562190e+00  4.95300000e+00  1.16400003e+00  4.95300000e+00  1.81080002e+00  4.95300000e+00  1.13400003e+00  4.95300000e+00  1.70400001e+00  4.95300000e+00  1.18080003e+00  4.95300000e+00  1.21080003e+00  4.95300000e+00  1.18799619e+00  4.95300000e+00  2.43293073e+00  4.95300000e+00  1.46087397e+00  4.95300000e+00  1.33258052e+00  4.95300000e+00  1.41440713e+00  4.95300000e+00  1.92341329e+00  4.95300000e+00  1.90187586e+00  4.95300000e+00  1.69087878e+00  4.95300000e+00  2.52189813e+00  4.95300000e+00  1.18217556e+00  4.95300000e+00  2.52589740e+00  4.95300000e+00  1.52998169e+00  4.95300000e+00  1.01700865e+00 
 5.02650000e+00  1.68791308e+00  5.02650000e+00  1.29720002e+00  5.02650000e+00  2.01858622e+00  5.02650000e+00  1.18440003e+00  5.02650000e+00  1.75957409e+00  5.02650000e+00  1.51562190e+00  5.02650000e+00  1.16400003e+00  5.02650000e+00  1.81080001e+00  5.02650000e+00  1.13400003e+00  5.02650000e+00  1.70400001e+00  5.02650000e+00  1.18080003e+00  5.02650000e+00  1.21080003e+00  5.02650000e+00  1.18799619e+00  5.02650000e+00  2.43293073e+00  5.02650000e+00  1.46087397e+00  5.02650000e+00  1.33258052e+00  5.02650000e+00  1.41440713e+00  5.02650000e+00  1.93371832e+00  5.02650000e+00  1.87986867e+00  5.02650000e+00  1.67738239e+00  5.02650000e+00  2.50876972e+00  5.02650000e+00  1.16820717e+00  5.02650000e+00  2.51277019e+00  5.02650000e+00  1.50783522e+00  5.02650000e+00  9.66814010e-01 
 5.10000000e+00  1.68791308e+00  5.10000000e+00  1.29720002e+00  5.10000000e+00  2.01202232e+00  5.10000000e+00  1.18440003e+00  5.10000000e+00  1.75957409e+00  5.10000000e+00  1.51562190e+00  5.10000000e+00  1.16400003e+00  5.10000000e+00  1.81080001e+00  5.10000000e+00  1.13400003e+00  5.10000000e+00  1.70400001e+00  5.10000000e+00  1.18080003e+00  5.10000000e+00  1.21080003e+00  5.10000000e+00  1.18799619e+00  5.10000000e+00  2.43293073e+00  5.10000000e+00  1.46087397e+00  5.10000000e+00  1.33258052e+00  5.10000000e+00  1.41440713e+00  5.10000000e+00  1.94501588e+00  5.10000000e+00  1.85824442e+00  5.10000000e+00  1.66387100e+00  5.10000000e+00  2.49565114e+00  5.10000000e+00  1.15418784e+00  5.10000000e+00  2.49965288e+00  5.10000000e+00  1.48510159e+00  5.10000000e+00  9.18206598e-01 
 5.11020000e+00  1.68791308e+00  5.11020000e+00  1.29720002e+00  5.11020000e+00  2.01120471e+00  5.11020000e+00  1.18440003e+00  5.11020000e+00  1.75957409e+00  5.11020000e+00  1.51562190e+00  5.11020000e+00  1.16400003e+00  5.11020000e+00  1.81080001e+00  5.11020000e+00  1.13400003e+00  5.11020000e+00  1.70400001e+00  5.11020000e+00  1.18080003e+00  5.11020000e+00  1.21080003e+00  5.11020000e+00  1.18799619e+00  5.11020000e+00  2.43293073e+00  5.11020000e+00  1.46087397e+00  5.11020000e+00  1.33258052e+00  5.11020000e+00  1.41440713e+00  5.11020000e+00  1.94667288e+00  5.11020000e+00  1.85527168e+00  5.11020000e+00  1.66199182e+00  5.11020000e+00  2.49382848e+00  5.11020000e+00  1.15223519e+00  5.11020000e+00  2.49783041e+00  5.11020000e+00  1.48188930e+00  5.11020000e+00  9.11627552e-01 
 5.13060000e+00  1.68791313e+00  5.13060000e+00  1.29720002e+00  5.13060000e+00  2.01038709e+00  5.13060000e+00  1.18440003e+00  5.13060000e+00  1.75957409e+00  5.13060000e+00  1.51562190e+00  5.13060000e+00  1.16400003e+00  5.13060000e+00  1.81080001e+00  5.13060000e+00  1.13400003e+00  5.13060000e+00  1.70400001e+00  5.13060000e+00  1.18080003e+00  5.13060000e+00  1.21080003e+00  5.13060000e+00  1.18799619e+00  5.13060000e+00  2.43880653e+00  5.13060000e+00  1.46689949e+00  5.13060000e+00  1.33258052e+00  5.13060000e+00  1.40884516e+00  5.13060000e+00  1.94265637e+00  5.13060000e+00  1.85462857e+00  5.13060000e+00  1.66243705e+00  5.13060000e+00  2.49433720e+00  5.13060000e+00  1.15257126e+00  5.13060000e+00  2.50083082e+00  5.13060000e+00  1.48099835e+00  5.13060000e+00  9.11777350e-01 
 5.13570000e+00  1.68791313e+00  5.13570000e+00  1.29720002e+00  5.13570000e+00  2.01038709e+00  5.13570000e+00  1.18440003e+00  5.13570000e+00  1.75957409e+00  5.13570000e+00  1.51562190e+00  5.13570000e+00  1.16400003e+00  5.13570000e+00  1.81080001e+00  5.13570000e+00  1.13400003e+00  5.13570000e+00  1.70400001e+00  5.13570000e+00  1.18080003e+00  5.13570000e+00  1.21080003e+00  5.13570000e+00  1.18799619e+00  5.13570000e+00  2.44173494e+00  5.13570000e+00  1.46990285e+00  5.13570000e+00  1.33258052e+00  5.13570000e+00  1.40609411e+00  5.13570000e+00  1.93984957e+00  5.13570000e+00  1.85580184e+00  5.13570000e+00  1.66360730e+00  5.13570000e+00  2.49551225e+00  5.13570000e+00  1.15372186e+00  5.13570000e+00  2.50326171e+00  5.13570000e+00  1.48216540e+00  5.13570000e+00  9.15141554e-01 
 5.14590000e+00  1.68791313e+00  5.14590000e+00  1.29720002e+00  5.14590000e+00  2.01038709e+00  5.14590000e+00  1.18440003e+00  5.14590000e+00  1.75957409e+00  5.14590000e+00  1.51562190e+00  5.14590000e+00  1.16400003e+00  5.14590000e+00  1.81080001e+00  5.14590000e+00  1.13400003e+00  5.14590000e+00  1.70400001e+00  5.14590000e+00  1.18080003e+00  5.14590000e+00  1.21080003e+00  5.14590000e+00  1.18799619e+00  5.14590000e+00  2.44757182e+00  5.14590000e+00  1.47588979e+00  5.14590000e+00  1.33258052e+00  5.14590000e+00  1.40065271e+00  5.14590000e+00  1.93429671e+00  5.14590000e+00  1.85816576e+00  5.14590000e+00  1.66596430e+00  5.14590000e+00  2.49788156e+00  5.14590000e+00  1.15603582e+00  5.14590000e+00  2.50816223e+00  5.14590000e+00  1.48451371e+00  5.14590000e+00  9.21869529e-01 
 5.16630000e+00  1.68791313e+00  5.16630000e+00  1.29720002e+00  5.16630000e+00  2.01038709e+00  5.16630000e+00  1.18440003e+00  5.16630000e+00  1.75957409e+00  5.16630000e+00  1.51562190e+00  5.16630000e+00  1.16400003e+00  5.16630000e+00  1.81080002e+00  5.16630000e+00  1.13400003e+00  5.16630000e+00  1.70400001e+00  5.16630000e+00  1.18080003e+00  5.16630000e+00  1.21080003e+00  5.16630000e+00  1.18799619e+00  5.16630000e+00  2.45911811e+00  5.16630000e+00  1.48773728e+00  5.16630000e+00  1.33258052e+00  5.16630000e+00  1.39527202e+00  5.16630000e+00  1.92880460e+00  5.16630000e+00  1.86300021e+00  5.16630000e+00  1.67077955e+00  5.16630000e+00  2.50273827e+00  5.16630000e+00  1.16074187e+00  5.16630000e+00  2.51819304e+00  5.16630000e+00  1.48930235e+00  5.16630000e+00  9.35322871e-01 
 5.20710000e+00  1.68791313e+00  5.20710000e+00  1.29720002e+00  5.20710000e+00  2.01038709e+00  5.20710000e+00  1.18440003e+00  5.20710000e+00  1.75957409e+00  5.20710000e+00  1.51562190e+00  5.20710000e+00  1.16400003e+00  5.20710000e+00  1.81080002e+00  5.20710000e+00  1.13400003e+00  5.20710000e+00  1.70400001e+00  5.20710000e+00  1.18080003e+00  5.20710000e+00  1.21080003e+00  5.20710000e+00  1.18799619e+00  5.20710000e+00  2.48161823e+00  5.20710000e+00  1.51084485e+00  5.20710000e+00  1.33258052e+00  5.20710000e+00  1.39527202e+00  5.20710000e+00  1.92880460e+00  5.20710000e+00  1.87310950e+00  5.20710000e+00  1.68082734e+00  5.20710000e+00  2.51294152e+00  5.20710000e+00  1.17047228e+00  5.20710000e+00  2.53913782e+00  5.20710000e+00  1.49926890e+00  5.20710000e+00  9.62219131e-01 
 5.28870000e+00  1.68791313e+00  5.28870000e+00  1.29720002e+00  5.28870000e+00  2.01038709e+00  5.28870000e+00  1.18440003e+00  5.28870000e+00  1.75957409e+00  5.28870000e+00  1.51562190e+00  5.28870000e+00  1.16400003e+00  5.28870000e+00  1.81080002e+00  5.28870000e+00  1.13400003e+00  5.28870000e+00  1.70400001e+00  5.28870000e+00  1.18080003e+00  5.28870000e+00  1.21080003e+00  5.28870000e+00  1.18799619e+00  5.28870000e+00  2.52352125e+00  5.28870000e+00  1.55411051e+00  5.28870000e+00  1.33258052e+00  5.28870000e+00  1.39527202e+00  5.28870000e+00  1.92880460e+00  5.28870000e+00  1.89510448e+00  5.28870000e+00  1.70259858e+00  5.28870000e+00  2.53534126e+00  5.28870000e+00  1.19118058e+00  5.28870000e+00  2.58349080e+00  5.28870000e+00  1.52075811e+00  5.28870000e+00  1.01543040e+00 
 5.34435000e+00  1.68791313e+00  5.34435000e+00  1.29720002e+00  5.34435000e+00  2.01038709e+00  5.34435000e+00  1.18440003e+00  5.34435000e+00  1.75957409e+00  5.34435000e+00  1.51562190e+00  5.34435000e+00  1.16400003e+00  5.34435000e+00  1.81080002e+00  5.34435000e+00  1.13400003e+00  5.34435000e+00  1.70400001e+00  5.34435000e+00  1.18080003e+00  5.34435000e+00  1.21080003e+00  5.34435000e+00  1.18799620e+00  5.34435000e+00  2.54922843e+00  5.34435000e+00  1.58097740e+00  5.34435000e+00  1.33258052e+00  5.34435000e+00  1.39527202e+00  5.34435000e+00  1.92880460e+00  5.34435000e+00  1.91143920e+00  5.34435000e+00  1.71870003e+00  5.34435000e+00  2.55210838e+00  5.34435000e+00  1.20621696e+00  5.34435000e+00  2.61409870e+00  5.34435000e+00  1.53657183e+00  5.34435000e+00  1.05047716e+00 
 5.40000000e+00  1.68791313e+00  5.40000000e+00  1.29720002e+00  5.40000000e+00  2.01038709e+00  5.40000000e+00  1.18440003e+00  5.40000000e+00  1.75957409e+00  5.40000000e+00  1.51562190e+00  5.40000000e+00  1.16400003e+00  5.40000000e+00  1.81080002e+00  5.40000000e+00  1.13400003e+00  5.40000000e+00  1.70400001e+00  5.40000000e+00  1.18080003e+00  5.40000000e+00  1.21080003e+00  5.40000000e+00  1.18799620e+00  5.40000000e+00  2.57216870e+00  5.40000000e+00  1.60537195e+00  5.40000000e+00  1.33258052e+00  5.40000000e+00  1.39527202e+00  5.40000000e+00  1.92880460e+00  5.40000000e+00  1.92872530e+00  5.40000000e+00  1.73571898e+00  5.40000000e+00  2.56986612e+00  5.40000000e+00  1.22193132e+00  5.40000000e+00  2.64284128e+00  5.40000000e+00  1.55324958e+00  5.40000000e+00  1.08337101e+00 
 5.41020000e+00  1.68791313e+00  5.41020000e+00  1.29720002e+00  5.41020000e+00  2.01038709e+00  5.41020000e+00  1.18440003e+00  5.41020000e+00  1.75957409e+00  5.41020000e+00  1.51562190e+00  5.41020000e+00  1.16400003e+00  5.41020000e+00  1.81080002e+00  5.41020000e+00  1.13400003e+00  5.41020000e+00  1.70400001e+00  5.41020000e+00  1.18080003e+00  5.41020000e+00  1.21080003e+00  5.41020000e+00  1.18799620e+00  5.41020000e+00  2.57601200e+00  5.41020000e+00  1.60952231e+00  5.41020000e+00  1.33258052e+00  5.41020000e+00  1.39527202e+00  5.41020000e+00  1.92880460e+00  5.41020000e+00  1.93197544e+00  5.41020000e+00  1.73892282e+00  5.41020000e+00  2.57319416e+00  5.41020000e+00  1.22488833e+00  5.41020000e+00  2.64775140e+00  5.41020000e+00  1.55639170e+00  5.41020000e+00  1.08906156e+00 
 5.43060000e+00  1.68931980e+00  5.43060000e+00  1.29720002e+00  5.43060000e+00  2.01173293e+00  5.43060000e+00  1.18440003e+00  5.43060000e+00  1.75957409e+00  5.43060000e+00  1.51562190e+00  5.43060000e+00  1.16400003e+00  5.43060000e+00  1.81080002e+00  5.43060000e+00  1.13400003e+00  5.43060000e+00  1.70400001e+00  5.43060000e+00  1.18080003e+00  5.43060000e+00  1.21080003e+00  5.43060000e+00  1.18799620e+00  5.43060000e+00  2.57985529e+00  5.43060000e+00  1.61367268e+00  5.43060000e+00  1.33258052e+00  5.43060000e+00  1.39527202e+00  5.43060000e+00  1.92880460e+00  5.43060000e+00  1.93820648e+00  5.43060000e+00  1.74381987e+00  5.43060000e+00  2.57814300e+00  5.43060000e+00  1.22961320e+00  5.43060000e+00  2.65427714e+00  5.43060000e+00  1.56124928e+00  5.43060000e+00  1.10145645e+00 
 5.47140000e+00  1.69524433e+00  5.47140000e+00  1.29720002e+00  5.47140000e+00  2.01741481e+00  5.47140000e+00  1.18440003e+00  5.47140000e+00  1.75957409e+00  5.47140000e+00  1.51562190e+00  5.47140000e+00  1.16400003e+00  5.47140000e+00  1.81080002e+00  5.47140000e+00  1.13400003e+00  5.47140000e+00  1.70400001e+00  5.47140000e+00  1.18080003e+00  5.47140000e+00  1.21080003e+00  5.47140000e+00  1.18799620e+00  5.47140000e+00  2.57985529e+00  5.47140000e+00  1.61367268e+00  5.47140000e+00  1.33258052e+00  5.47140000e+00  1.39527202e+00  5.47140000e+00  1.92880460e+00  5.47140000e+00  1.95038519e+00  5.47140000e+00  1.75065378e+00  5.47140000e+00  2.58469376e+00  5.47140000e+00  1.23673637e+00  5.47140000e+00  2.66080754e+00  5.47140000e+00  1.56816964e+00  5.47140000e+00  1.12826688e+00 
 5.55300000e+00  1.70886847e+00  5.55300000e+00  1.29720002e+00  5.55300000e+00  2.03055758e+00  5.55300000e+00  1.18440003e+00  5.55300000e+00  1.75957409e+00  5.55300000e+00  1.51562190e+00  5.55300000e+00  1.16400003e+00  5.55300000e+00  1.81080002e+00  5.55300000e+00  1.13400003e+00  5.55300000e+00  1.70400001e+00  5.55300000e+00  1.18080003e+00  5.55300000e+00  1.21080003e+00  5.55300000e+00  1.18799620e+00  5.55300000e+00  2.57985530e+00  5.55300000e+00  1.61367268e+00  5.55300000e+00  1.33258052e+00  5.55300000e+00  1.39527202e+00  5.55300000e+00  1.92880460e+00  5.55300000e+00  1.97638916e+00  5.55300000e+00  1.76473710e+00  5.55300000e+00  2.59825475e+00  5.55300000e+00  1.25133556e+00  5.55300000e+00  2.67433019e+00  5.55300000e+00  1.58240873e+00  5.55300000e+00  1.18184622e+00 
 5.62650000e+00  1.72313069e+00  5.62650000e+00  1.29720002e+00  5.62650000e+00  2.04439072e+00  5.62650000e+00  1.18440003e+00  5.62650000e+00  1.75957409e+00  5.62650000e+00  1.51562190e+00  5.62650000e+00  1.16400003e+00  5.62650000e+00  1.81080002e+00  5.62650000e+00  1.13400003e+00  5.62650000e+00  1.70400001e+00  5.62650000e+00  1.18080003e+00  5.62650000e+00  1.21080003e+00  5.62650000e+00  1.18799620e+00  5.62650000e+00  2.57985530e+00  5.62650000e+00  1.61367268e+00  5.62650000e+00  1.33258052e+00  5.62650000e+00  1.39527202e+00  5.62650000e+00  1.92880460e+00  5.62650000e+00  2.00183173e+00  5.62650000e+00  1.77797713e+00  5.62650000e+00  2.61108280e+00  5.62650000e+00  1.26495803e+00  5.62650000e+00  2.68712686e+00  5.62650000e+00  1.59576646e+00  5.62650000e+00  1.23005963e+00 
 5.70000000e+00  1.73919938e+00  5.70000000e+00  1.29720003e+00  5.70000000e+00  2.06003457e+00  5.70000000e+00  1.18440003e+00  5.70000000e+00  1.75957409e+00  5.70000000e+00  1.51562190e+00  5.70000000e+00  1.16400003e+00  5.70000000e+00  1.81080002e+00  5.70000000e+00  1.13400003e+00  5.70000000e+00  1.70400001e+00  5.70000000e+00  1.18080003e+00  5.70000000e+00  1.21080003e+00  5.70000000e+00  1.18799620e+00  5.70000000e+00  2.57985530e+00  5.70000000e+00  1.61367268e+00  5.70000000e+00  1.33258052e+00  5.70000000e+00  1.39527202e+00  5.70000000e+00  1.92880460e+00  5.70000000e+00  2.02931781e+00  5.70000000e+00  1.79184990e+00  5.70000000e+00  2.62461095e+00  5.70000000e+00  1.27912018e+00  5.70000000e+00  2.70062730e+00  5.70000000e+00  1.60973118e+00  5.70000000e+00  1.27822819e+00 
 5.71020000e+00  1.74158372e+00  5.71020000e+00  1.29720003e+00  5.71020000e+00  2.06236032e+00  5.71020000e+00  1.18440003e+00  5.71020000e+00  1.75957409e+00  5.71020000e+00  1.51562190e+00  5.71020000e+00  1.16400003e+00  5.71020000e+00  1.81080002e+00  5.71020000e+00  1.13400003e+00  5.71020000e+00  1.70400001e+00  5.71020000e+00  1.18080003e+00  5.71020000e+00  1.21080003e+00  5.71020000e+00  1.18799620e+00  5.71020000e+00  2.57985530e+00  5.71020000e+00  1.61367268e+00  5.71020000e+00  1.33258052e+00  5.71020000e+00  1.39527202e+00  5.71020000e+00  1.92880460e+00  5.71020000e+00  2.03331897e+00  5.71020000e+00  1.79383702e+00  5.71020000e+00  2.62655690e+00  5.71020000e+00  1.28113834e+00  5.71020000e+00  2.70256978e+00  5.71020000e+00  1.61172853e+00  5.71020000e+00  1.28490884e+00 
 5.73060000e+00  1.74396805e+00  5.73060000e+00  1.29720003e+00  5.73060000e+00  2.06468607e+00  5.73060000e+00  1.18440003e+00  5.73060000e+00  1.75957409e+00  5.73060000e+00  1.51562190e+00  5.73060000e+00  1.16400003e+00  5.73060000e+00  1.81080002e+00  5.73060000e+00  1.13400003e+00  5.73060000e+00  1.70400001e+00  5.73060000e+00  1.18080003e+00  5.73060000e+00  1.21080003e+00  5.73060000e+00  1.18176164e+00  5.73060000e+00  2.57333133e+00  5.73060000e+00  1.60734866e+00  5.73060000e+00  1.33258052e+00  5.73060000e+00  1.39527202e+00  5.73060000e+00  1.92880460e+00  5.73060000e+00  2.03576243e+00  5.73060000e+00  1.79425374e+00  5.73060000e+00  2.62696675e+00  5.73060000e+00  1.28154445e+00  5.73060000e+00  2.70272274e+00  5.73060000e+00  1.61214355e+00  5.73060000e+00  1.28294582e+00 
 5.77140000e+00  1.74396805e+00  5.77140000e+00  1.29720003e+00  5.77140000e+00  2.06468607e+00  5.77140000e+00  1.18440003e+00  5.77140000e+00  1.75957409e+00  5.77140000e+00  1.51562190e+00  5.77140000e+00  1.16400003e+00  5.77140000e+00  1.81080002e+00  5.77140000e+00  1.13400003e+00  5.77140000e+00  1.70400001e+00  5.77140000e+00  1.18080003e+00  5.77140000e+00  1.21080003e+00  5.77140000e+00  1.15721348e+00  5.77140000e+00  2.54762524e+00  5.77140000e+00  1.58244261e+00  5.77140000e+00  1.33258052e+00  5.77140000e+00  1.39527202e+00  5.77140000e+00  1.92880460e+00  5.77140000e+00  2.02966664e+00  5.77140000e+00  1.78810167e+00  5.77140000e+00  2.62096668e+00  5.77140000e+00  1.27520744e+00  5.77140000e+00  2.69590181e+00  5.77140000e+00  1.60593852e+00  5.77140000e+00  1.24881607e+00 
 5.85300000e+00  1.74396805e+00  5.85300000e+00  1.29720003e+00  5.85300000e+00  2.06468607e+00  5.85300000e+00  1.18440003e+00  5.85300000e+00  1.75957409e+00  5.85300000e+00  1.51562191e+00  5.85300000e+00  1.16400003e+00  5.85300000e+00  1.81080002e+00  5.85300000e+00  1.13400003e+00  5.85300000e+00  1.70400001e+00  5.85300000e+00  1.18080003e+00  5.85300000e+00  1.21080003e+00  5.85300000e+00  1.11006996e+00  5.85300000e+00  2.49816544e+00  5.85300000e+00  1.53458335e+00  5.85300000e+00  1.33258052e+00  5.85300000e+00  1.39527202e+00  5.85300000e+00  1.92880460e+00  5.85300000e+00  2.01814340e+00  5.85300000e+00  1.77643843e+00  5.85300000e+00  2.60968110e+00  5.85300000e+00  1.26308264e+00  5.85300000e+00  2.68383192e+00  5.85300000e+00  1.59414337e+00  5.85300000e+00  1.18279648e+00 
 5.92650000e+00  1.74396805e+00  5.92650000e+00  1.29720003e+00  5.92650000e+00  2.06468606e+00  5.92650000e+00  1.18440003e+00  5.92650000e+00  1.75957409e+00  5.92650000e+00  1.51562191e+00  5.92650000e+00  1.16400003e+00  5.92650000e+00  1.81080002e+00  5.92650000e+00  1.13400003e+00  5.92650000e+00  1.70400001e+00  5.92650000e+00  1.18080003e+00  5.92650000e+00  1.21080003e+00  5.92650000e+00  1.06933124e+00  5.92650000e+00  2.45534237e+00  5.92650000e+00  1.49320071e+00  5.92650000e+00  1.33258052e+00  5.92650000e+00  1.39527202e+00  5.92650000e+00  1.92880460e+00  5.92650000e+00  2.00831231e+00  5.92650000e+00  1.76645775e+00  5.92650000e+00  2.60010336e+00  5.92650000e+00  1.25260672e+00  5.92650000e+00  2.67412005e+00  5.92650000e+00  1.58402150e+00  5.92650000e+00  1.12530019e+00 
 6.00000000e+00  1.74396805e+00  6.00000000e+00  1.29720003e+00  6.00000000e+00  2.06468606e+00  6.00000000e+00  1.18440003e+00  6.00000000e+00  1.75957409e+00  6.00000000e+00  1.51562191e+00  6.00000000e+00  1.16400003e+00  6.00000000e+00  1.81080002e+00  6.00000000e+00  1.13400003e+00  6.00000000e+00  1.70400002e+00  6.00000000e+00  1.18080003e+00  6.00000000e+00  1.21080003e+00  6.00000000e+00  1.04929632e+00  6.00000000e+00  2.43426619e+00  6.00000000e+00  1.47284414e+00  6.00000000e+00  1.33258053e+00  6.00000000e+00  1.39527202e+00  6.00000000e+00  1.92880460e+00  6.00000000e+00  1.99876261e+00  6.00000000e+00  1.75674418e+00  6.00000000e+00  2.59083059e+00  6.00000000e+00  1.24234832e+00  6.00000000e+00  2.66486747e+00  6.00000000e+00  1.57415296e+00  6.00000000e+00  1.06908037e+00 
 6.01020000e+00  1.74396805e+00  6.01020000e+00  1.29720003e+00  6.01020000e+00  2.06468606e+00  6.01020000e+00  1.18440003e+00  6.01020000e+00  1.75957409e+00  6.01020000e+00  1.51562191e+00  6.01020000e+00  1.16400003e+00  6.01020000e+00  1.81080002e+00  6.01020000e+00  1.13400003e+00  6.01020000e+00  1.70400002e+00  6.01020000e+00  1.18080003e+00  6.01020000e+00  1.21080003e+00  6.01020000e+00  1.04929632e+00  6.01020000e+00  2.43426619e+00  6.01020000e+00  1.47284414e+00  6.01020000e+00  1.33258053e+00  6.01020000e+00  1.39527202e+00  6.01020000e+00  1.92880460e+00  6.01020000e+00  1.99745293e+00  6.01020000e+00  1.75541080e+00  6.01020000e+00  2.58956092e+00  6.01020000e+00  1.24093593e+00  6.01020000e+00  2.66360159e+00  6.01020000e+00  1.57279714e+00  6.01020000e+00  1.06136808e+00 
 6.03060000e+00  1.74396805e+00  6.03060000e+00  1.29720003e+00  6.03060000e+00  2.06295891e+00  6.03060000e+00  1.18440003e+00  6.03060000e+00  1.75957409e+00  6.03060000e+00  1.51562191e+00  6.03060000e+00  1.16400003e+00  6.03060000e+00  1.81080002e+00  6.03060000e+00  1.13400003e+00  6.03060000e+00  1.70400002e+00  6.03060000e+00  1.18080004e+00  6.03060000e+00  1.21080003e+00  6.03060000e+00  1.04929632e+00  6.03060000e+00  2.43426619e+00  6.03060000e+00  1.47284414e+00  6.03060000e+00  1.33258053e+00  6.03060000e+00  1.39527202e+00  6.03060000e+00  1.92990040e+00  6.03060000e+00  1.99284702e+00  6.03060000e+00  1.75213802e+00  6.03060000e+00  2.58638904e+00  6.03060000e+00  1.23753719e+00  6.03060000e+00  2.66043571e+00  6.03060000e+00  1.56823523e+00  6.03060000e+00  1.04632242e+00 
 6.07140000e+00  1.74396805e+00  6.07140000e+00  1.29720003e+00  6.07140000e+00  2.05624082e+00  6.07140000e+00  1.18440003e+00  6.07140000e+00  1.75957409e+00  6.07140000e+00  1.51562191e+00  6.07140000e+00  1.16400003e+00  6.07140000e+00  1.81080002e+00  6.07140000e+00  1.13400003e+00  6.07140000e+00  1.70400002e+00  6.07140000e+00  1.18080004e+00  6.07140000e+00  1.21080003e+00  6.07140000e+00  1.04929632e+00  6.07140000e+00  2.43426619e+00  6.07140000e+00  1.47284414e+00  6.07140000e+00  1.33258053e+00  6.07140000e+00  1.39527203e+00  6.07140000e+00  1.93444117e+00  6.07140000e+00  1.97978884e+00  6.07140000e+00  1.74440056e+00  6.07140000e+00  2.57880584e+00  6.07140000e+00  1.22960462e+00  6.07140000e+00  2.65286162e+00  6.07140000e+00  1.55536242e+00  6.07140000e+00  1.01719337e+00 
 6.15300000e+00  1.74396805e+00  6.15300000e+00  1.29720003e+00  6.15300000e+00  2.04389765e+00  6.15300000e+00  1.18440003e+00  6.15300000e+00  1.75957409e+00  6.15300000e+00  1.51562191e+00  6.15300000e+00  1.16400003e+00  6.15300000e+00  1.81080002e+00  6.15300000e+00  1.13400003e+00  6.15300000e+00  1.70400002e+00  6.15300000e+00  1.18080004e+00  6.15300000e+00  1.21080003e+00  6.15300000e+00  1.04929632e+00  6.15300000e+00  2.43426619e+00  6.15300000e+00  1.47284414e+00  6.15300000e+00  1.33258053e+00  6.15300000e+00  1.39527203e+00  6.15300000e+00  1.94448818e+00  6.15300000e+00  1.95433006e+00  6.15300000e+00  1.72900538e+00  6.15300000e+00  2.56374749e+00  6.15300000e+00  1.21378080e+00  6.15300000e+00  2.63782309e+00  6.15300000e+00  1.52924183e+00  6.15300000e+00  9.60257619e-01 
 6.22650000e+00  1.74396805e+00  6.22650000e+00  1.29720003e+00  6.22650000e+00  2.03397172e+00  6.22650000e+00  1.18440003e+00  6.22650000e+00  1.75957409e+00  6.22650000e+00  1.51562191e+00  6.22650000e+00  1.16400003e+00  6.22650000e+00  1.81080002e+00  6.22650000e+00  1.13400003e+00  6.22650000e+00  1.70400002e+00  6.22650000e+00  1.18080004e+00  6.22650000e+00  1.21080003e+00  6.22650000e+00  1.04929632e+00  6.22650000e+00  2.43426619e+00  6.22650000e+00  1.47284414e+00  6.22650000e+00  1.33258053e+00  6.22650000e+00  1.39527203e+00  6.22650000e+00  1.95465894e+00  6.22650000e+00  1.93202579e+00  6.22650000e+00  1.71517914e+00  6.22650000e+00  2.55025256e+00  6.22650000e+00  1.19952964e+00  6.22650000e+00  2.62434760e+00  6.22650000e+00  1.50518038e+00  6.22650000e+00  9.10795963e-01 
 6.30000000e+00  1.74396805e+00  6.30000000e+00  1.29720003e+00  6.30000000e+00  2.02513491e+00  6.30000000e+00  1.18440003e+00  6.30000000e+00  1.75957409e+00  6.30000000e+00  1.51562191e+00  6.30000000e+00  1.16400003e+00  6.30000000e+00  1.81080002e+00  6.30000000e+00  1.13400003e+00  6.30000000e+00  1.70400002e+00  6.30000000e+00  1.18080004e+00  6.30000000e+00  1.21080003e+00  6.30000000e+00  1.04929632e+00  6.30000000e+00  2.43426619e+00  6.30000000e+00  1.47284414e+00  6.30000000e+00  1.33258053e+00  6.30000000e+00  1.39527203e+00  6.30000000e+00  1.96589440e+00  6.30000000e+00  1.91021704e+00  6.30000000e+00  1.70134763e+00  6.30000000e+00  2.53677734e+00  6.30000000e+00  1.18523756e+00  6.30000000e+00  2.61089321e+00  6.30000000e+00  1.48052440e+00  6.30000000e+00  8.63603864e-01 
 6.31020000e+00  1.74396805e+00  6.31020000e+00  1.29720003e+00  6.31020000e+00  2.02400374e+00  6.31020000e+00  1.18440003e+00  6.31020000e+00  1.75957409e+00  6.31020000e+00  1.51562191e+00  6.31020000e+00  1.16400003e+00  6.31020000e+00  1.81080002e+00  6.31020000e+00  1.13400003e+00  6.31020000e+00  1.70400002e+00  6.31020000e+00  1.18080004e+00  6.31020000e+00  1.21080003e+00  6.31020000e+00  1.04929632e+00  6.31020000e+00  2.43426619e+00  6.31020000e+00  1.47284414e+00  6.31020000e+00  1.33258053e+00  6.31020000e+00  1.39527203e+00  6.31020000e+00  1.96754728e+00  6.31020000e+00  1.90723108e+00  6.31020000e+00  1.69942593e+00  6.31020000e+00  2.53490734e+00  6.31020000e+00  1.18324868e+00  6.31020000e+00  2.60902623e+00  6.31020000e+00  1.47704700e+00  6.31020000e+00  8.57285136e-01 
 6.33060000e+00  1.74396805e+00  6.33060000e+00  1.29720003e+00  6.33060000e+00  2.02287256e+00  6.33060000e+00  1.18440003e+00  6.33060000e+00  1.75957409e+00  6.33060000e+00  1.51562191e+00  6.33060000e+00  1.16400003e+00  6.33060000e+00  1.81080002e+00  6.33060000e+00  1.13400003e+00  6.33060000e+00  1.70400002e+00  6.33060000e+00  1.18080004e+00  6.33060000e+00  1.21080003e+00  6.33060000e+00  1.04929632e+00  6.33060000e+00  2.43998018e+00  6.33060000e+00  1.47870772e+00  6.33060000e+00  1.33258053e+00  6.33060000e+00  1.39044702e+00  6.33060000e+00  1.96425526e+00  6.33060000e+00  1.90687767e+00  6.33060000e+00  1.70011409e+00  6.33060000e+00  2.53570522e+00  6.33060000e+00  1.18376371e+00  6.33060000e+00  2.61236765e+00  6.33060000e+00  1.47615507e+00  6.33060000e+00  8.57701779e-01 
 6.33570000e+00  1.74396805e+00  6.33570000e+00  1.29720003e+00  6.33570000e+00  2.02287256e+00  6.33570000e+00  1.18440003e+00  6.33570000e+00  1.75957409e+00  6.33570000e+00  1.51562191e+00  6.33570000e+00  1.16400003e+00  6.33570000e+00  1.81080002e+00  6.33570000e+00  1.13400003e+00  6.33570000e+00  1.70400002e+00  6.33570000e+00  1.18080004e+00  6.33570000e+00  1.21080003e+00  6.33570000e+00  1.04929632e+00  6.33570000e+00  2.44281994e+00  6.33570000e+00  1.48162242e+00  6.33570000e+00  1.33258053e+00  6.33570000e+00  1.38806889e+00  6.33570000e+00  1.96181721e+00  6.33570000e+00  1.90820353e+00  6.33570000e+00  1.70142803e+00  6.33570000e+00  2.53704986e+00  6.33570000e+00  1.18502238e+00  6.33570000e+00  2.61498115e+00  6.33570000e+00  1.47745447e+00  6.33570000e+00  8.61068283e-01 
 6.34590000e+00  1.74396805e+00  6.34590000e+00  1.29720003e+00  6.34590000e+00  2.02287256e+00  6.34590000e+00  1.18440003e+00  6.34590000e+00  1.75957409e+00  6.34590000e+00  1.51562191e+00  6.34590000e+00  1.16400003e+00  6.34590000e+00  1.81080002e+00  6.34590000e+00  1.13400003e+00  6.34590000e+00  1.70400002e+00  6.34590000e+00  1.18080004e+00  6.34590000e+00  1.21080003e+00  6.34590000e+00  1.04929632e+00  6.34590000e+00  2.44846358e+00  6.34590000e+00  1.48741624e+00  6.34590000e+00  1.33258053e+00  6.34590000e+00  1.38338156e+00  6.34590000e+00  1.95701009e+00  6.34590000e+00  1.91087474e+00  6.34590000e+00  1.70407423e+00  6.34590000e+00  2.53976093e+00  6.34590000e+00  1.18755330e+00  6.34590000e+00  2.62022525e+00  6.34590000e+00  1.48006768e+00  6.34590000e+00  8.67796583e-01 
 6.36630000e+00  1.74396805e+00  6.36630000e+00  1.29720003e+00  6.36630000e+00  2.02287256e+00  6.36630000e+00  1.18440003e+00  6.36630000e+00  1.75957409e+00  6.36630000e+00  1.51562191e+00  6.36630000e+00  1.16400003e+00  6.36630000e+00  1.81080002e+00  6.36630000e+00  1.13400003e+00  6.36630000e+00  1.70400002e+00  6.36630000e+00  1.18080004e+00  6.36630000e+00  1.21080003e+00  6.36630000e+00  1.04929632e+00  6.36630000e+00  2.45952516e+00  6.36630000e+00  1.49878011e+00  6.36630000e+00  1.33258053e+00  6.36630000e+00  1.37462302e+00  6.36630000e+00  1.94802382e+00  6.36630000e+00  1.91633577e+00  6.36630000e+00  1.70947806e+00  6.36630000e+00  2.54531586e+00  6.36630000e+00  1.19269762e+00  6.36630000e+00  2.63080318e+00  6.36630000e+00  1.48538790e+00  6.36630000e+00  8.81205153e-01 
 6.40710000e+00  1.74396805e+00  6.40710000e+00  1.29720003e+00  6.40710000e+00  2.02287256e+00  6.40710000e+00  1.18440003e+00  6.40710000e+00  1.75957409e+00  6.40710000e+00  1.51562191e+00  6.40710000e+00  1.16400003e+00  6.40710000e+00  1.81080002e+00  6.40710000e+00  1.13400004e+00  6.40710000e+00  1.70400002e+00  6.40710000e+00  1.18080004e+00  6.40710000e+00  1.21080003e+00  6.40710000e+00  1.04929632e+00  6.40710000e+00  2.48065384e+00  6.40710000e+00  1.52052163e+00  6.40710000e+00  1.33258053e+00  6.40710000e+00  1.36634268e+00  6.40710000e+00  1.93952750e+00  6.40710000e+00  1.92773566e+00  6.40710000e+00  1.72073368e+00  6.40710000e+00  2.55696250e+00  6.40710000e+00  1.20331448e+00  6.40710000e+00  2.65201271e+00  6.40710000e+00  1.49642842e+00  6.40710000e+00  9.07624061e-01 
 6.48870000e+00  1.74396806e+00  6.48870000e+00  1.29720003e+00  6.48870000e+00  2.02287256e+00  6.48870000e+00  1.18440003e+00  6.48870000e+00  1.75957409e+00  6.48870000e+00  1.51562191e+00  6.48870000e+00  1.16400004e+00  6.48870000e+00  1.81080002e+00  6.48870000e+00  1.13400004e+00  6.48870000e+00  1.70400002e+00  6.48870000e+00  1.18080004e+00  6.48870000e+00  1.21080003e+00  6.48870000e+00  1.04929632e+00  6.48870000e+00  2.51839340e+00  6.48870000e+00  1.55957209e+00  6.48870000e+00  1.33258053e+00  6.48870000e+00  1.36634268e+00  6.48870000e+00  1.93952750e+00  6.48870000e+00  1.95232864e+00  6.48870000e+00  1.74494597e+00  6.48870000e+00  2.58218171e+00  6.48870000e+00  1.22577763e+00  6.48870000e+00  2.69175857e+00  6.48870000e+00  1.52005153e+00  6.48870000e+00  9.57270449e-01 
 6.54435000e+00  1.74396806e+00  6.54435000e+00  1.29720003e+00  6.54435000e+00  2.02287256e+00  6.54435000e+00  1.18440003e+00  6.54435000e+00  1.75957409e+00  6.54435000e+00  1.51562191e+00  6.54435000e+00  1.16400004e+00  6.54435000e+00  1.81080002e+00  6.54435000e+00  1.13400004e+00  6.54435000e+00  1.70400002e+00  6.54435000e+00  1.18080004e+00  6.54435000e+00  1.21080003e+00  6.54435000e+00  1.04929632e+00  6.54435000e+00  2.54044114e+00  6.54435000e+00  1.58263824e+00  6.54435000e+00  1.33258053e+00  6.54435000e+00  1.36634268e+00  6.54435000e+00  1.93952750e+00  6.54435000e+00  1.96973554e+00  6.54435000e+00  1.76209754e+00  6.54435000e+00  2.59997539e+00  6.54435000e+00  1.24165688e+00  6.54435000e+00  2.71514692e+00  6.54435000e+00  1.53679030e+00  6.54435000e+00  9.87678856e-01 
 6.60000000e+00  1.74396806e+00  6.60000000e+00  1.29720003e+00  6.60000000e+00  2.02287256e+00  6.60000000e+00  1.18440003e+00  6.60000000e+00  1.75957409e+00  6.60000000e+00  1.51562191e+00  6.60000000e+00  1.16400004e+00  6.60000000e+00  1.81080002e+00  6.60000000e+00  1.13400004e+00  6.60000000e+00  1.70400002e+00  6.60000000e+00  1.18080004e+00  6.60000000e+00  1.21080003e+00  6.60000000e+00  1.04929632e+00  6.60000000e+00  2.55938796e+00  6.60000000e+00  1.60276089e+00  6.60000000e+00  1.33258053e+00  6.60000000e+00  1.36634269e+00  6.60000000e+00  1.93952750e+00  6.60000000e+00  1.98616953e+00  6.60000000e+00  1.77834292e+00  6.60000000e+00  2.61666494e+00  6.60000000e+00  1.25687691e+00  6.60000000e+00  2.73430073e+00  6.60000000e+00  1.55272078e+00  6.60000000e+00  1.01441926e+00 
 6.61020000e+00  1.74396806e+00  6.61020000e+00  1.29720003e+00  6.61020000e+00  2.02287256e+00  6.61020000e+00  1.18440003e+00  6.61020000e+00  1.75957409e+00  6.61020000e+00  1.51562191e+00  6.61020000e+00  1.16400004e+00  6.61020000e+00  1.81080002e+00  6.61020000e+00  1.13400004e+00  6.61020000e+00  1.70400002e+00  6.61020000e+00  1.18080004e+00  6.61020000e+00  1.21080003e+00  6.61020000e+00  1.04929632e+00  6.61020000e+00  2.56246762e+00  6.61020000e+00  1.60607658e+00  6.61020000e+00  1.33258053e+00  6.61020000e+00  1.36634269e+00  6.61020000e+00  1.93952750e+00  6.61020000e+00  1.98896219e+00  6.61020000e+00  1.78110753e+00  6.61020000e+00  2.61949123e+00  6.61020000e+00  1.25948133e+00  6.61020000e+00  2.73724398e+00  6.61020000e+00  1.55543708e+00  6.61020000e+00  1.01882801e+00 
 6.63060000e+00  1.74609309e+00  6.63060000e+00  1.29720003e+00  6.63060000e+00  2.02494621e+00  6.63060000e+00  1.18440003e+00  6.63060000e+00  1.75957409e+00  6.63060000e+00  1.51562191e+00  6.63060000e+00  1.16400004e+00  6.63060000e+00  1.81080002e+00  6.63060000e+00  1.13400004e+00  6.63060000e+00  1.70400002e+00  6.63060000e+00  1.18080004e+00  6.63060000e+00  1.21080003e+00  6.63060000e+00  1.04929632e+00  6.63060000e+00  2.56554727e+00  6.63060000e+00  1.60939228e+00  6.63060000e+00  1.33258053e+00  6.63060000e+00  1.36634268e+00  6.63060000e+00  1.93952750e+00  6.63060000e+00  1.99536689e+00  6.63060000e+00  1.78567538e+00  6.63060000e+00  2.62405530e+00  6.63060000e+00  1.26395371e+00  6.63060000e+00  2.74191637e+00  6.63060000e+00  1.55998087e+00  6.63060000e+00  1.02995034e+00 
 6.67140000e+00  1.75491174e+00  6.67140000e+00  1.29720003e+00  6.67140000e+00  2.03355994e+00  6.67140000e+00  1.18440003e+00  6.67140000e+00  1.75957409e+00  6.67140000e+00  1.51562191e+00  6.67140000e+00  1.16400004e+00  6.67140000e+00  1.81080002e+00  6.67140000e+00  1.13400004e+00  6.67140000e+00  1.70400002e+00  6.67140000e+00  1.18080004e+00  6.67140000e+00  1.21080003e+00  6.67140000e+00  1.04929633e+00  6.67140000e+00  2.56554727e+00  6.67140000e+00  1.60939228e+00  6.67140000e+00  1.33258053e+00  6.67140000e+00  1.36634268e+00  6.67140000e+00  1.93952750e+00  6.67140000e+00  2.01012706e+00  6.67140000e+00  1.79297091e+00  6.67140000e+00  2.63109617e+00  6.67140000e+00  1.27149775e+00  6.67140000e+00  2.74891059e+00  6.67140000e+00  1.56736988e+00  6.67140000e+00  1.05679772e+00 
 6.75300000e+00  1.77441422e+00  6.75300000e+00  1.29720003e+00  6.75300000e+00  2.05265641e+00  6.75300000e+00  1.18440003e+00  6.75300000e+00  1.75957409e+00  6.75300000e+00  1.51562191e+00  6.75300000e+00  1.16400004e+00  6.75300000e+00  1.81080002e+00  6.75300000e+00  1.13400004e+00  6.75300000e+00  1.70400002e+00  6.75300000e+00  1.18080004e+00  6.75300000e+00  1.21080003e+00  6.75300000e+00  1.04929633e+00  6.75300000e+00  2.56554727e+00  6.75300000e+00  1.60939228e+00  6.75300000e+00  1.33258053e+00  6.75300000e+00  1.36634268e+00  6.75300000e+00  1.93952750e+00  6.75300000e+00  2.04159135e+00  6.75300000e+00  1.80811966e+00  6.75300000e+00  2.64578542e+00  6.75300000e+00  1.28707223e+00  6.75300000e+00  2.76335760e+00  6.75300000e+00  1.58268110e+00  6.75300000e+00  1.11045088e+00 
 6.82650000e+00  1.79400725e+00  6.82650000e+00  1.29720003e+00  6.82650000e+00  2.07188802e+00  6.82650000e+00  1.18440003e+00  6.82650000e+00  1.75957409e+00  6.82650000e+00  1.51562191e+00  6.82650000e+00  1.16400004e+00  6.82650000e+00  1.81080002e+00  6.82650000e+00  1.13400004e+00  6.82650000e+00  1.70400002e+00  6.82650000e+00  1.18080004e+00  6.82650000e+00  1.21080003e+00  6.82650000e+00  1.04929633e+00  6.82650000e+00  2.56554727e+00  6.82650000e+00  1.60939228e+00  6.82650000e+00  1.33258053e+00  6.82650000e+00  1.36634268e+00  6.82650000e+00  1.93952750e+00  6.82650000e+00  2.07224496e+00  6.82650000e+00  1.82250251e+00  6.82650000e+00  2.65982288e+00  6.82650000e+00  1.30174200e+00  6.82650000e+00  2.77686790e+00  6.82650000e+00  1.59717694e+00  6.82650000e+00  1.15873072e+00 
 6.90000000e+00  1.81533118e+00  6.90000000e+00  1.29720003e+00  6.90000000e+00  2.09285435e+00  6.90000000e+00  1.18440003e+00  6.90000000e+00  1.75957409e+00  6.90000000e+00  1.51562191e+00  6.90000000e+00  1.16400004e+00  6.90000000e+00  1.81080002e+00  6.90000000e+00  1.13400004e+00  6.90000000e+00  1.70400002e+00  6.90000000e+00  1.18080004e+00  6.90000000e+00  1.21080003e+00  6.90000000e+00  1.04929633e+00  6.90000000e+00  2.56554727e+00  6.90000000e+00  1.60939228e+00  6.90000000e+00  1.33258053e+00  6.90000000e+00  1.36634268e+00  6.90000000e+00  1.93952750e+00  6.90000000e+00  2.10517315e+00  6.90000000e+00  1.83771676e+00  6.90000000e+00  2.67477341e+00  6.90000000e+00  1.31713001e+00  6.90000000e+00  2.79078931e+00  6.90000000e+00  1.61246486e+00  6.90000000e+00  1.20696565e+00 
 6.91020000e+00  1.81843127e+00  6.91020000e+00  1.29720003e+00  6.91020000e+00  2.09590513e+00  6.91020000e+00  1.18440003e+00  6.91020000e+00  1.75957409e+00  6.91020000e+00  1.51562191e+00  6.91020000e+00  1.16400004e+00  6.91020000e+00  1.81080002e+00  6.91020000e+00  1.13400004e+00  6.91020000e+00  1.70400002e+00  6.91020000e+00  1.18080004e+00  6.91020000e+00  1.21080003e+00  6.91020000e+00  1.04929633e+00  6.91020000e+00  2.56554727e+00  6.91020000e+00  1.60939228e+00  6.91020000e+00  1.33258053e+00  6.91020000e+00  1.36634268e+00  6.91020000e+00  1.93952750e+00  6.91020000e+00  2.10994730e+00  6.91020000e+00  1.83990885e+00  6.91020000e+00  2.67693711e+00  6.91020000e+00  1.31933494e+00  6.91020000e+00  2.79275338e+00  6.91020000e+00  1.61466324e+00  6.91020000e+00  1.21365550e+00 
 6.93060000e+00  1.81890077e+00  6.93060000e+00  1.29467724e+00  6.93060000e+00  2.09626864e+00  6.93060000e+00  1.18440003e+00  6.93060000e+00  1.75957409e+00  6.93060000e+00  1.51562191e+00  6.93060000e+00  1.16400004e+00  6.93060000e+00  1.81080002e+00  6.93060000e+00  1.13400004e+00  6.93060000e+00  1.70400002e+00  6.93060000e+00  1.18080004e+00  6.93060000e+00  1.21080003e+00  6.93060000e+00  1.04292930e+00  6.93060000e+00  2.55886481e+00  6.93060000e+00  1.60290748e+00  6.93060000e+00  1.33258053e+00  6.93060000e+00  1.36634268e+00  6.93060000e+00  1.93952750e+00  6.93060000e+00  2.11323253e+00  6.93060000e+00  1.84059775e+00  6.93060000e+00  2.67763818e+00  6.93060000e+00  1.31998734e+00  6.93060000e+00  2.79305349e+00  6.93060000e+00  1.61534077e+00  6.93060000e+00  1.21197067e+00 
 6.97140000e+00  1.80891879e+00  6.97140000e+00  1.28509567e+00  6.97140000e+00  2.08607616e+00  6.97140000e+00  1.18440003e+00  6.97140000e+00  1.75957409e+00  6.97140000e+00  1.51562191e+00  6.97140000e+00  1.16400004e+00  6.97140000e+00  1.81080002e+00  6.97140000e+00  1.13400004e+00  6.97140000e+00  1.70400002e+00  6.97140000e+00  1.18080004e+00  6.97140000e+00  1.21080003e+00  6.97140000e+00  1.01778779e+00  6.97140000e+00  2.53246127e+00  6.97140000e+00  1.57729481e+00  6.97140000e+00  1.33258053e+00  6.97140000e+00  1.36634269e+00  6.97140000e+00  1.93952750e+00  6.97140000e+00  2.10740344e+00  6.97140000e+00  1.83470207e+00  6.97140000e+00  2.67191666e+00  6.97140000e+00  1.31387951e+00  6.97140000e+00  2.78669360e+00  6.97140000e+00  1.60936917e+00  6.97140000e+00  1.17883118e+00 
 7.05300000e+00  1.79947717e+00  7.05300000e+00  1.27602371e+00  7.05300000e+00  2.07644026e+00  7.05300000e+00  1.18440003e+00  7.05300000e+00  1.75957409e+00  7.05300000e+00  1.51562191e+00  7.05300000e+00  1.16400004e+00  7.05300000e+00  1.81080002e+00  7.05300000e+00  1.13400004e+00  7.05300000e+00  1.70400002e+00  7.05300000e+00  1.18080004e+00  7.05300000e+00  1.21080003e+00  7.05300000e+00  9.69120370e-01  7.05300000e+00  2.48126942e+00  7.05300000e+00  1.52768512e+00  7.05300000e+00  1.33258053e+00  7.05300000e+00  1.36634269e+00  7.05300000e+00  1.93952750e+00  7.05300000e+00  2.09633781e+00  7.05300000e+00  1.82347031e+00  7.05300000e+00  2.66109093e+00  7.05300000e+00  1.30215104e+00  7.05300000e+00  2.77532006e+00  7.05300000e+00  1.59795996e+00  7.05300000e+00  1.11432487e+00 
 7.06218750e+00  1.79947717e+00  7.06218750e+00  1.27602371e+00  7.06218750e+00  2.07644026e+00  7.06218750e+00  1.18440003e+00  7.06218750e+00  1.75957409e+00  7.06218750e+00  1.51562191e+00  7.06218750e+00  1.16400004e+00  7.06218750e+00  1.81080002e+00  7.06218750e+00  1.13400004e+00  7.06218750e+00  1.70400002e+00  7.06218750e+00  1.18080004e+00  7.06218750e+00  1.21080003e+00  7.06218750e+00  9.63768260e-01  7.06218750e+00  2.47563315e+00  7.06218750e+00  1.52222696e+00  7.06218750e+00  1.33258053e+00  7.06218750e+00  1.36634269e+00  7.06218750e+00  1.93952750e+00  7.06218750e+00  2.09513609e+00  7.06218750e+00  1.82224805e+00  7.06218750e+00  2.65991885e+00  7.06218750e+00  1.30086721e+00  7.06218750e+00  2.77413632e+00  7.06218750e+00  1.59671573e+00  7.06218750e+00  1.10720121e+00 
 7.08056250e+00  1.79947717e+00  7.08056250e+00  1.27602371e+00  7.08056250e+00  2.07644026e+00  7.08056250e+00  1.18440003e+00  7.08056250e+00  1.75957409e+00  7.08056250e+00  1.51562191e+00  7.08056250e+00  1.16400004e+00  7.08056250e+00  1.81080002e+00  7.08056250e+00  1.13400004e+00  7.08056250e+00  1.70400002e+00  7.08056250e+00  1.18080004e+00  7.08056250e+00  1.21080003e+00  7.08056250e+00  9.53099732e-01  7.08056250e+00  2.46439640e+00  7.08056250e+00  1.51134636e+00  7.08056250e+00  1.33258053e+00  7.08056250e+00  1.36634269e+00  7.08056250e+00  1.93952750e+00  7.08056250e+00  2.09274304e+00  7.08056250e+00  1.81981343e+00  7.08056250e+00  2.65758573e+00  7.08056250e+00  1.29830794e+00  7.08056250e+00  2.77178859e+00  7.08056250e+00  1.59423664e+00  7.08056250e+00  1.09299173e+00 
 7.11731250e+00  1.79947717e+00  7.11731250e+00  1.27602371e+00  7.11731250e+00  2.07644026e+00  7.11731250e+00  1.18440004e+00  7.11731250e+00  1.75957409e+00  7.11731250e+00  1.51562191e+00  7.11731250e+00  1.16400004e+00  7.11731250e+00  1.81080002e+00  7.11731250e+00  1.13400004e+00  7.11731250e+00  1.70400002e+00  7.11731250e+00  1.18080004e+00  7.11731250e+00  1.21080003e+00  7.11731250e+00  9.31975026e-01  7.11731250e+00  2.44212231e+00  7.11731250e+00  1.48978382e+00  7.11731250e+00  1.33258053e+00  7.11731250e+00  1.36634269e+00  7.11731250e+00  1.93952750e+00  7.11731250e+00  2.08800638e+00  7.11731250e+00  1.81499116e+00  7.11731250e+00  2.65297240e+00  7.11731250e+00  1.29322860e+00  7.11731250e+00  2.76717888e+00  7.11731250e+00  1.58932274e+00  7.11731250e+00  1.06477408e+00 
 7.15865625e+00  1.79947717e+00  7.15865625e+00  1.27602371e+00  7.15865625e+00  2.07644026e+00  7.15865625e+00  1.18440004e+00  7.15865625e+00  1.75957409e+00  7.15865625e+00  1.51562191e+00  7.15865625e+00  1.16400004e+00  7.15865625e+00  1.81080002e+00  7.15865625e+00  1.13400004e+00  7.15865625e+00  1.70400002e+00  7.15865625e+00  1.18080004e+00  7.15865625e+00  1.21080004e+00  7.15865625e+00  9.20171671e-01  7.15865625e+00  2.42966505e+00  7.15865625e+00  1.47772645e+00  7.15865625e+00  1.33258053e+00  7.15865625e+00  1.36634269e+00  7.15865625e+00  1.93952750e+00  7.15865625e+00  2.08273125e+00  7.15865625e+00  1.80961658e+00  7.15865625e+00  2.64784038e+00  7.15865625e+00  1.28755476e+00  7.15865625e+00  2.76206879e+00  7.15865625e+00  1.58384160e+00  7.15865625e+00  1.03329876e+00 
 7.20000000e+00  1.79947717e+00  7.20000000e+00  1.27602371e+00  7.20000000e+00  2.07644026e+00  7.20000000e+00  1.18440004e+00  7.20000000e+00  1.75957409e+00  7.20000000e+00  1.51562191e+00  7.20000000e+00  1.16400004e+00  7.20000000e+00  1.81080002e+00  7.20000000e+00  1.13400004e+00  7.20000000e+00  1.70400002e+00  7.20000000e+00  1.18080004e+00  7.20000000e+00  1.21080004e+00  7.20000000e+00  9.20171672e-01  7.20000000e+00  2.42966505e+00  7.20000000e+00  1.47772645e+00  7.20000000e+00  1.33258053e+00  7.20000000e+00  1.36634269e+00  7.20000000e+00  1.93952750e+00  7.20000000e+00  2.07749393e+00  7.20000000e+00  1.80427718e+00  7.20000000e+00  2.64274980e+00  7.20000000e+00  1.28190748e+00  7.20000000e+00  2.75700085e+00  7.20000000e+00  1.57839268e+00  7.20000000e+00  1.00210744e+00 
 7.20826875e+00  1.79947717e+00  7.20826875e+00  1.27602371e+00  7.20826875e+00  2.07644026e+00  7.20826875e+00  1.18440004e+00  7.20826875e+00  1.75957409e+00  7.20826875e+00  1.51562191e+00  7.20826875e+00  1.16400004e+00  7.20826875e+00  1.81080002e+00  7.20826875e+00  1.13400004e+00  7.20826875e+00  1.70400002e+00  7.20826875e+00  1.18080004e+00  7.20826875e+00  1.21080004e+00  7.20826875e+00  9.20171672e-01  7.20826875e+00  2.42966505e+00  7.20826875e+00  1.47772645e+00  7.20826875e+00  1.33258053e+00  7.20826875e+00  1.36634269e+00  7.20826875e+00  1.93952750e+00  7.20826875e+00  2.07645085e+00  7.20826875e+00  1.80321336e+00  7.20826875e+00  2.64173652e+00  7.20826875e+00  1.28078100e+00  7.20826875e+00  2.75599215e+00  7.20826875e+00  1.57730659e+00  7.20826875e+00  9.95914898e-01 
 7.22480625e+00  1.79947717e+00  7.22480625e+00  1.27602371e+00  7.22480625e+00  2.07465669e+00  7.22480625e+00  1.18440004e+00  7.22480625e+00  1.75957409e+00  7.22480625e+00  1.51562191e+00  7.22480625e+00  1.16400004e+00  7.22480625e+00  1.81080002e+00  7.22480625e+00  1.13400004e+00  7.22480625e+00  1.70400002e+00  7.22480625e+00  1.18080004e+00  7.22480625e+00  1.21080004e+00  7.22480625e+00  9.20171672e-01  7.22480625e+00  2.42966505e+00  7.22480625e+00  1.47772645e+00  7.22480625e+00  1.33258053e+00  7.22480625e+00  1.36634269e+00  7.22480625e+00  1.94037122e+00  7.22480625e+00  2.07272571e+00  7.22480625e+00  1.80055299e+00  7.22480625e+00  2.63915306e+00  7.22480625e+00  1.27802472e+00  7.22480625e+00  2.75341565e+00  7.22480625e+00  1.57346623e+00  7.22480625e+00  9.83765251e-01 
 7.25788125e+00  1.79947717e+00  7.25788125e+00  1.27602371e+00  7.25788125e+00  2.06764385e+00  7.25788125e+00  1.18440004e+00  7.25788125e+00  1.75957409e+00  7.25788125e+00  1.51562191e+00  7.25788125e+00  1.16400004e+00  7.25788125e+00  1.81080002e+00  7.25788125e+00  1.13400004e+00  7.25788125e+00  1.70400002e+00  7.25788125e+00  1.18080004e+00  7.25788125e+00  1.21080004e+00  7.25788125e+00  9.20171672e-01  7.25788125e+00  2.42966505e+00  7.25788125e+00  1.47772645e+00  7.25788125e+00  1.33258053e+00  7.25788125e+00  1.36634269e+00  7.25788125e+00  1.94385996e+00  7.25788125e+00  2.06209031e+00  7.25788125e+00  1.79417947e+00  7.25788125e+00  2.63288790e+00  7.25788125e+00  1.27151430e+00  7.25788125e+00  2.74716024e+00  7.25788125e+00  1.56241223e+00  7.25788125e+00  9.60115328e-01 
 7.32403125e+00  1.79947717e+00  7.32403125e+00  1.27602371e+00  7.32403125e+00  2.05433352e+00  7.32403125e+00  1.18440004e+00  7.32403125e+00  1.75957409e+00  7.32403125e+00  1.51562191e+00  7.32403125e+00  1.16400004e+00  7.32403125e+00  1.81080002e+00  7.32403125e+00  1.13400004e+00  7.32403125e+00  1.70400002e+00  7.32403125e+00  1.18080004e+00  7.32403125e+00  1.21080004e+00  7.32403125e+00  9.20171672e-01  7.32403125e+00  2.42966505e+00  7.32403125e+00  1.47772645e+00  7.32403125e+00  1.33258053e+00  7.32403125e+00  1.36634269e+00  7.32403125e+00  1.95152047e+00  7.32403125e+00  2.04134228e+00  7.32403125e+00  1.78149708e+00  7.32403125e+00  2.62043931e+00  7.32403125e+00  1.25853520e+00  7.32403125e+00  2.73473264e+00  7.32403125e+00  1.54005478e+00  7.32403125e+00  9.14041450e-01 
 7.41201563e+00  1.79947717e+00  7.41201563e+00  1.27602371e+00  7.41201563e+00  2.03806673e+00  7.41201563e+00  1.18440004e+00  7.41201563e+00  1.75957409e+00  7.41201563e+00  1.51562191e+00  7.41201563e+00  1.16400004e+00  7.41201563e+00  1.81080002e+00  7.41201563e+00  1.13400004e+00  7.41201563e+00  1.70400002e+00  7.41201563e+00  1.18080004e+00  7.41201563e+00  1.21080004e+00  7.41201563e+00  9.20171672e-01  7.41201563e+00  2.42966505e+00  7.41201563e+00  1.47772645e+00  7.41201563e+00  1.33258053e+00  7.41201563e+00  1.36634269e+00  7.41201563e+00  1.96311475e+00  7.41201563e+00  2.01471225e+00  7.41201563e+00  1.76472286e+00  7.41201563e+00  2.60401059e+00  7.41201563e+00  1.24131930e+00  7.41201563e+00  2.71833483e+00  7.41201563e+00  1.50971030e+00  7.41201563e+00  8.55848195e-01 
 7.50000000e+00  1.79947717e+00  7.50000000e+00  1.27602371e+00  7.50000000e+00  2.02339274e+00  7.50000000e+00  1.18440004e+00  7.50000000e+00  1.75957409e+00  7.50000000e+00  1.51562191e+00  7.50000000e+00  1.16400004e+00  7.50000000e+00  1.81080002e+00  7.50000000e+00  1.13400004e+00  7.50000000e+00  1.70400002e+00  7.50000000e+00  1.18080004e+00  7.50000000e+00  1.21080004e+00  7.50000000e+00  9.20171672e-01  7.50000000e+00  2.42966504e+00  7.50000000e+00  1.47772645e+00  7.50000000e+00  1.33258053e+00  7.50000000e+00  1.36634269e+00  7.50000000e+00  1.97629473e+00  7.50000000e+00  1.98904704e+00  7.50000000e+00  1.74800294e+00  7.50000000e+00  2.58767568e+00  7.50000000e+00  1.22410284e+00  7.50000000e+00  2.70203422e+00  7.50000000e+00  1.47856125e+00  7.50000000e+00  8.01887306e-01 
 7.51020000e+00  1.79947717e+00  7.51020000e+00  1.27602371e+00  7.51020000e+00  2.02180324e+00  7.51020000e+00  1.18440004e+00  7.51020000e+00  1.75957409e+00  7.51020000e+00  1.51562191e+00  7.51020000e+00  1.16400004e+00  7.51020000e+00  1.81080002e+00  7.51020000e+00  1.13400004e+00  7.51020000e+00  1.70400002e+00  7.51020000e+00  1.18080004e+00  7.51020000e+00  1.21080004e+00  7.51020000e+00  9.20171673e-01  7.51020000e+00  2.42966504e+00  7.51020000e+00  1.47772645e+00  7.51020000e+00  1.33258054e+00  7.51020000e+00  1.36634269e+00  7.51020000e+00  1.97793461e+00  7.51020000e+00  1.98613457e+00  7.51020000e+00  1.74606590e+00  7.51020000e+00  2.58578613e+00  7.51020000e+00  1.22210421e+00  7.51020000e+00  2.70014889e+00  7.51020000e+00  1.47488793e+00  7.51020000e+00  7.95964276e-01 
 7.53060000e+00  1.79947717e+00  7.53060000e+00  1.27602371e+00  7.53060000e+00  2.02021375e+00  7.53060000e+00  1.18440004e+00  7.53060000e+00  1.75957409e+00  7.53060000e+00  1.51562191e+00  7.53060000e+00  1.16400004e+00  7.53060000e+00  1.81080002e+00  7.53060000e+00  1.13400004e+00  7.53060000e+00  1.70400002e+00  7.53060000e+00  1.18080004e+00  7.53060000e+00  1.21080004e+00  7.53060000e+00  9.20171673e-01  7.53060000e+00  2.43536365e+00  7.53060000e+00  1.48357331e+00  7.53060000e+00  1.33258054e+00  7.53060000e+00  1.36189718e+00  7.53060000e+00  1.97500107e+00  7.53060000e+00  1.98597586e+00  7.53060000e+00  1.74685029e+00  7.53060000e+00  2.58669428e+00  7.53060000e+00  1.22269600e+00  7.53060000e+00  2.70299540e+00  7.53060000e+00  1.47388568e+00  7.53060000e+00  7.96739117e-01 
 7.53570000e+00  1.79947717e+00  7.53570000e+00  1.27602371e+00  7.53570000e+00  2.02021375e+00  7.53570000e+00  1.18440004e+00  7.53570000e+00  1.75957409e+00  7.53570000e+00  1.51562191e+00  7.53570000e+00  1.16400004e+00  7.53570000e+00  1.81080002e+00  7.53570000e+00  1.13400004e+00  7.53570000e+00  1.70400002e+00  7.53570000e+00  1.18080004e+00  7.53570000e+00  1.21080004e+00  7.53570000e+00  9.20171673e-01  7.53570000e+00  2.43819156e+00  7.53570000e+00  1.48647552e+00  7.53570000e+00  1.33258054e+00  7.53570000e+00  1.35970939e+00  7.53570000e+00  1.97274935e+00  7.53570000e+00  1.98736305e+00  7.53570000e+00  1.74822063e+00  7.53570000e+00  2.58810454e+00  7.53570000e+00  1.22399841e+00  7.53570000e+00  2.70536167e+00  7.53570000e+00  1.47522894e+00  7.53570000e+00  8.00081177e-01 
 7.54590000e+00  1.79947717e+00  7.54590000e+00  1.27602371e+00  7.54590000e+00  2.02021375e+00  7.54590000e+00  1.18440004e+00  7.54590000e+00  1.75957409e+00  7.54590000e+00  1.51562191e+00  7.54590000e+00  1.16400004e+00  7.54590000e+00  1.81080002e+00  7.54590000e+00  1.13400004e+00  7.54590000e+00  1.70400002e+00  7.54590000e+00  1.18080004e+00  7.54590000e+00  1.21080004e+00  7.54590000e+00  9.20171673e-01  7.54590000e+00  2.44380301e+00  7.54590000e+00  1.49223597e+00  7.54590000e+00  1.33258054e+00  7.54590000e+00  1.35540382e+00  7.54590000e+00  1.96831603e+00  7.54590000e+00  1.99015828e+00  7.54590000e+00  1.75098078e+00  7.54590000e+00  2.59094817e+00  7.54590000e+00  1.22661778e+00  7.54590000e+00  2.71009042e+00  7.54590000e+00  1.47793175e+00  7.54590000e+00  8.06748773e-01 
 7.54845000e+00  1.79947717e+00  7.54845000e+00  1.27602371e+00  7.54845000e+00  2.02021375e+00  7.54845000e+00  1.18440004e+00  7.54845000e+00  1.75957409e+00  7.54845000e+00  1.51562191e+00  7.54845000e+00  1.16400004e+00  7.54845000e+00  1.81080002e+00  7.54845000e+00  1.13400004e+00  7.54845000e+00  1.70400002e+00  7.54845000e+00  1.18080004e+00  7.54845000e+00  1.21080004e+00  7.54845000e+00  9.20171673e-01  7.54845000e+00  2.44518910e+00  7.54845000e+00  1.49365946e+00  7.54845000e+00  1.33258054e+00  7.54845000e+00  1.35435369e+00  7.54845000e+00  1.96723400e+00  7.54845000e+00  1.99086492e+00  7.54845000e+00  1.75167813e+00  7.54845000e+00  2.59166776e+00  7.54845000e+00  1.22727807e+00  7.54845000e+00  2.71127062e+00  7.54845000e+00  1.47861363e+00  7.54845000e+00  8.08409191e-01 
 7.55355000e+00  1.79947717e+00  7.55355000e+00  1.27602371e+00  7.55355000e+00  2.02021375e+00  7.55355000e+00  1.18440004e+00  7.55355000e+00  1.75957409e+00  7.55355000e+00  1.51562191e+00  7.55355000e+00  1.16400004e+00  7.55355000e+00  1.81080002e+00  7.55355000e+00  1.13400004e+00  7.55355000e+00  1.70400002e+00  7.55355000e+00  1.18080004e+00  7.55355000e+00  1.21080004e+00  7.55355000e+00  9.20171673e-01  7.55355000e+00  2.44794976e+00  7.55355000e+00  1.49649499e+00  7.55355000e+00  1.33258054e+00  7.55355000e+00  1.35228241e+00  7.55355000e+00  1.96509968e+00  7.55355000e+00  1.99228346e+00  7.55355000e+00  1.75307774e+00  7.55355000e+00  2.59311278e+00  7.55355000e+00  1.22860232e+00  7.55355000e+00  2.71362827e+00  7.55355000e+00  1.47998171e+00  7.55355000e+00  8.11724965e-01 
 7.56375000e+00  1.79947717e+00  7.56375000e+00  1.27602371e+00  7.56375000e+00  2.02021375e+00  7.56375000e+00  1.18440004e+00  7.56375000e+00  1.75957409e+00  7.56375000e+00  1.51562191e+00  7.56375000e+00  1.16400004e+00  7.56375000e+00  1.81080002e+00  7.56375000e+00  1.13400004e+00  7.56375000e+00  1.70400002e+00  7.56375000e+00  1.18080004e+00  7.56375000e+00  1.21080004e+00  7.56375000e+00  9.20171673e-01  7.56375000e+00  2.45340055e+00  7.56375000e+00  1.50209614e+00  7.56375000e+00  1.33258054e+00  7.56375000e+00  1.35004435e+00  7.56375000e+00  1.96279934e+00  7.56375000e+00  1.99515216e+00  7.56375000e+00  1.75590646e+00  7.56375000e+00  2.59603791e+00  7.56375000e+00  1.23127272e+00  7.56375000e+00  2.71832178e+00  7.56375000e+00  1.48274397e+00  7.56375000e+00  8.18323305e-01 
 7.58415000e+00  1.79947717e+00  7.58415000e+00  1.27602371e+00  7.58415000e+00  2.02021375e+00  7.58415000e+00  1.18440004e+00  7.58415000e+00  1.75957409e+00  7.58415000e+00  1.51562191e+00  7.58415000e+00  1.16400004e+00  7.58415000e+00  1.81080002e+00  7.58415000e+00  1.13400004e+00  7.58415000e+00  1.70400002e+00  7.58415000e+00  1.18080004e+00  7.58415000e+00  1.21080004e+00  7.58415000e+00  9.20171674e-01  7.58415000e+00  2.46400985e+00  7.58415000e+00  1.51300858e+00  7.58415000e+00  1.33258054e+00  7.58415000e+00  1.34965284e+00  7.58415000e+00  1.96240782e+00  7.58415000e+00  2.00101511e+00  7.58415000e+00  1.76168086e+00  7.58415000e+00  2.60202774e+00  7.58415000e+00  1.23669994e+00  7.58415000e+00  2.72757197e+00  7.58415000e+00  1.48837217e+00  7.58415000e+00  8.31359585e-01 
 7.62495000e+00  1.79947717e+00  7.62495000e+00  1.27602371e+00  7.62495000e+00  2.02021375e+00  7.62495000e+00  1.18440004e+00  7.62495000e+00  1.75957409e+00  7.62495000e+00  1.51562191e+00  7.62495000e+00  1.16400004e+00  7.62495000e+00  1.81080002e+00  7.62495000e+00  1.13400004e+00  7.62495000e+00  1.70400002e+00  7.62495000e+00  1.18080004e+00  7.62495000e+00  1.21080004e+00  7.62495000e+00  9.20171674e-01  7.62495000e+00  2.48399929e+00  7.62495000e+00  1.53361414e+00  7.62495000e+00  1.33258054e+00  7.62495000e+00  1.34965284e+00  7.62495000e+00  1.96240782e+00  7.62495000e+00  2.01322760e+00  7.62495000e+00  1.77368441e+00  7.62495000e+00  2.61453210e+00  7.62495000e+00  1.24788711e+00  7.62495000e+00  2.74518127e+00  7.62495000e+00  1.50003020e+00  7.62495000e+00  8.56581184e-01 
 7.70655000e+00  1.79947717e+00  7.70655000e+00  1.27602372e+00  7.70655000e+00  2.02021375e+00  7.70655000e+00  1.18440004e+00  7.70655000e+00  1.75957409e+00  7.70655000e+00  1.51562191e+00  7.70655000e+00  1.16400004e+00  7.70655000e+00  1.81080002e+00  7.70655000e+00  1.13400004e+00  7.70655000e+00  1.70400002e+00  7.70655000e+00  1.18080004e+00  7.70655000e+00  1.21080004e+00  7.70655000e+00  9.20171675e-01  7.70655000e+00  2.51883352e+00  7.70655000e+00  1.56975128e+00  7.70655000e+00  1.33258053e+00  7.70655000e+00  1.34965284e+00  7.70655000e+00  1.96240782e+00  7.70655000e+00  2.03841292e+00  7.70655000e+00  1.79847467e+00  7.70655000e+00  2.64021382e+00  7.70655000e+00  1.27098638e+00  7.70655000e+00  2.77489813e+00  7.70655000e+00  1.52412983e+00  7.70655000e+00  9.02214131e-01 
 7.80000000e+00  1.79947717e+00  7.80000000e+00  1.27602372e+00  7.80000000e+00  2.02021375e+00  7.80000000e+00  1.18440004e+00  7.80000000e+00  1.75957409e+00  7.80000000e+00  1.51562191e+00  7.80000000e+00  1.16400004e+00  7.80000000e+00  1.81080002e+00  7.80000000e+00  1.13400005e+00  7.80000000e+00  1.70400002e+00  7.80000000e+00  1.18080004e+00  7.80000000e+00  1.21080004e+00  7.80000000e+00  9.20171677e-01  7.80000000e+00  2.55004510e+00  7.80000000e+00  1.60266946e+00  7.80000000e+00  1.33258053e+00  7.80000000e+00  1.34965284e+00  7.80000000e+00  1.96240782e+00  7.80000000e+00  2.06466873e+00  7.80000000e+00  1.82442969e+00  7.80000000e+00  2.66668899e+00  7.80000000e+00  1.29542090e+00  7.80000000e+00  2.79780465e+00  7.80000000e+00  1.54950047e+00  7.80000000e+00  9.44679655e-01 
 7.81020000e+00  1.79947717e+00  7.81020000e+00  1.27602372e+00  7.81020000e+00  2.02021375e+00  7.81020000e+00  1.18440004e+00  7.81020000e+00  1.75957409e+00  7.81020000e+00  1.51562191e+00  7.81020000e+00  1.16400004e+00  7.81020000e+00  1.81080002e+00  7.81020000e+00  1.13400005e+00  7.81020000e+00  1.70400002e+00  7.81020000e+00  1.18080004e+00  7.81020000e+00  1.21080004e+00  7.81020000e+00  9.20171677e-01  7.81020000e+00  2.55282638e+00  7.81020000e+00  1.60565658e+00  7.81020000e+00  1.33258053e+00  7.81020000e+00  1.34965284e+00  7.81020000e+00  1.96240782e+00  7.81020000e+00  2.06715745e+00  7.81020000e+00  1.82689570e+00  7.81020000e+00  2.66917528e+00  7.81020000e+00  1.29775919e+00  7.81020000e+00  2.79946290e+00  7.81020000e+00  1.55191873e+00  7.81020000e+00  9.48556854e-01 
 7.83060000e+00  1.80243305e+00  7.83060000e+00  1.27602372e+00  7.83060000e+00  2.02313018e+00  7.83060000e+00  1.18440004e+00  7.83060000e+00  1.75957409e+00  7.83060000e+00  1.51562191e+00  7.83060000e+00  1.16400004e+00  7.83060000e+00  1.81080002e+00  7.83060000e+00  1.13400005e+00  7.83060000e+00  1.70400002e+00  7.83060000e+00  1.18080004e+00  7.83060000e+00  1.21080004e+00  7.83060000e+00  9.20171677e-01  7.83060000e+00  2.55560766e+00  7.83060000e+00  1.60864369e+00  7.83060000e+00  1.33258054e+00  7.83060000e+00  1.34965284e+00  7.83060000e+00  1.96240782e+00  7.83060000e+00  2.07377754e+00  7.83060000e+00  1.83130403e+00  7.83060000e+00  2.67355022e+00  7.83060000e+00  1.30208789e+00  7.83060000e+00  2.80284726e+00  7.83060000e+00  1.55630196e+00  7.83060000e+00  9.59156777e-01 
 7.87140000e+00  1.81454310e+00  7.87140000e+00  1.27602372e+00  7.87140000e+00  2.03508292e+00  7.87140000e+00  1.18440004e+00  7.87140000e+00  1.75957409e+00  7.87140000e+00  1.51562191e+00  7.87140000e+00  1.16400005e+00  7.87140000e+00  1.81080003e+00  7.87140000e+00  1.13400005e+00  7.87140000e+00  1.70400002e+00  7.87140000e+00  1.18080004e+00  7.87140000e+00  1.21080004e+00  7.87140000e+00  9.20171677e-01  7.87140000e+00  2.55560766e+00  7.87140000e+00  1.60864369e+00  7.87140000e+00  1.33258054e+00  7.87140000e+00  1.34965284e+00  7.87140000e+00  1.96240782e+00  7.87140000e+00  2.09068123e+00  7.87140000e+00  1.83918845e+00  7.87140000e+00  2.68122929e+00  7.87140000e+00  1.31015136e+00  7.87140000e+00  2.80978043e+00  7.87140000e+00  1.56427129e+00  7.87140000e+00  9.86040724e-01 
 7.95300000e+00  1.84038457e+00  7.95300000e+00  1.27602372e+00  7.95300000e+00  2.06061267e+00  7.95300000e+00  1.18440004e+00  7.95300000e+00  1.75957409e+00  7.95300000e+00  1.51562191e+00  7.95300000e+00  1.16400005e+00  7.95300000e+00  1.81080003e+00  7.95300000e+00  1.13400005e+00  7.95300000e+00  1.70400002e+00  7.95300000e+00  1.18080004e+00  7.95300000e+00  1.21080004e+00  7.95300000e+00  9.20171678e-01  7.95300000e+00  2.55560766e+00  7.95300000e+00  1.60864369e+00  7.95300000e+00  1.33258054e+00  7.95300000e+00  1.34965284e+00  7.95300000e+00  1.96240782e+00  7.95300000e+00  2.12678009e+00  7.95300000e+00  1.85571874e+00  7.95300000e+00  2.69741334e+00  7.95300000e+00  1.32694809e+00  7.95300000e+00  2.82379128e+00  7.95300000e+00  1.58093209e+00  7.95300000e+00  1.03976697e+00 
 8.02650000e+00  1.86530717e+00  8.02650000e+00  1.27602372e+00  8.02650000e+00  2.08525755e+00  8.02650000e+00  1.18440004e+00  8.02650000e+00  1.75957409e+00  8.02650000e+00  1.51562191e+00  8.02650000e+00  1.16400005e+00  8.02650000e+00  1.81080003e+00  8.02650000e+00  1.13400005e+00  8.02650000e+00  1.70400002e+00  8.02650000e+00  1.18080004e+00  8.02650000e+00  1.21080004e+00  8.02650000e+00  9.20171679e-01  8.02650000e+00  2.55560766e+00  8.02650000e+00  1.60864369e+00  8.02650000e+00  1.33258054e+00  8.02650000e+00  1.34965284e+00  8.02650000e+00  1.96240782e+00  8.02650000e+00  2.16192893e+00  8.02650000e+00  1.87159126e+00  8.02650000e+00  2.71304291e+00  8.02650000e+00  1.34293510e+00  8.02650000e+00  2.83652160e+00  8.02650000e+00  1.59686816e+00  8.02650000e+00  1.08811258e+00 
 8.10000000e+00  1.89144372e+00  8.10000000e+00  1.27602372e+00  8.10000000e+00  2.11111878e+00  8.10000000e+00  1.18440004e+00  8.10000000e+00  1.75957409e+00  8.10000000e+00  1.51562191e+00  8.10000000e+00  1.16400005e+00  8.10000000e+00  1.81080003e+00  8.10000000e+00  1.13400005e+00  8.10000000e+00  1.70400002e+00  8.10000000e+00  1.18080004e+00  8.10000000e+00  1.21080004e+00  8.10000000e+00  9.20171680e-01  8.10000000e+00  2.55560766e+00  8.10000000e+00  1.60864369e+00  8.10000000e+00  1.33258054e+00  8.10000000e+00  1.34965284e+00  8.10000000e+00  1.96240782e+00  8.10000000e+00  2.19955983e+00  8.10000000e+00  1.88853893e+00  8.10000000e+00  2.72968775e+00  8.10000000e+00  1.35984878e+00  8.10000000e+00  2.84926670e+00  8.10000000e+00  1.61381520e+00  8.10000000e+00  1.13641321e+00 
 8.11020000e+00  1.89515676e+00  8.11020000e+00  1.27602372e+00  8.11020000e+00  2.11479379e+00  8.11020000e+00  1.18440004e+00  8.11020000e+00  1.75957409e+00  8.11020000e+00  1.51562191e+00  8.11020000e+00  1.16400005e+00  8.11020000e+00  1.81080003e+00  8.11020000e+00  1.13400005e+00  8.11020000e+00  1.70400002e+00  8.11020000e+00  1.18080004e+00  8.11020000e+00  1.21080004e+00  8.11020000e+00  9.20171680e-01  8.11020000e+00  2.55560766e+00  8.11020000e+00  1.60864369e+00  8.11020000e+00  1.33258054e+00  8.11020000e+00  1.34965284e+00  8.11020000e+00  1.96240782e+00  8.11020000e+00  2.20499978e+00  8.11020000e+00  1.89099339e+00  8.11020000e+00  2.73208150e+00  8.11020000e+00  1.36228370e+00  8.11020000e+00  2.85103117e+00  8.11020000e+00  1.61626315e+00  8.11020000e+00  1.14311217e+00 
 8.13060000e+00  1.89571633e+00  8.13060000e+00  1.27299921e+00  8.13060000e+00  2.11527017e+00  8.13060000e+00  1.18440004e+00  8.13060000e+00  1.75957409e+00  8.13060000e+00  1.51562191e+00  8.13060000e+00  1.16400005e+00  8.13060000e+00  1.81080003e+00  8.13060000e+00  1.13400005e+00  8.13060000e+00  1.70400002e+00  8.13060000e+00  1.18080004e+00  8.13060000e+00  1.21080004e+00  8.13060000e+00  9.13860238e-01  8.13060000e+00  2.54888424e+00  8.13060000e+00  1.60211598e+00  8.13060000e+00  1.33258054e+00  8.13060000e+00  1.34965284e+00  8.13060000e+00  1.96240782e+00  8.13060000e+00  2.20893374e+00  8.13060000e+00  1.89197559e+00  8.13060000e+00  2.73304580e+00  8.13060000e+00  1.36319422e+00  8.13060000e+00  2.85118951e+00  8.13060000e+00  1.61721577e+00  8.13060000e+00  1.14161356e+00 
 8.17140000e+00  1.88327389e+00  8.17140000e+00  1.26107217e+00  8.17140000e+00  2.10264727e+00  8.17140000e+00  1.18440004e+00  8.17140000e+00  1.75957409e+00  8.17140000e+00  1.51562191e+00  8.17140000e+00  1.16400005e+00  8.17140000e+00  1.81080003e+00  8.17140000e+00  1.13400005e+00  8.17140000e+00  1.70400002e+00  8.17140000e+00  1.18080004e+00  8.17140000e+00  1.21080004e+00  8.17140000e+00  8.89002954e-01  8.17140000e+00  2.52226857e+00  8.17140000e+00  1.57628330e+00  8.17140000e+00  1.33258054e+00  8.17140000e+00  1.34965284e+00  8.17140000e+00  1.96240782e+00  8.17140000e+00  2.20308844e+00  8.17140000e+00  1.88620960e+00  8.17140000e+00  2.72746165e+00  8.17140000e+00  1.35720655e+00  8.17140000e+00  2.84505280e+00  8.17140000e+00  1.61135172e+00  8.17140000e+00  1.10912241e+00 
 8.25300000e+00  1.85925733e+00  8.25300000e+00  1.23808343e+00  8.25300000e+00  2.07827079e+00  8.25300000e+00  1.18440004e+00  8.25300000e+00  1.75957409e+00  8.25300000e+00  1.51562191e+00  8.25300000e+00  1.16400005e+00  8.25300000e+00  1.81080003e+00  8.25300000e+00  1.13400005e+00  8.25300000e+00  1.70400002e+00  8.25300000e+00  1.18080005e+00  8.25300000e+00  1.21080004e+00  8.25300000e+00  8.41506865e-01  8.25300000e+00  2.47038276e+00  8.25300000e+00  1.52596363e+00  8.25300000e+00  1.33258054e+00  8.25300000e+00  1.34965284e+00  8.25300000e+00  1.96240782e+00  8.25300000e+00  2.19219116e+00  8.25300000e+00  1.87524203e+00  8.25300000e+00  2.71690717e+00  8.25300000e+00  1.34573350e+00  8.25300000e+00  2.83406011e+00  8.25300000e+00  1.60016083e+00  8.25300000e+00  1.04556889e+00 
 8.26218750e+00  1.85662232e+00  8.26218750e+00  1.23556386e+00  8.26218750e+00  2.07559536e+00  8.26218750e+00  1.18440004e+00  8.26218750e+00  1.75957409e+00  8.26218750e+00  1.51562191e+00  8.26218750e+00  1.16400005e+00  8.26218750e+00  1.81080003e+00  8.26218750e+00  1.13400005e+00  8.26218750e+00  1.70400002e+00  8.26218750e+00  1.18080005e+00  8.26218750e+00  1.21080004e+00  8.26218750e+00  8.36355035e-01  8.26218750e+00  2.46464256e+00  8.26218750e+00  1.52039969e+00  8.26218750e+00  1.33258054e+00  8.26218750e+00  1.34965284e+00  8.26218750e+00  1.96240782e+00  8.26218750e+00  2.19101872e+00  8.26218750e+00  1.87404768e+00  8.26218750e+00  2.71576293e+00  8.26218750e+00  1.34447767e+00  8.26218750e+00  2.83291004e+00  8.26218750e+00  1.59893935e+00  8.26218750e+00  1.03852039e+00 
 8.28056250e+00  1.85137302e+00  8.28056250e+00  1.23054530e+00  8.28056250e+00  2.07026526e+00  8.28056250e+00  1.18440004e+00  8.28056250e+00  1.75957409e+00  8.28056250e+00  1.51562191e+00  8.28056250e+00  1.16400005e+00  8.28056250e+00  1.81080003e+00  8.28056250e+00  1.13400005e+00  8.28056250e+00  1.70400002e+00  8.28056250e+00  1.18080005e+00  8.28056250e+00  1.21080004e+00  8.28056250e+00  8.26122078e-01  8.28056250e+00  2.45318936e+00  8.28056250e+00  1.50929895e+00  8.28056250e+00  1.33258054e+00  8.28056250e+00  1.34965284e+00  8.28056250e+00  1.96240782e+00  8.28056250e+00  2.18868299e+00  8.28056250e+00  1.87166664e+00  8.28056250e+00  2.71348291e+00  8.28056250e+00  1.34197258e+00  8.28056250e+00  2.83062506e+00  8.28056250e+00  1.59650357e+00  8.28056250e+00  1.02445593e+00 
 8.28515625e+00  1.85006844e+00  8.28515625e+00  1.22929833e+00  8.28515625e+00  2.06894050e+00  8.28515625e+00  1.18440004e+00  8.28515625e+00  1.75957409e+00  8.28515625e+00  1.51562191e+00  8.28515625e+00  1.16400005e+00  8.28515625e+00  1.81080003e+00  8.28515625e+00  1.13400005e+00  8.28515625e+00  1.70400002e+00  8.28515625e+00  1.18080005e+00  8.28515625e+00  1.21080004e+00  8.28515625e+00  8.23590361e-01  8.28515625e+00  2.45033604e+00  8.28515625e+00  1.50653371e+00  8.28515625e+00  1.33258054e+00  8.28515625e+00  1.34965284e+00  8.28515625e+00  1.96240782e+00  8.28515625e+00  2.18810220e+00  8.28515625e+00  1.87107404e+00  8.28515625e+00  2.71291586e+00  8.28515625e+00  1.34134858e+00  8.28515625e+00  2.83005902e+00  8.28515625e+00  1.59589712e+00  8.28515625e+00  1.02095213e+00 
 8.29434375e+00  1.84756368e+00  8.29434375e+00  1.22690010e+00  8.29434375e+00  2.06639844e+00  8.29434375e+00  1.18440004e+00  8.29434375e+00  1.75957409e+00  8.29434375e+00  1.51562191e+00  8.29434375e+00  1.16400005e+00  8.29434375e+00  1.81080003e+00  8.29434375e+00  1.13400005e+00  8.29434375e+00  1.70400002e+00  8.29434375e+00  1.18080005e+00  8.29434375e+00  1.21080004e+00  8.29434375e+00  8.18544728e-01  8.29434375e+00  2.44463555e+00  8.29434375e+00  1.50100935e+00  8.29434375e+00  1.33258054e+00  8.29434375e+00  1.34965284e+00  8.29434375e+00  1.96240782e+00  8.29434375e+00  2.18694195e+00  8.29434375e+00  1.86989009e+00  8.29434375e+00  2.71178316e+00  8.29434375e+00  1.34010162e+00  8.29434375e+00  2.82892922e+00  8.29434375e+00  1.59468538e+00  8.29434375e+00  1.01395302e+00 
 8.31271875e+00  1.84516330e+00  8.31271875e+00  1.22459757e+00  8.31271875e+00  2.06396382e+00  8.31271875e+00  1.18440004e+00  8.31271875e+00  1.75957409e+00  8.31271875e+00  1.51562191e+00  8.31271875e+00  1.16400005e+00  8.31271875e+00  1.81080003e+00  8.31271875e+00  1.13400005e+00  8.31271875e+00  1.70400002e+00  8.31271875e+00  1.18080005e+00  8.31271875e+00  1.21080004e+00  8.31271875e+00  8.09132449e-01  8.31271875e+00  2.43393579e+00  8.31271875e+00  1.49062011e+00  8.31271875e+00  1.33258054e+00  8.31271875e+00  1.34965284e+00  8.31271875e+00  1.96240782e+00  8.31271875e+00  2.18462775e+00  8.31271875e+00  1.86752805e+00  8.31271875e+00  2.70952447e+00  8.31271875e+00  1.33761243e+00  8.31271875e+00  2.82667915e+00  8.31271875e+00  1.59226726e+00  8.31271875e+00  1.00000713e+00 
 8.34946875e+00  1.84516330e+00  8.34946875e+00  1.22459757e+00  8.34946875e+00  2.06396382e+00  8.34946875e+00  1.18440004e+00  8.34946875e+00  1.75957409e+00  8.34946875e+00  1.51562191e+00  8.34946875e+00  1.16400005e+00  8.34946875e+00  1.81080003e+00  8.34946875e+00  1.13400005e+00  8.34946875e+00  1.70400002e+00  8.34946875e+00  1.18080005e+00  8.34946875e+00  1.21080004e+00  8.34946875e+00  8.00363553e-01  8.34946875e+00  2.42392494e+00  8.34946875e+00  1.48087813e+00  8.34946875e+00  1.33258054e+00  8.34946875e+00  1.34965284e+00  8.34946875e+00  1.96240782e+00  8.34946875e+00  2.18001589e+00  8.34946875e+00  1.86281920e+00  8.34946875e+00  2.70502502e+00  8.34946875e+00  1.33264550e+00  8.34946875e+00  2.82219930e+00  8.34946875e+00  1.58744467e+00  8.34946875e+00  9.72348372e-01 
 8.40000000e+00  1.84516330e+00  8.40000000e+00  1.22459757e+00  8.40000000e+00  2.06396382e+00  8.40000000e+00  1.18440004e+00  8.40000000e+00  1.75957409e+00  8.40000000e+00  1.51562191e+00  8.40000000e+00  1.16400005e+00  8.40000000e+00  1.81080003e+00  8.40000000e+00  1.13400005e+00  8.40000000e+00  1.70400002e+00  8.40000000e+00  1.18080005e+00  8.40000000e+00  1.21080004e+00  8.40000000e+00  8.00363554e-01  8.40000000e+00  2.42392494e+00  8.40000000e+00  1.48087813e+00  8.40000000e+00  1.33258054e+00  8.40000000e+00  1.34965285e+00  8.40000000e+00  1.96240782e+00  8.40000000e+00  2.17369738e+00  8.40000000e+00  1.85636514e+00  8.40000000e+00  2.69886349e+00  8.40000000e+00  1.32582989e+00  8.40000000e+00  2.81606511e+00  8.40000000e+00  1.58083142e+00  8.40000000e+00  9.34920039e-01 
 8.40735000e+00  1.84516330e+00  8.40735000e+00  1.22459757e+00  8.40735000e+00  2.06396382e+00  8.40735000e+00  1.18440004e+00  8.40735000e+00  1.75957409e+00  8.40735000e+00  1.51562191e+00  8.40735000e+00  1.16400005e+00  8.40735000e+00  1.81080003e+00  8.40735000e+00  1.13400005e+00  8.40735000e+00  1.70400002e+00  8.40735000e+00  1.18080005e+00  8.40735000e+00  1.21080004e+00  8.40735000e+00  8.00363554e-01  8.40735000e+00  2.42392494e+00  8.40735000e+00  1.48087813e+00  8.40735000e+00  1.33258054e+00  8.40735000e+00  1.34965285e+00  8.40735000e+00  1.96240782e+00  8.40735000e+00  2.17277999e+00  8.40735000e+00  1.85542783e+00  8.40735000e+00  2.69796914e+00  8.40735000e+00  1.32483937e+00  8.40735000e+00  2.81517477e+00  8.40735000e+00  1.57987069e+00  8.40735000e+00  9.29549100e-01 
 8.42205000e+00  1.84516330e+00  8.42205000e+00  1.22459757e+00  8.42205000e+00  2.06198997e+00  8.42205000e+00  1.18440004e+00  8.42205000e+00  1.75957409e+00  8.42205000e+00  1.51562191e+00  8.42205000e+00  1.16400005e+00  8.42205000e+00  1.81080003e+00  8.42205000e+00  1.13400005e+00  8.42205000e+00  1.70400002e+00  8.42205000e+00  1.18080005e+00  8.42205000e+00  1.21080004e+00  8.42205000e+00  8.00363554e-01  8.42205000e+00  2.42392494e+00  8.42205000e+00  1.48087813e+00  8.42205000e+00  1.33258054e+00  8.42205000e+00  1.34965285e+00  8.42205000e+00  1.96312873e+00  8.42205000e+00  2.16954190e+00  8.42205000e+00  1.85304910e+00  8.42205000e+00  2.69565370e+00  8.42205000e+00  1.32238181e+00  8.42205000e+00  2.81286523e+00  8.42205000e+00  1.57624898e+00  8.42205000e+00  9.18995513e-01 
 8.45145000e+00  1.84516330e+00  8.45145000e+00  1.22459757e+00  8.45145000e+00  2.05419258e+00  8.45145000e+00  1.18440004e+00  8.45145000e+00  1.75957409e+00  8.45145000e+00  1.51562191e+00  8.45145000e+00  1.16400005e+00  8.45145000e+00  1.81080003e+00  8.45145000e+00  1.13400005e+00  8.45145000e+00  1.70400002e+00  8.45145000e+00  1.18080005e+00  8.45145000e+00  1.21080004e+00  8.45145000e+00  8.00363554e-01  8.45145000e+00  2.42392494e+00  8.45145000e+00  1.48087813e+00  8.45145000e+00  1.33258054e+00  8.45145000e+00  1.34965285e+00  8.45145000e+00  1.96610803e+00  8.45145000e+00  2.16034865e+00  8.45145000e+00  1.84729730e+00  8.45145000e+00  2.68998582e+00  8.45145000e+00  1.31652412e+00  8.45145000e+00  2.80720510e+00  8.45145000e+00  1.56558103e+00  8.45145000e+00  8.98479280e-01 
 8.51025000e+00  1.84516330e+00  8.51025000e+00  1.22459757e+00  8.51025000e+00  2.03917544e+00  8.51025000e+00  1.18440004e+00  8.51025000e+00  1.75957409e+00  8.51025000e+00  1.51562191e+00  8.51025000e+00  1.16400005e+00  8.51025000e+00  1.81080003e+00  8.51025000e+00  1.13400005e+00  8.51025000e+00  1.70400002e+00  8.51025000e+00  1.18080005e+00  8.51025000e+00  1.21080004e+00  8.51025000e+00  8.00363554e-01  8.51025000e+00  2.42392494e+00  8.51025000e+00  1.48087813e+00  8.51025000e+00  1.33258054e+00  8.51025000e+00  1.34965285e+00  8.51025000e+00  1.97263775e+00  8.51025000e+00  2.14247097e+00  8.51025000e+00  1.83586845e+00  8.51025000e+00  2.67874019e+00  8.51025000e+00  1.30486321e+00  8.51025000e+00  2.79597636e+00  8.51025000e+00  1.54408045e+00  8.51025000e+00  8.58822878e-01 
 8.60512500e+00  1.84516330e+00  8.60512500e+00  1.22459757e+00  8.60512500e+00  2.01651795e+00  8.60512500e+00  1.18440004e+00  8.60512500e+00  1.75957409e+00  8.60512500e+00  1.51562191e+00  8.60512500e+00  1.16400005e+00  8.60512500e+00  1.81080003e+00  8.60512500e+00  1.13400005e+00  8.60512500e+00  1.70400002e+00  8.60512500e+00  1.18080005e+00  8.60512500e+00  1.21080004e+00  8.60512500e+00  8.00363554e-01  8.60512500e+00  2.42392494e+00  8.60512500e+00  1.48087813e+00  8.60512500e+00  1.33258054e+00  8.60512500e+00  1.34965285e+00  8.60512500e+00  1.98476010e+00  8.60512500e+00  2.11490176e+00  8.60512500e+00  1.81758943e+00  8.60512500e+00  2.66079900e+00  8.60512500e+00  1.28615325e+00  8.60512500e+00  2.77806626e+00  8.60512500e+00  1.50881522e+00  8.60512500e+00  7.99171070e-01 
 8.70000000e+00  1.84516330e+00  8.70000000e+00  1.22459757e+00  8.70000000e+00  1.99574537e+00  8.70000000e+00  1.18440004e+00  8.70000000e+00  1.75957409e+00  8.70000000e+00  1.51562191e+00  8.70000000e+00  1.16400005e+00  8.70000000e+00  1.81080003e+00  8.70000000e+00  1.13400005e+00  8.70000000e+00  1.70400002e+00  8.70000000e+00  1.18080005e+00  8.70000000e+00  1.21080004e+00  8.70000000e+00  8.00363554e-01  8.70000000e+00  2.42392494e+00  8.70000000e+00  1.48087813e+00  8.70000000e+00  1.33258054e+00  8.70000000e+00  1.34965285e+00  8.70000000e+00  1.99879906e+00  8.70000000e+00  2.08870811e+00  8.70000000e+00  1.79944045e+00  8.70000000e+00  2.64303992e+00  8.70000000e+00  1.26750241e+00  8.70000000e+00  2.76034290e+00  8.70000000e+00  1.47270617e+00  8.70000000e+00  7.45426388e-01 
 8.71020000e+00  1.84516330e+00  8.71020000e+00  1.22459757e+00  8.71020000e+00  1.99363303e+00  8.71020000e+00  1.18440004e+00  8.71020000e+00  1.75957409e+00  8.71020000e+00  1.51562191e+00  8.71020000e+00  1.16400005e+00  8.71020000e+00  1.81080003e+00  8.71020000e+00  1.13400005e+00  8.71020000e+00  1.70400002e+00  8.71020000e+00  1.18080005e+00  8.71020000e+00  1.21080004e+00  8.71020000e+00  8.00363554e-01  8.71020000e+00  2.42392494e+00  8.71020000e+00  1.48087813e+00  8.71020000e+00  1.33258054e+00  8.71020000e+00  1.34965285e+00  8.71020000e+00  2.00043102e+00  8.71020000e+00  2.08597322e+00  8.71020000e+00  1.79749449e+00  8.71020000e+00  2.64113932e+00  8.71020000e+00  1.26549774e+00  8.71020000e+00  2.75844645e+00  8.71020000e+00  1.46876349e+00  8.71020000e+00  7.40055518e-01 
 8.73060000e+00  1.84516330e+00  8.73060000e+00  1.22459757e+00  8.73060000e+00  1.99152068e+00  8.73060000e+00  1.18440004e+00  8.73060000e+00  1.75957409e+00  8.73060000e+00  1.51562191e+00  8.73060000e+00  1.16400005e+00  8.73060000e+00  1.81080003e+00  8.73060000e+00  1.13400005e+00  8.73060000e+00  1.70400002e+00  8.73060000e+00  1.18080005e+00  8.73060000e+00  1.21080004e+00  8.73060000e+00  8.00363554e-01  8.73060000e+00  2.42974960e+00  8.73060000e+00  1.48684852e+00  8.73060000e+00  1.33258054e+00  8.73060000e+00  1.34521076e+00  8.73060000e+00  1.99748474e+00  8.73060000e+00  2.08600024e+00  8.73060000e+00  1.79827549e+00  8.73060000e+00  2.64203658e+00  8.73060000e+00  1.26609627e+00  8.73060000e+00  2.76067233e+00  8.73060000e+00  1.46749550e+00  8.73060000e+00  7.41386924e-01 
 8.77140000e+00  1.84516330e+00  8.77140000e+00  1.22459757e+00  8.77140000e+00  1.99152068e+00  8.77140000e+00  1.18440004e+00  8.77140000e+00  1.75957409e+00  8.77140000e+00  1.51562191e+00  8.77140000e+00  1.16400005e+00  8.77140000e+00  1.81080003e+00  8.77140000e+00  1.13400005e+00  8.77140000e+00  1.70400002e+00  8.77140000e+00  1.18080005e+00  8.77140000e+00  1.21080004e+00  8.77140000e+00  8.00363555e-01  8.77140000e+00  2.45228452e+00  8.77140000e+00  1.50997289e+00  8.77140000e+00  1.33258054e+00  8.77140000e+00  1.32863237e+00  8.77140000e+00  1.98036931e+00  8.77140000e+00  2.09739508e+00  8.77140000e+00  1.80950547e+00  8.77140000e+00  2.65360660e+00  8.77140000e+00  1.27675423e+00  8.77140000e+00  2.77690243e+00  8.77140000e+00  1.47845081e+00  8.77140000e+00  7.67864991e-01 
 8.85300000e+00  1.84516330e+00  8.85300000e+00  1.22459757e+00  8.85300000e+00  1.99152068e+00  8.85300000e+00  1.18440004e+00  8.85300000e+00  1.75957409e+00  8.85300000e+00  1.51562191e+00  8.85300000e+00  1.16400005e+00  8.85300000e+00  1.81080003e+00  8.85300000e+00  1.13400005e+00  8.85300000e+00  1.70400002e+00  8.85300000e+00  1.18080005e+00  8.85300000e+00  1.21080004e+00  8.85300000e+00  8.00363556e-01  8.85300000e+00  2.49236672e+00  8.85300000e+00  1.55127426e+00  8.85300000e+00  1.33258054e+00  8.85300000e+00  1.31324396e+00  8.85300000e+00  1.96445139e+00  8.85300000e+00  2.12212600e+00  8.85300000e+00  1.83380684e+00  8.85300000e+00  2.67857595e+00  8.85300000e+00  1.29947735e+00  8.85300000e+00  2.80582745e+00  8.85300000e+00  1.50193409e+00  8.85300000e+00  8.17520636e-01 
 8.92650000e+00  1.84516330e+00  8.92650000e+00  1.22459757e+00  8.92650000e+00  1.99152068e+00  8.92650000e+00  1.18440004e+00  8.92650000e+00  1.75957409e+00  8.92650000e+00  1.51562191e+00  8.92650000e+00  1.16400005e+00  8.92650000e+00  1.81080003e+00  8.92650000e+00  1.13400005e+00  8.92650000e+00  1.70400002e+00  8.92650000e+00  1.18080005e+00  8.92650000e+00  1.21080004e+00  8.92650000e+00  8.00363557e-01  8.92650000e+00  2.52247016e+00  8.92650000e+00  1.58255624e+00  8.92650000e+00  1.33258054e+00  8.92650000e+00  1.31324396e+00  8.92650000e+00  1.96445139e+00  8.92650000e+00  2.14493711e+00  8.92650000e+00  1.85626371e+00  8.92650000e+00  2.70109578e+00  8.92650000e+00  1.32049334e+00  8.92650000e+00  2.82558882e+00  8.92650000e+00  1.52366599e+00  8.92650000e+00  8.56720415e-01 
 9.00000000e+00  1.84516330e+00  9.00000000e+00  1.22459757e+00  9.00000000e+00  1.99152068e+00  9.00000000e+00  1.18440004e+00  9.00000000e+00  1.75957409e+00  9.00000000e+00  1.51562191e+00  9.00000000e+00  1.16400005e+00  9.00000000e+00  1.81080003e+00  9.00000000e+00  1.13400005e+00  9.00000000e+00  1.70400002e+00  9.00000000e+00  1.18080005e+00  9.00000000e+00  1.21080004e+00  9.00000000e+00  8.00363558e-01  9.00000000e+00  2.54669144e+00  9.00000000e+00  1.60809995e+00  9.00000000e+00  1.33258054e+00  9.00000000e+00  1.31324396e+00  9.00000000e+00  1.96445139e+00  9.00000000e+00  2.16533296e+00  9.00000000e+00  1.87643429e+00  9.00000000e+00  2.72062809e+00  9.00000000e+00  1.33962138e+00  9.00000000e+00  2.83798830e+00  9.00000000e+00  1.54333375e+00  9.00000000e+00  8.89217178e-01 
 9.01020000e+00  1.84516330e+00  9.01020000e+00  1.22459757e+00  9.01020000e+00  1.99152068e+00  9.01020000e+00  1.18440004e+00  9.01020000e+00  1.75957409e+00  9.01020000e+00  1.51562191e+00  9.01020000e+00  1.16400005e+00  9.01020000e+00  1.81080003e+00  9.01020000e+00  1.13400005e+00  9.01020000e+00  1.70400002e+00  9.01020000e+00  1.18080005e+00  9.01020000e+00  1.21080004e+00  9.01020000e+00  8.00363558e-01  9.01020000e+00  2.54952276e+00  9.01020000e+00  1.61113020e+00  9.01020000e+00  1.33258054e+00  9.01020000e+00  1.31324396e+00  9.01020000e+00  1.96445139e+00  9.01020000e+00  2.16783027e+00  9.01020000e+00  1.87890919e+00  9.01020000e+00  2.72296872e+00  9.01020000e+00  1.34197995e+00  9.01020000e+00  2.83904752e+00  9.01020000e+00  1.54575365e+00  9.01020000e+00  8.93100481e-01 
 9.03060000e+00  1.84898301e+00  9.03060000e+00  1.22459757e+00  9.03060000e+00  1.99531515e+00  9.03060000e+00  1.18440004e+00  9.03060000e+00  1.75957409e+00  9.03060000e+00  1.51562191e+00  9.03060000e+00  1.16400005e+00  9.03060000e+00  1.81080003e+00  9.03060000e+00  1.13400005e+00  9.03060000e+00  1.70400002e+00  9.03060000e+00  1.18080005e+00  9.03060000e+00  1.21080004e+00  9.03060000e+00  8.00363559e-01  9.03060000e+00  2.55235408e+00  9.03060000e+00  1.61416045e+00  9.03060000e+00  1.33258054e+00  9.03060000e+00  1.31324396e+00  9.03060000e+00  1.96445139e+00  9.03060000e+00  2.17476576e+00  9.03060000e+00  1.88344668e+00  9.03060000e+00  2.72732634e+00  9.03060000e+00  1.34643155e+00  9.03060000e+00  2.84171920e+00  9.03060000e+00  1.55025433e+00  9.03060000e+00  9.03713670e-01 
 9.07140000e+00  1.86444011e+00  9.07140000e+00  1.22459757e+00  9.07140000e+00  2.01067152e+00  9.07140000e+00  1.18440004e+00  9.07140000e+00  1.75957409e+00  9.07140000e+00  1.51562191e+00  9.07140000e+00  1.16400005e+00  9.07140000e+00  1.81080003e+00  9.07140000e+00  1.13400006e+00  9.07140000e+00  1.70400002e+00  9.07140000e+00  1.18080005e+00  9.07140000e+00  1.21080004e+00  9.07140000e+00  8.00363559e-01  9.07140000e+00  2.55235408e+00  9.07140000e+00  1.61416045e+00  9.07140000e+00  1.33258054e+00  9.07140000e+00  1.31324396e+00  9.07140000e+00  1.96445139e+00  9.07140000e+00  2.19298073e+00  9.07140000e+00  1.89186075e+00  9.07140000e+00  2.73554153e+00  9.07140000e+00  1.35494797e+00  9.07140000e+00  2.84817901e+00  9.07140000e+00  1.55873079e+00  9.07140000e+00  9.30626259e-01 
 9.15300000e+00  1.89627773e+00  9.15300000e+00  1.22459757e+00  9.15300000e+00  2.04230901e+00  9.15300000e+00  1.18440004e+00  9.15300000e+00  1.75957409e+00  9.15300000e+00  1.51562191e+00  9.15300000e+00  1.16400006e+00  9.15300000e+00  1.81080003e+00  9.15300000e+00  1.13400006e+00  9.15300000e+00  1.70400002e+00  9.15300000e+00  1.18080005e+00  9.15300000e+00  1.21080004e+00  9.15300000e+00  8.00363560e-01  9.15300000e+00  2.55235408e+00  9.15300000e+00  1.61416045e+00  9.15300000e+00  1.33258054e+00  9.15300000e+00  1.31324396e+00  9.15300000e+00  1.96445139e+00  9.15300000e+00  2.23211781e+00  9.15300000e+00  1.90973344e+00  9.15300000e+00  2.75278593e+00  9.15300000e+00  1.37289536e+00  9.15300000e+00  2.86110872e+00  9.15300000e+00  1.57665881e+00  9.15300000e+00  9.84409740e-01 
 9.22650000e+00  1.92572467e+00  9.22650000e+00  1.22459758e+00  9.22650000e+00  2.07157685e+00  9.22650000e+00  1.18440004e+00  9.22650000e+00  1.75957409e+00  9.22650000e+00  1.51562191e+00  9.22650000e+00  1.16400006e+00  9.22650000e+00  1.81080003e+00  9.22650000e+00  1.13400006e+00  9.22650000e+00  1.70400002e+00  9.22650000e+00  1.18080005e+00  9.22650000e+00  1.21080004e+00  9.22650000e+00  8.00363561e-01  9.22650000e+00  2.55235408e+00  9.22650000e+00  1.61416045e+00  9.22650000e+00  1.33258054e+00  9.22650000e+00  1.31324396e+00  9.22650000e+00  1.96445139e+00  9.22650000e+00  2.27034454e+00  9.22650000e+00  1.92711948e+00  9.22650000e+00  2.76911357e+00  9.22650000e+00  1.39017745e+00  9.22650000e+00  2.87268072e+00  9.22650000e+00  1.59400300e+00  9.22650000e+00  1.03280686e+00 
 9.30000000e+00  1.95542518e+00  9.30000000e+00  1.22459758e+00  9.30000000e+00  2.10109884e+00  9.30000000e+00  1.18440004e+00  9.30000000e+00  1.75957409e+00  9.30000000e+00  1.51562191e+00  9.30000000e+00  1.16400006e+00  9.30000000e+00  1.81080003e+00  9.30000000e+00  1.13400006e+00  9.30000000e+00  1.70400002e+00  9.30000000e+00  1.18080005e+00  9.30000000e+00  1.21080004e+00  9.30000000e+00  8.00363562e-01  9.30000000e+00  2.55235408e+00  9.30000000e+00  1.61416045e+00  9.30000000e+00  1.33258054e+00  9.30000000e+00  1.31324396e+00  9.30000000e+00  1.96445139e+00  9.30000000e+00  2.31122835e+00  9.30000000e+00  1.94584081e+00  9.30000000e+00  2.78598561e+00  9.30000000e+00  1.40860002e+00  9.30000000e+00  2.88406560e+00  9.30000000e+00  1.61257783e+00  9.30000000e+00  1.08115895e+00 
 9.31020000e+00  1.95953941e+00  9.31020000e+00  1.22459758e+00  9.31020000e+00  2.10518831e+00  9.31020000e+00  1.18440004e+00  9.31020000e+00  1.75957409e+00  9.31020000e+00  1.51562191e+00  9.31020000e+00  1.16400006e+00  9.31020000e+00  1.81080003e+00  9.31020000e+00  1.13400006e+00  9.31020000e+00  1.70400002e+00  9.31020000e+00  1.18080005e+00  9.31020000e+00  1.21080004e+00  9.31020000e+00  8.00363562e-01  9.31020000e+00  2.55235408e+00  9.31020000e+00  1.61416046e+00  9.31020000e+00  1.33258054e+00  9.31020000e+00  1.31324396e+00  9.31020000e+00  1.96445139e+00  9.31020000e+00  2.31712831e+00  9.31020000e+00  1.94856289e+00  9.31020000e+00  2.78836290e+00  9.31020000e+00  1.41126153e+00  9.31020000e+00  2.88562271e+00  9.31020000e+00  1.61526930e+00  9.31020000e+00  1.08786505e+00 
 9.33060000e+00  1.95989803e+00  9.33060000e+00  1.22099589e+00  9.33060000e+00  2.10549207e+00  9.33060000e+00  1.18440004e+00  9.33060000e+00  1.75957409e+00  9.33060000e+00  1.51562191e+00  9.33060000e+00  1.16400006e+00  9.33060000e+00  1.81080003e+00  9.33060000e+00  1.13400006e+00  9.33060000e+00  1.70400002e+00  9.33060000e+00  1.18080005e+00  9.33060000e+00  1.21080004e+00  9.33060000e+00  7.94642462e-01  9.33060000e+00  2.54561922e+00  9.33060000e+00  1.60761946e+00  9.33060000e+00  1.33258054e+00  9.33060000e+00  1.31324396e+00  9.33060000e+00  1.96445139e+00  9.33060000e+00  2.32149029e+00  9.33060000e+00  1.94981955e+00  9.33060000e+00  2.78931642e+00  9.33060000e+00  1.41240667e+00  9.33060000e+00  2.88557749e+00  9.33060000e+00  1.61646751e+00  9.33060000e+00  1.08643688e+00 
 9.37140000e+00  1.94505149e+00  9.37140000e+00  1.20676457e+00  9.37140000e+00  2.09052524e+00  9.37140000e+00  1.18440004e+00  9.37140000e+00  1.75957409e+00  9.37140000e+00  1.51562191e+00  9.37140000e+00  1.16400006e+00  9.37140000e+00  1.81080003e+00  9.37140000e+00  1.13400006e+00  9.37140000e+00  1.70400002e+00  9.37140000e+00  1.18080005e+00  9.37140000e+00  1.21080004e+00  9.37140000e+00  7.72284508e-01  9.37140000e+00  2.51893260e+00  9.37140000e+00  1.58170846e+00  9.37140000e+00  1.33258054e+00  9.37140000e+00  1.31324396e+00  9.37140000e+00  1.96445139e+00  9.37140000e+00  2.31554844e+00  9.37140000e+00  1.94408645e+00  9.37140000e+00  2.78375963e+00  9.37140000e+00  1.40645764e+00  9.37140000e+00  2.87946070e+00  9.37140000e+00  1.61061648e+00  9.37140000e+00  1.05416787e+00 
 9.45300000e+00  1.91621657e+00  9.45300000e+00  1.17915721e+00  9.45300000e+00  2.06145027e+00  9.45300000e+00  1.18440004e+00  9.45300000e+00  1.75957409e+00  9.45300000e+00  1.51562191e+00  9.45300000e+00  1.16400006e+00  9.45300000e+00  1.81080003e+00  9.45300000e+00  1.13400006e+00  9.45300000e+00  1.70400002e+00  9.45300000e+00  1.18080005e+00  9.45300000e+00  1.21080005e+00  9.45300000e+00  7.30559214e-01  9.45300000e+00  2.46674144e+00  9.45300000e+00  1.53106851e+00  9.45300000e+00  1.33258055e+00  9.45300000e+00  1.31324396e+00  9.45300000e+00  1.96445139e+00  9.45300000e+00  2.30460484e+00  9.45300000e+00  1.93320578e+00  9.45300000e+00  2.77327593e+00  9.45300000e+00  1.39508921e+00  9.45300000e+00  2.86851893e+00  9.45300000e+00  1.59946967e+00  9.45300000e+00  9.91084944e-01 
 9.46218750e+00  1.91303685e+00  9.46218750e+00  1.17611543e+00  9.46218750e+00  2.05824357e+00  9.46218750e+00  1.18440004e+00  9.46218750e+00  1.75957409e+00  9.46218750e+00  1.51562191e+00  9.46218750e+00  1.16400006e+00  9.46218750e+00  1.81080003e+00  9.46218750e+00  1.13400006e+00  9.46218750e+00  1.70400002e+00  9.46218750e+00  1.18080005e+00  9.46218750e+00  1.21080005e+00  9.46218750e+00  7.26126101e-01  9.46218750e+00  2.46095336e+00  9.46218750e+00  1.52545501e+00  9.46218750e+00  1.33258055e+00  9.46218750e+00  1.31324396e+00  9.46218750e+00  1.96445139e+00  9.46218750e+00  2.30343881e+00  9.46218750e+00  1.93202253e+00  9.46218750e+00  2.77214057e+00  9.46218750e+00  1.39384696e+00  9.46218750e+00  2.86737642e+00  9.46218750e+00  1.59825425e+00  9.46218750e+00  9.84109922e-01 
 9.48056250e+00  1.90669563e+00  9.48056250e+00  1.17005001e+00  9.48056250e+00  2.05184842e+00  9.48056250e+00  1.18440004e+00  9.48056250e+00  1.75957409e+00  9.48056250e+00  1.51562191e+00  9.48056250e+00  1.16400006e+00  9.48056250e+00  1.81080003e+00  9.48056250e+00  1.13400006e+00  9.48056250e+00  1.70400002e+00  9.48056250e+00  1.18080005e+00  9.48056250e+00  1.21080005e+00  9.48056250e+00  7.17352691e-01  9.48056250e+00  2.44939889e+00  9.48056250e+00  1.51424962e+00  9.48056250e+00  1.33258055e+00  9.48056250e+00  1.31324396e+00  9.48056250e+00  1.96445139e+00  9.48056250e+00  2.30111868e+00  9.48056250e+00  1.92966361e+00  9.48056250e+00  2.76987809e+00  9.48056250e+00  1.39136918e+00  9.48056250e+00  2.86510645e+00  9.48056250e+00  1.59583052e+00  9.48056250e+00  9.70209325e-01 
 9.48515625e+00  1.90511702e+00  9.48515625e+00  1.16854030e+00  9.48515625e+00  2.05025633e+00  9.48515625e+00  1.18440004e+00  9.48515625e+00  1.75957409e+00  9.48515625e+00  1.51562191e+00  9.48515625e+00  1.16400006e+00  9.48515625e+00  1.81080003e+00  9.48515625e+00  1.13400006e+00  9.48515625e+00  1.70400002e+00  9.48515625e+00  1.18080005e+00  9.48515625e+00  1.21080005e+00  9.48515625e+00  7.15194038e-01  9.48515625e+00  2.44651818e+00  9.48515625e+00  1.51145614e+00  9.48515625e+00  1.33258055e+00  9.48515625e+00  1.31324396e+00  9.48515625e+00  1.96445139e+00  9.48515625e+00  2.30054279e+00  9.48515625e+00  1.92907650e+00  9.48515625e+00  2.76931532e+00  9.48515625e+00  1.39075205e+00  9.48515625e+00  2.86454411e+00  9.48515625e+00  1.59522705e+00  9.48515625e+00  9.66752839e-01 
 9.49434375e+00  1.90196390e+00  9.49434375e+00  1.16552496e+00  9.49434375e+00  2.04707626e+00  9.49434375e+00  1.18440004e+00  9.49434375e+00  1.75957409e+00  9.49434375e+00  1.51562191e+00  9.49434375e+00  1.16400006e+00  9.49434375e+00  1.81080003e+00  9.49434375e+00  1.13400006e+00  9.49434375e+00  1.70400002e+00  9.49434375e+00  1.18080005e+00  9.49434375e+00  1.21080005e+00  9.49434375e+00  7.10899737e-01  9.49434375e+00  2.44076149e+00  9.49434375e+00  1.50587389e+00  9.49434375e+00  1.33258055e+00  9.49434375e+00  1.31324396e+00  9.49434375e+00  1.96445139e+00  9.49434375e+00  2.29939290e+00  9.49434375e+00  1.92790347e+00  9.49434375e+00  2.76819110e+00  9.49434375e+00  1.38951881e+00  9.49434375e+00  2.86342163e+00  9.49434375e+00  1.59402120e+00  9.49434375e+00  9.59852640e-01 
 9.51271875e+00  1.89568112e+00  9.51271875e+00  1.15951754e+00  9.51271875e+00  2.04073963e+00  9.51271875e+00  1.18440004e+00  9.51271875e+00  1.75957409e+00  9.51271875e+00  1.51562191e+00  9.51271875e+00  1.16400006e+00  9.51271875e+00  1.81080003e+00  9.51271875e+00  1.13400006e+00  9.51271875e+00  1.70400002e+00  9.51271875e+00  1.18080005e+00  9.51271875e+00  1.21080005e+00  9.51271875e+00  7.02850069e-01  9.51271875e+00  2.42977306e+00  9.51271875e+00  1.49520365e+00  9.51271875e+00  1.33258055e+00  9.51271875e+00  1.31324396e+00  9.51271875e+00  1.96445139e+00  9.51271875e+00  2.29710133e+00  9.51271875e+00  1.92556235e+00  9.51271875e+00  2.76594818e+00  9.51271875e+00  1.38705644e+00  9.51271875e+00  2.86118518e+00  9.51271875e+00  1.59161401e+00  9.51271875e+00  9.46130246e-01 
 9.51329297e+00  1.89548529e+00  9.51329297e+00  1.15933031e+00  9.51329297e+00  2.04054212e+00  9.51329297e+00  1.18440004e+00  9.51329297e+00  1.75957409e+00  9.51329297e+00  1.51562191e+00  9.51329297e+00  1.16400006e+00  9.51329297e+00  1.81080003e+00  9.51329297e+00  1.13400006e+00  9.51329297e+00  1.70400002e+00  9.51329297e+00  1.18080005e+00  9.51329297e+00  1.21080005e+00  9.51329297e+00  7.02632674e-01  9.51329297e+00  2.42947025e+00  9.51329297e+00  1.49490835e+00  9.51329297e+00  1.33258055e+00  9.51329297e+00  1.31324396e+00  9.51329297e+00  1.96445139e+00  9.51329297e+00  2.29702986e+00  9.51329297e+00  1.92548927e+00  9.51329297e+00  2.76587818e+00  9.51329297e+00  1.38697956e+00  9.51329297e+00  2.86111542e+00  9.51329297e+00  1.59153886e+00  9.51329297e+00  9.45703166e-01 
 9.51444141e+00  1.89509369e+00  9.51444141e+00  1.15895591e+00  9.51444141e+00  2.04014715e+00  9.51444141e+00  1.18440004e+00  9.51444141e+00  1.75957409e+00  9.51444141e+00  1.51562191e+00  9.51444141e+00  1.16400006e+00  9.51444141e+00  1.81080003e+00  9.51444141e+00  1.13400006e+00  9.51444141e+00  1.70400002e+00  9.51444141e+00  1.18080005e+00  9.51444141e+00  1.21080005e+00  9.51444141e+00  7.02303633e-01  9.51444141e+00  2.42900641e+00  9.51444141e+00  1.49445348e+00  9.51444141e+00  1.33258055e+00  9.51444141e+00  1.31324396e+00  9.51444141e+00  1.96445139e+00  9.51444141e+00  2.29688693e+00  9.51444141e+00  1.92534313e+00  9.51444141e+00  2.76573819e+00  9.51444141e+00  1.38682580e+00  9.51444141e+00  2.86097592e+00  9.51444141e+00  1.59138856e+00  9.51444141e+00  9.44849215e-01 
 9.51673828e+00  1.89431083e+00  9.51673828e+00  1.15820745e+00  9.51673828e+00  2.03935757e+00  9.51673828e+00  1.18440004e+00  9.51673828e+00  1.75957409e+00  9.51673828e+00  1.51562191e+00  9.51673828e+00  1.16400006e+00  9.51673828e+00  1.81080003e+00  9.51673828e+00  1.13400006e+00  9.51673828e+00  1.70400002e+00  9.51673828e+00  1.18080005e+00  9.51673828e+00  1.21080005e+00  9.51673828e+00  7.02071417e-01  9.51673828e+00  2.42867528e+00  9.51673828e+00  1.49412529e+00  9.51673828e+00  1.33258055e+00  9.51673828e+00  1.31324396e+00  9.51673828e+00  1.96445139e+00  9.51673828e+00  2.29660113e+00  9.51673828e+00  1.92505086e+00  9.51673828e+00  2.76545826e+00  9.51673828e+00  1.38651830e+00  9.51673828e+00  2.86069694e+00  9.51673828e+00  1.59108800e+00  9.51673828e+00  9.43142583e-01 
 9.52133203e+00  1.89274655e+00  9.52133203e+00  1.15671193e+00  9.52133203e+00  2.03777984e+00  9.52133203e+00  1.18440004e+00  9.52133203e+00  1.75957409e+00  9.52133203e+00  1.51562191e+00  9.52133203e+00  1.16400006e+00  9.52133203e+00  1.81080003e+00  9.52133203e+00  1.13400006e+00  9.52133203e+00  1.70400002e+00  9.52133203e+00  1.18080005e+00  9.52133203e+00  1.21080005e+00  9.52133203e+00  7.02048391e-01  9.52133203e+00  2.42865197e+00  9.52133203e+00  1.49410197e+00  9.52133203e+00  1.33258055e+00  9.52133203e+00  1.31324396e+00  9.52133203e+00  1.96445139e+00  9.52133203e+00  2.29602969e+00  9.52133203e+00  1.92446643e+00  9.52133203e+00  2.76489851e+00  9.52133203e+00  1.38590337e+00  9.52133203e+00  2.86013910e+00  9.52133203e+00  1.59048695e+00  9.52133203e+00  9.39734451e-01 
 9.53051953e+00  1.88975958e+00  9.53051953e+00  1.15385062e+00  9.53051953e+00  2.03476830e+00  9.53051953e+00  1.18440004e+00  9.53051953e+00  1.75957409e+00  9.53051953e+00  1.51562191e+00  9.53051953e+00  1.16400006e+00  9.53051953e+00  1.81080003e+00  9.53051953e+00  1.13400006e+00  9.53051953e+00  1.70400002e+00  9.53051953e+00  1.18080005e+00  9.53051953e+00  1.21080005e+00  9.53051953e+00  7.02035423e-01  9.53051953e+00  2.42863894e+00  9.53051953e+00  1.49408894e+00  9.53051953e+00  1.33258055e+00  9.53051953e+00  1.31324396e+00  9.53051953e+00  1.96445139e+00  9.53051953e+00  2.29488725e+00  9.53051953e+00  1.92329789e+00  9.53051953e+00  2.76377942e+00  9.53051953e+00  1.38467370e+00  9.53051953e+00  2.85902385e+00  9.53051953e+00  1.58928511e+00  9.53051953e+00  9.32939180e-01 
 9.54889453e+00  1.88691226e+00  9.54889453e+00  1.15111711e+00  9.54889453e+00  2.03189874e+00  9.54889453e+00  1.18440004e+00  9.54889453e+00  1.75957409e+00  9.54889453e+00  1.51562191e+00  9.54889453e+00  1.16400006e+00  9.54889453e+00  1.81080003e+00  9.54889453e+00  1.13400006e+00  9.54889453e+00  1.70400002e+00  9.54889453e+00  1.18080005e+00  9.54889453e+00  1.21080005e+00  9.54889453e+00  7.02028911e-01  9.54889453e+00  2.42863240e+00  9.54889453e+00  1.49408240e+00  9.54889453e+00  1.33258055e+00  9.54889453e+00  1.31324396e+00  9.54889453e+00  1.96445139e+00  9.54889453e+00  2.29260332e+00  9.54889453e+00  1.92096152e+00  9.54889453e+00  2.76154225e+00  9.54889453e+00  1.38221458e+00  9.54889453e+00  2.85679437e+00  9.54889453e+00  1.58688189e+00  9.54889453e+00  9.19436353e-01 
 9.57444727e+00  1.88691226e+00  9.57444727e+00  1.15111711e+00  9.57444727e+00  2.03189874e+00  9.57444727e+00  1.18440004e+00  9.57444727e+00  1.75957409e+00  9.57444727e+00  1.51562191e+00  9.57444727e+00  1.16400006e+00  9.57444727e+00  1.81080003e+00  9.57444727e+00  1.13400006e+00  9.57444727e+00  1.70400002e+00  9.57444727e+00  1.18080005e+00  9.57444727e+00  1.21080005e+00  9.57444727e+00  7.02026457e-01  9.57444727e+00  2.42862993e+00  9.57444727e+00  1.49407993e+00  9.57444727e+00  1.33258055e+00  9.57444727e+00  1.31324397e+00  9.57444727e+00  1.96445139e+00  9.57444727e+00  2.28942797e+00  9.57444727e+00  1.91771293e+00  9.57444727e+00  2.75843219e+00  9.57444727e+00  1.37879441e+00  9.57444727e+00  2.85369505e+00  9.57444727e+00  1.58353988e+00  9.57444727e+00  9.00866506e-01 
 9.60000000e+00  1.88691226e+00  9.60000000e+00  1.15111711e+00  9.60000000e+00  2.03189874e+00  9.60000000e+00  1.18440004e+00  9.60000000e+00  1.75957409e+00  9.60000000e+00  1.51562191e+00  9.60000000e+00  1.16400006e+00  9.60000000e+00  1.81080003e+00  9.60000000e+00  1.13400006e+00  9.60000000e+00  1.70400002e+00  9.60000000e+00  1.18080005e+00  9.60000000e+00  1.21080005e+00  9.60000000e+00  7.02025425e-01  9.60000000e+00  2.42862889e+00  9.60000000e+00  1.49407890e+00  9.60000000e+00  1.33258055e+00  9.60000000e+00  1.31324397e+00  9.60000000e+00  1.96445139e+00  9.60000000e+00  2.28625270e+00  9.60000000e+00  1.91446410e+00  9.60000000e+00  2.75532246e+00  9.60000000e+00  1.37537303e+00  9.60000000e+00  2.85059609e+00  9.60000000e+00  1.58019714e+00  9.60000000e+00  8.82559859e-01 
 9.60511055e+00  1.88691226e+00  9.60511055e+00  1.15111711e+00  9.60511055e+00  2.03189874e+00  9.60511055e+00  1.18440004e+00  9.60511055e+00  1.75957409e+00  9.60511055e+00  1.51562191e+00  9.60511055e+00  1.16400006e+00  9.60511055e+00  1.81080003e+00  9.60511055e+00  1.13400006e+00  9.60511055e+00  1.70400002e+00  9.60511055e+00  1.18080005e+00  9.60511055e+00  1.21080005e+00  9.60511055e+00  7.02025294e-01  9.60511055e+00  2.42862876e+00  9.60511055e+00  1.49407876e+00  9.60511055e+00  1.33258055e+00  9.60511055e+00  1.31324397e+00  9.60511055e+00  1.96445139e+00  9.60511055e+00  2.28561764e+00  9.60511055e+00  1.91381429e+00  9.60511055e+00  2.75470054e+00  9.60511055e+00  1.37468857e+00  9.60511055e+00  2.84997633e+00  9.60511055e+00  1.57952848e+00  9.60511055e+00  8.78937907e-01 
 9.61533164e+00  1.88691226e+00  9.61533164e+00  1.15111711e+00  9.61533164e+00  2.03022764e+00  9.61533164e+00  1.18440004e+00  9.61533164e+00  1.75957409e+00  9.61533164e+00  1.51562191e+00  9.61533164e+00  1.16400006e+00  9.61533164e+00  1.81080003e+00  9.61533164e+00  1.13400006e+00  9.61533164e+00  1.70400002e+00  9.61533164e+00  1.18080005e+00  9.61533164e+00  1.21080005e+00  9.61533164e+00  7.02025162e-01  9.61533164e+00  2.42862863e+00  9.61533164e+00  1.49407863e+00  9.61533164e+00  1.33258055e+00  9.61533164e+00  1.31324397e+00  9.61533164e+00  1.96494191e+00  9.61533164e+00  2.28348246e+00  9.61533164e+00  1.91217249e+00  9.61533164e+00  2.75310013e+00  9.61533164e+00  1.37299511e+00  9.61533164e+00  2.84837911e+00  9.61533164e+00  1.57695985e+00  9.61533164e+00  8.71817090e-01 
 9.63577383e+00  1.88691226e+00  9.63577383e+00  1.15111711e+00  9.63577383e+00  2.02359063e+00  9.63577383e+00  1.18440004e+00  9.63577383e+00  1.75957409e+00  9.63577383e+00  1.51562191e+00  9.63577383e+00  1.16400006e+00  9.63577383e+00  1.81080003e+00  9.63577383e+00  1.13400006e+00  9.63577383e+00  1.70400002e+00  9.63577383e+00  1.18080005e+00  9.63577383e+00  1.21080005e+00  9.63577383e+00  7.02025162e-01  9.63577383e+00  2.42862863e+00  9.63577383e+00  1.49407863e+00  9.63577383e+00  1.33258055e+00  9.63577383e+00  1.31324397e+00  9.63577383e+00  1.96695052e+00  9.63577383e+00  2.27753147e+00  9.63577383e+00  1.90821319e+00  9.63577383e+00  2.74919610e+00  9.63577383e+00  1.36896597e+00  9.63577383e+00  2.84447933e+00  9.63577383e+00  1.56935048e+00  9.63577383e+00  8.57947586e-01 
 9.67665820e+00  1.88691226e+00  9.67665820e+00  1.15111711e+00  9.67665820e+00  2.01059691e+00  9.67665820e+00  1.18440004e+00  9.67665820e+00  1.75957409e+00  9.67665820e+00  1.51562191e+00  9.67665820e+00  1.16400006e+00  9.67665820e+00  1.81080003e+00  9.67665820e+00  1.13400006e+00  9.67665820e+00  1.70400002e+00  9.67665820e+00  1.18080005e+00  9.67665820e+00  1.21080005e+00  9.67665820e+00  7.02025163e-01  9.67665820e+00  2.42862863e+00  9.67665820e+00  1.49407863e+00  9.67665820e+00  1.33258055e+00  9.67665820e+00  1.31324397e+00  9.67665820e+00  1.97124578e+00  9.67665820e+00  2.26591413e+00  9.67665820e+00  1.90034297e+00  9.67665820e+00  2.74144437e+00  9.67665820e+00  1.36094573e+00  9.67665820e+00  2.83673667e+00  9.67665820e+00  1.55406648e+00  9.67665820e+00  8.30987859e-01 
 9.75842695e+00  1.88691226e+00  9.75842695e+00  1.15111711e+00  9.75842695e+00  1.98569640e+00  9.75842695e+00  1.18440004e+00  9.75842695e+00  1.75957409e+00  9.75842695e+00  1.51562191e+00  9.75842695e+00  1.16400006e+00  9.75842695e+00  1.81080003e+00  9.75842695e+00  1.13400006e+00  9.75842695e+00  1.70400003e+00  9.75842695e+00  1.18080005e+00  9.75842695e+00  1.21080005e+00  9.75842695e+00  7.02025163e-01  9.75842695e+00  2.42862863e+00  9.75842695e+00  1.49407863e+00  9.75842695e+00  1.33258055e+00  9.75842695e+00  1.31324397e+00  9.75842695e+00  1.98093597e+00  9.75842695e+00  2.24370374e+00  9.75842695e+00  1.88476418e+00  9.75842695e+00  2.72613318e+00  9.75842695e+00  1.34502635e+00  9.75842695e+00  2.82144594e+00  9.75842695e+00  1.52316384e+00  9.75842695e+00  7.80387146e-01 
 9.82921348e+00  1.88691226e+00  9.82921348e+00  1.15111711e+00  9.82921348e+00  1.96528096e+00  9.82921348e+00  1.18440004e+00  9.82921348e+00  1.75957409e+00  9.82921348e+00  1.51562191e+00  9.82921348e+00  1.16400006e+00  9.82921348e+00  1.81080003e+00  9.82921348e+00  1.13400006e+00  9.82921348e+00  1.70400003e+00  9.82921348e+00  1.18080005e+00  9.82921348e+00  1.21080005e+00  9.82921348e+00  7.02025163e-01  9.82921348e+00  2.42862863e+00  9.82921348e+00  1.49407863e+00  9.82921348e+00  1.33258055e+00  9.82921348e+00  1.31324397e+00  9.82921348e+00  1.99049088e+00  9.82921348e+00  2.22545566e+00  9.82921348e+00  1.87141610e+00  9.82921348e+00  2.71304905e+00  9.82921348e+00  1.33134020e+00  9.82921348e+00  2.80838195e+00  9.82921348e+00  1.49597543e+00  9.82921348e+00  7.40339571e-01 
 9.90000000e+00  1.88691226e+00  9.90000000e+00  1.15111711e+00  9.90000000e+00  1.94590132e+00  9.90000000e+00  1.18440004e+00  9.90000000e+00  1.75957409e+00  9.90000000e+00  1.51562191e+00  9.90000000e+00  1.16400006e+00  9.90000000e+00  1.81080003e+00  9.90000000e+00  1.13400006e+00  9.90000000e+00  1.70400003e+00  9.90000000e+00  1.18080006e+00  9.90000000e+00  1.21080005e+00  9.90000000e+00  7.02025163e-01  9.90000000e+00  2.42862863e+00  9.90000000e+00  1.49407863e+00  9.90000000e+00  1.33258055e+00  9.90000000e+00  1.31324397e+00  9.90000000e+00  2.00109820e+00  9.90000000e+00  2.20797660e+00  9.90000000e+00  1.85815392e+00  9.90000000e+00  2.70008066e+00  9.90000000e+00  1.31769933e+00  9.90000000e+00  2.79543590e+00  9.90000000e+00  1.46830522e+00  9.90000000e+00  7.03932387e-01 
 9.91020000e+00  1.88691226e+00  9.91020000e+00  1.15111711e+00  9.91020000e+00  1.94320436e+00  9.91020000e+00  1.18440004e+00  9.91020000e+00  1.75957409e+00  9.91020000e+00  1.51562191e+00  9.91020000e+00  1.16400006e+00  9.91020000e+00  1.81080003e+00  9.91020000e+00  1.13400006e+00  9.91020000e+00  1.70400003e+00  9.91020000e+00  1.18080006e+00  9.91020000e+00  1.21080005e+00  9.91020000e+00  7.02025163e-01  9.91020000e+00  2.42862863e+00  9.91020000e+00  1.49407863e+00  9.91020000e+00  1.33258055e+00  9.91020000e+00  1.31324397e+00  9.91020000e+00  2.00272231e+00  9.91020000e+00  2.20552254e+00  9.91020000e+00  1.85624867e+00  9.91020000e+00  2.69822055e+00  9.91020000e+00  1.31573566e+00  9.91020000e+00  2.79357921e+00  9.91020000e+00  1.46427012e+00  9.91020000e+00  6.99028411e-01 
 9.93060000e+00  1.88691226e+00  9.93060000e+00  1.15111711e+00  9.93060000e+00  1.94050739e+00  9.93060000e+00  1.18440004e+00  9.93060000e+00  1.75957409e+00  9.93060000e+00  1.51562191e+00  9.93060000e+00  1.16400006e+00  9.93060000e+00  1.81080003e+00  9.93060000e+00  1.13400006e+00  9.93060000e+00  1.70400003e+00  9.93060000e+00  1.18080006e+00  9.93060000e+00  1.21080005e+00  9.93060000e+00  7.02025163e-01  9.93060000e+00  2.43435637e+00  9.93060000e+00  1.49995166e+00  9.93060000e+00  1.33258055e+00  9.93060000e+00  1.30896449e+00  9.93060000e+00  1.99992292e+00  9.93060000e+00  2.20590650e+00  9.93060000e+00  1.85713921e+00  9.93060000e+00  2.69918996e+00  9.93060000e+00  1.31643883e+00  9.93060000e+00  2.79545149e+00  9.93060000e+00  1.46294902e+00  9.93060000e+00  7.00789336e-01 
 9.97140000e+00  1.88691226e+00  9.97140000e+00  1.15111711e+00  9.97140000e+00  1.94050739e+00  9.97140000e+00  1.18440005e+00  9.97140000e+00  1.75957409e+00  9.97140000e+00  1.51562191e+00  9.97140000e+00  1.16400006e+00  9.97140000e+00  1.81080003e+00  9.97140000e+00  1.13400006e+00  9.97140000e+00  1.70400003e+00  9.97140000e+00  1.18080006e+00  9.97140000e+00  1.21080005e+00  9.97140000e+00  7.02025164e-01  9.97140000e+00  2.45647129e+00  9.97140000e+00  1.52265434e+00  9.97140000e+00  1.33258055e+00  9.97140000e+00  1.30040553e+00  9.97140000e+00  1.99107593e+00  9.97140000e+00  2.21761758e+00  9.97140000e+00  1.86865338e+00  9.97140000e+00  2.71077523e+00  9.97140000e+00  1.32736323e+00  9.97140000e+00  2.80995225e+00  9.97140000e+00  1.47408544e+00  9.97140000e+00  7.27044189e-01 
 1.00530000e+01  1.88691226e+00  1.00530000e+01  1.15111711e+00  1.00530000e+01  1.94050740e+00  1.00530000e+01  1.18440005e+00  1.00530000e+01  1.75957409e+00  1.00530000e+01  1.51562191e+00  1.00530000e+01  1.16400006e+00  1.00530000e+01  1.81080003e+00  1.00530000e+01  1.13400006e+00  1.00530000e+01  1.70400003e+00  1.00530000e+01  1.18080006e+00  1.00530000e+01  1.21080005e+00  1.00530000e+01  7.02025165e-01  1.00530000e+01  2.49560768e+00  1.00530000e+01  1.56300656e+00  1.00530000e+01  1.33258055e+00  1.00530000e+01  1.30040553e+00  1.00530000e+01  1.99107593e+00  1.00530000e+01  2.24283058e+00  1.00530000e+01  1.89341134e+00  1.00530000e+01  2.73486229e+00  1.00530000e+01  1.35064229e+00  1.00530000e+01  2.83481569e+00  1.00530000e+01  1.49790782e+00  1.00530000e+01  7.75895616e-01 
 1.01265000e+01  1.88691226e+00  1.01265000e+01  1.15111711e+00  1.01265000e+01  1.94050740e+00  1.01265000e+01  1.18440005e+00  1.01265000e+01  1.75957409e+00  1.01265000e+01  1.51562191e+00  1.01265000e+01  1.16400006e+00  1.01265000e+01  1.81080003e+00  1.01265000e+01  1.13400006e+00  1.01265000e+01  1.70400003e+00  1.01265000e+01  1.18080006e+00  1.01265000e+01  1.21080005e+00  1.01265000e+01  7.02025166e-01  1.01265000e+01  2.52484514e+00  1.01265000e+01  1.59342215e+00  1.01265000e+01  1.33258055e+00  1.01265000e+01  1.30040553e+00  1.01265000e+01  1.99107593e+00  1.01265000e+01  2.26561011e+00  1.01265000e+01  1.91585279e+00  1.01265000e+01  2.75552066e+00  1.01265000e+01  1.37182833e+00  1.01265000e+01  2.85068639e+00  1.01265000e+01  1.51957512e+00  1.01265000e+01  8.14121063e-01 
 1.02000000e+01  1.88691226e+00  1.02000000e+01  1.15111711e+00  1.02000000e+01  1.94050740e+00  1.02000000e+01  1.18440005e+00  1.02000000e+01  1.75957409e+00  1.02000000e+01  1.51562191e+00  1.02000000e+01  1.16400006e+00  1.02000000e+01  1.81080004e+00  1.02000000e+01  1.13400006e+00  1.02000000e+01  1.70400003e+00  1.02000000e+01  1.18080006e+00  1.02000000e+01  1.21080005e+00  1.02000000e+01  7.02025167e-01  1.02000000e+01  2.54822776e+00  1.02000000e+01  1.61812623e+00  1.02000000e+01  1.33258055e+00  1.02000000e+01  1.30040553e+00  1.02000000e+01  1.99107593e+00  1.02000000e+01  2.28557351e+00  1.02000000e+01  1.93560894e+00  1.02000000e+01  2.77263243e+00  1.02000000e+01  1.39068865e+00  1.02000000e+01  2.85941258e+00  1.02000000e+01  1.53879119e+00  1.02000000e+01  8.45620892e-01 
 1.02102000e+01  1.88691226e+00  1.02102000e+01  1.15111711e+00  1.02102000e+01  1.94050740e+00  1.02102000e+01  1.18440005e+00  1.02102000e+01  1.75957409e+00  1.02102000e+01  1.51562191e+00  1.02102000e+01  1.16400006e+00  1.02102000e+01  1.81080004e+00  1.02102000e+01  1.13400006e+00  1.02102000e+01  1.70400003e+00  1.02102000e+01  1.18080006e+00  1.02102000e+01  1.21080005e+00  1.02102000e+01  7.02025168e-01  1.02102000e+01  2.55094572e+00  1.02102000e+01  1.62104235e+00  1.02102000e+01  1.33258055e+00  1.02102000e+01  1.30040553e+00  1.02102000e+01  1.99107593e+00  1.02102000e+01  2.28799751e+00  1.02102000e+01  1.93801352e+00  1.02102000e+01  2.77462155e+00  1.02102000e+01  1.39299406e+00  1.02102000e+01  2.85999759e+00  1.02102000e+01  1.54113705e+00  1.02102000e+01  8.49374427e-01 
 1.02306000e+01  1.89152723e+00  1.02306000e+01  1.15111711e+00  1.02306000e+01  1.94511346e+00  1.02306000e+01  1.18440005e+00  1.02306000e+01  1.75957409e+00  1.02306000e+01  1.51562191e+00  1.02306000e+01  1.16400006e+00  1.02306000e+01  1.81080004e+00  1.02306000e+01  1.13400006e+00  1.02306000e+01  1.70400003e+00  1.02306000e+01  1.18080006e+00  1.02306000e+01  1.21080005e+00  1.02306000e+01  7.02025168e-01  1.02306000e+01  2.55366368e+00  1.02306000e+01  1.62395847e+00  1.02306000e+01  1.32810621e+00  1.02306000e+01  1.30040553e+00  1.02306000e+01  1.98646417e+00  1.02306000e+01  2.29503350e+00  1.02306000e+01  1.94258189e+00  1.02306000e+01  2.77861379e+00  1.02306000e+01  1.39747742e+00  1.02306000e+01  2.86211100e+00  1.02306000e+01  1.54566134e+00  1.02306000e+01  8.59863512e-01 
 1.02357000e+01  1.89383606e+00  1.02357000e+01  1.15111711e+00  1.02357000e+01  1.94741784e+00  1.02357000e+01  1.18440005e+00  1.02357000e+01  1.75957409e+00  1.02357000e+01  1.51562191e+00  1.02357000e+01  1.16400006e+00  1.02357000e+01  1.81080004e+00  1.02357000e+01  1.13400006e+00  1.02357000e+01  1.70400003e+00  1.02357000e+01  1.18080006e+00  1.02357000e+01  1.21080005e+00  1.02357000e+01  7.02025168e-01  1.02357000e+01  2.55366368e+00  1.02357000e+01  1.62395847e+00  1.02357000e+01  1.32588601e+00  1.02357000e+01  1.30040553e+00  1.02357000e+01  1.98417529e+00  1.02357000e+01  2.29735671e+00  1.02357000e+01  1.94367022e+00  1.02357000e+01  2.77961873e+00  1.02357000e+01  1.39857205e+00  1.02357000e+01  2.86287550e+00  1.02357000e+01  1.54675576e+00  1.02357000e+01  8.63231070e-01 
 1.02459000e+01  1.89845601e+00  1.02459000e+01  1.15111711e+00  1.02459000e+01  1.95202889e+00  1.02459000e+01  1.18440005e+00  1.02459000e+01  1.75957409e+00  1.02459000e+01  1.51562191e+00  1.02459000e+01  1.16400006e+00  1.02459000e+01  1.81080004e+00  1.02459000e+01  1.13400006e+00  1.02459000e+01  1.70400003e+00  1.02459000e+01  1.18080006e+00  1.02459000e+01  1.21080005e+00  1.02459000e+01  7.02025168e-01  1.02459000e+01  2.55366368e+00  1.02459000e+01  1.62395847e+00  1.02459000e+01  1.32147988e+00  1.02459000e+01  1.30040553e+00  1.02459000e+01  1.97963188e+00  1.02459000e+01  2.30203733e+00  1.02459000e+01  1.94586001e+00  1.02459000e+01  2.78163533e+00  1.02459000e+01  1.40077287e+00  1.02459000e+01  2.86440508e+00  1.02459000e+01  1.54895580e+00  1.02459000e+01  8.69965750e-01 
 1.02484500e+01  1.89961183e+00  1.02484500e+01  1.15111711e+00  1.02484500e+01  1.95318249e+00  1.02484500e+01  1.18440005e+00  1.02484500e+01  1.75957409e+00  1.02484500e+01  1.51562191e+00  1.02484500e+01  1.16400006e+00  1.02484500e+01  1.81080004e+00  1.02484500e+01  1.13400006e+00  1.02484500e+01  1.70400003e+00  1.02484500e+01  1.18080006e+00  1.02484500e+01  1.21080005e+00  1.02484500e+01  7.02025168e-01  1.02484500e+01  2.55366368e+00  1.02484500e+01  1.62395847e+00  1.02484500e+01  1.32039128e+00  1.02484500e+01  1.30040553e+00  1.02484500e+01  1.97850898e+00  1.02484500e+01  2.30322029e+00  1.02484500e+01  1.94641241e+00  1.02484500e+01  2.78214198e+00  1.02484500e+01  1.40132742e+00  1.02484500e+01  2.86478767e+00  1.02484500e+01  1.54951008e+00  1.02484500e+01  8.71649257e-01 
 1.02535500e+01  1.90192394e+00  1.02535500e+01  1.15111711e+00  1.02535500e+01  1.95549015e+00  1.02535500e+01  1.18440005e+00  1.02535500e+01  1.75957409e+00  1.02535500e+01  1.51562192e+00  1.02535500e+01  1.16400006e+00  1.02535500e+01  1.81080004e+00  1.02535500e+01  1.13400006e+00  1.02535500e+01  1.70400003e+00  1.02535500e+01  1.18080006e+00  1.02535500e+01  1.21080005e+00  1.02535500e+01  7.02025168e-01  1.02535500e+01  2.55366368e+00  1.02535500e+01  1.62395847e+00  1.02535500e+01  1.31822908e+00  1.02535500e+01  1.30040553e+00  1.02535500e+01  1.97627863e+00  1.02535500e+01  2.30559467e+00  1.02535500e+01  1.94752058e+00  1.02535500e+01  2.78315693e+00  1.02535500e+01  1.40243948e+00  1.02535500e+01  2.86555298e+00  1.02535500e+01  1.55062168e+00  1.02535500e+01  8.75016162e-01 
 1.02637500e+01  1.90655055e+00  1.02637500e+01  1.15111711e+00  1.02637500e+01  1.96010786e+00  1.02637500e+01  1.18440005e+00  1.02637500e+01  1.75957409e+00  1.02637500e+01  1.51562192e+00  1.02637500e+01  1.16400006e+00  1.02637500e+01  1.81080004e+00  1.02637500e+01  1.13400006e+00  1.02637500e+01  1.70400003e+00  1.02637500e+01  1.18080006e+00  1.02637500e+01  1.21080005e+00  1.02637500e+01  7.02025168e-01  1.02637500e+01  2.55366368e+00  1.02637500e+01  1.62395847e+00  1.02637500e+01  1.31569467e+00  1.02637500e+01  1.30040553e+00  1.02637500e+01  1.97367650e+00  1.02637500e+01  2.31039400e+00  1.02637500e+01  1.94975728e+00  1.02637500e+01  2.78519653e+00  1.02637500e+01  1.40468148e+00  1.02637500e+01  2.86708420e+00  1.02637500e+01  1.55286352e+00  1.02637500e+01  8.81749320e-01 
 1.02841500e+01  1.91580931e+00  1.02841500e+01  1.15111711e+00  1.02841500e+01  1.96934885e+00  1.02841500e+01  1.18440005e+00  1.02841500e+01  1.75957409e+00  1.02841500e+01  1.51562192e+00  1.02841500e+01  1.16400006e+00  1.02841500e+01  1.81080004e+00  1.02841500e+01  1.13400006e+00  1.02841500e+01  1.70400003e+00  1.02841500e+01  1.18080006e+00  1.02841500e+01  1.21080005e+00  1.02841500e+01  7.02025169e-01  1.02841500e+01  2.55366368e+00  1.02841500e+01  1.62395847e+00  1.02841500e+01  1.31492020e+00  1.02841500e+01  1.30040553e+00  1.02841500e+01  1.97290202e+00  1.02841500e+01  2.32019178e+00  1.02841500e+01  1.95431349e+00  1.02841500e+01  2.78931270e+00  1.02841500e+01  1.40923797e+00  1.02841500e+01  2.87014785e+00  1.02841500e+01  1.55742324e+00  1.02841500e+01  8.95213026e-01 
 1.03249500e+01  1.93431349e+00  1.03249500e+01  1.15111711e+00  1.03249500e+01  1.98781749e+00  1.03249500e+01  1.18440005e+00  1.03249500e+01  1.75957409e+00  1.03249500e+01  1.51562192e+00  1.03249500e+01  1.16400006e+00  1.03249500e+01  1.81080004e+00  1.03249500e+01  1.13400006e+00  1.03249500e+01  1.70400003e+00  1.03249500e+01  1.18080006e+00  1.03249500e+01  1.21080005e+00  1.03249500e+01  7.02025169e-01  1.03249500e+01  2.55366368e+00  1.03249500e+01  1.62395847e+00  1.03249500e+01  1.31492020e+00  1.03249500e+01  1.30040553e+00  1.03249500e+01  1.97290202e+00  1.03249500e+01  2.34055891e+00  1.03249500e+01  1.96376653e+00  1.03249500e+01  2.79767608e+00  1.03249500e+01  1.41864745e+00  1.03249500e+01  2.87626958e+00  1.03249500e+01  1.56685443e+00  1.03249500e+01  9.22130007e-01 
 1.04065500e+01  1.97094296e+00  1.04065500e+01  1.15111712e+00  1.04065500e+01  2.02437582e+00  1.04065500e+01  1.18440005e+00  1.04065500e+01  1.75957409e+00  1.04065500e+01  1.51562192e+00  1.04065500e+01  1.16400006e+00  1.04065500e+01  1.81080004e+00  1.04065500e+01  1.13400006e+00  1.04065500e+01  1.70400003e+00  1.04065500e+01  1.18080006e+00  1.04065500e+01  1.21080005e+00  1.04065500e+01  7.02025170e-01  1.04065500e+01  2.55366368e+00  1.04065500e+01  1.62395847e+00  1.04065500e+01  1.31492020e+00  1.04065500e+01  1.30040553e+00  1.04065500e+01  1.97290202e+00  1.04065500e+01  2.38417884e+00  1.04065500e+01  1.98409667e+00  1.04065500e+01  2.81477749e+00  1.04065500e+01  1.43869227e+00  1.04065500e+01  2.88840343e+00  1.04065500e+01  1.58701090e+00  1.04065500e+01  9.75922263e-01 
 1.05000000e+01  2.01147521e+00  1.05000000e+01  1.15111712e+00  1.05000000e+01  2.06482614e+00  1.05000000e+01  1.18440005e+00  1.05000000e+01  1.75957409e+00  1.05000000e+01  1.51562192e+00  1.05000000e+01  1.16400006e+00  1.05000000e+01  1.81080004e+00  1.05000000e+01  1.13400007e+00  1.05000000e+01  1.70400003e+00  1.05000000e+01  1.18080006e+00  1.05000000e+01  1.21080005e+00  1.05000000e+01  7.02025171e-01  1.05000000e+01  2.55366368e+00  1.05000000e+01  1.62395847e+00  1.05000000e+01  1.31492020e+00  1.05000000e+01  1.30040553e+00  1.05000000e+01  1.97290202e+00  1.05000000e+01  2.43842221e+00  1.05000000e+01  2.00980156e+00  1.05000000e+01  2.83462295e+00  1.05000000e+01  1.46370160e+00  1.05000000e+01  2.90192785e+00  1.05000000e+01  1.61227458e+00  1.05000000e+01  1.03742239e+00 
 1.05102000e+01  2.01575382e+00  1.05102000e+01  1.15111712e+00  1.05102000e+01  2.06909576e+00  1.05102000e+01  1.18440005e+00  1.05102000e+01  1.75957409e+00  1.05102000e+01  1.51562192e+00  1.05102000e+01  1.16400006e+00  1.05102000e+01  1.81080004e+00  1.05102000e+01  1.13400007e+00  1.05102000e+01  1.70400003e+00  1.05102000e+01  1.18080006e+00  1.05102000e+01  1.21080005e+00  1.05102000e+01  7.02025171e-01  1.05102000e+01  2.55366368e+00  1.05102000e+01  1.62395847e+00  1.05102000e+01  1.31492020e+00  1.05102000e+01  1.30040553e+00  1.05102000e+01  1.97290202e+00  1.05102000e+01  2.44461835e+00  1.05102000e+01  2.01278265e+00  1.05102000e+01  2.83678814e+00  1.05102000e+01  1.46657836e+00  1.05102000e+01  2.90336749e+00  1.05102000e+01  1.61518882e+00  1.05102000e+01  1.04411034e+00 
 1.05306000e+01  2.01562052e+00  1.05306000e+01  1.14688700e+00  1.05306000e+01  2.06894240e+00  1.05306000e+01  1.18440005e+00  1.05306000e+01  1.75957409e+00  1.05306000e+01  1.51562192e+00  1.05306000e+01  1.16400007e+00  1.05306000e+01  1.81080004e+00  1.05306000e+01  1.13400007e+00  1.05306000e+01  1.70400003e+00  1.05306000e+01  1.18080006e+00  1.05306000e+01  1.21080005e+00  1.05306000e+01  6.97238371e-01  1.05306000e+01  2.54694546e+00  1.05306000e+01  1.61743238e+00  1.05306000e+01  1.31492020e+00  1.05306000e+01  1.30040553e+00  1.05306000e+01  1.97290202e+00  1.05306000e+01  2.44926821e+00  1.05306000e+01  2.01429901e+00  1.05306000e+01  2.83752734e+00  1.05306000e+01  1.46794227e+00  1.05306000e+01  2.90318429e+00  1.05306000e+01  1.61660634e+00  1.05306000e+01  1.04267163e+00 
 1.05714000e+01  1.99815698e+00  1.05714000e+01  1.13015015e+00  1.05714000e+01  2.05143463e+00  1.05714000e+01  1.18440005e+00  1.05714000e+01  1.75957409e+00  1.05714000e+01  1.51562192e+00  1.05714000e+01  1.16400007e+00  1.05714000e+01  1.81080004e+00  1.05714000e+01  1.13400007e+00  1.05714000e+01  1.70400003e+00  1.05714000e+01  1.18080006e+00  1.05714000e+01  1.21080005e+00  1.05714000e+01  6.78666959e-01  1.05714000e+01  2.52031177e+00  1.05714000e+01  1.59156734e+00  1.05714000e+01  1.31492020e+00  1.05714000e+01  1.30040553e+00  1.05714000e+01  1.97290202e+00  1.05714000e+01  2.44330732e+00  1.05714000e+01  2.00857324e+00  1.05714000e+01  2.83196545e+00  1.05714000e+01  1.46201252e+00  1.05714000e+01  2.89699690e+00  1.05714000e+01  1.61074502e+00  1.05714000e+01  1.01047657e+00 
 1.06530000e+01  1.96410194e+00  1.06530000e+01  1.09754564e+00  1.06530000e+01  2.01729131e+00  1.06530000e+01  1.18440005e+00  1.06530000e+01  1.75957409e+00  1.06530000e+01  1.51562192e+00  1.06530000e+01  1.16400007e+00  1.06530000e+01  1.81080004e+00  1.06530000e+01  1.13400007e+00  1.06530000e+01  1.70400003e+00  1.06530000e+01  1.18080006e+00  1.06530000e+01  1.21080005e+00  1.06530000e+01  6.44736150e-01  1.06530000e+01  2.46813706e+00  1.06530000e+01  1.54092981e+00  1.06530000e+01  1.31492020e+00  1.06530000e+01  1.30040553e+00  1.06530000e+01  1.97290202e+00  1.06530000e+01  2.43238733e+00  1.06530000e+01  1.99772621e+00  1.06530000e+01  2.82148658e+00  1.06530000e+01  1.45070590e+00  1.06530000e+01  2.88597358e+00  1.06530000e+01  1.59959275e+00  1.06530000e+01  9.47923725e-01 
 1.06621875e+01  1.96033360e+00  1.06621875e+01  1.09394034e+00  1.06621875e+01  2.01351305e+00  1.06621875e+01  1.18440005e+00  1.06621875e+01  1.75957409e+00  1.06621875e+01  1.51562192e+00  1.06621875e+01  1.16400007e+00  1.06621875e+01  1.81080004e+00  1.06621875e+01  1.13400007e+00  1.06621875e+01  1.70400003e+00  1.06621875e+01  1.18080006e+00  1.06621875e+01  1.21080005e+00  1.06621875e+01  6.41195954e-01  1.06621875e+01  2.46234213e+00  1.06621875e+01  1.53530789e+00  1.06621875e+01  1.31492020e+00  1.06621875e+01  1.30040553e+00  1.06621875e+01  1.97290202e+00  1.06621875e+01  2.43122806e+00  1.06621875e+01  1.99654792e+00  1.06621875e+01  2.82035261e+00  1.06621875e+01  1.44947217e+00  1.06621875e+01  2.88482678e+00  1.06621875e+01  1.59837766e+00  1.06621875e+01  9.41049191e-01 
 1.06805625e+01  1.95281367e+00  1.06805625e+01  1.08674638e+00  1.06805625e+01  2.00597328e+00  1.06805625e+01  1.18440005e+00  1.06805625e+01  1.75957409e+00  1.06805625e+01  1.51562192e+00  1.06805625e+01  1.16400007e+00  1.06805625e+01  1.81080004e+00  1.06805625e+01  1.13400007e+00  1.06805625e+01  1.70400003e+00  1.06805625e+01  1.18080006e+00  1.06805625e+01  1.21080005e+00  1.06805625e+01  6.34210561e-01  1.06805625e+01  2.45077035e+00  1.06805625e+01  1.52408204e+00  1.06805625e+01  1.31492020e+00  1.06805625e+01  1.30040553e+00  1.06805625e+01  1.97290202e+00  1.06805625e+01  2.42892173e+00  1.06805625e+01  1.99419890e+00  1.06805625e+01  2.81809277e+00  1.06805625e+01  1.44701153e+00  1.06805625e+01  2.88254959e+00  1.06805625e+01  1.59595455e+00  1.06805625e+01  9.27364687e-01 
 1.07173125e+01  1.93786865e+00  1.07173125e+01  1.07245189e+00  1.07173125e+01  1.99098865e+00  1.07173125e+01  1.18440005e+00  1.07173125e+01  1.75957409e+00  1.07173125e+01  1.51562192e+00  1.07173125e+01  1.16400007e+00  1.07173125e+01  1.81080004e+00  1.07173125e+01  1.13400007e+00  1.07173125e+01  1.70400003e+00  1.07173125e+01  1.18080006e+00  1.07173125e+01  1.21080005e+00  1.07173125e+01  6.20800787e-01  1.07173125e+01  2.42772238e+00  1.07173125e+01  1.50172499e+00  1.07173125e+01  1.31492020e+00  1.07173125e+01  1.30040553e+00  1.07173125e+01  1.97290202e+00  1.07173125e+01  2.42435360e+00  1.07173125e+01  1.98952810e+00  1.07173125e+01  2.81360258e+00  1.07173125e+01  1.44211435e+00  1.07173125e+01  2.87805534e+00  1.07173125e+01  1.59113352e+00  1.07173125e+01  9.00393601e-01 
 1.07586563e+01  1.92949656e+00  1.07586563e+01  1.06444506e+00  1.07586563e+01  1.98259433e+00  1.07586563e+01  1.18440005e+00  1.07586563e+01  1.75957409e+00  1.07586563e+01  1.51562192e+00  1.07586563e+01  1.16400007e+00  1.07586563e+01  1.81080004e+00  1.07586563e+01  1.13400007e+00  1.07586563e+01  1.70400003e+00  1.07586563e+01  1.18080006e+00  1.07586563e+01  1.21080005e+00  1.07586563e+01  6.14085976e-01  1.07586563e+01  2.41479132e+00  1.07586563e+01  1.48918211e+00  1.07586563e+01  1.31492020e+00  1.07586563e+01  1.30040553e+00  1.07586563e+01  1.97290202e+00  1.07586563e+01  2.41923708e+00  1.07586563e+01  1.98428669e+00  1.07586563e+01  2.80856632e+00  1.07586563e+01  1.43661528e+00  1.07586563e+01  2.87303032e+00  1.07586563e+01  1.58572120e+00  1.07586563e+01  8.70734307e-01 
 1.08000000e+01  1.92949656e+00  1.08000000e+01  1.06444506e+00  1.08000000e+01  1.98259433e+00  1.08000000e+01  1.18440005e+00  1.08000000e+01  1.75957409e+00  1.08000000e+01  1.51562192e+00  1.08000000e+01  1.16400007e+00  1.08000000e+01  1.81080004e+00  1.08000000e+01  1.13400007e+00  1.08000000e+01  1.70400003e+00  1.08000000e+01  1.18080006e+00  1.08000000e+01  1.21080005e+00  1.08000000e+01  6.15308488e-01  1.08000000e+01  2.41479132e+00  1.08000000e+01  1.48918211e+00  1.08000000e+01  1.31492020e+00  1.08000000e+01  1.30040553e+00  1.08000000e+01  1.97290202e+00  1.08000000e+01  2.41412062e+00  1.08000000e+01  1.97904447e+00  1.08000000e+01  2.80353055e+00  1.08000000e+01  1.43111323e+00  1.08000000e+01  2.86800588e+00  1.08000000e+01  1.58030669e+00  1.08000000e+01  8.41890313e-01 
 1.08082687e+01  1.92949656e+00  1.08082687e+01  1.06444506e+00  1.08082687e+01  1.98259433e+00  1.08082687e+01  1.18440005e+00  1.08082687e+01  1.75957409e+00  1.08082687e+01  1.51562192e+00  1.08082687e+01  1.16400007e+00  1.08082687e+01  1.81080004e+00  1.08082687e+01  1.13400007e+00  1.08082687e+01  1.70400003e+00  1.08082687e+01  1.18080006e+00  1.08082687e+01  1.21080005e+00  1.08082687e+01  6.15548413e-01  1.08082687e+01  2.41479132e+00  1.08082687e+01  1.48918211e+00  1.08082687e+01  1.31492020e+00  1.08082687e+01  1.30040553e+00  1.08082687e+01  1.97290202e+00  1.08082687e+01  2.41309732e+00  1.08082687e+01  1.97799591e+00  1.08082687e+01  2.80252347e+00  1.08082687e+01  1.43001239e+00  1.08082687e+01  2.86700107e+00  1.08082687e+01  1.57922348e+00  1.08082687e+01  8.36245417e-01 
 1.08248062e+01  1.92949656e+00  1.08248062e+01  1.06444506e+00  1.08248062e+01  1.97942511e+00  1.08248062e+01  1.18440005e+00  1.08248062e+01  1.75957409e+00  1.08248062e+01  1.51562192e+00  1.08248062e+01  1.16400007e+00  1.08248062e+01  1.81080004e+00  1.08248062e+01  1.13400007e+00  1.08248062e+01  1.70400003e+00  1.08248062e+01  1.18080006e+00  1.08248062e+01  1.21080005e+00  1.08248062e+01  6.16024210e-01  1.08248062e+01  2.41479132e+00  1.08248062e+01  1.48918211e+00  1.08248062e+01  1.31492021e+00  1.08248062e+01  1.30040553e+00  1.08248062e+01  1.97368296e+00  1.08248062e+01  2.40990875e+00  1.08248062e+01  1.97537121e+00  1.08248062e+01  2.79996249e+00  1.08248062e+01  1.42730692e+00  1.08248062e+01  2.86444357e+00  1.08248062e+01  1.57496135e+00  1.08248062e+01  8.25232384e-01 
 1.08578813e+01  1.92949656e+00  1.08578813e+01  1.06444506e+00  1.08578813e+01  1.96687064e+00  1.08578813e+01  1.18440005e+00  1.08578813e+01  1.75957409e+00  1.08578813e+01  1.51562192e+00  1.08578813e+01  1.16400007e+00  1.08578813e+01  1.81080004e+00  1.08578813e+01  1.13400007e+00  1.08578813e+01  1.70400003e+00  1.08578813e+01  1.18080006e+00  1.08578813e+01  1.21080005e+00  1.08578813e+01  6.16957225e-01  1.08578813e+01  2.41479132e+00  1.08578813e+01  1.48918211e+00  1.08578813e+01  1.31492021e+00  1.08578813e+01  1.30040553e+00  1.08578813e+01  1.97692877e+00  1.08578813e+01  2.40137593e+00  1.08578813e+01  1.96909119e+00  1.08578813e+01  2.79377497e+00  1.08578813e+01  1.42090831e+00  1.08578813e+01  2.85826108e+00  1.08578813e+01  1.56222329e+00  1.08578813e+01  8.04137628e-01 
 1.09240312e+01  1.92949656e+00  1.09240312e+01  1.06444506e+00  1.09240312e+01  1.94248069e+00  1.09240312e+01  1.18440005e+00  1.09240312e+01  1.75957409e+00  1.09240312e+01  1.51562192e+00  1.09240312e+01  1.16400007e+00  1.09240312e+01  1.81080004e+00  1.09240312e+01  1.13400007e+00  1.09240312e+01  1.70400003e+00  1.09240312e+01  1.18080006e+00  1.09240312e+01  1.21080005e+00  1.09240312e+01  6.18762366e-01  1.09240312e+01  2.41479132e+00  1.09240312e+01  1.48918211e+00  1.09240312e+01  1.31492021e+00  1.09240312e+01  1.30040553e+00  1.09240312e+01  1.98414599e+00  1.09240312e+01  2.38502078e+00  1.09240312e+01  1.95666257e+00  1.09240312e+01  2.78155169e+00  1.09240312e+01  1.40821543e+00  1.09240312e+01  2.84604894e+00  1.09240312e+01  1.53657743e+00  1.09240312e+01  7.64272207e-01 
 1.10120156e+01  1.92949656e+00  1.10120156e+01  1.06444506e+00  1.10120156e+01  1.91148566e+00  1.10120156e+01  1.18440005e+00  1.10120156e+01  1.75957409e+00  1.10120156e+01  1.51562192e+00  1.10120156e+01  1.16400007e+00  1.10120156e+01  1.81080004e+00  1.10120156e+01  1.13400007e+00  1.10120156e+01  1.70400003e+00  1.10120156e+01  1.18080006e+00  1.10120156e+01  1.21080006e+00  1.10120156e+01  6.21044345e-01  1.10120156e+01  2.41479132e+00  1.10120156e+01  1.48918211e+00  1.10120156e+01  1.31492021e+00  1.10120156e+01  1.30040553e+00  1.10120156e+01  1.99521661e+00  1.10120156e+01  2.36452912e+00  1.10120156e+01  1.94034580e+00  1.10120156e+01  2.76554852e+00  1.10120156e+01  1.39149266e+00  1.10120156e+01  2.83006275e+00  1.10120156e+01  1.50199645e+00  1.10120156e+01  7.16203389e-01 
 1.11000000e+01  1.92949656e+00  1.11000000e+01  1.06444506e+00  1.11000000e+01  1.88211665e+00  1.11000000e+01  1.18440005e+00  1.11000000e+01  1.75957409e+00  1.11000000e+01  1.51562192e+00  1.11000000e+01  1.16400007e+00  1.11000000e+01  1.81080004e+00  1.11000000e+01  1.13400007e+00  1.11000000e+01  1.70400003e+00  1.11000000e+01  1.18080006e+00  1.11000000e+01  1.21080006e+00  1.11000000e+01  6.23199372e-01  1.11000000e+01  2.41479132e+00  1.11000000e+01  1.48918211e+00  1.11000000e+01  1.31492021e+00  1.11000000e+01  1.30040553e+00  1.11000000e+01  2.00791475e+00  1.11000000e+01  2.34521169e+00  1.11000000e+01  1.92419603e+00  1.11000000e+01  2.74975758e+00  1.11000000e+01  1.37487497e+00  1.11000000e+01  2.81429118e+00  1.11000000e+01  1.46674167e+00  1.11000000e+01  6.73891100e-01 
 1.11102000e+01  1.92949656e+00  1.11102000e+01  1.06444506e+00  1.11102000e+01  1.87882800e+00  1.11102000e+01  1.18440005e+00  1.11102000e+01  1.75957409e+00  1.11102000e+01  1.51562192e+00  1.11102000e+01  1.16400007e+00  1.11102000e+01  1.81080004e+00  1.11102000e+01  1.13400007e+00  1.11102000e+01  1.70400003e+00  1.11102000e+01  1.18080006e+00  1.11102000e+01  1.21080006e+00  1.11102000e+01  6.23440548e-01  1.11102000e+01  2.41479132e+00  1.11102000e+01  1.48918211e+00  1.11102000e+01  1.31492021e+00  1.11102000e+01  1.30040553e+00  1.11102000e+01  2.00949997e+00  1.11102000e+01  2.34304395e+00  1.11102000e+01  1.92233206e+00  1.11102000e+01  2.74793844e+00  1.11102000e+01  1.37295228e+00  1.11102000e+01  2.81247445e+00  1.11102000e+01  1.46260106e+00  1.11102000e+01  6.69397127e-01 
 1.11306000e+01  1.92949656e+00  1.11306000e+01  1.06444506e+00  1.11306000e+01  1.87553935e+00  1.11306000e+01  1.18440005e+00  1.11306000e+01  1.75957409e+00  1.11306000e+01  1.51562192e+00  1.11306000e+01  1.16400007e+00  1.11306000e+01  1.81080004e+00  1.11306000e+01  1.13400007e+00  1.11306000e+01  1.70400003e+00  1.11306000e+01  1.18080006e+00  1.11306000e+01  1.21080006e+00  1.11306000e+01  6.23681723e-01  1.11306000e+01  2.42068486e+00  1.11306000e+01  1.49521810e+00  1.11306000e+01  1.31492021e+00  1.11306000e+01  1.29600054e+00  1.11306000e+01  2.00653194e+00  1.11306000e+01  2.34365141e+00  1.11306000e+01  1.92320594e+00  1.11306000e+01  2.74873202e+00  1.11306000e+01  1.37366361e+00  1.11306000e+01  2.81408303e+00  1.11306000e+01  1.46112033e+00  1.11306000e+01  6.71625146e-01 
 1.11357000e+01  1.92949656e+00  1.11357000e+01  1.06444506e+00  1.11357000e+01  1.87553935e+00  1.11357000e+01  1.18440005e+00  1.11357000e+01  1.75957409e+00  1.11357000e+01  1.51562192e+00  1.11357000e+01  1.16400007e+00  1.11357000e+01  1.81080004e+00  1.11357000e+01  1.13400007e+00  1.11357000e+01  1.70400003e+00  1.11357000e+01  1.18080006e+00  1.11357000e+01  1.21080006e+00  1.11357000e+01  6.23681723e-01  1.11357000e+01  2.42360983e+00  1.11357000e+01  1.49821447e+00  1.11357000e+01  1.31492021e+00  1.11357000e+01  1.29383142e+00  1.11357000e+01  2.00428873e+00  1.11357000e+01  2.34505050e+00  1.11357000e+01  1.92458548e+00  1.11357000e+01  2.75004453e+00  1.11357000e+01  1.37498917e+00  1.11357000e+01  2.81579088e+00  1.11357000e+01  1.46245863e+00  1.11357000e+01  6.74979997e-01 
 1.11459000e+01  1.92949656e+00  1.11459000e+01  1.06444506e+00  1.11459000e+01  1.87553935e+00  1.11459000e+01  1.18440005e+00  1.11459000e+01  1.75957409e+00  1.11459000e+01  1.51562192e+00  1.11459000e+01  1.16400007e+00  1.11459000e+01  1.81080004e+00  1.11459000e+01  1.13400007e+00  1.11459000e+01  1.70400003e+00  1.11459000e+01  1.18080006e+00  1.11459000e+01  1.21080006e+00  1.11459000e+01  6.23681723e-01  1.11459000e+01  2.42941464e+00  1.11459000e+01  1.50416248e+00  1.11459000e+01  1.31492021e+00  1.11459000e+01  1.28956007e+00  1.11459000e+01  1.99986933e+00  1.11459000e+01  2.34787193e+00  1.11459000e+01  1.92736597e+00  1.11459000e+01  2.75268146e+00  1.11459000e+01  1.37765751e+00  1.11459000e+01  2.81919556e+00  1.11459000e+01  1.46515262e+00  1.11459000e+01  6.81674800e-01 
 1.11663000e+01  1.92949656e+00  1.11663000e+01  1.06444506e+00  1.11663000e+01  1.87553935e+00  1.11663000e+01  1.18440005e+00  1.11663000e+01  1.75957409e+00  1.11663000e+01  1.51562192e+00  1.11663000e+01  1.16400007e+00  1.11663000e+01  1.81080004e+00  1.11663000e+01  1.13400007e+00  1.11663000e+01  1.70400003e+00  1.11663000e+01  1.18080006e+00  1.11663000e+01  1.21080006e+00  1.11663000e+01  6.23681724e-01  1.11663000e+01  2.44074463e+00  1.11663000e+01  1.51578122e+00  1.11663000e+01  1.31492021e+00  1.11663000e+01  1.28518885e+00  1.11663000e+01  1.99535016e+00  1.11663000e+01  2.35365404e+00  1.11663000e+01  1.93305515e+00  1.11663000e+01  2.75802219e+00  1.11663000e+01  1.38309702e+00  1.11663000e+01  2.82590551e+00  1.11663000e+01  1.47064719e+00  1.11663000e+01  6.94954655e-01 
 1.12071000e+01  1.92949656e+00  1.12071000e+01  1.06444506e+00  1.12071000e+01  1.87553935e+00  1.12071000e+01  1.18440005e+00  1.12071000e+01  1.75957409e+00  1.12071000e+01  1.51562192e+00  1.12071000e+01  1.16400007e+00  1.12071000e+01  1.81080004e+00  1.12071000e+01  1.13400007e+00  1.12071000e+01  1.70400003e+00  1.12071000e+01  1.18080006e+00  1.12071000e+01  1.21080006e+00  1.12071000e+01  6.23681724e-01  1.12071000e+01  2.46220991e+00  1.12071000e+01  1.53783379e+00  1.12071000e+01  1.31492021e+00  1.12071000e+01  1.28485532e+00  1.12071000e+01  1.99501663e+00  1.12071000e+01  2.36576336e+00  1.12071000e+01  1.94493682e+00  1.12071000e+01  2.76891435e+00  1.12071000e+01  1.39437682e+00  1.12071000e+01  2.83861920e+00  1.12071000e+01  1.48205826e+00  1.12071000e+01  7.20874154e-01 
 1.12887000e+01  1.92949656e+00  1.12887000e+01  1.06444507e+00  1.12887000e+01  1.87553935e+00  1.12887000e+01  1.18440005e+00  1.12887000e+01  1.75957410e+00  1.12887000e+01  1.51562192e+00  1.12887000e+01  1.16400007e+00  1.12887000e+01  1.81080004e+00  1.12887000e+01  1.13400007e+00  1.12887000e+01  1.70400003e+00  1.12887000e+01  1.18080006e+00  1.12887000e+01  1.21080006e+00  1.12887000e+01  6.23681726e-01  1.12887000e+01  2.50002168e+00  1.12887000e+01  1.57686053e+00  1.12887000e+01  1.31492021e+00  1.12887000e+01  1.28485532e+00  1.12887000e+01  1.99501663e+00  1.12887000e+01  2.39144658e+00  1.12887000e+01  1.97015698e+00  1.12887000e+01  2.79065417e+00  1.12887000e+01  1.41825152e+00  1.12887000e+01  2.85944006e+00  1.12887000e+01  1.50624010e+00  1.12887000e+01  7.68711244e-01 
 1.13443500e+01  1.92949656e+00  1.13443500e+01  1.06444507e+00  1.13443500e+01  1.87553935e+00  1.13443500e+01  1.18440005e+00  1.13443500e+01  1.75957410e+00  1.13443500e+01  1.51562192e+00  1.13443500e+01  1.16400007e+00  1.13443500e+01  1.81080004e+00  1.13443500e+01  1.13400007e+00  1.13443500e+01  1.70400003e+00  1.13443500e+01  1.18080006e+00  1.13443500e+01  1.21080006e+00  1.13443500e+01  6.23681726e-01  1.13443500e+01  2.52182613e+00  1.13443500e+01  1.59954497e+00  1.13443500e+01  1.31492021e+00  1.13443500e+01  1.28485532e+00  1.13443500e+01  1.99501663e+00  1.13443500e+01  2.40888176e+00  1.13443500e+01  1.98735240e+00  1.13443500e+01  2.80437313e+00  1.13443500e+01  1.43463295e+00  1.13443500e+01  2.86928041e+00  1.13443500e+01  1.52281806e+00  1.13443500e+01  7.97433986e-01 
 1.14000000e+01  1.92949656e+00  1.14000000e+01  1.06444507e+00  1.14000000e+01  1.87553935e+00  1.14000000e+01  1.18440005e+00  1.14000000e+01  1.75957410e+00  1.14000000e+01  1.51562192e+00  1.14000000e+01  1.16400007e+00  1.14000000e+01  1.81080004e+00  1.14000000e+01  1.13400007e+00  1.14000000e+01  1.70400003e+00  1.14000000e+01  1.18080006e+00  1.14000000e+01  1.21080006e+00  1.14000000e+01  6.23681727e-01  1.14000000e+01  2.54035346e+00  1.14000000e+01  1.61903184e+00  1.14000000e+01  1.31492021e+00  1.14000000e+01  1.28485532e+00  1.14000000e+01  1.99501663e+00  1.14000000e+01  2.42469325e+00  1.14000000e+01  2.00300349e+00  1.14000000e+01  2.81598599e+00  1.14000000e+01  1.44965648e+00  1.14000000e+01  2.87515776e+00  1.14000000e+01  1.53799706e+00  1.14000000e+01  8.22355230e-01 
 1.14102000e+01  1.92949656e+00  1.14102000e+01  1.06444507e+00  1.14102000e+01  1.87553935e+00  1.14102000e+01  1.18440005e+00  1.14102000e+01  1.75957410e+00  1.14102000e+01  1.51562192e+00  1.14102000e+01  1.16400007e+00  1.14102000e+01  1.81080004e+00  1.14102000e+01  1.13400007e+00  1.14102000e+01  1.70400003e+00  1.14102000e+01  1.18080006e+00  1.14102000e+01  1.21080006e+00  1.14102000e+01  6.23681727e-01  1.14102000e+01  2.54333088e+00  1.14102000e+01  1.62219683e+00  1.14102000e+01  1.31492021e+00  1.14102000e+01  1.28485532e+00  1.14102000e+01  1.99501663e+00  1.14102000e+01  2.42732453e+00  1.14102000e+01  2.00561383e+00  1.14102000e+01  2.81781180e+00  1.14102000e+01  1.45217109e+00  1.14102000e+01  2.87574378e+00  1.14102000e+01  1.54053598e+00  1.14102000e+01  8.26430589e-01 
 1.14306000e+01  1.93479598e+00  1.14306000e+01  1.06444507e+00  1.14306000e+01  1.88084742e+00  1.14306000e+01  1.18440005e+00  1.14306000e+01  1.75957410e+00  1.14306000e+01  1.51562192e+00  1.14306000e+01  1.16400007e+00  1.14306000e+01  1.81080004e+00  1.14306000e+01  1.13400007e+00  1.14306000e+01  1.70400003e+00  1.14306000e+01  1.18080006e+00  1.14306000e+01  1.21080006e+00  1.14306000e+01  6.23681728e-01  1.14306000e+01  2.54630831e+00  1.14306000e+01  1.62536182e+00  1.14306000e+01  1.31069227e+00  1.14306000e+01  1.28485532e+00  1.14306000e+01  1.99064691e+00  1.14306000e+01  2.43465312e+00  1.14306000e+01  2.01047266e+00  1.14306000e+01  2.82149785e+00  1.14306000e+01  1.45693430e+00  1.14306000e+01  2.87777132e+00  1.14306000e+01  1.54532808e+00  1.14306000e+01  8.37244421e-01 
 1.14357000e+01  1.93744212e+00  1.14357000e+01  1.06444507e+00  1.14357000e+01  1.88349788e+00  1.14357000e+01  1.18440006e+00  1.14357000e+01  1.75957410e+00  1.14357000e+01  1.51562192e+00  1.14357000e+01  1.16400007e+00  1.14357000e+01  1.81080004e+00  1.14357000e+01  1.13400007e+00  1.14357000e+01  1.70400003e+00  1.14357000e+01  1.18080006e+00  1.14357000e+01  1.21080006e+00  1.14357000e+01  6.23681728e-01  1.14357000e+01  2.54630831e+00  1.14357000e+01  1.62536182e+00  1.14357000e+01  1.30859716e+00  1.14357000e+01  1.28485532e+00  1.14357000e+01  1.98848095e+00  1.14357000e+01  2.43702115e+00  1.14357000e+01  2.01160491e+00  1.14357000e+01  2.82243025e+00  1.14357000e+01  1.45806565e+00  1.14357000e+01  2.87849241e+00  1.14357000e+01  1.54646126e+00  1.14357000e+01  8.40613440e-01 
 1.14459000e+01  1.94272673e+00  1.14459000e+01  1.06444507e+00  1.14459000e+01  1.88879114e+00  1.14459000e+01  1.18440006e+00  1.14459000e+01  1.75957410e+00  1.14459000e+01  1.51562192e+00  1.14459000e+01  1.16400007e+00  1.14459000e+01  1.81080004e+00  1.14459000e+01  1.13400007e+00  1.14459000e+01  1.70400003e+00  1.14459000e+01  1.18080006e+00  1.14459000e+01  1.21080006e+00  1.14459000e+01  6.23681728e-01  1.14459000e+01  2.54630831e+00  1.14459000e+01  1.62536182e+00  1.14459000e+01  1.30444502e+00  1.14459000e+01  1.28485532e+00  1.14459000e+01  1.98418718e+00  1.14459000e+01  2.44179552e+00  1.14459000e+01  2.01388569e+00  1.14459000e+01  2.82429946e+00  1.14459000e+01  1.46034264e+00  1.14459000e+01  2.87993513e+00  1.14459000e+01  1.54874150e+00  1.14459000e+01  8.47351041e-01 
 1.14663000e+01  1.95324575e+00  1.14663000e+01  1.06444507e+00  1.14663000e+01  1.89932747e+00  1.14663000e+01  1.18440006e+00  1.14663000e+01  1.75957410e+00  1.14663000e+01  1.51562192e+00  1.14663000e+01  1.16400007e+00  1.14663000e+01  1.81080004e+00  1.14663000e+01  1.13400007e+00  1.14663000e+01  1.70400003e+00  1.14663000e+01  1.18080006e+00  1.14663000e+01  1.21080006e+00  1.14663000e+01  6.23681728e-01  1.14663000e+01  2.54630831e+00  1.14663000e+01  1.62536182e+00  1.14663000e+01  1.29875384e+00  1.14663000e+01  1.28485532e+00  1.14663000e+01  1.97833809e+00  1.14663000e+01  2.45157045e+00  1.14663000e+01  2.01854647e+00  1.14663000e+01  2.82806294e+00  1.14663000e+01  1.46498362e+00  1.14663000e+01  2.88282295e+00  1.14663000e+01  1.55338941e+00  1.14663000e+01  8.60823634e-01 
 1.15071000e+01  1.97403766e+00  1.15071000e+01  1.06444507e+00  1.15071000e+01  1.92015410e+00  1.15071000e+01  1.18440006e+00  1.15071000e+01  1.75957410e+00  1.15071000e+01  1.51562192e+00  1.15071000e+01  1.16400007e+00  1.15071000e+01  1.81080004e+00  1.15071000e+01  1.13400007e+00  1.15071000e+01  1.70400003e+00  1.15071000e+01  1.18080006e+00  1.15071000e+01  1.21080006e+00  1.15071000e+01  6.23681729e-01  1.15071000e+01  2.54630831e+00  1.15071000e+01  1.62536182e+00  1.15071000e+01  1.29559957e+00  1.15071000e+01  1.28485532e+00  1.15071000e+01  1.97515110e+00  1.15071000e+01  2.47198534e+00  1.15071000e+01  2.02827516e+00  1.15071000e+01  2.83567237e+00  1.15071000e+01  1.47462058e+00  1.15071000e+01  2.88859633e+00  1.15071000e+01  1.56305032e+00  1.15071000e+01  8.87758380e-01 
 1.15887000e+01  2.01423631e+00  1.15887000e+01  1.06444507e+00  1.15887000e+01  1.96042275e+00  1.15887000e+01  1.18440006e+00  1.15887000e+01  1.75957410e+00  1.15887000e+01  1.51562192e+00  1.15887000e+01  1.16400007e+00  1.15887000e+01  1.81080004e+00  1.15887000e+01  1.13400007e+00  1.15887000e+01  1.70400003e+00  1.15887000e+01  1.18080006e+00  1.15887000e+01  1.21080006e+00  1.15887000e+01  6.23681730e-01  1.15887000e+01  2.54630831e+00  1.15887000e+01  1.62536182e+00  1.15887000e+01  1.29559957e+00  1.15887000e+01  1.28485532e+00  1.15887000e+01  1.97515110e+00  1.15887000e+01  2.51596318e+00  1.15887000e+01  2.04940891e+00  1.15887000e+01  2.85106045e+00  1.15887000e+01  1.49533846e+00  1.15887000e+01  2.90003162e+00  1.15887000e+01  1.58386483e+00  1.15887000e+01  9.41586139e-01 
 1.16443500e+01  2.04028446e+00  1.16443500e+01  1.06444507e+00  1.16443500e+01  1.98651919e+00  1.16443500e+01  1.18440006e+00  1.16443500e+01  1.75957410e+00  1.16443500e+01  1.51562192e+00  1.16443500e+01  1.16400007e+00  1.16443500e+01  1.81080004e+00  1.16443500e+01  1.13400007e+00  1.16443500e+01  1.70400003e+00  1.16443500e+01  1.18080006e+00  1.16443500e+01  1.21080006e+00  1.16443500e+01  6.23681730e-01  1.16443500e+01  2.54630831e+00  1.16443500e+01  1.62536182e+00  1.16443500e+01  1.29559957e+00  1.16443500e+01  1.28485532e+00  1.16443500e+01  1.97515110e+00  1.16443500e+01  2.54799207e+00  1.16443500e+01  2.06512234e+00  1.16443500e+01  2.86156377e+00  1.16443500e+01  1.51057514e+00  1.16443500e+01  2.90767056e+00  1.16443500e+01  1.59920779e+00  1.16443500e+01  9.78136231e-01 
 1.17000000e+01  2.06486111e+00  1.17000000e+01  1.06444507e+00  1.17000000e+01  2.01114473e+00  1.17000000e+01  1.18440006e+00  1.17000000e+01  1.75957410e+00  1.17000000e+01  1.51562192e+00  1.17000000e+01  1.16400007e+00  1.17000000e+01  1.81080004e+00  1.17000000e+01  1.13400007e+00  1.17000000e+01  1.70400003e+00  1.17000000e+01  1.18080006e+00  1.17000000e+01  1.21080006e+00  1.17000000e+01  6.23681731e-01  1.17000000e+01  2.54630831e+00  1.17000000e+01  1.62536182e+00  1.17000000e+01  1.29559957e+00  1.17000000e+01  1.28485532e+00  1.17000000e+01  1.97515110e+00  1.17000000e+01  2.58056895e+00  1.17000000e+01  2.08188054e+00  1.17000000e+01  2.87192045e+00  1.17000000e+01  1.52669462e+00  1.17000000e+01  2.91508713e+00  1.17000000e+01  1.61546908e+00  1.17000000e+01  1.01404566e+00 
 1.17102000e+01  2.06915833e+00  1.17102000e+01  1.06444507e+00  1.17102000e+01  2.01545100e+00  1.17102000e+01  1.18440006e+00  1.17102000e+01  1.75957410e+00  1.17102000e+01  1.51562192e+00  1.17102000e+01  1.16400007e+00  1.17102000e+01  1.81080004e+00  1.17102000e+01  1.13400007e+00  1.17102000e+01  1.70400003e+00  1.17102000e+01  1.18080006e+00  1.17102000e+01  1.21080006e+00  1.17102000e+01  6.23681731e-01  1.17102000e+01  2.54630831e+00  1.17102000e+01  1.62536182e+00  1.17102000e+01  1.29559957e+00  1.17102000e+01  1.28485532e+00  1.17102000e+01  1.97515110e+00  1.17102000e+01  2.58647907e+00  1.17102000e+01  2.08507818e+00  1.17102000e+01  2.87378868e+00  1.17102000e+01  1.52975732e+00  1.17102000e+01  2.91641173e+00  1.17102000e+01  1.61856233e+00  1.17102000e+01  1.02048735e+00 
 1.17306000e+01  2.06836819e+00  1.17306000e+01  1.05956936e+00  1.17306000e+01  2.01468105e+00  1.17306000e+01  1.18440006e+00  1.17306000e+01  1.75957410e+00  1.17306000e+01  1.51562192e+00  1.17306000e+01  1.16400007e+00  1.17306000e+01  1.81080004e+00  1.17306000e+01  1.13400007e+00  1.17306000e+01  1.70400003e+00  1.17306000e+01  1.18080006e+00  1.17306000e+01  1.21080006e+00  1.17306000e+01  6.19925148e-01  1.17306000e+01  2.53962131e+00  1.17306000e+01  1.61886519e+00  1.17306000e+01  1.29559957e+00  1.17306000e+01  1.28485532e+00  1.17306000e+01  1.97515110e+00  1.17306000e+01  2.59086674e+00  1.17306000e+01  2.08682536e+00  1.17306000e+01  2.87424195e+00  1.17306000e+01  1.53132395e+00  1.17306000e+01  2.91613495e+00  1.17306000e+01  1.62016878e+00  1.17306000e+01  1.01881477e+00 
 1.17714000e+01  2.04820864e+00  1.17714000e+01  1.04025602e+00  1.17714000e+01  1.99456612e+00  1.17714000e+01  1.18440006e+00  1.17714000e+01  1.75957410e+00  1.17714000e+01  1.51562192e+00  1.17714000e+01  1.16400007e+00  1.17714000e+01  1.81080004e+00  1.17714000e+01  1.13400007e+00  1.17714000e+01  1.70400003e+00  1.17714000e+01  1.18080006e+00  1.17714000e+01  1.21080006e+00  1.17714000e+01  6.05441674e-01  1.17714000e+01  2.51309855e+00  1.17714000e+01  1.59310400e+00  1.17714000e+01  1.29559957e+00  1.17714000e+01  1.28485532e+00  1.17714000e+01  1.97515110e+00  1.17714000e+01  2.58500519e+00  1.17714000e+01  2.08115678e+00  1.17714000e+01  2.86872327e+00  1.17714000e+01  1.52546247e+00  1.17714000e+01  2.91002578e+00  1.17714000e+01  1.61434656e+00  1.17714000e+01  9.86703750e-01 
 1.18530000e+01  2.00876239e+00  1.18530000e+01  1.00249928e+00  1.18530000e+01  1.95520896e+00  1.18530000e+01  1.18440006e+00  1.18530000e+01  1.75957410e+00  1.18530000e+01  1.51562192e+00  1.18530000e+01  1.16400007e+00  1.18530000e+01  1.81080004e+00  1.18530000e+01  1.13400007e+00  1.18530000e+01  1.70400003e+00  1.18530000e+01  1.18080006e+00  1.18530000e+01  1.21080006e+00  1.18530000e+01  5.79445732e-01  1.18530000e+01  2.46105833e+00  1.18530000e+01  1.54258666e+00  1.18530000e+01  1.29559958e+00  1.18530000e+01  1.28485532e+00  1.18530000e+01  1.97515110e+00  1.18530000e+01  2.57426021e+00  1.18530000e+01  2.07040560e+00  1.18530000e+01  2.85830651e+00  1.18530000e+01  1.51427984e+00  1.18530000e+01  2.89910088e+00  1.18530000e+01  1.60325184e+00  1.18530000e+01  9.24530177e-01 
 1.18621875e+01  2.00438510e+00  1.18621875e+01  9.98311899e-01  1.18621875e+01  1.95084168e+00  1.18621875e+01  1.18440006e+00  1.18621875e+01  1.75957410e+00  1.18621875e+01  1.51562192e+00  1.18621875e+01  1.16400007e+00  1.18621875e+01  1.81080004e+00  1.18621875e+01  1.13400007e+00  1.18621875e+01  1.70400003e+00  1.18621875e+01  1.18080006e+00  1.18621875e+01  1.21080006e+00  1.18621875e+01  5.76773938e-01  1.18621875e+01  2.45527025e+00  1.18621875e+01  1.53696996e+00  1.18621875e+01  1.29559958e+00  1.18621875e+01  1.28485532e+00  1.18621875e+01  1.97515110e+00  1.18621875e+01  2.57311534e+00  1.18621875e+01  2.06923513e+00  1.18621875e+01  2.85717606e+00  1.18621875e+01  1.51305765e+00  1.18621875e+01  2.89795897e+00  1.18621875e+01  1.60204020e+00  1.18621875e+01  9.17717908e-01 
 1.18805625e+01  1.99564612e+00  1.18805625e+01  9.89952564e-01  1.18805625e+01  1.94212273e+00  1.18805625e+01  1.18440006e+00  1.18805625e+01  1.75957410e+00  1.18805625e+01  1.51562192e+00  1.18805625e+01  1.16400007e+00  1.18805625e+01  1.81080004e+00  1.18805625e+01  1.13400007e+00  1.18805625e+01  1.70400003e+00  1.18805625e+01  1.18080006e+00  1.18805625e+01  1.21080006e+00  1.18805625e+01  5.71514529e-01  1.18805625e+01  2.44370922e+00  1.18805625e+01  1.52575160e+00  1.18805625e+01  1.29559958e+00  1.18805625e+01  1.28485532e+00  1.18805625e+01  1.97515110e+00  1.18805625e+01  2.57083389e+00  1.18805625e+01  2.06689988e+00  1.18805625e+01  2.85492122e+00  1.18805625e+01  1.51061842e+00  1.18805625e+01  2.89568871e+00  1.18805625e+01  1.59962217e+00  1.18805625e+01  9.04165292e-01 
 1.19173125e+01  1.98692278e+00  1.19173125e+01  9.81608654e-01  1.19173125e+01  1.93341939e+00  1.19173125e+01  1.18440006e+00  1.19173125e+01  1.75957410e+00  1.19173125e+01  1.51562192e+00  1.19173125e+01  1.16400007e+00  1.19173125e+01  1.81080004e+00  1.19173125e+01  1.13400007e+00  1.19173125e+01  1.70400003e+00  1.19173125e+01  1.18080006e+00  1.19173125e+01  1.21080006e+00  1.19173125e+01  5.61990055e-01  1.19173125e+01  2.42137488e+00  1.19173125e+01  1.50405970e+00  1.19173125e+01  1.29559958e+00  1.19173125e+01  1.28485532e+00  1.19173125e+01  1.97515110e+00  1.19173125e+01  2.56629555e+00  1.19173125e+01  2.06224745e+00  1.19173125e+01  2.85043114e+00  1.19173125e+01  1.50575576e+00  1.19173125e+01  2.89119377e+00  1.19173125e+01  1.59480243e+00  1.19173125e+01  8.77508197e-01 
 1.19586563e+01  1.98692278e+00  1.19586563e+01  9.81608654e-01  1.19586563e+01  1.93341939e+00  1.19586563e+01  1.18440006e+00  1.19586563e+01  1.75957410e+00  1.19586563e+01  1.51562192e+00  1.19586563e+01  1.16400007e+00  1.19586563e+01  1.81080004e+00  1.19586563e+01  1.13400007e+00  1.19586563e+01  1.70400003e+00  1.19586563e+01  1.18080006e+00  1.19586563e+01  1.21080006e+00  1.19586563e+01  5.58648724e-01  1.19586563e+01  2.40923790e+00  1.19586563e+01  1.49226005e+00  1.19586563e+01  1.29559958e+00  1.19586563e+01  1.28485532e+00  1.19586563e+01  1.97515110e+00  1.19586563e+01  2.56119900e+00  1.19586563e+01  2.05702067e+00  1.19586563e+01  2.84538843e+00  1.19586563e+01  1.50029019e+00  1.19586563e+01  2.88615795e+00  1.19586563e+01  1.58938564e+00  1.19586563e+01  8.48290444e-01 
 1.20000000e+01  1.98692278e+00  1.20000000e+01  9.81608654e-01  1.20000000e+01  1.93341939e+00  1.20000000e+01  1.18440006e+00  1.20000000e+01  1.75957410e+00  1.20000000e+01  1.51562192e+00  1.20000000e+01  1.16400007e+00  1.20000000e+01  1.81080004e+00  1.20000000e+01  1.13400007e+00  1.20000000e+01  1.70400003e+00  1.20000000e+01  1.18080006e+00  1.20000000e+01  1.21080006e+00  1.20000000e+01  5.61690510e-01  1.20000000e+01  2.40923790e+00  1.20000000e+01  1.49226005e+00  1.20000000e+01  1.29559958e+00  1.20000000e+01  1.28485532e+00  1.20000000e+01  1.97515110e+00  1.20000000e+01  2.55610256e+00  1.20000000e+01  2.05179317e+00  1.20000000e+01  2.84034612e+00  1.20000000e+01  1.49482199e+00  1.20000000e+01  2.88112257e+00  1.20000000e+01  1.58396666e+00  1.20000000e+01  8.19980014e-01 
 1.20082687e+01  1.98692278e+00  1.20082687e+01  9.81608655e-01  1.20082687e+01  1.93341939e+00  1.20082687e+01  1.18440006e+00  1.20082687e+01  1.75957410e+00  1.20082687e+01  1.51562192e+00  1.20082687e+01  1.16400007e+00  1.20082687e+01  1.81080004e+00  1.20082687e+01  1.13400007e+00  1.20082687e+01  1.70400003e+00  1.20082687e+01  1.18080007e+00  1.20082687e+01  1.21080006e+00  1.20082687e+01  5.62281877e-01  1.20082687e+01  2.40923790e+00  1.20082687e+01  1.49226005e+00  1.20082687e+01  1.29559958e+00  1.20082687e+01  1.28485532e+00  1.20082687e+01  1.97515110e+00  1.20082687e+01  2.55508329e+00  1.20082687e+01  2.05074757e+00  1.20082687e+01  2.83933772e+00  1.20082687e+01  1.49372797e+00  1.20082687e+01  2.88011556e+00  1.20082687e+01  1.58288255e+00  1.20082687e+01  8.14453784e-01 
 1.20248062e+01  1.98692278e+00  1.20248062e+01  9.81608655e-01  1.20248062e+01  1.92977444e+00  1.20248062e+01  1.18440006e+00  1.20248062e+01  1.75957410e+00  1.20248062e+01  1.51562192e+00  1.20248062e+01  1.16400007e+00  1.20248062e+01  1.81080004e+00  1.20248062e+01  1.13400007e+00  1.20248062e+01  1.70400003e+00  1.20248062e+01  1.18080007e+00  1.20248062e+01  1.21080006e+00  1.20248062e+01  5.63450041e-01  1.20248062e+01  2.40923790e+00  1.20248062e+01  1.49226005e+00  1.20248062e+01  1.29559958e+00  1.20248062e+01  1.28485532e+00  1.20248062e+01  1.97589037e+00  1.20248062e+01  2.55213753e+00  1.20248062e+01  2.04816310e+00  1.20248062e+01  2.83681274e+00  1.20248062e+01  1.49106563e+00  1.20248062e+01  2.87759279e+00  1.20248062e+01  1.57857089e+00  1.20248062e+01  8.03727003e-01 
 1.20578812e+01  1.98692278e+00  1.20578812e+01  9.81608655e-01  1.20578812e+01  1.91531637e+00  1.20578812e+01  1.18440006e+00  1.20578812e+01  1.75957410e+00  1.20578812e+01  1.51562192e+00  1.20578812e+01  1.16400007e+00  1.20578812e+01  1.81080004e+00  1.20578812e+01  1.13400007e+00  1.20578812e+01  1.70400003e+00  1.20578812e+01  1.18080007e+00  1.20578812e+01  1.21080006e+00  1.20578812e+01  5.65720053e-01  1.20578812e+01  2.40923790e+00  1.20578812e+01  1.49226005e+00  1.20578812e+01  1.29559958e+00  1.20578812e+01  1.28485532e+00  1.20578812e+01  1.97896856e+00  1.20578812e+01  2.54454884e+00  1.20578812e+01  2.04203288e+00  1.20578812e+01  2.83077495e+00  1.20578812e+01  1.48481323e+00  1.20578812e+01  2.87155843e+00  1.20578812e+01  1.56564114e+00  1.20578812e+01  7.83317309e-01 
 1.21240312e+01  1.98692278e+00  1.21240312e+01  9.81608654e-01  1.21240312e+01  1.88711640e+00  1.21240312e+01  1.18440006e+00  1.21240312e+01  1.75957410e+00  1.21240312e+01  1.51562192e+00  1.21240312e+01  1.16400007e+00  1.21240312e+01  1.81080004e+00  1.21240312e+01  1.13400007e+00  1.21240312e+01  1.70400003e+00  1.21240312e+01  1.18080007e+00  1.21240312e+01  1.21080006e+00  1.21240312e+01  5.70047012e-01  1.21240312e+01  2.40923790e+00  1.21240312e+01  1.49226005e+00  1.21240312e+01  1.29559958e+00  1.21240312e+01  1.28485532e+00  1.21240312e+01  1.98584480e+00  1.21240312e+01  2.53001232e+00  1.21240312e+01  2.02990597e+00  1.21240312e+01  2.81885149e+00  1.21240312e+01  1.47241645e+00  1.21240312e+01  2.85964251e+00  1.21240312e+01  1.53962530e+00  1.21240312e+01  7.44892076e-01 
 1.22120156e+01  1.98692278e+00  1.22120156e+01  9.81608654e-01  1.22120156e+01  1.85105633e+00  1.22120156e+01  1.18440006e+00  1.22120156e+01  1.75957410e+00  1.22120156e+01  1.51562192e+00  1.22120156e+01  1.16400007e+00  1.22120156e+01  1.81080004e+00  1.22120156e+01  1.13400007e+00  1.22120156e+01  1.70400003e+00  1.22120156e+01  1.18080007e+00  1.22120156e+01  1.21080006e+00  1.22120156e+01  5.75396525e-01  1.22120156e+01  2.40923790e+00  1.22120156e+01  1.49226005e+00  1.22120156e+01  1.29559958e+00  1.22120156e+01  1.28485532e+00  1.22120156e+01  1.99644961e+00  1.22120156e+01  2.51178349e+00  1.22120156e+01  2.01398632e+00  1.22120156e+01  2.80323895e+00  1.22120156e+01  1.45608720e+00  1.22120156e+01  2.84404131e+00  1.22120156e+01  1.50456619e+00  1.22120156e+01  6.98818500e-01 
 1.23000000e+01  1.98692278e+00  1.23000000e+01  9.81608654e-01  1.23000000e+01  1.81664481e+00  1.23000000e+01  1.18440006e+00  1.23000000e+01  1.75957410e+00  1.23000000e+01  1.51562192e+00  1.23000000e+01  1.16400007e+00  1.23000000e+01  1.81080004e+00  1.23000000e+01  1.13400007e+00  1.23000000e+01  1.70400003e+00  1.23000000e+01  1.18080007e+00  1.23000000e+01  1.21080006e+00  1.23000000e+01  5.80327211e-01  1.23000000e+01  2.40923790e+00  1.23000000e+01  1.49226005e+00  1.23000000e+01  1.29559958e+00  1.23000000e+01  1.28485532e+00  1.23000000e+01  2.00866833e+00  1.23000000e+01  2.49453397e+00  1.23000000e+01  1.99821703e+00  1.23000000e+01  2.78781686e+00  1.23000000e+01  1.43985172e+00  1.23000000e+01  2.82863202e+00  1.23000000e+01  1.46883131e+00  1.23000000e+01  6.58508221e-01 
 1.23102000e+01  1.98692278e+00  1.23102000e+01  9.81608654e-01  1.23102000e+01  1.81277445e+00  1.23102000e+01  1.18440006e+00  1.23102000e+01  1.75957410e+00  1.23102000e+01  1.51562192e+00  1.23102000e+01  1.16400007e+00  1.23102000e+01  1.81080004e+00  1.23102000e+01  1.13400007e+00  1.23102000e+01  1.70400003e+00  1.23102000e+01  1.18080007e+00  1.23102000e+01  1.21080006e+00  1.23102000e+01  5.80870930e-01  1.23102000e+01  2.40923790e+00  1.23102000e+01  1.49226005e+00  1.23102000e+01  1.29559958e+00  1.23102000e+01  1.28485532e+00  1.23102000e+01  2.01019704e+00  1.23102000e+01  2.49259127e+00  1.23102000e+01  1.99639542e+00  1.23102000e+01  2.78603834e+00  1.23102000e+01  1.43797202e+00  1.23102000e+01  2.82685508e+00  1.23102000e+01  1.46463410e+00  1.23102000e+01  6.54243070e-01 
 1.23306000e+01  1.98692278e+00  1.23306000e+01  9.81608654e-01  1.23306000e+01  1.80890409e+00  1.23306000e+01  1.18440006e+00  1.23306000e+01  1.75957410e+00  1.23306000e+01  1.51562192e+00  1.23306000e+01  1.16400007e+00  1.23306000e+01  1.81080004e+00  1.23306000e+01  1.13400007e+00  1.23306000e+01  1.70400003e+00  1.23306000e+01  1.18080007e+00  1.23306000e+01  1.21080006e+00  1.23306000e+01  5.81414649e-01  1.23306000e+01  2.41515066e+00  1.23306000e+01  1.49831375e+00  1.23306000e+01  1.29559958e+00  1.23306000e+01  1.28050285e+00  1.23306000e+01  2.00722168e+00  1.23306000e+01  2.49341931e+00  1.23306000e+01  1.99730907e+00  1.23306000e+01  2.78666885e+00  1.23306000e+01  1.43873618e+00  1.23306000e+01  2.82829086e+00  1.23306000e+01  1.46308906e+00  1.23306000e+01  6.56712911e-01 
 1.23357000e+01  1.98692278e+00  1.23357000e+01  9.81608654e-01  1.23357000e+01  1.80890409e+00  1.23357000e+01  1.18440006e+00  1.23357000e+01  1.75957410e+00  1.23357000e+01  1.51562192e+00  1.23357000e+01  1.16400007e+00  1.23357000e+01  1.81080004e+00  1.23357000e+01  1.13400007e+00  1.23357000e+01  1.70400003e+00  1.23357000e+01  1.18080007e+00  1.23357000e+01  1.21080006e+00  1.23357000e+01  5.81414649e-01  1.23357000e+01  2.41808594e+00  1.23357000e+01  1.50131969e+00  1.23357000e+01  1.29559958e+00  1.23357000e+01  1.27835872e+00  1.23357000e+01  2.00500179e+00  1.23357000e+01  2.49481643e+00  1.23357000e+01  1.99868752e+00  1.23357000e+01  2.78787732e+00  1.23357000e+01  1.44006704e+00  1.23357000e+01  2.82989219e+00  1.23357000e+01  1.46442363e+00  1.23357000e+01  6.60075271e-01 
 1.23459000e+01  1.98692278e+00  1.23459000e+01  9.81608654e-01  1.23459000e+01  1.80890409e+00  1.23459000e+01  1.18440006e+00  1.23459000e+01  1.75957410e+00  1.23459000e+01  1.51562192e+00  1.23459000e+01  1.16400007e+00  1.23459000e+01  1.81080004e+00  1.23459000e+01  1.13400007e+00  1.23459000e+01  1.70400003e+00  1.23459000e+01  1.18080007e+00  1.23459000e+01  1.21080006e+00  1.23459000e+01  5.81414649e-01  1.23459000e+01  2.42391301e+00  1.23459000e+01  1.50728844e+00  1.23459000e+01  1.29559958e+00  1.23459000e+01  1.27413480e+00  1.23459000e+01  2.00062647e+00  1.23459000e+01  2.49763431e+00  1.23459000e+01  2.00146619e+00  1.23459000e+01  2.79030175e+00  1.23459000e+01  1.44274672e+00  1.23459000e+01  2.83308404e+00  1.23459000e+01  1.46711033e+00  1.23459000e+01  6.66787293e-01 
 1.23663000e+01  1.98692278e+00  1.23663000e+01  9.81608654e-01  1.23663000e+01  1.80890409e+00  1.23663000e+01  1.18440006e+00  1.23663000e+01  1.75957410e+00  1.23663000e+01  1.51562192e+00  1.23663000e+01  1.16400007e+00  1.23663000e+01  1.81080004e+00  1.23663000e+01  1.13400007e+00  1.23663000e+01  1.70400003e+00  1.23663000e+01  1.18080007e+00  1.23663000e+01  1.21080006e+00  1.23663000e+01  5.81414650e-01  1.23663000e+01  2.43529748e+00  1.23663000e+01  1.51895851e+00  1.23663000e+01  1.29559958e+00  1.23663000e+01  1.26997522e+00  1.23663000e+01  1.99631561e+00  1.23663000e+01  2.50341189e+00  1.23663000e+01  2.00715395e+00  1.23663000e+01  2.79519156e+00  1.23663000e+01  1.44821328e+00  1.23663000e+01  2.83937884e+00  1.23663000e+01  1.47259102e+00  1.23663000e+01  6.80115802e-01 
 1.24071000e+01  1.98692278e+00  1.24071000e+01  9.81608655e-01  1.24071000e+01  1.80890409e+00  1.24071000e+01  1.18440006e+00  1.24071000e+01  1.75957410e+00  1.24071000e+01  1.51562192e+00  1.24071000e+01  1.16400007e+00  1.24071000e+01  1.81080004e+00  1.24071000e+01  1.13400008e+00  1.24071000e+01  1.70400003e+00  1.24071000e+01  1.18080007e+00  1.24071000e+01  1.21080006e+00  1.24071000e+01  5.81414650e-01  1.24071000e+01  2.45691150e+00  1.24071000e+01  1.54115314e+00  1.24071000e+01  1.29559958e+00  1.24071000e+01  1.26997522e+00  1.24071000e+01  1.99631561e+00  1.24071000e+01  2.51552226e+00  1.24071000e+01  2.01904244e+00  1.24071000e+01  2.80508702e+00  1.24071000e+01  1.45956542e+00  1.24071000e+01  2.85133004e+00  1.24071000e+01  1.48397685e+00  1.24071000e+01  7.06197612e-01 
 1.24887000e+01  1.98692278e+00  1.24887000e+01  9.81608656e-01  1.24887000e+01  1.80890409e+00  1.24887000e+01  1.18440006e+00  1.24887000e+01  1.75957410e+00  1.24887000e+01  1.51562192e+00  1.24887000e+01  1.16400007e+00  1.24887000e+01  1.81080004e+00  1.24887000e+01  1.13400008e+00  1.24887000e+01  1.70400003e+00  1.24887000e+01  1.18080007e+00  1.24887000e+01  1.21080006e+00  1.24887000e+01  5.81414651e-01  1.24887000e+01  2.49515762e+00  1.24887000e+01  1.58059840e+00  1.24887000e+01  1.29559958e+00  1.24887000e+01  1.26997522e+00  1.24887000e+01  1.99631561e+00  1.24887000e+01  2.54136546e+00  1.24887000e+01  2.04442468e+00  1.24887000e+01  2.82466715e+00  1.24887000e+01  1.48372695e+00  1.24887000e+01  2.87093259e+00  1.24887000e+01  1.50821898e+00  1.24887000e+01  7.54647544e-01 
 1.25443500e+01  1.98692278e+00  1.25443500e+01  9.81608656e-01  1.25443500e+01  1.80890409e+00  1.25443500e+01  1.18440006e+00  1.25443500e+01  1.75957410e+00  1.25443500e+01  1.51562192e+00  1.25443500e+01  1.16400008e+00  1.25443500e+01  1.81080004e+00  1.25443500e+01  1.13400008e+00  1.25443500e+01  1.70400003e+00  1.25443500e+01  1.18080007e+00  1.25443500e+01  1.21080006e+00  1.25443500e+01  5.81414652e-01  1.25443500e+01  2.51734428e+00  1.25443500e+01  1.60364551e+00  1.25443500e+01  1.29559958e+00  1.25443500e+01  1.26997522e+00  1.25443500e+01  1.99631561e+00  1.25443500e+01  2.55910867e+00  1.25443500e+01  2.06192735e+00  1.25443500e+01  2.83694397e+00  1.25443500e+01  1.50048329e+00  1.25443500e+01  2.88017558e+00  1.25443500e+01  1.52502772e+00  1.25443500e+01  7.84003215e-01 
 1.26000000e+01  1.98692278e+00  1.26000000e+01  9.81608657e-01  1.26000000e+01  1.80890409e+00  1.26000000e+01  1.18440006e+00  1.26000000e+01  1.75957410e+00  1.26000000e+01  1.51562192e+00  1.26000000e+01  1.16400008e+00  1.26000000e+01  1.81080004e+00  1.26000000e+01  1.13400008e+00  1.26000000e+01  1.70400003e+00  1.26000000e+01  1.18080007e+00  1.26000000e+01  1.21080006e+00  1.26000000e+01  5.81414653e-01  1.26000000e+01  2.53634877e+00  1.26000000e+01  1.62357950e+00  1.26000000e+01  1.29559958e+00  1.26000000e+01  1.26997522e+00  1.26000000e+01  1.99631561e+00  1.26000000e+01  2.57539279e+00  1.26000000e+01  2.07805746e+00  1.26000000e+01  2.84723710e+00  1.26000000e+01  1.51604319e+00  1.26000000e+01  2.88561150e+00  1.26000000e+01  1.54062894e+00  1.26000000e+01  8.09691257e-01 
 1.26102000e+01  1.98692278e+00  1.26102000e+01  9.81608657e-01  1.26102000e+01  1.80890409e+00  1.26102000e+01  1.18440006e+00  1.26102000e+01  1.75957410e+00  1.26102000e+01  1.51562192e+00  1.26102000e+01  1.16400008e+00  1.26102000e+01  1.81080004e+00  1.26102000e+01  1.13400008e+00  1.26102000e+01  1.70400003e+00  1.26102000e+01  1.18080007e+00  1.26102000e+01  1.21080006e+00  1.26102000e+01  5.81414653e-01  1.26102000e+01  2.53942815e+00  1.26102000e+01  1.62684031e+00  1.26102000e+01  1.29559958e+00  1.26102000e+01  1.26997522e+00  1.26102000e+01  1.99631561e+00  1.26102000e+01  2.57812501e+00  1.26102000e+01  2.08077063e+00  1.26102000e+01  2.84883572e+00  1.26102000e+01  1.51866994e+00  1.26102000e+01  2.88613182e+00  1.26102000e+01  1.54326214e+00  1.26102000e+01  8.13918848e-01 
 1.26306000e+01  1.99275217e+00  1.26306000e+01  9.81608657e-01  1.26306000e+01  1.81476110e+00  1.26306000e+01  1.18440006e+00  1.26306000e+01  1.75957410e+00  1.26306000e+01  1.51562192e+00  1.26306000e+01  1.16400008e+00  1.26306000e+01  1.81080004e+00  1.26306000e+01  1.13400008e+00  1.26306000e+01  1.70400003e+00  1.26306000e+01  1.18080007e+00  1.26306000e+01  1.21080006e+00  1.26306000e+01  5.81414653e-01  1.26306000e+01  2.54250753e+00  1.26306000e+01  1.63010112e+00  1.26306000e+01  1.29164814e+00  1.26306000e+01  1.26997522e+00  1.26306000e+01  1.99221834e+00  1.26306000e+01  2.58557098e+00  1.26306000e+01  2.08580291e+00  1.26306000e+01  2.85212502e+00  1.26306000e+01  1.52360498e+00  1.26306000e+01  2.88803035e+00  1.26306000e+01  1.54820663e+00  1.26306000e+01  8.24886508e-01 
 1.26357000e+01  1.99565903e+00  1.26357000e+01  9.81608657e-01  1.26357000e+01  1.81768178e+00  1.26357000e+01  1.18440006e+00  1.26357000e+01  1.75957410e+00  1.26357000e+01  1.51562192e+00  1.26357000e+01  1.16400008e+00  1.26357000e+01  1.81080004e+00  1.26357000e+01  1.13400008e+00  1.26357000e+01  1.70400003e+00  1.26357000e+01  1.18080007e+00  1.26357000e+01  1.21080006e+00  1.26357000e+01  5.81414654e-01  1.26357000e+01  2.54250753e+00  1.26357000e+01  1.63010112e+00  1.26357000e+01  1.28969272e+00  1.26357000e+01  1.26997522e+00  1.26357000e+01  1.99019005e+00  1.26357000e+01  2.58794588e+00  1.26357000e+01  2.08697183e+00  1.26357000e+01  2.85297188e+00  1.26357000e+01  1.52476738e+00  1.26357000e+01  2.88871982e+00  1.26357000e+01  1.54937013e+00  1.26357000e+01  8.28256325e-01 
 1.26459000e+01  2.00145633e+00  1.26459000e+01  9.81608657e-01  1.26459000e+01  1.82350675e+00  1.26459000e+01  1.18440006e+00  1.26459000e+01  1.75957410e+00  1.26459000e+01  1.51562192e+00  1.26459000e+01  1.16400008e+00  1.26459000e+01  1.81080004e+00  1.26459000e+01  1.13400008e+00  1.26459000e+01  1.70400003e+00  1.26459000e+01  1.18080007e+00  1.26459000e+01  1.21080006e+00  1.26459000e+01  5.81414654e-01  1.26459000e+01  2.54250753e+00  1.26459000e+01  1.63010112e+00  1.26459000e+01  1.28582300e+00  1.26459000e+01  1.26997522e+00  1.26459000e+01  1.98617468e+00  1.26459000e+01  2.59272987e+00  1.26459000e+01  2.08932861e+00  1.26459000e+01  2.85466844e+00  1.26459000e+01  1.52710886e+00  1.26459000e+01  2.89009934e+00  1.26459000e+01  1.55171348e+00  1.26459000e+01  8.34995523e-01 
 1.26484500e+01  2.00289942e+00  1.26484500e+01  9.81608657e-01  1.26484500e+01  1.82495678e+00  1.26484500e+01  1.18440006e+00  1.26484500e+01  1.75957410e+00  1.26484500e+01  1.51562192e+00  1.26484500e+01  1.16400008e+00  1.26484500e+01  1.81080004e+00  1.26484500e+01  1.13400008e+00  1.26484500e+01  1.70400003e+00  1.26484500e+01  1.18080007e+00  1.26484500e+01  1.21080006e+00  1.26484500e+01  5.81414654e-01  1.26484500e+01  2.54250753e+00  1.26484500e+01  1.63010112e+00  1.26484500e+01  1.28487175e+00  1.26484500e+01  1.26997522e+00  1.26484500e+01  1.98518712e+00  1.26484500e+01  2.59393847e+00  1.26484500e+01  2.08992493e+00  1.26484500e+01  2.85509363e+00  1.26484500e+01  1.52770051e+00  1.26484500e+01  2.89044443e+00  1.26484500e+01  1.55230550e+00  1.26484500e+01  8.36680159e-01 
 1.26535500e+01  2.00578128e+00  1.26535500e+01  9.81608657e-01  1.26535500e+01  1.82785249e+00  1.26535500e+01  1.18440006e+00  1.26535500e+01  1.75957410e+00  1.26535500e+01  1.51562192e+00  1.26535500e+01  1.16400008e+00  1.26535500e+01  1.81080004e+00  1.26535500e+01  1.13400008e+00  1.26535500e+01  1.70400003e+00  1.26535500e+01  1.18080007e+00  1.26535500e+01  1.21080006e+00  1.26535500e+01  5.81414654e-01  1.26535500e+01  2.54250753e+00  1.26535500e+01  1.63010112e+00  1.26535500e+01  1.28303986e+00  1.26535500e+01  1.26997522e+00  1.26535500e+01  1.98328742e+00  1.26535500e+01  2.59636358e+00  1.26535500e+01  2.09112238e+00  1.26535500e+01  2.85594466e+00  1.26535500e+01  1.52888801e+00  1.26535500e+01  2.89113470e+00  1.26535500e+01  1.55349379e+00  1.26535500e+01  8.40049323e-01 
 1.26637500e+01  2.01151817e+00  1.26637500e+01  9.81608658e-01  1.26637500e+01  1.83361715e+00  1.26637500e+01  1.18440006e+00  1.26637500e+01  1.75957410e+00  1.26637500e+01  1.51562192e+00  1.26637500e+01  1.16400008e+00  1.26637500e+01  1.81080004e+00  1.26637500e+01  1.13400008e+00  1.26637500e+01  1.70400003e+00  1.26637500e+01  1.18080007e+00  1.26637500e+01  1.21080006e+00  1.26637500e+01  5.81414654e-01  1.26637500e+01  2.54250753e+00  1.26637500e+01  1.63010112e+00  1.26637500e+01  1.28127859e+00  1.26637500e+01  1.26997522e+00  1.26637500e+01  1.98146317e+00  1.26637500e+01  2.60125918e+00  1.26637500e+01  2.09354619e+00  1.26637500e+01  2.85765038e+00  1.26637500e+01  1.53128841e+00  1.26637500e+01  2.89251567e+00  1.26637500e+01  1.55589597e+00  1.26637500e+01  8.46786998e-01 
 1.26841500e+01  2.02287704e+00  1.26841500e+01  9.81608658e-01  1.26841500e+01  1.84503172e+00  1.26841500e+01  1.18440006e+00  1.26841500e+01  1.75957410e+00  1.26841500e+01  1.51562192e+00  1.26841500e+01  1.16400008e+00  1.26841500e+01  1.81080004e+00  1.26841500e+01  1.13400008e+00  1.26841500e+01  1.70400003e+00  1.26841500e+01  1.18080007e+00  1.26841500e+01  1.21080006e+00  1.26841500e+01  5.81414654e-01  1.26841500e+01  2.54250753e+00  1.26841500e+01  1.63010112e+00  1.26841500e+01  1.28127859e+00  1.26841500e+01  1.26997522e+00  1.26841500e+01  1.98146317e+00  1.26841500e+01  2.61121273e+00  1.26841500e+01  2.09851047e+00  1.26841500e+01  2.86107401e+00  1.26841500e+01  1.53619128e+00  1.26841500e+01  2.89527752e+00  1.26841500e+01  1.56080326e+00  1.26841500e+01  8.60259736e-01 
 1.27249500e+01  2.04507134e+00  1.27249500e+01  9.81608658e-01  1.27249500e+01  1.86733821e+00  1.27249500e+01  1.18440006e+00  1.27249500e+01  1.75957410e+00  1.27249500e+01  1.51562192e+00  1.27249500e+01  1.16400008e+00  1.27249500e+01  1.81080004e+00  1.27249500e+01  1.13400008e+00  1.27249500e+01  1.70400003e+00  1.27249500e+01  1.18080007e+00  1.27249500e+01  1.21080006e+00  1.27249500e+01  5.81414655e-01  1.27249500e+01  2.54250753e+00  1.27249500e+01  1.63010112e+00  1.27249500e+01  1.28127859e+00  1.27249500e+01  1.26997522e+00  1.27249500e+01  1.98146317e+00  1.27249500e+01  2.63162141e+00  1.27249500e+01  2.10891108e+00  1.27249500e+01  2.86795005e+00  1.27249500e+01  1.54640755e+00  1.27249500e+01  2.90078643e+00  1.27249500e+01  1.57103205e+00  1.27249500e+01  8.87194773e-01 
 1.28065500e+01  2.08685137e+00  1.28065500e+01  9.81608660e-01  1.28065500e+01  1.90934647e+00  1.28065500e+01  1.18440006e+00  1.28065500e+01  1.75957410e+00  1.28065500e+01  1.51562193e+00  1.28065500e+01  1.16400008e+00  1.28065500e+01  1.81080004e+00  1.28065500e+01  1.13400008e+00  1.28065500e+01  1.70400003e+00  1.28065500e+01  1.18080007e+00  1.28065500e+01  1.21080006e+00  1.28065500e+01  5.81414656e-01  1.28065500e+01  2.54250753e+00  1.28065500e+01  1.63010112e+00  1.28065500e+01  1.28127859e+00  1.28065500e+01  1.26997522e+00  1.28065500e+01  1.98146317e+00  1.28065500e+01  2.67326381e+00  1.28065500e+01  2.13161059e+00  1.28065500e+01  2.88165332e+00  1.28065500e+01  1.56847160e+00  1.28065500e+01  2.91162887e+00  1.28065500e+01  1.59313702e+00  1.28065500e+01  9.40643960e-01 
 1.29000000e+01  2.12943853e+00  1.29000000e+01  9.81608661e-01  1.29000000e+01  1.95220248e+00  1.29000000e+01  1.18440006e+00  1.29000000e+01  1.75957410e+00  1.29000000e+01  1.51562193e+00  1.29000000e+01  1.16400008e+00  1.29000000e+01  1.81080004e+00  1.29000000e+01  1.13400008e+00  1.29000000e+01  1.70400003e+00  1.29000000e+01  1.18080007e+00  1.29000000e+01  1.21080006e+00  1.29000000e+01  5.81414657e-01  1.29000000e+01  2.54250753e+00  1.29000000e+01  1.63010112e+00  1.29000000e+01  1.28127859e+00  1.29000000e+01  1.26997522e+00  1.29000000e+01  1.98146317e+00  1.29000000e+01  2.71843403e+00  1.29000000e+01  2.16054266e+00  1.29000000e+01  2.89687210e+00  1.29000000e+01  1.59630421e+00  1.29000000e+01  2.92348373e+00  1.29000000e+01  1.62104102e+00  1.29000000e+01  9.99110297e-01 
 1.29102000e+01  2.13366803e+00  1.29102000e+01  9.81608661e-01  1.29102000e+01  1.95646190e+00  1.29102000e+01  1.18440007e+00  1.29102000e+01  1.75957410e+00  1.29102000e+01  1.51562193e+00  1.29102000e+01  1.16400008e+00  1.29102000e+01  1.81080004e+00  1.29102000e+01  1.13400008e+00  1.29102000e+01  1.70400003e+00  1.29102000e+01  1.18080007e+00  1.29102000e+01  1.21080006e+00  1.29102000e+01  5.81414657e-01  1.29102000e+01  2.54250753e+00  1.29102000e+01  1.63010112e+00  1.29102000e+01  1.28127859e+00  1.29102000e+01  1.26997522e+00  1.29102000e+01  1.98146317e+00  1.29102000e+01  2.72295238e+00  1.29102000e+01  2.16389234e+00  1.29102000e+01  2.89847748e+00  1.29102000e+01  1.59951433e+00  1.29102000e+01  2.92472242e+00  1.29102000e+01  1.62426038e+00  1.29102000e+01  1.00516406e+00 
 1.29306000e+01  2.13220216e+00  1.29306000e+01  9.76155946e-01  1.29306000e+01  1.95506275e+00  1.29306000e+01  1.18440007e+00  1.29306000e+01  1.75957410e+00  1.29306000e+01  1.51562193e+00  1.29306000e+01  1.16400008e+00  1.29306000e+01  1.81080004e+00  1.29306000e+01  1.13400008e+00  1.29306000e+01  1.70400003e+00  1.29306000e+01  1.18080007e+00  1.29306000e+01  1.21080006e+00  1.29306000e+01  5.78321050e-01  1.29306000e+01  2.53584867e+00  1.29306000e+01  1.62363090e+00  1.29306000e+01  1.28127859e+00  1.29306000e+01  1.26997522e+00  1.29306000e+01  1.98146317e+00  1.29306000e+01  2.72595051e+00  1.29306000e+01  2.16579397e+00  1.29306000e+01  2.89866591e+00  1.29306000e+01  1.60123419e+00  1.29306000e+01  2.92435591e+00  1.29306000e+01  1.62599190e+00  1.29306000e+01  1.00309899e+00 
 1.29714000e+01  2.10962230e+00  1.29714000e+01  9.54546344e-01  1.29714000e+01  1.93263007e+00  1.29714000e+01  1.18440007e+00  1.29714000e+01  1.75957410e+00  1.29714000e+01  1.51562193e+00  1.29714000e+01  1.16400008e+00  1.29714000e+01  1.81080004e+00  1.29714000e+01  1.13400008e+00  1.29714000e+01  1.70400003e+00  1.29714000e+01  1.18080007e+00  1.29714000e+01  1.21080006e+00  1.29714000e+01  5.66440605e-01  1.29714000e+01  2.50943591e+00  1.29714000e+01  1.59797281e+00  1.29714000e+01  1.28127860e+00  1.29714000e+01  1.26997522e+00  1.29714000e+01  1.98146317e+00  1.29714000e+01  2.72010922e+00  1.29714000e+01  2.16013951e+00  1.29714000e+01  2.89314305e+00  1.29714000e+01  1.59540105e+00  1.29714000e+01  2.91823530e+00  1.29714000e+01  1.62016906e+00  1.29714000e+01  9.71002380e-01 
 1.30530000e+01  2.06536416e+00  1.30530000e+01  9.12245070e-01  1.30530000e+01  1.88866588e+00  1.30530000e+01  1.18440007e+00  1.30530000e+01  1.75957410e+00  1.30530000e+01  1.51562193e+00  1.30530000e+01  1.16400008e+00  1.30530000e+01  1.81080004e+00  1.30530000e+01  1.13400008e+00  1.30530000e+01  1.70400003e+00  1.30530000e+01  1.18080007e+00  1.30530000e+01  1.21080006e+00  1.30530000e+01  5.45343340e-01  1.30530000e+01  2.45758500e+00  1.30530000e+01  1.54763088e+00  1.30530000e+01  1.28127860e+00  1.30530000e+01  1.26997522e+00  1.30530000e+01  1.98146317e+00  1.30530000e+01  2.70942494e+00  1.30530000e+01  2.14942509e+00  1.30530000e+01  2.88272235e+00  1.30530000e+01  1.58428691e+00  1.30530000e+01  2.90729336e+00  1.30530000e+01  1.60907798e+00  1.30530000e+01  9.09039674e-01 
 1.30621875e+01  2.06044571e+00  1.30621875e+01  9.07551644e-01  1.30621875e+01  1.88378048e+00  1.30621875e+01  1.18440007e+00  1.30621875e+01  1.75957410e+00  1.30621875e+01  1.51562193e+00  1.30621875e+01  1.16400008e+00  1.30621875e+01  1.81080004e+00  1.30621875e+01  1.13400008e+00  1.30621875e+01  1.70400003e+00  1.30621875e+01  1.18080007e+00  1.30621875e+01  1.21080006e+00  1.30621875e+01  5.43194123e-01  1.30621875e+01  2.45181481e+00  1.30621875e+01  1.54203051e+00  1.30621875e+01  1.28127860e+00  1.30621875e+01  1.26997522e+00  1.30621875e+01  1.98146317e+00  1.30621875e+01  2.70828578e+00  1.30621875e+01  2.14825841e+00  1.30621875e+01  2.88159078e+00  1.30621875e+01  1.58307238e+00  1.30621875e+01  2.90614909e+00  1.30621875e+01  1.60786621e+00  1.30621875e+01  9.02267347e-01 
 1.30805625e+01  2.05095138e+00  1.30805625e+01  8.98485402e-01  1.30805625e+01  1.87434777e+00  1.30805625e+01  1.18440007e+00  1.30805625e+01  1.75957410e+00  1.30805625e+01  1.51562193e+00  1.30805625e+01  1.16400008e+00  1.30805625e+01  1.81080004e+00  1.30805625e+01  1.13400008e+00  1.30805625e+01  1.70400003e+00  1.30805625e+01  1.18080007e+00  1.30805625e+01  1.21080006e+00  1.30805625e+01  5.38969224e-01  1.30805625e+01  2.44028896e+00  1.30805625e+01  1.53084419e+00  1.30805625e+01  1.28127860e+00  1.30805625e+01  1.26997522e+00  1.30805625e+01  1.98146317e+00  1.30805625e+01  2.70601374e+00  1.30805625e+01  2.14593016e+00  1.30805625e+01  2.87933304e+00  1.30805625e+01  1.58064797e+00  1.30805625e+01  2.90387363e+00  1.30805625e+01  1.60544735e+00  1.30805625e+01  8.88801158e-01 
 1.31173125e+01  2.04179962e+00  1.31173125e+01  8.89739769e-01  1.31173125e+01  1.86525315e+00  1.31173125e+01  1.18440007e+00  1.31173125e+01  1.75957410e+00  1.31173125e+01  1.51562193e+00  1.31173125e+01  1.16400008e+00  1.31173125e+01  1.81080004e+00  1.31173125e+01  1.13400008e+00  1.31173125e+01  1.70400003e+00  1.31173125e+01  1.18080007e+00  1.31173125e+01  1.21080006e+00  1.31173125e+01  5.31179796e-01  1.31173125e+01  2.41764005e+00  1.31173125e+01  1.50885461e+00  1.31173125e+01  1.28127860e+00  1.31173125e+01  1.26997522e+00  1.31173125e+01  1.98146317e+00  1.31173125e+01  2.70148974e+00  1.31173125e+01  2.14129077e+00  1.31173125e+01  2.87483597e+00  1.31173125e+01  1.57581427e+00  1.31173125e+01  2.89936832e+00  1.31173125e+01  1.60062489e+00  1.31173125e+01  8.62357300e-01 
 1.31586562e+01  2.04179962e+00  1.31586562e+01  8.89739770e-01  1.31586562e+01  1.86525315e+00  1.31586562e+01  1.18440007e+00  1.31586562e+01  1.75957410e+00  1.31586562e+01  1.51562193e+00  1.31586562e+01  1.16400008e+00  1.31586562e+01  1.81080004e+00  1.31586562e+01  1.13400008e+00  1.31586562e+01  1.70400003e+00  1.31586562e+01  1.18080007e+00  1.31586562e+01  1.21080006e+00  1.31586562e+01  5.29279293e-01  1.31586562e+01  2.40511028e+00  1.31586562e+01  1.49668470e+00  1.31586562e+01  1.28127860e+00  1.31586562e+01  1.26997522e+00  1.31586562e+01  1.98146317e+00  1.31586562e+01  2.69640873e+00  1.31586562e+01  2.13607896e+00  1.31586562e+01  2.86978548e+00  1.31586562e+01  1.57038182e+00  1.31586562e+01  2.89432186e+00  1.31586562e+01  1.59520520e+00  1.31586562e+01  8.33442081e-01 
 1.32000000e+01  2.04179962e+00  1.32000000e+01  8.89739770e-01  1.32000000e+01  1.86525315e+00  1.32000000e+01  1.18440007e+00  1.32000000e+01  1.75957410e+00  1.32000000e+01  1.51562193e+00  1.32000000e+01  1.16400008e+00  1.32000000e+01  1.81080004e+00  1.32000000e+01  1.13400008e+00  1.32000000e+01  1.70400003e+00  1.32000000e+01  1.18080007e+00  1.32000000e+01  1.21080007e+00  1.32000000e+01  5.33563305e-01  1.32000000e+01  2.40511028e+00  1.32000000e+01  1.49668470e+00  1.32000000e+01  1.28127860e+00  1.32000000e+01  1.26997522e+00  1.32000000e+01  1.98146317e+00  1.32000000e+01  2.69132789e+00  1.32000000e+01  2.13086653e+00  1.32000000e+01  2.86473532e+00  1.32000000e+01  1.56494708e+00  1.32000000e+01  2.88927577e+00  1.32000000e+01  1.58978333e+00  1.32000000e+01  8.05494690e-01 
 1.32082687e+01  2.04179962e+00  1.32082687e+01  8.89739770e-01  1.32082687e+01  1.86525315e+00  1.32082687e+01  1.18440007e+00  1.32082687e+01  1.75957410e+00  1.32082687e+01  1.51562193e+00  1.32082687e+01  1.16400008e+00  1.32082687e+01  1.81080004e+00  1.32082687e+01  1.13400008e+00  1.32082687e+01  1.70400003e+00  1.32082687e+01  1.18080007e+00  1.32082687e+01  1.21080007e+00  1.32082687e+01  5.34392292e-01  1.32082687e+01  2.40511028e+00  1.32082687e+01  1.49668470e+00  1.32082687e+01  1.28127860e+00  1.32082687e+01  1.26997522e+00  1.32082687e+01  1.98146317e+00  1.32082687e+01  2.69031175e+00  1.32082687e+01  2.12982396e+00  1.32082687e+01  2.86372534e+00  1.32082687e+01  1.56385981e+00  1.32082687e+01  2.88826660e+00  1.32082687e+01  1.58869865e+00  1.32082687e+01  8.00048876e-01 
 1.32248062e+01  2.04179962e+00  1.32248062e+01  8.89739770e-01  1.32248062e+01  1.86124764e+00  1.32248062e+01  1.18440007e+00  1.32248062e+01  1.75957410e+00  1.32248062e+01  1.51562193e+00  1.32248062e+01  1.16400008e+00  1.32248062e+01  1.81080004e+00  1.32248062e+01  1.13400008e+00  1.32248062e+01  1.70400003e+00  1.32248062e+01  1.18080007e+00  1.32248062e+01  1.21080007e+00  1.32248062e+01  5.36024906e-01  1.32248062e+01  2.40511028e+00  1.32248062e+01  1.49668470e+00  1.32248062e+01  1.28127860e+00  1.32248062e+01  1.26997522e+00  1.32248062e+01  1.98214362e+00  1.32248062e+01  2.68763100e+00  1.32248062e+01  2.12729410e+00  1.32248062e+01  2.86125093e+00  1.32248062e+01  1.56125347e+00  1.32248062e+01  2.88579357e+00  1.32248062e+01  1.58434666e+00  1.32248062e+01  7.89567408e-01 
 1.32578812e+01  2.04179962e+00  1.32578812e+01  8.89739770e-01  1.32578812e+01  1.84533865e+00  1.32578812e+01  1.18440007e+00  1.32578812e+01  1.75957410e+00  1.32578812e+01  1.51562193e+00  1.32578812e+01  1.16400008e+00  1.32578812e+01  1.81080004e+00  1.32578812e+01  1.13400008e+00  1.32578812e+01  1.70400003e+00  1.32578812e+01  1.18080007e+00  1.32578812e+01  1.21080007e+00  1.32578812e+01  5.39180240e-01  1.32578812e+01  2.40511028e+00  1.32578812e+01  1.49668470e+00  1.32578812e+01  1.28127860e+00  1.32578812e+01  1.26997522e+00  1.32578812e+01  1.98498613e+00  1.32578812e+01  2.68105617e+00  1.32578812e+01  2.12136439e+00  1.32578812e+01  2.85541517e+00  1.32578812e+01  1.55519307e+00  1.32578812e+01  2.87996014e+00  1.32578812e+01  1.57125291e+00  1.32578812e+01  7.69812468e-01 
 1.33240312e+01  2.04179962e+00  1.33240312e+01  8.89739770e-01  1.33240312e+01  1.81419182e+00  1.33240312e+01  1.18440007e+00  1.33240312e+01  1.75957410e+00  1.33240312e+01  1.51562193e+00  1.33240312e+01  1.16400008e+00  1.33240312e+01  1.81080004e+00  1.33240312e+01  1.13400008e+00  1.33240312e+01  1.70400003e+00  1.33240312e+01  1.18080007e+00  1.33240312e+01  1.21080007e+00  1.33240312e+01  5.45153926e-01  1.33240312e+01  2.40511028e+00  1.33240312e+01  1.49668470e+00  1.33240312e+01  1.28127860e+00  1.33240312e+01  1.26997522e+00  1.33240312e+01  1.99138988e+00  1.33240312e+01  2.66834945e+00  1.33240312e+01  2.10960196e+00  1.33240312e+01  2.84385489e+00  1.33240312e+01  1.54314855e+00  1.33240312e+01  2.86840487e+00  1.33240312e+01  1.54487648e+00  1.33240312e+01  7.32662495e-01 
 1.34120156e+01  2.04179962e+00  1.34120156e+01  8.89739771e-01  1.34120156e+01  1.77414538e+00  1.34120156e+01  1.18440007e+00  1.34120156e+01  1.75957410e+00  1.34120156e+01  1.51562193e+00  1.34120156e+01  1.16400008e+00  1.34120156e+01  1.81080005e+00  1.34120156e+01  1.13400008e+00  1.34120156e+01  1.70400004e+00  1.34120156e+01  1.18080007e+00  1.34120156e+01  1.21080007e+00  1.34120156e+01  5.52464995e-01  1.34120156e+01  2.40511027e+00  1.34120156e+01  1.49668470e+00  1.34120156e+01  1.28127860e+00  1.34120156e+01  1.26997523e+00  1.34120156e+01  2.00136842e+00  1.34120156e+01  2.65215711e+00  1.34120156e+01  2.09408580e+00  1.34120156e+01  2.82863525e+00  1.34120156e+01  1.52721652e+00  1.34120156e+01  2.85319257e+00  1.34120156e+01  1.50926072e+00  1.34120156e+01  6.88196231e-01 
 1.35000000e+01  2.04179962e+00  1.35000000e+01  8.89739771e-01  1.35000000e+01  1.73571292e+00  1.35000000e+01  1.18440007e+00  1.35000000e+01  1.75957410e+00  1.35000000e+01  1.51562193e+00  1.35000000e+01  1.16400008e+00  1.35000000e+01  1.81080004e+00  1.35000000e+01  1.13400008e+00  1.35000000e+01  1.70400004e+00  1.35000000e+01  1.18080007e+00  1.35000000e+01  1.21080007e+00  1.35000000e+01  5.59130316e-01  1.35000000e+01  2.40511027e+00  1.35000000e+01  1.49668470e+00  1.35000000e+01  1.28127860e+00  1.35000000e+01  1.26997523e+00  1.35000000e+01  2.01296996e+00  1.35000000e+01  2.63650114e+00  1.35000000e+01  2.07861894e+00  1.35000000e+01  2.81349495e+00  1.35000000e+01  1.51128880e+00  1.35000000e+01  2.83806033e+00  1.35000000e+01  1.47286859e+00  1.35000000e+01  6.49370358e-01 
 1.35102000e+01  2.04179962e+00  1.35102000e+01  8.89739771e-01  1.35102000e+01  1.73137619e+00  1.35102000e+01  1.18440007e+00  1.35102000e+01  1.75957410e+00  1.35102000e+01  1.51562193e+00  1.35102000e+01  1.16400008e+00  1.35102000e+01  1.81080004e+00  1.35102000e+01  1.13400008e+00  1.35102000e+01  1.70400004e+00  1.35102000e+01  1.18080007e+00  1.35102000e+01  1.21080007e+00  1.35102000e+01  5.59860451e-01  1.35102000e+01  2.40511027e+00  1.35102000e+01  1.49668470e+00  1.35102000e+01  1.28127860e+00  1.35102000e+01  1.26997523e+00  1.35102000e+01  2.01442809e+00  1.35102000e+01  2.63471189e+00  1.35102000e+01  2.07682479e+00  1.35102000e+01  2.81174076e+00  1.35102000e+01  1.50943802e+00  1.35102000e+01  2.83630713e+00  1.35102000e+01  1.46858745e+00  1.35102000e+01  6.45267678e-01 
 1.35306000e+01  2.04179962e+00  1.35306000e+01  8.89739771e-01  1.35306000e+01  1.72703946e+00  1.35306000e+01  1.18440007e+00  1.35306000e+01  1.75957410e+00  1.35306000e+01  1.51562193e+00  1.35306000e+01  1.16400008e+00  1.35306000e+01  1.81080004e+00  1.35306000e+01  1.13400008e+00  1.35306000e+01  1.70400004e+00  1.35306000e+01  1.18080007e+00  1.35306000e+01  1.21080007e+00  1.35306000e+01  5.60590586e-01  1.35306000e+01  2.41101161e+00  1.35306000e+01  1.50272578e+00  1.35306000e+01  1.28127860e+00  1.35306000e+01  1.26571229e+00  1.35306000e+01  2.01146773e+00  1.35306000e+01  2.63569703e+00  1.35306000e+01  2.07777250e+00  1.35306000e+01  2.81222374e+00  1.35306000e+01  1.51024803e+00  1.35306000e+01  2.83762651e+00  1.35306000e+01  1.46696069e+00  1.35306000e+01  6.47906990e-01 
 1.35714000e+01  2.04179962e+00  1.35714000e+01  8.89739771e-01  1.35714000e+01  1.72703946e+00  1.35714000e+01  1.18440007e+00  1.35714000e+01  1.75957410e+00  1.35714000e+01  1.51562193e+00  1.35714000e+01  1.16400008e+00  1.35714000e+01  1.81080005e+00  1.35714000e+01  1.13400008e+00  1.35714000e+01  1.70400004e+00  1.35714000e+01  1.18080007e+00  1.35714000e+01  1.21080007e+00  1.35714000e+01  5.60590587e-01  1.35714000e+01  2.43392102e+00  1.35714000e+01  1.52619989e+00  1.35714000e+01  1.28127860e+00  1.35714000e+01  1.25414705e+00  1.35714000e+01  1.99955417e+00  1.35714000e+01  2.64717574e+00  1.35714000e+01  2.08909114e+00  1.35714000e+01  2.82123900e+00  1.35714000e+01  1.52118624e+00  1.35714000e+01  2.84968401e+00  1.35714000e+01  1.47786068e+00  1.35714000e+01  6.74645616e-01 
 1.36530000e+01  2.04179962e+00  1.36530000e+01  8.89739772e-01  1.36530000e+01  1.72703947e+00  1.36530000e+01  1.18440007e+00  1.36530000e+01  1.75957410e+00  1.36530000e+01  1.51562193e+00  1.36530000e+01  1.16400008e+00  1.36530000e+01  1.81080005e+00  1.36530000e+01  1.13400008e+00  1.36530000e+01  1.70400004e+00  1.36530000e+01  1.18080007e+00  1.36530000e+01  1.21080007e+00  1.36530000e+01  5.60590588e-01  1.36530000e+01  2.47515877e+00  1.36530000e+01  1.56860315e+00  1.36530000e+01  1.28127860e+00  1.36530000e+01  1.24806832e+00  1.36530000e+01  1.99340099e+00  1.36530000e+01  2.67211095e+00  1.36530000e+01  2.11372922e+00  1.36530000e+01  2.83938098e+00  1.36530000e+01  1.54476434e+00  1.36530000e+01  2.87087719e+00  1.36530000e+01  1.50131226e+00  1.36530000e+01  7.25591798e-01 
 1.37265000e+01  2.04179962e+00  1.37265000e+01  8.89739773e-01  1.37265000e+01  1.72703947e+00  1.37265000e+01  1.18440007e+00  1.37265000e+01  1.75957410e+00  1.37265000e+01  1.51562193e+00  1.37265000e+01  1.16400008e+00  1.37265000e+01  1.81080005e+00  1.37265000e+01  1.13400008e+00  1.37265000e+01  1.70400004e+00  1.37265000e+01  1.18080007e+00  1.37265000e+01  1.21080007e+00  1.37265000e+01  5.60590589e-01  1.37265000e+01  2.50671495e+00  1.37265000e+01  1.60125437e+00  1.37265000e+01  1.28127860e+00  1.37265000e+01  1.24806832e+00  1.37265000e+01  1.99340099e+00  1.37265000e+01  2.69534171e+00  1.37265000e+01  2.13714131e+00  1.37265000e+01  2.85479483e+00  1.37265000e+01  1.56719807e+00  1.37265000e+01  2.88477334e+00  1.37265000e+01  1.52362297e+00  1.37265000e+01  7.66943589e-01 
 1.38000000e+01  2.04179962e+00  1.38000000e+01  8.89739774e-01  1.38000000e+01  1.72703947e+00  1.38000000e+01  1.18440007e+00  1.38000000e+01  1.75957410e+00  1.38000000e+01  1.51562193e+00  1.38000000e+01  1.16400008e+00  1.38000000e+01  1.81080005e+00  1.38000000e+01  1.13400008e+00  1.38000000e+01  1.70400004e+00  1.38000000e+01  1.18080007e+00  1.38000000e+01  1.21080007e+00  1.38000000e+01  5.60590590e-01  1.38000000e+01  2.53286715e+00  1.38000000e+01  1.62858917e+00  1.38000000e+01  1.28127860e+00  1.38000000e+01  1.24806832e+00  1.38000000e+01  1.99340099e+00  1.38000000e+01  2.71654979e+00  1.38000000e+01  2.15920053e+00  1.38000000e+01  2.86748396e+00  1.38000000e+01  1.58855035e+00  1.38000000e+01  2.89242933e+00  1.38000000e+01  1.54487979e+00  1.38000000e+01  8.02409879e-01 
 1.38102000e+01  2.04179962e+00  1.38102000e+01  8.89739774e-01  1.38102000e+01  1.72703947e+00  1.38102000e+01  1.18440007e+00  1.38102000e+01  1.75957410e+00  1.38102000e+01  1.51562193e+00  1.38102000e+01  1.16400008e+00  1.38102000e+01  1.81080005e+00  1.38102000e+01  1.13400008e+00  1.38102000e+01  1.70400004e+00  1.38102000e+01  1.18080007e+00  1.38102000e+01  1.21080007e+00  1.38102000e+01  5.60590590e-01  1.38102000e+01  2.53601686e+00  1.38102000e+01  1.63191489e+00  1.38102000e+01  1.28127860e+00  1.38102000e+01  1.24806832e+00  1.38102000e+01  1.99340099e+00  1.38102000e+01  2.71917890e+00  1.38102000e+01  2.16199741e+00  1.38102000e+01  2.86891677e+00  1.38102000e+01  1.59127080e+00  1.38102000e+01  2.89291911e+00  1.38102000e+01  1.54758943e+00  1.38102000e+01  8.06759069e-01 
 1.38306000e+01  2.04810020e+00  1.38306000e+01  8.89739774e-01  1.38306000e+01  1.73338738e+00  1.38306000e+01  1.18440007e+00  1.38306000e+01  1.75957410e+00  1.38306000e+01  1.51562193e+00  1.38306000e+01  1.16400008e+00  1.38306000e+01  1.81080005e+00  1.38306000e+01  1.13400008e+00  1.38306000e+01  1.70400004e+00  1.38306000e+01  1.18080007e+00  1.38306000e+01  1.21080007e+00  1.38306000e+01  5.60590591e-01  1.38306000e+01  2.53916657e+00  1.38306000e+01  1.63524061e+00  1.38306000e+01  1.27746939e+00  1.38306000e+01  1.24806832e+00  1.38306000e+01  1.98944372e+00  1.38306000e+01  2.72573088e+00  1.38306000e+01  2.16706813e+00  1.38306000e+01  2.87185711e+00  1.38306000e+01  1.59625835e+00  1.38306000e+01  2.89470626e+00  1.38306000e+01  1.55256584e+00  1.38306000e+01  8.17849237e-01 
 1.38714000e+01  2.07295540e+00  1.38714000e+01  8.89739775e-01  1.38714000e+01  1.75843296e+00  1.38714000e+01  1.18440007e+00  1.38714000e+01  1.75957410e+00  1.38714000e+01  1.51562193e+00  1.38714000e+01  1.16400008e+00  1.38714000e+01  1.81080005e+00  1.38714000e+01  1.13400008e+00  1.38714000e+01  1.70400004e+00  1.38714000e+01  1.18080007e+00  1.38714000e+01  1.21080007e+00  1.38714000e+01  5.60590591e-01  1.38714000e+01  2.53916657e+00  1.38714000e+01  1.63524061e+00  1.38714000e+01  1.26931300e+00  1.38714000e+01  1.24806832e+00  1.38714000e+01  1.98099121e+00  1.38714000e+01  2.74158761e+00  1.38714000e+01  2.17649589e+00  1.38714000e+01  2.87792095e+00  1.38714000e+01  1.60562247e+00  1.38714000e+01  2.89990807e+00  1.38714000e+01  1.56192233e+00  1.38714000e+01  8.44806183e-01 
 1.39530000e+01  2.12009245e+00  1.39530000e+01  8.89739776e-01  1.39530000e+01  1.80595821e+00  1.39530000e+01  1.18440007e+00  1.39530000e+01  1.75957411e+00  1.39530000e+01  1.51562193e+00  1.39530000e+01  1.16400008e+00  1.39530000e+01  1.81080005e+00  1.39530000e+01  1.13400009e+00  1.39530000e+01  1.70400004e+00  1.39530000e+01  1.18080007e+00  1.39530000e+01  1.21080007e+00  1.39530000e+01  5.60590592e-01  1.39530000e+01  2.53916657e+00  1.39530000e+01  1.63524061e+00  1.39530000e+01  1.26823709e+00  1.39530000e+01  1.24806832e+00  1.39530000e+01  1.97991529e+00  1.39530000e+01  2.77356101e+00  1.39530000e+01  2.19738700e+00  1.39530000e+01  2.89013323e+00  1.39530000e+01  1.62614500e+00  1.39530000e+01  2.91029194e+00  1.39530000e+01  1.58239878e+00  1.39530000e+01  8.98636016e-01 
 1.40265000e+01  2.15885403e+00  1.40265000e+01  8.89739777e-01  1.40265000e+01  1.84507971e+00  1.40265000e+01  1.18440007e+00  1.40265000e+01  1.75957411e+00  1.40265000e+01  1.51562193e+00  1.40265000e+01  1.16400008e+00  1.40265000e+01  1.81080005e+00  1.40265000e+01  1.13400009e+00  1.40265000e+01  1.70400004e+00  1.40265000e+01  1.18080007e+00  1.40265000e+01  1.21080007e+00  1.40265000e+01  5.60590593e-01  1.40265000e+01  2.53916657e+00  1.40265000e+01  1.63524061e+00  1.40265000e+01  1.26823709e+00  1.40265000e+01  1.24806832e+00  1.40265000e+01  1.97991529e+00  1.40265000e+01  2.80134579e+00  1.40265000e+01  2.21854100e+00  1.40265000e+01  2.90103239e+00  1.40265000e+01  1.64666652e+00  1.40265000e+01  2.91946668e+00  1.40265000e+01  1.60284613e+00  1.40265000e+01  9.46281945e-01 
 1.41000000e+01  2.19330236e+00  1.41000000e+01  8.89739778e-01  1.41000000e+01  1.87989918e+00  1.41000000e+01  1.18440007e+00  1.41000000e+01  1.75957411e+00  1.41000000e+01  1.51562193e+00  1.41000000e+01  1.16400009e+00  1.41000000e+01  1.81080005e+00  1.41000000e+01  1.13400009e+00  1.41000000e+01  1.70400004e+00  1.41000000e+01  1.18080007e+00  1.41000000e+01  1.21080007e+00  1.41000000e+01  5.60590594e-01  1.41000000e+01  2.53916657e+00  1.41000000e+01  1.63524061e+00  1.41000000e+01  1.26823709e+00  1.41000000e+01  1.24806832e+00  1.41000000e+01  1.97991529e+00  1.41000000e+01  2.82582305e+00  1.41000000e+01  2.24173574e+00  1.41000000e+01  2.91155246e+00  1.41000000e+01  1.66900948e+00  1.41000000e+01  2.92825009e+00  1.41000000e+01  1.62508744e+00  1.41000000e+01  9.91386565e-01 
 1.41102000e+01  2.19767093e+00  1.41102000e+01  8.89739778e-01  1.41102000e+01  1.88432029e+00  1.41102000e+01  1.18440007e+00  1.41102000e+01  1.75957411e+00  1.41102000e+01  1.51562193e+00  1.41102000e+01  1.16400009e+00  1.41102000e+01  1.81080005e+00  1.41102000e+01  1.13400009e+00  1.41102000e+01  1.70400004e+00  1.41102000e+01  1.18080007e+00  1.41102000e+01  1.21080007e+00  1.41102000e+01  5.60590594e-01  1.41102000e+01  2.53916657e+00  1.41102000e+01  1.63524061e+00  1.41102000e+01  1.26823709e+00  1.41102000e+01  1.24806832e+00  1.41102000e+01  1.97991529e+00  1.41102000e+01  2.82877846e+00  1.41102000e+01  2.24510824e+00  1.41102000e+01  2.91295524e+00  1.41102000e+01  1.67225916e+00  1.41102000e+01  2.92941446e+00  1.41102000e+01  1.62832153e+00  1.41102000e+01  9.97314238e-01 
 1.41306000e+01  2.19591248e+00  1.41306000e+01  8.83984154e-01  1.41306000e+01  1.88267935e+00  1.41306000e+01  1.18440007e+00  1.41306000e+01  1.75957411e+00  1.41306000e+01  1.51562193e+00  1.41306000e+01  1.16400009e+00  1.41306000e+01  1.81080005e+00  1.41306000e+01  1.13400009e+00  1.41306000e+01  1.70400004e+00  1.41306000e+01  1.18080007e+00  1.41306000e+01  1.21080007e+00  1.41306000e+01  5.57859713e-01  1.41306000e+01  2.53254515e+00  1.41306000e+01  1.62880613e+00  1.41306000e+01  1.26823709e+00  1.41306000e+01  1.24806832e+00  1.41306000e+01  1.97991529e+00  1.41306000e+01  2.83023377e+00  1.41306000e+01  2.24704032e+00  1.41306000e+01  2.91294457e+00  1.41306000e+01  1.67402904e+00  1.41306000e+01  2.92897433e+00  1.41306000e+01  1.63007174e+00  1.41306000e+01  9.95116550e-01 
 1.41714000e+01  2.17161040e+00  1.41714000e+01  8.61288901e-01  1.41714000e+01  1.85863717e+00  1.41714000e+01  1.18440007e+00  1.41714000e+01  1.75957411e+00  1.41714000e+01  1.51562193e+00  1.41714000e+01  1.16400009e+00  1.41714000e+01  1.81080005e+00  1.41714000e+01  1.13400009e+00  1.41714000e+01  1.70400004e+00  1.41714000e+01  1.18080008e+00  1.41714000e+01  1.21080007e+00  1.41714000e+01  5.47392795e-01  1.41714000e+01  2.50627645e+00  1.41714000e+01  1.60328526e+00  1.41714000e+01  1.26823709e+00  1.41714000e+01  1.24806832e+00  1.41714000e+01  1.97991529e+00  1.41714000e+01  2.82446828e+00  1.41714000e+01  2.24141648e+00  1.41714000e+01  2.90743475e+00  1.41714000e+01  1.66823864e+00  1.41714000e+01  2.92285579e+00  1.41714000e+01  1.62426399e+00  1.41714000e+01  9.63007127e-01 
 1.42530000e+01  2.12391594e+00  1.42530000e+01  8.17744091e-01  1.42530000e+01  1.81146178e+00  1.42530000e+01  1.18440007e+00  1.42530000e+01  1.75957411e+00  1.42530000e+01  1.51562193e+00  1.42530000e+01  1.16400009e+00  1.42530000e+01  1.81080005e+00  1.42530000e+01  1.13400009e+00  1.42530000e+01  1.70400004e+00  1.42530000e+01  1.18080008e+00  1.42530000e+01  1.21080007e+00  1.42530000e+01  5.28901006e-01  1.42530000e+01  2.45467473e+00  1.42530000e+01  1.55317880e+00  1.42530000e+01  1.26823709e+00  1.42530000e+01  1.24806833e+00  1.42530000e+01  1.97991529e+00  1.42530000e+01  2.81387539e+00  1.42530000e+01  2.23074897e+00  1.42530000e+01  2.89702093e+00  1.42530000e+01  1.65719978e+00  1.42530000e+01  2.91190282e+00  1.42530000e+01  1.61318641e+00  1.42530000e+01  9.01096318e-01 
 1.42621875e+01  2.11892727e+00  1.42621875e+01  8.13285584e-01  1.42621875e+01  1.80652441e+00  1.42621875e+01  1.18440007e+00  1.42621875e+01  1.75957411e+00  1.42621875e+01  1.51562193e+00  1.42621875e+01  1.16400009e+00  1.42621875e+01  1.81080005e+00  1.42621875e+01  1.13400009e+00  1.42621875e+01  1.70400004e+00  1.42621875e+01  1.18080008e+00  1.42621875e+01  1.21080007e+00  1.42621875e+01  5.27025049e-01  1.42621875e+01  2.44892895e+00  1.42621875e+01  1.54760128e+00  1.42621875e+01  1.26823709e+00  1.42621875e+01  1.24806833e+00  1.42621875e+01  1.97991529e+00  1.42621875e+01  2.81273900e+00  1.42621875e+01  2.22958537e+00  1.42621875e+01  2.89588755e+00  1.42621875e+01  1.65599188e+00  1.42621875e+01  2.91075529e+00  1.42621875e+01  1.61197388e+00  1.42621875e+01  8.94337009e-01 
 1.42805625e+01  2.11393859e+00  1.42805625e+01  8.08827078e-01  1.42805625e+01  1.80158705e+00  1.42805625e+01  1.18440007e+00  1.42805625e+01  1.75957411e+00  1.42805625e+01  1.51562193e+00  1.42805625e+01  1.16400009e+00  1.42805625e+01  1.81080005e+00  1.42805625e+01  1.13400009e+00  1.42805625e+01  1.70400004e+00  1.42805625e+01  1.18080008e+00  1.42805625e+01  1.21080007e+00  1.42805625e+01  5.23339801e-01  1.42805625e+01  2.43745148e+00  1.42805625e+01  1.53646024e+00  1.42805625e+01  1.26823709e+00  1.42805625e+01  1.24806833e+00  1.42805625e+01  1.97991529e+00  1.42805625e+01  2.81047124e+00  1.42805625e+01  2.22726298e+00  1.42805625e+01  2.89362586e+00  1.42805625e+01  1.65358047e+00  1.42805625e+01  2.90847328e+00  1.42805625e+01  1.60955317e+00  1.42805625e+01  8.80900419e-01 
 1.43173125e+01  2.11393859e+00  1.43173125e+01  8.08827078e-01  1.43173125e+01  1.80158705e+00  1.43173125e+01  1.18440007e+00  1.43173125e+01  1.75957411e+00  1.43173125e+01  1.51562193e+00  1.43173125e+01  1.16400009e+00  1.43173125e+01  1.81080005e+00  1.43173125e+01  1.13400009e+00  1.43173125e+01  1.70400004e+00  1.43173125e+01  1.18080008e+00  1.43173125e+01  1.21080007e+00  1.43173125e+01  5.16365538e-01  1.43173125e+01  2.41458524e+00  1.43173125e+01  1.51426557e+00  1.43173125e+01  1.26823709e+00  1.43173125e+01  1.24806833e+00  1.43173125e+01  1.97991529e+00  1.43173125e+01  2.80595425e+00  1.43173125e+01  2.22263572e+00  1.43173125e+01  2.88912110e+00  1.43173125e+01  1.64877335e+00  1.43173125e+01  2.90395729e+00  1.43173125e+01  1.60472726e+00  1.43173125e+01  8.54538502e-01 
 1.43586562e+01  2.11393859e+00  1.43586562e+01  8.08827079e-01  1.43586562e+01  1.80158705e+00  1.43586562e+01  1.18440007e+00  1.43586562e+01  1.75957411e+00  1.43586562e+01  1.51562193e+00  1.43586562e+01  1.16400009e+00  1.43586562e+01  1.81080005e+00  1.43586562e+01  1.13400009e+00  1.43586562e+01  1.70400004e+00  1.43586562e+01  1.18080008e+00  1.43586562e+01  1.21080007e+00  1.43586562e+01  5.15125363e-01  1.43586562e+01  2.40175706e+00  1.43586562e+01  1.50181448e+00  1.43586562e+01  1.26823709e+00  1.43586562e+01  1.24806833e+00  1.43586562e+01  1.97991529e+00  1.43586562e+01  2.80088227e+00  1.43586562e+01  2.21743871e+00  1.43586562e+01  2.88406299e+00  1.43586562e+01  1.64337214e+00  1.43586562e+01  2.89890155e+00  1.43586562e+01  1.59930469e+00  1.43586562e+01  8.25750753e-01 
 1.44000000e+01  2.11393859e+00  1.44000000e+01  8.08827079e-01  1.44000000e+01  1.80158705e+00  1.44000000e+01  1.18440007e+00  1.44000000e+01  1.75957411e+00  1.44000000e+01  1.51562193e+00  1.44000000e+01  1.16400009e+00  1.44000000e+01  1.81080005e+00  1.44000000e+01  1.13400009e+00  1.44000000e+01  1.70400004e+00  1.44000000e+01  1.18080008e+00  1.44000000e+01  1.21080007e+00  1.44000000e+01  5.20071440e-01  1.44000000e+01  2.40175706e+00  1.44000000e+01  1.50181448e+00  1.44000000e+01  1.26823709e+00  1.44000000e+01  1.24806833e+00  1.44000000e+01  1.97991529e+00  1.44000000e+01  2.79581050e+00  1.44000000e+01  2.21224120e+00  1.44000000e+01  2.87900515e+00  1.44000000e+01  1.63796895e+00  1.44000000e+01  2.89384612e+00  1.44000000e+01  1.59387996e+00  1.44000000e+01  7.97964482e-01 
 1.44082688e+01  2.11393859e+00  1.44082688e+01  8.08827079e-01  1.44082688e+01  1.80158705e+00  1.44082688e+01  1.18440007e+00  1.44082688e+01  1.75957411e+00  1.44082688e+01  1.51562193e+00  1.44082688e+01  1.16400009e+00  1.44082688e+01  1.81080005e+00  1.44082688e+01  1.13400009e+00  1.44082688e+01  1.70400004e+00  1.44082688e+01  1.18080008e+00  1.44082688e+01  1.21080007e+00  1.44082688e+01  5.21026447e-01  1.44082688e+01  2.40175706e+00  1.44082688e+01  1.50181448e+00  1.44082688e+01  1.26823709e+00  1.44082688e+01  1.24806833e+00  1.44082688e+01  1.97991529e+00  1.44082688e+01  2.79479618e+00  1.44082688e+01  2.21120163e+00  1.44082688e+01  2.87799363e+00  1.44082688e+01  1.63688803e+00  1.44082688e+01  2.89283508e+00  1.44082688e+01  1.59279471e+00  1.44082688e+01  7.92555252e-01 
 1.44248063e+01  2.11393859e+00  1.44248063e+01  8.08827079e-01  1.44248063e+01  1.79734245e+00  1.44248063e+01  1.18440007e+00  1.44248063e+01  1.75957411e+00  1.44248063e+01  1.51562193e+00  1.44248063e+01  1.16400009e+00  1.44248063e+01  1.81080005e+00  1.44248063e+01  1.13400009e+00  1.44248063e+01  1.70400004e+00  1.44248063e+01  1.18080008e+00  1.44248063e+01  1.21080007e+00  1.44248063e+01  5.22903756e-01  1.44248063e+01  2.40175706e+00  1.44248063e+01  1.50181448e+00  1.44248063e+01  1.26823709e+00  1.44248063e+01  1.24806833e+00  1.44248063e+01  1.98055438e+00  1.44248063e+01  2.79228668e+00  1.44248063e+01  2.20871718e+00  1.44248063e+01  2.87555915e+00  1.44248063e+01  1.63432954e+00  1.44248063e+01  2.89040146e+00  1.44248063e+01  1.58843818e+00  1.44248063e+01  7.82208877e-01 
 1.44578813e+01  2.11393859e+00  1.44578813e+01  8.08827079e-01  1.44578813e+01  1.78046573e+00  1.44578813e+01  1.18440007e+00  1.44578813e+01  1.75957411e+00  1.44578813e+01  1.51562193e+00  1.44578813e+01  1.16400009e+00  1.44578813e+01  1.81080005e+00  1.44578813e+01  1.13400009e+00  1.44578813e+01  1.70400004e+00  1.44578813e+01  1.18080008e+00  1.44578813e+01  1.21080007e+00  1.44578813e+01  5.26521485e-01  1.44578813e+01  2.40175706e+00  1.44578813e+01  1.50181448e+00  1.44578813e+01  1.26823709e+00  1.44578813e+01  1.24806833e+00  1.44578813e+01  1.98323109e+00  1.44578813e+01  2.78635321e+00  1.44578813e+01  2.20294781e+00  1.44578813e+01  2.86987914e+00  1.44578813e+01  1.62842677e+00  1.44578813e+01  2.88472298e+00  1.44578813e+01  1.57531601e+00  1.44578813e+01  7.62836975e-01 
 1.45240313e+01  2.11393859e+00  1.45240313e+01  8.08827079e-01  1.45240313e+01  1.74732275e+00  1.45240313e+01  1.18440007e+00  1.45240313e+01  1.75957411e+00  1.45240313e+01  1.51562193e+00  1.45240313e+01  1.16400009e+00  1.45240313e+01  1.81080005e+00  1.45240313e+01  1.13400009e+00  1.45240313e+01  1.70400004e+00  1.45240313e+01  1.18080008e+00  1.45240313e+01  1.21080007e+00  1.45240313e+01  5.33350881e-01  1.45240313e+01  2.40175706e+00  1.45240313e+01  1.50181448e+00  1.45240313e+01  1.26823710e+00  1.45240313e+01  1.24806833e+00  1.45240313e+01  1.98930361e+00  1.45240313e+01  2.77471542e+00  1.45240313e+01  2.19144928e+00  1.45240313e+01  2.85856879e+00  1.45240313e+01  1.61664650e+00  1.45240313e+01  2.87341585e+00  1.45240313e+01  1.54880537e+00  1.45240313e+01  7.26390073e-01 
 1.46120156e+01  2.11393859e+00  1.46120156e+01  8.08827079e-01  1.46120156e+01  1.70452608e+00  1.46120156e+01  1.18440008e+00  1.46120156e+01  1.75957411e+00  1.46120156e+01  1.51562193e+00  1.46120156e+01  1.16400009e+00  1.46120156e+01  1.81080005e+00  1.46120156e+01  1.13400009e+00  1.46120156e+01  1.70400004e+00  1.46120156e+01  1.18080008e+00  1.46120156e+01  1.21080007e+00  1.46120156e+01  5.41673532e-01  1.46120156e+01  2.40175706e+00  1.46120156e+01  1.50181448e+00  1.46120156e+01  1.26823710e+00  1.46120156e+01  1.24806833e+00  1.46120156e+01  1.99885230e+00  1.46120156e+01  2.75951515e+00  1.46120156e+01  2.17616364e+00  1.46120156e+01  2.84355147e+00  1.46120156e+01  1.60095726e+00  1.46120156e+01  2.85840310e+00  1.46120156e+01  1.51284273e+00  1.46120156e+01  6.82738548e-01 
 1.46230137e+01  2.11393859e+00  1.46230137e+01  8.08827079e-01  1.46230137e+01  1.69929385e+00  1.46230137e+01  1.18440008e+00  1.46230137e+01  1.75957411e+00  1.46230137e+01  1.51562193e+00  1.46230137e+01  1.16400009e+00  1.46230137e+01  1.81080005e+00  1.46230137e+01  1.13400009e+00  1.46230137e+01  1.70400004e+00  1.46230137e+01  1.18080008e+00  1.46230137e+01  1.21080007e+00  1.46230137e+01  5.42650682e-01  1.46230137e+01  2.40175706e+00  1.46230137e+01  1.50181448e+00  1.46230137e+01  1.26823710e+00  1.46230137e+01  1.24806833e+00  1.46230137e+01  2.00017615e+00  1.46230137e+01  2.75762804e+00  1.46230137e+01  2.17424902e+00  1.46230137e+01  2.84167191e+00  1.46230137e+01  1.59898971e+00  1.46230137e+01  2.85652415e+00  1.46230137e+01  1.50827575e+00  1.46230137e+01  6.77714637e-01 
 1.46450098e+01  2.11393859e+00  1.46450098e+01  8.08827079e-01  1.46450098e+01  1.68887881e+00  1.46450098e+01  1.18440008e+00  1.46450098e+01  1.75957411e+00  1.46450098e+01  1.51562193e+00  1.46450098e+01  1.16400009e+00  1.46450098e+01  1.81080005e+00  1.46450098e+01  1.13400009e+00  1.46450098e+01  1.70400004e+00  1.46450098e+01  1.18080008e+00  1.46450098e+01  1.21080007e+00  1.46450098e+01  5.44581827e-01  1.46450098e+01  2.40175706e+00  1.46450098e+01  1.50181448e+00  1.46450098e+01  1.26823710e+00  1.46450098e+01  1.24806833e+00  1.46450098e+01  2.00287515e+00  1.46450098e+01  2.75385313e+00  1.46450098e+01  2.17041594e+00  1.46450098e+01  2.83790955e+00  1.46450098e+01  1.59504981e+00  1.46450098e+01  2.85276299e+00  1.46450098e+01  1.49910934e+00  1.46450098e+01  6.67839308e-01 
 1.46725049e+01  2.11393859e+00  1.46725049e+01  8.08827079e-01  1.46725049e+01  1.67600298e+00  1.46725049e+01  1.18440008e+00  1.46725049e+01  1.75957411e+00  1.46725049e+01  1.51562193e+00  1.46725049e+01  1.16400009e+00  1.46725049e+01  1.81080005e+00  1.46725049e+01  1.13400009e+00  1.46725049e+01  1.70400004e+00  1.46725049e+01  1.18080008e+00  1.46725049e+01  1.21080007e+00  1.46725049e+01  5.46931938e-01  1.46725049e+01  2.40175706e+00  1.46725049e+01  1.50181448e+00  1.46725049e+01  1.26823710e+00  1.46725049e+01  1.24806833e+00  1.46725049e+01  2.00639246e+00  1.46725049e+01  2.74912872e+00  1.46725049e+01  2.16561231e+00  1.46725049e+01  2.83319597e+00  1.46725049e+01  1.59010995e+00  1.46725049e+01  2.84805094e+00  1.46725049e+01  1.48755792e+00  1.46725049e+01  6.55978665e-01 
 1.47000000e+01  2.11393859e+00  1.47000000e+01  8.08827079e-01  1.47000000e+01  1.66954587e+00  1.47000000e+01  1.18440008e+00  1.47000000e+01  1.75957411e+00  1.47000000e+01  1.51562193e+00  1.47000000e+01  1.16400009e+00  1.47000000e+01  1.81080005e+00  1.47000000e+01  1.13400009e+00  1.47000000e+01  1.70400004e+00  1.47000000e+01  1.18080008e+00  1.47000000e+01  1.21080007e+00  1.47000000e+01  5.49213656e-01  1.47000000e+01  2.40175706e+00  1.47000000e+01  1.50181448e+00  1.47000000e+01  1.26823710e+00  1.47000000e+01  1.24806833e+00  1.47000000e+01  2.01006752e+00  1.47000000e+01  2.74439164e+00  1.47000000e+01  2.16079254e+00  1.47000000e+01  2.82846809e+00  1.47000000e+01  1.58515088e+00  1.47000000e+01  2.84332462e+00  1.47000000e+01  1.47589971e+00  1.47000000e+01  6.44651745e-01 
 1.47054990e+01  2.11393859e+00  1.47054990e+01  8.08827079e-01  1.47054990e+01  1.66953143e+00  1.47054990e+01  1.18440008e+00  1.47054990e+01  1.75957411e+00  1.47054990e+01  1.51562193e+00  1.47054990e+01  1.16400009e+00  1.47054990e+01  1.81080005e+00  1.47054990e+01  1.13400009e+00  1.47054990e+01  1.70400004e+00  1.47054990e+01  1.18080008e+00  1.47054990e+01  1.21080007e+00  1.47054990e+01  5.49660684e-01  1.47054990e+01  2.40175706e+00  1.47054990e+01  1.50181448e+00  1.47054990e+01  1.26823710e+00  1.47054990e+01  1.24806833e+00  1.47054990e+01  2.01082439e+00  1.47054990e+01  2.74344203e+00  1.47054990e+01  2.15982614e+00  1.47054990e+01  2.82752034e+00  1.47054990e+01  1.58415619e+00  1.47054990e+01  2.84237719e+00  1.47054990e+01  1.47355296e+00  1.47054990e+01  6.42460623e-01 
 1.47164971e+01  2.11393859e+00  1.47164971e+01  8.08827079e-01  1.47164971e+01  1.66951700e+00  1.47164971e+01  1.18440008e+00  1.47164971e+01  1.75957411e+00  1.47164971e+01  1.51562193e+00  1.47164971e+01  1.16400009e+00  1.47164971e+01  1.81080005e+00  1.47164971e+01  1.13400009e+00  1.47164971e+01  1.70400004e+00  1.47164971e+01  1.18080008e+00  1.47164971e+01  1.21080007e+00  1.47164971e+01  5.50107712e-01  1.47164971e+01  2.40494475e+00  1.47164971e+01  1.50507676e+00  1.47164971e+01  1.26823710e+00  1.47164971e+01  1.24581292e+00  1.47164971e+01  2.00924007e+00  1.47164971e+01  2.74389756e+00  1.47164971e+01  2.16033265e+00  1.47164971e+01  2.82770931e+00  1.47164971e+01  1.58459700e+00  1.47164971e+01  2.84303684e+00  1.47164971e+01  1.47263006e+00  1.47164971e+01  6.43909301e-01 
 1.47384932e+01  2.11393859e+00  1.47384932e+01  8.08827079e-01  1.47384932e+01  1.66951700e+00  1.47384932e+01  1.18440008e+00  1.47384932e+01  1.75957411e+00  1.47384932e+01  1.51562193e+00  1.47384932e+01  1.16400009e+00  1.47384932e+01  1.81080005e+00  1.47384932e+01  1.13400009e+00  1.47384932e+01  1.70400004e+00  1.47384932e+01  1.18080008e+00  1.47384932e+01  1.21080007e+00  1.47384932e+01  5.50107713e-01  1.47384932e+01  2.41750731e+00  1.47384932e+01  1.51793924e+00  1.47384932e+01  1.26823710e+00  1.47384932e+01  1.23886064e+00  1.47384932e+01  2.00206804e+00  1.47384932e+01  2.74957639e+00  1.47384932e+01  2.16632815e+00  1.47384932e+01  2.83227209e+00  1.47384932e+01  1.59042828e+00  1.47384932e+01  2.84941357e+00  1.47384932e+01  1.47840960e+00  1.47384932e+01  6.58425334e-01 
 1.47824854e+01  2.11393859e+00  1.47824854e+01  8.08827080e-01  1.47824854e+01  1.66951700e+00  1.47824854e+01  1.18440008e+00  1.47824854e+01  1.75957411e+00  1.47824854e+01  1.51562193e+00  1.47824854e+01  1.16400009e+00  1.47824854e+01  1.81080005e+00  1.47824854e+01  1.13400009e+00  1.47824854e+01  1.70400004e+00  1.47824854e+01  1.18080008e+00  1.47824854e+01  1.21080007e+00  1.47824854e+01  5.50107713e-01  1.47824854e+01  2.44142478e+00  1.47824854e+01  1.54246630e+00  1.47824854e+01  1.26823710e+00  1.47824854e+01  1.23397772e+00  1.47824854e+01  1.99708876e+00  1.47824854e+01  2.76123461e+00  1.47824854e+01  2.17893679e+00  1.47824854e+01  2.84145804e+00  1.47824854e+01  1.60261896e+00  1.47824854e+01  2.86167091e+00  1.47824854e+01  1.49046909e+00  1.47824854e+01  6.87021482e-01 
 1.48615404e+01  2.11393859e+00  1.48615404e+01  8.08827080e-01  1.48615404e+01  1.66951700e+00  1.48615404e+01  1.18440008e+00  1.48615404e+01  1.75957411e+00  1.48615404e+01  1.51562193e+00  1.48615404e+01  1.16400009e+00  1.48615404e+01  1.81080005e+00  1.48615404e+01  1.13400009e+00  1.48615404e+01  1.70400004e+00  1.48615404e+01  1.18080008e+00  1.48615404e+01  1.21080007e+00  1.48615404e+01  5.50107715e-01  1.48615404e+01  2.47991860e+00  1.48615404e+01  1.58208979e+00  1.48615404e+01  1.26823710e+00  1.48615404e+01  1.23397772e+00  1.48615404e+01  1.99708876e+00  1.48615404e+01  2.78269974e+00  1.48615404e+01  2.20348589e+00  1.48615404e+01  2.85783307e+00  1.48615404e+01  1.62619921e+00  1.48615404e+01  2.88041232e+00  1.48615404e+01  1.51373388e+00  1.48615404e+01  7.35622401e-01 
 1.49307702e+01  2.11393859e+00  1.49307702e+01  8.08827081e-01  1.49307702e+01  1.66951700e+00  1.49307702e+01  1.18440008e+00  1.49307702e+01  1.75957411e+00  1.49307702e+01  1.51562193e+00  1.49307702e+01  1.16400009e+00  1.49307702e+01  1.81080005e+00  1.49307702e+01  1.13400009e+00  1.49307702e+01  1.70400004e+00  1.49307702e+01  1.18080008e+00  1.49307702e+01  1.21080007e+00  1.49307702e+01  5.50107716e-01  1.49307702e+01  2.50865798e+00  1.49307702e+01  1.61185848e+00  1.49307702e+01  1.26823710e+00  1.49307702e+01  1.23397772e+00  1.49307702e+01  1.99708876e+00  1.49307702e+01  2.80074793e+00  1.49307702e+01  2.22576669e+00  1.49307702e+01  2.87102103e+00  1.49307702e+01  1.64768306e+00  1.49307702e+01  2.89190751e+00  1.49307702e+01  1.53494055e+00  1.49307702e+01  7.73871855e-01 
 1.50000000e+01  2.11393859e+00  1.50000000e+01  8.08827082e-01  1.50000000e+01  1.66951700e+00  1.50000000e+01  1.18440008e+00  1.50000000e+01  1.75957411e+00  1.50000000e+01  1.51562193e+00  1.50000000e+01  1.16400009e+00  1.50000000e+01  1.81080005e+00  1.50000000e+01  1.13400009e+00  1.50000000e+01  1.70400004e+00  1.50000000e+01  1.18080008e+00  1.50000000e+01  1.21080007e+00  1.50000000e+01  5.50107717e-01  1.50000000e+01  2.53271553e+00  1.50000000e+01  1.63702100e+00  1.50000000e+01  1.26823710e+00  1.50000000e+01  1.23397772e+00  1.50000000e+01  1.99708876e+00  1.50000000e+01  2.81620379e+00  1.50000000e+01  2.24651232e+00  1.50000000e+01  2.88161391e+00  1.50000000e+01  1.66787805e+00  1.50000000e+01  2.89792146e+00  1.50000000e+01  1.55492913e+00  1.50000000e+01  8.06871571e-01 
 1.50102000e+01  2.11393859e+00  1.50102000e+01  8.08827082e-01  1.50102000e+01  1.66951700e+00  1.50102000e+01  1.18440008e+00  1.50102000e+01  1.75957411e+00  1.50102000e+01  1.51562193e+00  1.50102000e+01  1.16400009e+00  1.50102000e+01  1.81080005e+00  1.50102000e+01  1.13400009e+00  1.50102000e+01  1.70400004e+00  1.50102000e+01  1.18080008e+00  1.50102000e+01  1.21080007e+00  1.50102000e+01  5.50107717e-01  1.50102000e+01  2.53581233e+00  1.50102000e+01  1.64029153e+00  1.50102000e+01  1.26823710e+00  1.50102000e+01  1.23397772e+00  1.50102000e+01  1.99708876e+00  1.50102000e+01  2.81815359e+00  1.50102000e+01  2.24930629e+00  1.50102000e+01  2.88286454e+00  1.50102000e+01  1.67060915e+00  1.50102000e+01  2.89827470e+00  1.50102000e+01  1.55763520e+00  1.50102000e+01  8.11192037e-01 
 1.50306000e+01  2.12038439e+00  1.50306000e+01  8.08827082e-01  1.50306000e+01  1.67602891e+00  1.50306000e+01  1.18440008e+00  1.50306000e+01  1.75957411e+00  1.50306000e+01  1.51562193e+00  1.50306000e+01  1.16400009e+00  1.50306000e+01  1.81080005e+00  1.50306000e+01  1.13400009e+00  1.50306000e+01  1.70400004e+00  1.50306000e+01  1.18080008e+00  1.50306000e+01  1.21080007e+00  1.50306000e+01  5.50107717e-01  1.50306000e+01  2.53890912e+00  1.50306000e+01  1.64356206e+00  1.50306000e+01  1.26471057e+00  1.50306000e+01  1.23397772e+00  1.50306000e+01  1.99341099e+00  1.50306000e+01  2.82307579e+00  1.50306000e+01  2.25442915e+00  1.50306000e+01  2.88552244e+00  1.50306000e+01  1.67565773e+00  1.50306000e+01  2.89989363e+00  1.50306000e+01  1.56265521e+00  1.50306000e+01  8.22252911e-01 
 1.50714000e+01  2.14575501e+00  1.50714000e+01  8.08827083e-01  1.50714000e+01  1.70166577e+00  1.50714000e+01  1.18440008e+00  1.50714000e+01  1.75957411e+00  1.50714000e+01  1.51562193e+00  1.50714000e+01  1.16400009e+00  1.50714000e+01  1.81080005e+00  1.50714000e+01  1.13400009e+00  1.50714000e+01  1.70400004e+00  1.50714000e+01  1.18080008e+00  1.50714000e+01  1.21080008e+00  1.50714000e+01  5.50107718e-01  1.50714000e+01  2.53890912e+00  1.50714000e+01  1.64356206e+00  1.50714000e+01  1.25497198e+00  1.50714000e+01  1.23397772e+00  1.50714000e+01  1.98332810e+00  1.50714000e+01  2.83492777e+00  1.50714000e+01  2.26409546e+00  1.50714000e+01  2.89117171e+00  1.50714000e+01  1.68524195e+00  1.50714000e+01  2.90496444e+00  1.50714000e+01  1.57221088e+00  1.50714000e+01  8.49207582e-01 
 1.51530000e+01  2.19347179e+00  1.51530000e+01  8.08827084e-01  1.51530000e+01  1.74992770e+00  1.51530000e+01  1.18440008e+00  1.51530000e+01  1.75957411e+00  1.51530000e+01  1.51562193e+00  1.51530000e+01  1.16400009e+00  1.51530000e+01  1.81080005e+00  1.51530000e+01  1.13400009e+00  1.51530000e+01  1.70400004e+00  1.51530000e+01  1.18080008e+00  1.51530000e+01  1.21080008e+00  1.51530000e+01  5.50107719e-01  1.51530000e+01  2.53890912e+00  1.51530000e+01  1.64356206e+00  1.51530000e+01  1.24960094e+00  1.51530000e+01  1.23397772e+00  1.51530000e+01  1.97787342e+00  1.51530000e+01  2.85797253e+00  1.51530000e+01  2.28556378e+00  1.51530000e+01  2.90247880e+00  1.51530000e+01  1.70630878e+00  1.51530000e+01  2.91505835e+00  1.51530000e+01  1.59314453e+00  1.51530000e+01  9.02889868e-01 
 1.52265000e+01  2.23220139e+00  1.52265000e+01  8.08827085e-01  1.52265000e+01  1.78916523e+00  1.52265000e+01  1.18440008e+00  1.52265000e+01  1.75957411e+00  1.52265000e+01  1.51562194e+00  1.52265000e+01  1.16400009e+00  1.52265000e+01  1.81080005e+00  1.52265000e+01  1.13400009e+00  1.52265000e+01  1.70400004e+00  1.52265000e+01  1.18080008e+00  1.52265000e+01  1.21080008e+00  1.52265000e+01  5.50107720e-01  1.52265000e+01  2.53890912e+00  1.52265000e+01  1.64356206e+00  1.52265000e+01  1.24960094e+00  1.52265000e+01  1.23397772e+00  1.52265000e+01  1.97787342e+00  1.52265000e+01  2.87684567e+00  1.52265000e+01  2.30731277e+00  1.52265000e+01  2.91248124e+00  1.52265000e+01  1.72742110e+00  1.52265000e+01  2.92393250e+00  1.52265000e+01  1.61405303e+00  1.52265000e+01  9.49946335e-01 
 1.53000000e+01  2.26615363e+00  1.53000000e+01  8.08827086e-01  1.53000000e+01  1.82364298e+00  1.53000000e+01  1.18440008e+00  1.53000000e+01  1.75957411e+00  1.53000000e+01  1.51562194e+00  1.53000000e+01  1.16400009e+00  1.53000000e+01  1.81080005e+00  1.53000000e+01  1.13400009e+00  1.53000000e+01  1.70400004e+00  1.53000000e+01  1.18080008e+00  1.53000000e+01  1.21080008e+00  1.53000000e+01  5.50107721e-01  1.53000000e+01  2.53890912e+00  1.53000000e+01  1.64356206e+00  1.53000000e+01  1.24960094e+00  1.53000000e+01  1.23397772e+00  1.53000000e+01  1.97787342e+00  1.53000000e+01  2.89191082e+00  1.53000000e+01  2.33095923e+00  1.53000000e+01  2.92194992e+00  1.53000000e+01  1.75032028e+00  1.53000000e+01  2.93228140e+00  1.53000000e+01  1.63670298e+00  1.53000000e+01  9.93829158e-01 
 1.53102000e+01  2.27041992e+00  1.53102000e+01  8.08827086e-01  1.53102000e+01  1.82798376e+00  1.53102000e+01  1.18440008e+00  1.53102000e+01  1.75957411e+00  1.53102000e+01  1.51562194e+00  1.53102000e+01  1.16400009e+00  1.53102000e+01  1.81080005e+00  1.53102000e+01  1.13400009e+00  1.53102000e+01  1.70400004e+00  1.53102000e+01  1.18080008e+00  1.53102000e+01  1.21080008e+00  1.53102000e+01  5.50107721e-01  1.53102000e+01  2.53890912e+00  1.53102000e+01  1.64356206e+00  1.53102000e+01  1.24960094e+00  1.53102000e+01  1.23397772e+00  1.53102000e+01  1.97787342e+00  1.53102000e+01  2.89355072e+00  1.53102000e+01  2.33434632e+00  1.53102000e+01  2.92317653e+00  1.53102000e+01  1.75361216e+00  1.53102000e+01  2.93335604e+00  1.53102000e+01  1.63996152e+00  1.53102000e+01  9.99535104e-01 
 1.53306000e+01  2.26829649e+00  1.53306000e+01  8.03260621e-01  1.53306000e+01  1.82602644e+00  1.53306000e+01  1.18440008e+00  1.53306000e+01  1.75957411e+00  1.53306000e+01  1.51562194e+00  1.53306000e+01  1.16400009e+00  1.53306000e+01  1.81080005e+00  1.53306000e+01  1.13400009e+00  1.53306000e+01  1.70400004e+00  1.53306000e+01  1.18080008e+00  1.53306000e+01  1.21080008e+00  1.53306000e+01  5.47562472e-01  1.53306000e+01  2.53229901e+00  1.53306000e+01  1.63713712e+00  1.53306000e+01  1.24960094e+00  1.53306000e+01  1.23397772e+00  1.53306000e+01  1.97787342e+00  1.53306000e+01  2.89365623e+00  1.53306000e+01  2.33627858e+00  1.53306000e+01  2.92297019e+00  1.53306000e+01  1.75541395e+00  1.53306000e+01  2.93279187e+00  1.53306000e+01  1.64172032e+00  1.53306000e+01  9.97058064e-01 
 1.53714000e+01  2.24296098e+00  1.53714000e+01  7.81463659e-01  1.53714000e+01  1.80105744e+00  1.53714000e+01  1.18440008e+00  1.53714000e+01  1.75957411e+00  1.53714000e+01  1.51562194e+00  1.53714000e+01  1.16400009e+00  1.53714000e+01  1.81080005e+00  1.53714000e+01  1.13400009e+00  1.53714000e+01  1.70400004e+00  1.53714000e+01  1.18080008e+00  1.53714000e+01  1.21080008e+00  1.53714000e+01  5.37823496e-01  1.53714000e+01  2.50608782e+00  1.53714000e+01  1.61166671e+00  1.53714000e+01  1.24960094e+00  1.53714000e+01  1.23397772e+00  1.53714000e+01  1.97787342e+00  1.53714000e+01  2.88777780e+00  1.53714000e+01  2.33060830e+00  1.53714000e+01  2.91739305e+00  1.53714000e+01  1.74959353e+00  1.53714000e+01  2.92655414e+00  1.53714000e+01  1.63585878e+00  1.53714000e+01  9.64733118e-01 
 1.54530000e+01  2.19326799e+00  1.54530000e+01  7.40509916e-01  1.54530000e+01  1.75209675e+00  1.54530000e+01  1.18440008e+00  1.54530000e+01  1.75957411e+00  1.54530000e+01  1.51562194e+00  1.54530000e+01  1.16400009e+00  1.54530000e+01  1.81080005e+00  1.54530000e+01  1.13400009e+00  1.54530000e+01  1.70400004e+00  1.54530000e+01  1.18080008e+00  1.54530000e+01  1.21080008e+00  1.54530000e+01  5.20692819e-01  1.54530000e+01  2.45465598e+00  1.54530000e+01  1.56171611e+00  1.54530000e+01  1.24960094e+00  1.54530000e+01  1.23397772e+00  1.54530000e+01  1.97787342e+00  1.54530000e+01  2.87707969e+00  1.54530000e+01  2.31990626e+00  1.54530000e+01  2.90690084e+00  1.54530000e+01  1.73855262e+00  1.54530000e+01  2.91545771e+00  1.54530000e+01  1.62472493e+00  1.54530000e+01  9.02459764e-01 
 1.55265000e+01  2.17112713e+00  1.55265000e+01  7.22832372e-01  1.55265000e+01  1.73028539e+00  1.55265000e+01  1.18440008e+00  1.55265000e+01  1.75957411e+00  1.55265000e+01  1.51562194e+00  1.55265000e+01  1.16400009e+00  1.55265000e+01  1.81080005e+00  1.55265000e+01  1.13400009e+00  1.55265000e+01  1.70400004e+00  1.55265000e+01  1.18080008e+00  1.55265000e+01  1.21080008e+00  1.55265000e+01  5.07819205e-01  1.55265000e+01  2.40940460e+00  1.55265000e+01  1.51777484e+00  1.55265000e+01  1.24960094e+00  1.55265000e+01  1.23397772e+00  1.55265000e+01  1.97787342e+00  1.55265000e+01  2.86799782e+00  1.55265000e+01  2.31063382e+00  1.55265000e+01  2.89783141e+00  1.55265000e+01  1.72895158e+00  1.55265000e+01  2.90629362e+00  1.55265000e+01  1.61503358e+00  1.55265000e+01  8.49153851e-01 
 1.56000000e+01  2.17112713e+00  1.56000000e+01  7.22832373e-01  1.56000000e+01  1.73028539e+00  1.56000000e+01  1.18440008e+00  1.56000000e+01  1.75957411e+00  1.56000000e+01  1.51562194e+00  1.56000000e+01  1.16400009e+00  1.56000000e+01  1.81080005e+00  1.56000000e+01  1.13400009e+00  1.56000000e+01  1.70400004e+00  1.56000000e+01  1.18080008e+00  1.56000000e+01  1.21080008e+00  1.56000000e+01  5.06877693e-01  1.56000000e+01  2.38707684e+00  1.56000000e+01  1.49609031e+00  1.56000000e+01  1.24960094e+00  1.56000000e+01  1.23397772e+00  1.56000000e+01  1.97787342e+00  1.56000000e+01  2.85898373e+00  1.56000000e+01  2.30142137e+00  1.56000000e+01  2.88882586e+00  1.56000000e+01  1.71940345e+00  1.56000000e+01  2.89729045e+00  1.56000000e+01  1.60539301e+00  1.56000000e+01  7.98832763e-01 
 1.56102000e+01  2.17112713e+00  1.56102000e+01  7.22832373e-01  1.56102000e+01  1.73028539e+00  1.56102000e+01  1.18440008e+00  1.56102000e+01  1.75957411e+00  1.56102000e+01  1.51562194e+00  1.56102000e+01  1.16400009e+00  1.56102000e+01  1.81080005e+00  1.56102000e+01  1.13400009e+00  1.56102000e+01  1.70400005e+00  1.56102000e+01  1.18080008e+00  1.56102000e+01  1.21080009e+00  1.56102000e+01  5.08213791e-01  1.56102000e+01  2.38707684e+00  1.56102000e+01  1.49609031e+00  1.56102000e+01  1.24960094e+00  1.56102000e+01  1.23397772e+00  1.56102000e+01  1.97787342e+00  1.56102000e+01  2.85773284e+00  1.56102000e+01  2.30014280e+00  1.56102000e+01  2.88757617e+00  1.56102000e+01  1.71807792e+00  1.56102000e+01  2.89604110e+00  1.56102000e+01  1.60405454e+00  1.56102000e+01  7.92138945e-01 
 1.56306000e+01  2.17112713e+00  1.56306000e+01  7.22832373e-01  1.56306000e+01  1.72490654e+00  1.56306000e+01  1.18440008e+00  1.56306000e+01  1.75957411e+00  1.56306000e+01  1.51562194e+00  1.56306000e+01  1.16400009e+00  1.56306000e+01  1.81080005e+00  1.56306000e+01  1.13400009e+00  1.56306000e+01  1.70400007e+00  1.56306000e+01  1.18080008e+00  1.56306000e+01  1.21080011e+00  1.56306000e+01  5.10830905e-01  1.56306000e+01  2.38707684e+00  1.56306000e+01  1.49609031e+00  1.56306000e+01  1.24960094e+00  1.56306000e+01  1.23397773e+00  1.56306000e+01  1.97858307e+00  1.56306000e+01  2.85473487e+00  1.56306000e+01  2.29710510e+00  1.56306000e+01  2.88459097e+00  1.56306000e+01  1.71495449e+00  1.56306000e+01  2.89305651e+00  1.56306000e+01  1.59864520e+00  1.56306000e+01  7.79398776e-01 
 1.56714000e+01  2.17112713e+00  1.56714000e+01  7.22832373e-01  1.56714000e+01  1.70352740e+00  1.56714000e+01  1.18440008e+00  1.56714000e+01  1.75957411e+00  1.56714000e+01  1.51562194e+00  1.56714000e+01  1.16400009e+00  1.56714000e+01  1.81080005e+00  1.56714000e+01  1.13400009e+00  1.56714000e+01  1.70400007e+00  1.56714000e+01  1.18080008e+00  1.56714000e+01  1.21080011e+00  1.56714000e+01  5.15827909e-01  1.56714000e+01  2.38707684e+00  1.56714000e+01  1.49609031e+00  1.56714000e+01  1.24960094e+00  1.56714000e+01  1.23397773e+00  1.56714000e+01  1.98160785e+00  1.56714000e+01  2.84776115e+00  1.56714000e+01  2.29006649e+00  1.56714000e+01  2.87764823e+00  1.56714000e+01  1.70775827e+00  1.56714000e+01  2.88611487e+00  1.56714000e+01  1.58228153e+00  1.56714000e+01  7.55769870e-01 
 1.56816000e+01  2.17112713e+00  1.56816000e+01  7.22832373e-01  1.56816000e+01  1.69823401e+00  1.56816000e+01  1.18440008e+00  1.56816000e+01  1.75957411e+00  1.56816000e+01  1.51562194e+00  1.56816000e+01  1.16400009e+00  1.56816000e+01  1.81080005e+00  1.56816000e+01  1.13400009e+00  1.56816000e+01  1.70400007e+00  1.56816000e+01  1.18080008e+00  1.56816000e+01  1.21080011e+00  1.56816000e+01  5.17030315e-01  1.56816000e+01  2.38707684e+00  1.56816000e+01  1.49609031e+00  1.56816000e+01  1.24960094e+00  1.56816000e+01  1.23397773e+00  1.56816000e+01  1.98243388e+00  1.56816000e+01  2.84602188e+00  1.56816000e+01  2.28830550e+00  1.56816000e+01  2.87591171e+00  1.56816000e+01  1.70595697e+00  1.56816000e+01  2.88437863e+00  1.56816000e+01  1.57815922e+00  1.56816000e+01  7.50072209e-01 
 1.57020000e+01  2.17112713e+00  1.57020000e+01  7.22832373e-01  1.57020000e+01  1.68768255e+00  1.57020000e+01  1.18440008e+00  1.57020000e+01  1.75957411e+00  1.57020000e+01  1.51562194e+00  1.57020000e+01  1.16400009e+00  1.57020000e+01  1.81080005e+00  1.57020000e+01  1.13400009e+00  1.57020000e+01  1.70400007e+00  1.57020000e+01  1.18080008e+00  1.57020000e+01  1.21080011e+00  1.57020000e+01  5.19405587e-01  1.57020000e+01  2.38707684e+00  1.57020000e+01  1.49609031e+00  1.57020000e+01  1.24960094e+00  1.57020000e+01  1.23397773e+00  1.57020000e+01  1.98413251e+00  1.57020000e+01  2.84254291e+00  1.57020000e+01  2.28478133e+00  1.57020000e+01  2.87243680e+00  1.57020000e+01  1.70235164e+00  1.57020000e+01  2.88090429e+00  1.57020000e+01  1.56989086e+00  1.57020000e+01  7.38819576e-01 
 1.57071000e+01  2.17112713e+00  1.57071000e+01  7.22832373e-01  1.57071000e+01  1.68505808e+00  1.57071000e+01  1.18440008e+00  1.57071000e+01  1.75957411e+00  1.57071000e+01  1.51562194e+00  1.57071000e+01  1.16400009e+00  1.57071000e+01  1.81080005e+00  1.57071000e+01  1.13400009e+00  1.57071000e+01  1.70400007e+00  1.57071000e+01  1.18080008e+00  1.57071000e+01  1.21080011e+00  1.57071000e+01  5.19988420e-01  1.57071000e+01  2.38707684e+00  1.57071000e+01  1.49609031e+00  1.57071000e+01  1.24960095e+00  1.57071000e+01  1.23397773e+00  1.57071000e+01  1.98457464e+00  1.57071000e+01  2.84167284e+00  1.57071000e+01  2.28389941e+00  1.57071000e+01  2.87156730e+00  1.57071000e+01  1.70144922e+00  1.57071000e+01  2.88003493e+00  1.57071000e+01  1.56781472e+00  1.57071000e+01  7.36059991e-01 
 1.57173000e+01  2.17112713e+00  1.57173000e+01  7.22832373e-01  1.57173000e+01  1.67986091e+00  1.57173000e+01  1.18440008e+00  1.57173000e+01  1.75957411e+00  1.57173000e+01  1.51562194e+00  1.57173000e+01  1.16400009e+00  1.57173000e+01  1.81080005e+00  1.57173000e+01  1.13400009e+00  1.57173000e+01  1.70400007e+00  1.57173000e+01  1.18080008e+00  1.57173000e+01  1.21080011e+00  1.57173000e+01  5.21146958e-01  1.57173000e+01  2.38707684e+00  1.57173000e+01  1.49609031e+00  1.57173000e+01  1.24960095e+00  1.57173000e+01  1.23397773e+00  1.57173000e+01  1.98547052e+00  1.57173000e+01  2.83993209e+00  1.57173000e+01  2.28213481e+00  1.57173000e+01  2.86982764e+00  1.57173000e+01  1.69964349e+00  1.57173000e+01  2.87829556e+00  1.57173000e+01  1.56365604e+00  1.57173000e+01  7.30576823e-01 
 1.57377000e+01  2.17112713e+00  1.57377000e+01  7.22832373e-01  1.57377000e+01  1.67471550e+00  1.57377000e+01  1.18440008e+00  1.57377000e+01  1.75957411e+00  1.57377000e+01  1.51562194e+00  1.57377000e+01  1.16400009e+00  1.57377000e+01  1.81080005e+00  1.57377000e+01  1.13400009e+00  1.57377000e+01  1.70400007e+00  1.57377000e+01  1.18080008e+00  1.57377000e+01  1.21080011e+00  1.57377000e+01  5.23421993e-01  1.57377000e+01  2.38707684e+00  1.57377000e+01  1.49609031e+00  1.57377000e+01  1.24960095e+00  1.57377000e+01  1.23397773e+00  1.57377000e+01  1.98733209e+00  1.57377000e+01  2.83644642e+00  1.57377000e+01  2.27860088e+00  1.57377000e+01  2.86634404e+00  1.57377000e+01  1.69602649e+00  1.57377000e+01  2.87481253e+00  1.57377000e+01  1.55529968e+00  1.57377000e+01  7.19827542e-01 
 1.57785000e+01  2.17112713e+00  1.57785000e+01  7.22832374e-01  1.57785000e+01  1.67471550e+00  1.57785000e+01  1.18440008e+00  1.57785000e+01  1.75957411e+00  1.57785000e+01  1.51562194e+00  1.57785000e+01  1.16400009e+00  1.57785000e+01  1.81080005e+00  1.57785000e+01  1.13400009e+00  1.57785000e+01  1.70400007e+00  1.57785000e+01  1.18080008e+00  1.57785000e+01  1.21080011e+00  1.57785000e+01  5.27810777e-01  1.57785000e+01  2.38707684e+00  1.57785000e+01  1.49609031e+00  1.57785000e+01  1.24960095e+00  1.57785000e+01  1.23397773e+00  1.57785000e+01  1.99133327e+00  1.57785000e+01  2.82945633e+00  1.57785000e+01  2.27151250e+00  1.57785000e+01  2.85935816e+00  1.57785000e+01  1.68876858e+00  1.57785000e+01  2.86782783e+00  1.57785000e+01  1.53842545e+00  1.57785000e+01  6.99206104e-01 
 1.58392500e+01  2.17112713e+00  1.58392500e+01  7.22832374e-01  1.58392500e+01  1.67471550e+00  1.58392500e+01  1.18440008e+00  1.58392500e+01  1.75957411e+00  1.58392500e+01  1.51562194e+00  1.58392500e+01  1.16400009e+00  1.58392500e+01  1.81080005e+00  1.58392500e+01  1.13400009e+00  1.58392500e+01  1.70400007e+00  1.58392500e+01  1.18080008e+00  1.58392500e+01  1.21080011e+00  1.58392500e+01  5.33972025e-01  1.58392500e+01  2.38707684e+00  1.58392500e+01  1.49609031e+00  1.58392500e+01  1.24960095e+00  1.58392500e+01  1.23397773e+00  1.58392500e+01  1.99797129e+00  1.58392500e+01  2.81899750e+00  1.58392500e+01  2.26090246e+00  1.58392500e+01  2.84890580e+00  1.58392500e+01  1.67789702e+00  1.58392500e+01  2.85737728e+00  1.58392500e+01  1.51288528e+00  1.58392500e+01  6.70688204e-01 
 1.59000000e+01  2.17112713e+00  1.59000000e+01  7.22832374e-01  1.59000000e+01  1.67471550e+00  1.59000000e+01  1.18440008e+00  1.59000000e+01  1.75957411e+00  1.59000000e+01  1.51562194e+00  1.59000000e+01  1.16400009e+00  1.59000000e+01  1.81080005e+00  1.59000000e+01  1.13400009e+00  1.59000000e+01  1.70400007e+00  1.59000000e+01  1.18080008e+00  1.59000000e+01  1.21080011e+00  1.59000000e+01  5.39720420e-01  1.59000000e+01  2.38707684e+00  1.59000000e+01  1.49609031e+00  1.59000000e+01  1.24960095e+00  1.59000000e+01  1.23397773e+00  1.59000000e+01  2.00540854e+00  1.59000000e+01  2.80847186e+00  1.59000000e+01  2.25021909e+00  1.59000000e+01  2.83838689e+00  1.59000000e+01  1.66693989e+00  1.59000000e+01  2.84686025e+00  1.59000000e+01  1.48683383e+00  1.59000000e+01  6.44790080e-01 
 1.59102000e+01  2.17112713e+00  1.59102000e+01  7.22832374e-01  1.59102000e+01  1.67471550e+00  1.59102000e+01  1.18440008e+00  1.59102000e+01  1.75957411e+00  1.59102000e+01  1.51562194e+00  1.59102000e+01  1.16400009e+00  1.59102000e+01  1.81080005e+00  1.59102000e+01  1.13400009e+00  1.59102000e+01  1.70400007e+00  1.59102000e+01  1.18080008e+00  1.59102000e+01  1.21080011e+00  1.59102000e+01  5.40642095e-01  1.59102000e+01  2.38707684e+00  1.59102000e+01  1.49609031e+00  1.59102000e+01  1.24960095e+00  1.59102000e+01  1.23397773e+00  1.59102000e+01  2.00674527e+00  1.59102000e+01  2.80669660e+00  1.59102000e+01  2.24841654e+00  1.59102000e+01  2.83661280e+00  1.59102000e+01  1.66508987e+00  1.59102000e+01  2.84508649e+00  1.59102000e+01  1.48240167e+00  1.59102000e+01  6.40733801e-01 
 1.59306000e+01  2.17112713e+00  1.59306000e+01  7.22832374e-01  1.59306000e+01  1.67471550e+00  1.59306000e+01  1.18440008e+00  1.59306000e+01  1.75957411e+00  1.59306000e+01  1.51562194e+00  1.59306000e+01  1.16400009e+00  1.59306000e+01  1.81080005e+00  1.59306000e+01  1.13400009e+00  1.59306000e+01  1.70400007e+00  1.59306000e+01  1.18080008e+00  1.59306000e+01  1.21080011e+00  1.59306000e+01  5.41563770e-01  1.59306000e+01  2.39306917e+00  1.59306000e+01  1.50221892e+00  1.59306000e+01  1.24960095e+00  1.59306000e+01  1.22983162e+00  1.59306000e+01  2.00377473e+00  1.59306000e+01  2.80714821e+00  1.59306000e+01  2.24929454e+00  1.59306000e+01  2.83684156e+00  1.59306000e+01  1.66586715e+00  1.59306000e+01  2.84621255e+00  1.59306000e+01  1.48056624e+00  1.59306000e+01  6.43440043e-01 
 1.59714000e+01  2.17112713e+00  1.59714000e+01  7.22832375e-01  1.59714000e+01  1.67471550e+00  1.59714000e+01  1.18440008e+00  1.59714000e+01  1.75957411e+00  1.59714000e+01  1.51562194e+00  1.59714000e+01  1.16400009e+00  1.59714000e+01  1.81080005e+00  1.59714000e+01  1.13400009e+00  1.59714000e+01  1.70400007e+00  1.59714000e+01  1.18080008e+00  1.59714000e+01  1.21080011e+00  1.59714000e+01  5.41563771e-01  1.59714000e+01  2.41641665e+00  1.59714000e+01  1.52611665e+00  1.59714000e+01  1.24960095e+00  1.59714000e+01  1.22153940e+00  1.59714000e+01  1.99516021e+00  1.59714000e+01  2.81613914e+00  1.59714000e+01  2.26037828e+00  1.59714000e+01  2.84489399e+00  1.59714000e+01  1.67669274e+00  1.59714000e+01  2.85763669e+00  1.59714000e+01  1.49124725e+00  1.59714000e+01  6.70372096e-01 
 1.60530000e+01  2.17112713e+00  1.60530000e+01  7.22832376e-01  1.60530000e+01  1.67471550e+00  1.60530000e+01  1.18440008e+00  1.60530000e+01  1.75957411e+00  1.60530000e+01  1.51562194e+00  1.60530000e+01  1.16400009e+00  1.60530000e+01  1.81080005e+00  1.60530000e+01  1.13400009e+00  1.60530000e+01  1.70400007e+00  1.60530000e+01  1.18080008e+00  1.60530000e+01  1.21080011e+00  1.60530000e+01  5.41563772e-01  1.60530000e+01  2.45893295e+00  1.60530000e+01  1.56976620e+00  1.60530000e+01  1.24960095e+00  1.60530000e+01  1.22153940e+00  1.60530000e+01  1.99516021e+00  1.60530000e+01  2.83435355e+00  1.60530000e+01  2.28463846e+00  1.60530000e+01  2.86102044e+00  1.60530000e+01  1.70018746e+00  1.60530000e+01  2.87827782e+00  1.60530000e+01  1.51431581e+00  1.60530000e+01  7.22448977e-01 
 1.61265000e+01  2.17112713e+00  1.61265000e+01  7.22832377e-01  1.61265000e+01  1.67471550e+00  1.61265000e+01  1.18440008e+00  1.61265000e+01  1.75957411e+00  1.61265000e+01  1.51562194e+00  1.61265000e+01  1.16400009e+00  1.61265000e+01  1.81080005e+00  1.61265000e+01  1.13400010e+00  1.61265000e+01  1.70400007e+00  1.61265000e+01  1.18080008e+00  1.61265000e+01  1.21080011e+00  1.61265000e+01  5.41563773e-01  1.61265000e+01  2.49198280e+00  1.61265000e+01  1.60387540e+00  1.61265000e+01  1.24960095e+00  1.61265000e+01  1.22153940e+00  1.61265000e+01  1.99516021e+00  1.61265000e+01  2.85033488e+00  1.61265000e+01  2.30829985e+00  1.61265000e+01  2.87496829e+00  1.61265000e+01  1.72307502e+00  1.61265000e+01  2.89256664e+00  1.61265000e+01  1.53674867e+00  1.61265000e+01  7.65678934e-01 
 1.62000000e+01  2.17112713e+00  1.62000000e+01  7.22832378e-01  1.62000000e+01  1.67471550e+00  1.62000000e+01  1.18440009e+00  1.62000000e+01  1.75957411e+00  1.62000000e+01  1.51562194e+00  1.62000000e+01  1.16400009e+00  1.62000000e+01  1.81080005e+00  1.62000000e+01  1.13400010e+00  1.62000000e+01  1.70400007e+00  1.62000000e+01  1.18080008e+00  1.62000000e+01  1.21080011e+00  1.62000000e+01  5.41563774e-01  1.62000000e+01  2.51988126e+00  1.62000000e+01  1.63288566e+00  1.62000000e+01  1.24960095e+00  1.62000000e+01  1.22153940e+00  1.62000000e+01  1.99516021e+00  1.62000000e+01  2.86427927e+00  1.62000000e+01  2.33156905e+00  1.62000000e+01  2.88687706e+00  1.62000000e+01  1.74574759e+00  1.62000000e+01  2.90115482e+00  1.62000000e+01  1.55903924e+00  1.62000000e+01  8.03674664e-01 
 1.62102000e+01  2.17112713e+00  1.62102000e+01  7.22832378e-01  1.62102000e+01  1.67471550e+00  1.62102000e+01  1.18440009e+00  1.62102000e+01  1.75957411e+00  1.62102000e+01  1.51562194e+00  1.62102000e+01  1.16400009e+00  1.62102000e+01  1.81080005e+00  1.62102000e+01  1.13400010e+00  1.62102000e+01  1.70400007e+00  1.62102000e+01  1.18080008e+00  1.62102000e+01  1.21080011e+00  1.62102000e+01  5.41563774e-01  1.62102000e+01  2.52330117e+00  1.62102000e+01  1.63646689e+00  1.62102000e+01  1.24960095e+00  1.62102000e+01  1.22153940e+00  1.62102000e+01  1.99516021e+00  1.62102000e+01  2.86592760e+00  1.62102000e+01  2.33460456e+00  1.62102000e+01  2.88825058e+00  1.62102000e+01  1.74872046e+00  1.62102000e+01  2.90180319e+00  1.62102000e+01  1.56196932e+00  1.62102000e+01  8.08416701e-01 
 1.62306000e+01  2.17736500e+00  1.62306000e+01  7.22832378e-01  1.62306000e+01  1.68102825e+00  1.62306000e+01  1.18440009e+00  1.62306000e+01  1.75957411e+00  1.62306000e+01  1.51562194e+00  1.62306000e+01  1.16400009e+00  1.62306000e+01  1.81080005e+00  1.62306000e+01  1.13400010e+00  1.62306000e+01  1.70400007e+00  1.62306000e+01  1.18080009e+00  1.62306000e+01  1.21080011e+00  1.62306000e+01  5.41563775e-01  1.62306000e+01  2.52672107e+00  1.62306000e+01  1.64004812e+00  1.62306000e+01  1.24641371e+00  1.62306000e+01  1.22153940e+00  1.62306000e+01  1.99181879e+00  1.62306000e+01  2.87002759e+00  1.62306000e+01  2.34018757e+00  1.62306000e+01  2.89105754e+00  1.62306000e+01  1.75421027e+00  1.62306000e+01  2.90374785e+00  1.62306000e+01  1.56739774e+00  1.62306000e+01  8.19899450e-01 
 1.62714000e+01  2.20177769e+00  1.62714000e+01  7.22832378e-01  1.62714000e+01  1.70574297e+00  1.62714000e+01  1.18440009e+00  1.62714000e+01  1.75957411e+00  1.62714000e+01  1.51562194e+00  1.62714000e+01  1.16400009e+00  1.62714000e+01  1.81080005e+00  1.62714000e+01  1.13400010e+00  1.62714000e+01  1.70400007e+00  1.62714000e+01  1.18080009e+00  1.62714000e+01  1.21080011e+00  1.62714000e+01  5.41563775e-01  1.62714000e+01  2.52672107e+00  1.62714000e+01  1.64004812e+00  1.62714000e+01  1.24003923e+00  1.62714000e+01  1.22153940e+00  1.62714000e+01  1.98513593e+00  1.62714000e+01  2.87969180e+00  1.62714000e+01  2.35074341e+00  1.62714000e+01  2.89679051e+00  1.62714000e+01  1.76460568e+00  1.62714000e+01  2.90892362e+00  1.62714000e+01  1.57769903e+00  1.62714000e+01  8.46845956e-01 
 1.63530000e+01  2.24686035e+00  1.63530000e+01  7.22832380e-01  1.63530000e+01  1.75144663e+00  1.63530000e+01  1.18440009e+00  1.63530000e+01  1.75957411e+00  1.63530000e+01  1.51562194e+00  1.63530000e+01  1.16400010e+00  1.63530000e+01  1.81080005e+00  1.63530000e+01  1.13400010e+00  1.63530000e+01  1.70400007e+00  1.63530000e+01  1.18080009e+00  1.63530000e+01  1.21080011e+00  1.63530000e+01  5.41563776e-01  1.63530000e+01  2.52672107e+00  1.63530000e+01  1.64004812e+00  1.63530000e+01  1.24003923e+00  1.63530000e+01  1.22153940e+00  1.63530000e+01  1.98513593e+00  1.63530000e+01  2.89763350e+00  1.63530000e+01  2.37403182e+00  1.63530000e+01  2.90812943e+00  1.63530000e+01  1.78733504e+00  1.63530000e+01  2.91911346e+00  1.63530000e+01  1.60012058e+00  1.63530000e+01  8.99784774e-01 
 1.64265000e+01  2.28256280e+00  1.64265000e+01  7.22832381e-01  1.64265000e+01  1.78772931e+00  1.64265000e+01  1.18440009e+00  1.64265000e+01  1.75957411e+00  1.64265000e+01  1.51562194e+00  1.64265000e+01  1.16400010e+00  1.64265000e+01  1.81080005e+00  1.64265000e+01  1.13400010e+00  1.64265000e+01  1.70400007e+00  1.64265000e+01  1.18080009e+00  1.64265000e+01  1.21080011e+00  1.64265000e+01  5.41563777e-01  1.64265000e+01  2.52672107e+00  1.64265000e+01  1.64004812e+00  1.64265000e+01  1.24003923e+00  1.64265000e+01  1.22153940e+00  1.64265000e+01  1.98513593e+00  1.64265000e+01  2.91073992e+00  1.64265000e+01  2.39729000e+00  1.64265000e+01  2.91797580e+00  1.64265000e+01  1.80989636e+00  1.64265000e+01  2.92791549e+00  1.64265000e+01  1.62229078e+00  1.64265000e+01  9.44843589e-01 
 1.65000000e+01  2.31320720e+00  1.65000000e+01  7.22832382e-01  1.65000000e+01  1.81897369e+00  1.65000000e+01  1.18440009e+00  1.65000000e+01  1.75957411e+00  1.65000000e+01  1.51562194e+00  1.65000000e+01  1.16400010e+00  1.65000000e+01  1.81080005e+00  1.65000000e+01  1.13400010e+00  1.65000000e+01  1.70400007e+00  1.65000000e+01  1.18080009e+00  1.65000000e+01  1.21080011e+00  1.65000000e+01  5.41563778e-01  1.65000000e+01  2.52672107e+00  1.65000000e+01  1.64004812e+00  1.65000000e+01  1.24003923e+00  1.65000000e+01  1.22153940e+00  1.65000000e+01  1.98513593e+00  1.65000000e+01  2.91908636e+00  1.65000000e+01  2.42130088e+00  1.65000000e+01  2.92659052e+00  1.65000000e+01  1.83329411e+00  1.65000000e+01  2.93552445e+00  1.65000000e+01  1.64531643e+00  1.65000000e+01  9.85507213e-01 
 1.65102000e+01  2.31701124e+00  1.65102000e+01  7.22832382e-01  1.65102000e+01  1.82286265e+00  1.65102000e+01  1.18440009e+00  1.65102000e+01  1.75957411e+00  1.65102000e+01  1.51562194e+00  1.65102000e+01  1.16400010e+00  1.65102000e+01  1.81080005e+00  1.65102000e+01  1.13400010e+00  1.65102000e+01  1.70400007e+00  1.65102000e+01  1.18080009e+00  1.65102000e+01  1.21080011e+00  1.65102000e+01  5.41563778e-01  1.65102000e+01  2.52672107e+00  1.65102000e+01  1.64004812e+00  1.65102000e+01  1.24003923e+00  1.65102000e+01  1.22153940e+00  1.65102000e+01  1.98513593e+00  1.65102000e+01  2.91976236e+00  1.65102000e+01  2.42456119e+00  1.65102000e+01  2.92759698e+00  1.65102000e+01  1.83649138e+00  1.65102000e+01  2.93639748e+00  1.65102000e+01  1.64847235e+00  1.65102000e+01  9.90678081e-01 
 1.65306000e+01  2.31433735e+00  1.65306000e+01  7.17939623e-01  1.65306000e+01  1.82037595e+00  1.65306000e+01  1.18440009e+00  1.65306000e+01  1.75957411e+00  1.65306000e+01  1.51562194e+00  1.65306000e+01  1.16400010e+00  1.65306000e+01  1.81080005e+00  1.65306000e+01  1.13400010e+00  1.65306000e+01  1.70400007e+00  1.65306000e+01  1.18080009e+00  1.65306000e+01  1.21080011e+00  1.65306000e+01  5.39176371e-01  1.65306000e+01  2.52013057e+00  1.65306000e+01  1.63364104e+00  1.65306000e+01  1.24003923e+00  1.65306000e+01  1.22153940e+00  1.65306000e+01  1.98513593e+00  1.65306000e+01  2.91883583e+00  1.65306000e+01  2.42635542e+00  1.65306000e+01  2.92715477e+00  1.65306000e+01  1.83819065e+00  1.65306000e+01  2.93564048e+00  1.65306000e+01  1.65011556e+00  1.65306000e+01  9.87657059e-01 
 1.65714000e+01  2.28865687e+00  1.65714000e+01  6.98915494e-01  1.65714000e+01  1.79510455e+00  1.65714000e+01  1.18440009e+00  1.65714000e+01  1.75957411e+00  1.65714000e+01  1.51562194e+00  1.65714000e+01  1.16400010e+00  1.65714000e+01  1.81080005e+00  1.65714000e+01  1.13400010e+00  1.65714000e+01  1.70400007e+00  1.65714000e+01  1.18080009e+00  1.65714000e+01  1.21080011e+00  1.65714000e+01  5.30052525e-01  1.65714000e+01  2.49400195e+00  1.65714000e+01  1.60824618e+00  1.65714000e+01  1.24003923e+00  1.65714000e+01  1.22153940e+00  1.65714000e+01  1.98513593e+00  1.65714000e+01  2.91272490e+00  1.65714000e+01  2.42064940e+00  1.65714000e+01  2.92152324e+00  1.65714000e+01  1.83234808e+00  1.65714000e+01  2.92943483e+00  1.65714000e+01  1.64420995e+00  1.65714000e+01  9.55324002e-01 
 1.66530000e+01  2.23830513e+00  1.66530000e+01  6.63905227e-01  1.66530000e+01  1.74557060e+00  1.66530000e+01  1.18440009e+00  1.66530000e+01  1.75957411e+00  1.66530000e+01  1.51562194e+00  1.66530000e+01  1.16400010e+00  1.66530000e+01  1.81080005e+00  1.66530000e+01  1.13400010e+00  1.66530000e+01  1.70400007e+00  1.66530000e+01  1.18080009e+00  1.66530000e+01  1.21080011e+00  1.66530000e+01  5.14058324e-01  1.66530000e+01  2.44276111e+00  1.66530000e+01  1.55847245e+00  1.66530000e+01  1.24003923e+00  1.66530000e+01  1.22153940e+00  1.66530000e+01  1.98513593e+00  1.66530000e+01  2.90178756e+00  1.66530000e+01  2.40993117e+00  1.66530000e+01  2.91097461e+00  1.66530000e+01  1.82131847e+00  1.66530000e+01  2.91839003e+00  1.66530000e+01  1.63303638e+00  1.66530000e+01  8.93195584e-01 
 1.66621875e+01  2.23270649e+00  1.66621875e+01  6.60228179e-01  1.66621875e+01  1.74006397e+00  1.66621875e+01  1.18440009e+00  1.66621875e+01  1.75957411e+00  1.66621875e+01  1.51562194e+00  1.66621875e+01  1.16400010e+00  1.66621875e+01  1.81080005e+00  1.66621875e+01  1.13400010e+00  1.66621875e+01  1.70400007e+00  1.66621875e+01  1.18080009e+00  1.66621875e+01  1.21080011e+00  1.66621875e+01  5.12446165e-01  1.66621875e+01  2.43706260e+00  1.66621875e+01  1.55293902e+00  1.66621875e+01  1.24003923e+00  1.66621875e+01  1.22153940e+00  1.66621875e+01  1.98513593e+00  1.66621875e+01  2.90064196e+00  1.66621875e+01  2.40877181e+00  1.66621875e+01  2.90983573e+00  1.66621875e+01  1.82012147e+00  1.66621875e+01  2.91723933e+00  1.66621875e+01  1.63182195e+00  1.66621875e+01  8.86431547e-01 
 1.66805625e+01  2.22152532e+00  1.66805625e+01  6.52965314e-01  1.66805625e+01  1.72906676e+00  1.66805625e+01  1.18440009e+00  1.66805625e+01  1.75957411e+00  1.66805625e+01  1.51562194e+00  1.66805625e+01  1.16400010e+00  1.66805625e+01  1.81080005e+00  1.66805625e+01  1.13400010e+00  1.66805625e+01  1.70400007e+00  1.66805625e+01  1.18080009e+00  1.66805625e+01  1.21080011e+00  1.66805625e+01  5.09281948e-01  1.66805625e+01  2.42568126e+00  1.66805625e+01  1.54188778e+00  1.66805625e+01  1.24003923e+00  1.66805625e+01  1.22153940e+00  1.66805625e+01  1.98513593e+00  1.66805625e+01  2.89836290e+00  1.66805625e+01  2.40646026e+00  1.66805625e+01  2.90756537e+00  1.66805625e+01  1.81773421e+00  1.66805625e+01  2.91495242e+00  1.66805625e+01  1.62939963e+00  1.66805625e+01  8.72991494e-01 
 1.66851563e+01  2.21873592e+00  1.66851563e+01  6.51183697e-01  1.66851563e+01  1.72632332e+00  1.66851563e+01  1.18440009e+00  1.66851563e+01  1.75957411e+00  1.66851563e+01  1.51562194e+00  1.66851563e+01  1.16400010e+00  1.66851563e+01  1.81080005e+00  1.66851563e+01  1.13400010e+00  1.66851563e+01  1.70400007e+00  1.66851563e+01  1.18080009e+00  1.66851563e+01  1.21080011e+00  1.66851563e+01  5.08513201e-01  1.66851563e+01  2.42284161e+00  1.66851563e+01  1.53913062e+00  1.66851563e+01  1.24003923e+00  1.66851563e+01  1.22153940e+00  1.66851563e+01  1.98513593e+00  1.66851563e+01  2.89779714e+00  1.66851563e+01  2.40588477e+00  1.66851563e+01  2.90700026e+00  1.66851563e+01  1.81713964e+00  1.66851563e+01  2.91438559e+00  1.66851563e+01  1.62879622e+00  1.66851563e+01  8.69664610e-01 
 1.66943438e+01  2.21316090e+00  1.66943438e+01  6.47643196e-01  1.66943438e+01  1.72084019e+00  1.66943438e+01  1.18440009e+00  1.66943438e+01  1.75957411e+00  1.66943438e+01  1.51562194e+00  1.66943438e+01  1.16400010e+00  1.66943438e+01  1.81080005e+00  1.66943438e+01  1.13400010e+00  1.66943438e+01  1.70400007e+00  1.66943438e+01  1.18080009e+00  1.66943438e+01  1.21080011e+00  1.66943438e+01  5.06990133e-01  1.66943438e+01  2.41716564e+00  1.66943438e+01  1.53361960e+00  1.66943438e+01  1.24003923e+00  1.66943438e+01  1.22153940e+00  1.66943438e+01  1.98513593e+00  1.66943438e+01  2.89666695e+00  1.66943438e+01  2.40473466e+00  1.66943438e+01  2.90587093e+00  1.66943438e+01  1.81595130e+00  1.66943438e+01  2.91325383e+00  1.66943438e+01  1.62759016e+00  1.66943438e+01  8.63033292e-01 
 1.67127188e+01  2.20753274e+00  1.67127188e+01  6.44208923e-01  1.67127188e+01  1.71530389e+00  1.67127188e+01  1.18440009e+00  1.67127188e+01  1.75957411e+00  1.67127188e+01  1.51562194e+00  1.67127188e+01  1.16400010e+00  1.67127188e+01  1.81080005e+00  1.67127188e+01  1.13400010e+00  1.67127188e+01  1.70400007e+00  1.67127188e+01  1.18080009e+00  1.67127188e+01  1.21080011e+00  1.67127188e+01  5.04043446e-01  1.67127188e+01  2.40585194e+00  1.67127188e+01  1.52263445e+00  1.67127188e+01  1.24003923e+00  1.67127188e+01  1.22153940e+00  1.67127188e+01  1.98513593e+00  1.67127188e+01  2.89441047e+00  1.67127188e+01  2.40243724e+00  1.67127188e+01  2.90361522e+00  1.67127188e+01  1.81357713e+00  1.67127188e+01  2.91099694e+00  1.67127188e+01  1.62518042e+00  1.67127188e+01  8.49907027e-01 
 1.67494687e+01  2.20741889e+00  1.67494687e+01  6.44617797e-01  1.67494687e+01  1.71519004e+00  1.67494687e+01  1.18440009e+00  1.67494687e+01  1.75957411e+00  1.67494687e+01  1.51562194e+00  1.67494687e+01  1.16400010e+00  1.67494687e+01  1.81080005e+00  1.67494687e+01  1.13400010e+00  1.67494687e+01  1.70400007e+00  1.67494687e+01  1.18080009e+00  1.67494687e+01  1.21080011e+00  1.67494687e+01  5.03679595e-01  1.67494687e+01  2.39456984e+00  1.67494687e+01  1.51167962e+00  1.67494687e+01  1.24003923e+00  1.67494687e+01  1.22153940e+00  1.67494687e+01  1.98513593e+00  1.67494687e+01  2.88990016e+00  1.67494687e+01  2.39784444e+00  1.67494687e+01  2.89910620e+00  1.67494687e+01  1.80883006e+00  1.67494687e+01  2.90648894e+00  1.67494687e+01  1.62036179e+00  1.67494687e+01  8.24225936e-01 
 1.68000000e+01  2.20741889e+00  1.68000000e+01  6.45275472e-01  1.68000000e+01  1.71519004e+00  1.68000000e+01  1.18440009e+00  1.68000000e+01  1.75957411e+00  1.68000000e+01  1.51562194e+00  1.68000000e+01  1.16400010e+00  1.68000000e+01  1.81080005e+00  1.68000000e+01  1.13400010e+00  1.68000000e+01  1.70400007e+00  1.68000000e+01  1.18080009e+00  1.68000000e+01  1.21080011e+00  1.68000000e+01  5.10373892e-01  1.68000000e+01  2.39456984e+00  1.68000000e+01  1.51167962e+00  1.68000000e+01  1.24003923e+00  1.68000000e+01  1.22153940e+00  1.68000000e+01  1.98513593e+00  1.68000000e+01  2.88369870e+00  1.68000000e+01  2.39152892e+00  1.68000000e+01  2.89290652e+00  1.68000000e+01  1.80230095e+00  1.68000000e+01  2.90029068e+00  1.68000000e+01  1.61373347e+00  1.68000000e+01  7.90250792e-01 
 1.68073500e+01  2.20741889e+00  1.68073500e+01  6.45369731e-01  1.68073500e+01  1.71519004e+00  1.68073500e+01  1.18440009e+00  1.68073500e+01  1.75957411e+00  1.68073500e+01  1.51562194e+00  1.68073500e+01  1.16400010e+00  1.68073500e+01  1.81080005e+00  1.68073500e+01  1.13400010e+00  1.68073500e+01  1.70400007e+00  1.68073500e+01  1.18080009e+00  1.68073500e+01  1.21080011e+00  1.68073500e+01  5.11307873e-01  1.68073500e+01  2.39456984e+00  1.68073500e+01  1.51167962e+00  1.68073500e+01  1.24003923e+00  1.68073500e+01  1.22153940e+00  1.68073500e+01  1.98513593e+00  1.68073500e+01  2.88279669e+00  1.68073500e+01  2.39061026e+00  1.68073500e+01  2.89200477e+00  1.68073500e+01  1.80135105e+00  1.68073500e+01  2.89938914e+00  1.68073500e+01  1.61276906e+00  1.68073500e+01  7.85461095e-01 
 1.68220500e+01  2.20741889e+00  1.68220500e+01  6.45556427e-01  1.68220500e+01  1.71129284e+00  1.68220500e+01  1.18440009e+00  1.68220500e+01  1.75957411e+00  1.68220500e+01  1.51562194e+00  1.68220500e+01  1.16400010e+00  1.68220500e+01  1.81080005e+00  1.68220500e+01  1.13400010e+00  1.68220500e+01  1.70400007e+00  1.68220500e+01  1.18080009e+00  1.68220500e+01  1.21080011e+00  1.68220500e+01  5.13143084e-01  1.68220500e+01  2.39456984e+00  1.68220500e+01  1.51167962e+00  1.68220500e+01  1.24003924e+00  1.68220500e+01  1.22153940e+00  1.68220500e+01  1.98559366e+00  1.68220500e+01  2.88061845e+00  1.68220500e+01  2.38840479e+00  1.68220500e+01  2.88982972e+00  1.68220500e+01  1.79908920e+00  1.68220500e+01  2.89721446e+00  1.68220500e+01  1.60874835e+00  1.68220500e+01  7.76340957e-01 
 1.68514500e+01  2.20741889e+00  1.68514500e+01  6.45923657e-01  1.68514500e+01  1.69577593e+00  1.68514500e+01  1.18440009e+00  1.68514500e+01  1.75957411e+00  1.68514500e+01  1.51562194e+00  1.68514500e+01  1.16400010e+00  1.68514500e+01  1.81080005e+00  1.68514500e+01  1.13400010e+00  1.68514500e+01  1.70400007e+00  1.68514500e+01  1.18080009e+00  1.68514500e+01  1.21080011e+00  1.68514500e+01  5.16683635e-01  1.68514500e+01  2.39456984e+00  1.68514500e+01  1.51167962e+00  1.68514500e+01  1.24003924e+00  1.68514500e+01  1.22153940e+00  1.68514500e+01  1.98752448e+00  1.68514500e+01  2.87551656e+00  1.68514500e+01  2.38325561e+00  1.68514500e+01  2.88473510e+00  1.68514500e+01  1.79383825e+00  1.68514500e+01  2.89212051e+00  1.68514500e+01  1.59648309e+00  1.68514500e+01  7.59307890e-01 
 1.69102500e+01  2.20741889e+00  1.69102500e+01  6.46643308e-01  1.69102500e+01  1.68006220e+00  1.69102500e+01  1.18440009e+00  1.69102500e+01  1.75957411e+00  1.69102500e+01  1.51562194e+00  1.69102500e+01  1.16400010e+00  1.69102500e+01  1.81080005e+00  1.69102500e+01  1.13400010e+00  1.69102500e+01  1.70400007e+00  1.69102500e+01  1.18080009e+00  1.69102500e+01  1.21080011e+00  1.69102500e+01  5.23397382e-01  1.69102500e+01  2.39456984e+00  1.69102500e+01  1.51167962e+00  1.69102500e+01  1.24003924e+00  1.69102500e+01  1.22153941e+00  1.69102500e+01  1.99198501e+00  1.69102500e+01  2.86530294e+00  1.69102500e+01  2.37293336e+00  1.69102500e+01  2.87452517e+00  1.69102500e+01  1.78330603e+00  1.69102500e+01  2.88191194e+00  1.69102500e+01  1.57168260e+00  1.69102500e+01  7.27007533e-01 
 1.70051250e+01  2.20741889e+00  1.70051250e+01  6.47764205e-01  1.70051250e+01  1.67962862e+00  1.70051250e+01  1.18440009e+00  1.70051250e+01  1.75957411e+00  1.70051250e+01  1.51562194e+00  1.70051250e+01  1.16400010e+00  1.70051250e+01  1.81080005e+00  1.70051250e+01  1.13400010e+00  1.70051250e+01  1.70400007e+00  1.70051250e+01  1.18080009e+00  1.70051250e+01  1.21080011e+00  1.70051250e+01  5.33297075e-01  1.70051250e+01  2.39456984e+00  1.70051250e+01  1.51167962e+00  1.70051250e+01  1.24003924e+00  1.70051250e+01  1.22153941e+00  1.70051250e+01  2.00085026e+00  1.70051250e+01  2.84873417e+00  1.70051250e+01  2.35617674e+00  1.70051250e+01  2.85795932e+00  1.70051250e+01  1.76619145e+00  1.70051250e+01  2.86534841e+00  1.70051250e+01  1.53080536e+00  1.70051250e+01  6.80002900e-01 
 1.70169844e+01  2.20741889e+00  1.70169844e+01  6.47900513e-01  1.70169844e+01  1.67962862e+00  1.70169844e+01  1.18440009e+00  1.70169844e+01  1.75957411e+00  1.70169844e+01  1.51562194e+00  1.70169844e+01  1.16400010e+00  1.70169844e+01  1.81080005e+00  1.70169844e+01  1.13400010e+00  1.70169844e+01  1.70400007e+00  1.70169844e+01  1.18080009e+00  1.70169844e+01  1.21080011e+00  1.70169844e+01  5.34450424e-01  1.70169844e+01  2.39456984e+00  1.70169844e+01  1.51167962e+00  1.70169844e+01  1.24003924e+00  1.70169844e+01  1.22153941e+00  1.70169844e+01  2.00211792e+00  1.70169844e+01  2.84665288e+00  1.70169844e+01  2.35407100e+00  1.70169844e+01  2.85587840e+00  1.70169844e+01  1.76403898e+00  1.70169844e+01  2.86326780e+00  1.70169844e+01  1.52560793e+00  1.70169844e+01  6.74626639e-01 
 1.70407031e+01  2.20741889e+00  1.70407031e+01  6.48171647e-01  1.70407031e+01  1.67962862e+00  1.70407031e+01  1.18440009e+00  1.70407031e+01  1.75957411e+00  1.70407031e+01  1.51562194e+00  1.70407031e+01  1.16400010e+00  1.70407031e+01  1.81080005e+00  1.70407031e+01  1.13400010e+00  1.70407031e+01  1.70400007e+00  1.70407031e+01  1.18080009e+00  1.70407031e+01  1.21080011e+00  1.70407031e+01  5.36726557e-01  1.70407031e+01  2.39456984e+00  1.70407031e+01  1.51167962e+00  1.70407031e+01  1.24003924e+00  1.70407031e+01  1.22153941e+00  1.70407031e+01  2.00471567e+00  1.70407031e+01  2.84248563e+00  1.70407031e+01  2.34985441e+00  1.70407031e+01  2.85171192e+00  1.70407031e+01  1.75972803e+00  1.70407031e+01  2.85910193e+00  1.70407031e+01  1.51517640e+00  1.70407031e+01  6.64075093e-01 
 1.70703516e+01  2.20741889e+00  1.70703516e+01  6.48506431e-01  1.70703516e+01  1.67962862e+00  1.70703516e+01  1.18440009e+00  1.70703516e+01  1.75957411e+00  1.70703516e+01  1.51562194e+00  1.70703516e+01  1.16400010e+00  1.70703516e+01  1.81080005e+00  1.70703516e+01  1.13400010e+00  1.70703516e+01  1.70400007e+00  1.70703516e+01  1.18080009e+00  1.70703516e+01  1.21080011e+00  1.70703516e+01  5.39487652e-01  1.70703516e+01  2.39456984e+00  1.70703516e+01  1.51167962e+00  1.70703516e+01  1.24003924e+00  1.70703516e+01  1.22153941e+00  1.70703516e+01  2.00813703e+00  1.70703516e+01  2.83726315e+00  1.70703516e+01  2.34456896e+00  1.70703516e+01  2.84649041e+00  1.70703516e+01  1.75432200e+00  1.70703516e+01  2.85388120e+00  1.70703516e+01  1.50203360e+00  1.70703516e+01  6.51449675e-01 
 1.71000000e+01  2.20741889e+00  1.71000000e+01  6.48836672e-01  1.71000000e+01  1.67962862e+00  1.71000000e+01  1.18440009e+00  1.71000000e+01  1.75957411e+00  1.71000000e+01  1.51562194e+00  1.71000000e+01  1.16400010e+00  1.71000000e+01  1.81080005e+00  1.71000000e+01  1.13400010e+00  1.71000000e+01  1.70400007e+00  1.71000000e+01  1.18080009e+00  1.71000000e+01  1.21080011e+00  1.71000000e+01  5.42158979e-01  1.71000000e+01  2.39456984e+00  1.71000000e+01  1.51167962e+00  1.71000000e+01  1.24003924e+00  1.71000000e+01  1.22153941e+00  1.71000000e+01  2.01174887e+00  1.71000000e+01  2.83202512e+00  1.71000000e+01  2.33926644e+00  1.71000000e+01  2.84125338e+00  1.71000000e+01  1.74889577e+00  1.71000000e+01  2.84864496e+00  1.71000000e+01  1.48877599e+00  1.71000000e+01  6.39447613e-01 
 1.71059297e+01  2.20741889e+00  1.71059297e+01  6.48902089e-01  1.71059297e+01  1.67962862e+00  1.71059297e+01  1.18440009e+00  1.71059297e+01  1.75957411e+00  1.71059297e+01  1.51562194e+00  1.71059297e+01  1.16400010e+00  1.71059297e+01  1.81080005e+00  1.71059297e+01  1.13400010e+00  1.71059297e+01  1.70400007e+00  1.71059297e+01  1.18080009e+00  1.71059297e+01  1.21080011e+00  1.71059297e+01  5.42681054e-01  1.71059297e+01  2.39456984e+00  1.71059297e+01  1.51167962e+00  1.71059297e+01  1.24003924e+00  1.71059297e+01  1.22153941e+00  1.71059297e+01  2.01249754e+00  1.71059297e+01  2.83097528e+00  1.71059297e+01  2.33820347e+00  1.71059297e+01  2.84020374e+00  1.71059297e+01  1.74780760e+00  1.71059297e+01  2.84759548e+00  1.71059297e+01  1.48610846e+00  1.71059297e+01  6.37133936e-01 
 1.71177891e+01  2.20741889e+00  1.71177891e+01  6.48967506e-01  1.71177891e+01  1.67962862e+00  1.71177891e+01  1.18440009e+00  1.71177891e+01  1.75957411e+00  1.71177891e+01  1.51562194e+00  1.71177891e+01  1.16400010e+00  1.71177891e+01  1.81080005e+00  1.71177891e+01  1.13400010e+00  1.71177891e+01  1.70400007e+00  1.71177891e+01  1.18080009e+00  1.71177891e+01  1.21080011e+00  1.71177891e+01  5.43203128e-01  1.71177891e+01  2.39797655e+00  1.71177891e+01  1.51516550e+00  1.71177891e+01  1.24003924e+00  1.71177891e+01  1.21923414e+00  1.71177891e+01  2.01084512e+00  1.71177891e+01  2.83113708e+00  1.71177891e+01  2.33873966e+00  1.71177891e+01  2.84032077e+00  1.71177891e+01  1.74828738e+00  1.71177891e+01  2.84823523e+00  1.71177891e+01  1.48498286e+00  1.71177891e+01  6.38747624e-01 
 1.71207539e+01  2.20741889e+00  1.71207539e+01  6.48967506e-01  1.71207539e+01  1.67962862e+00  1.71207539e+01  1.18440009e+00  1.71207539e+01  1.75957411e+00  1.71207539e+01  1.51562194e+00  1.71207539e+01  1.16400010e+00  1.71207539e+01  1.81080005e+00  1.71207539e+01  1.13400010e+00  1.71207539e+01  1.70400007e+00  1.71207539e+01  1.18080009e+00  1.71207539e+01  1.21080011e+00  1.71207539e+01  5.43203128e-01  1.71207539e+01  2.39967360e+00  1.71207539e+01  1.51690219e+00  1.71207539e+01  1.24003924e+00  1.71207539e+01  1.21809068e+00  1.71207539e+01  2.00965375e+00  1.71207539e+01  2.83174347e+00  1.71207539e+01  2.33954305e+00  1.71207539e+01  2.84090454e+00  1.71207539e+01  1.74907475e+00  1.71207539e+01  2.84907803e+00  1.71207539e+01  1.48575680e+00  1.71207539e+01  6.40710388e-01 
 1.71266836e+01  2.20741889e+00  1.71266836e+01  6.48967506e-01  1.71266836e+01  1.67962862e+00  1.71266836e+01  1.18440009e+00  1.71266836e+01  1.75957411e+00  1.71266836e+01  1.51562194e+00  1.71266836e+01  1.16400010e+00  1.71266836e+01  1.81080005e+00  1.71266836e+01  1.13400010e+00  1.71266836e+01  1.70400007e+00  1.71266836e+01  1.18080009e+00  1.71266836e+01  1.21080011e+00  1.71266836e+01  5.43203128e-01  1.71266836e+01  2.40305487e+00  1.71266836e+01  1.52036284e+00  1.71266836e+01  1.24003924e+00  1.71266836e+01  1.21582222e+00  1.71266836e+01  2.00728954e+00  1.71266836e+01  2.83295732e+00  1.71266836e+01  2.34115752e+00  1.71266836e+01  2.84207288e+00  1.71266836e+01  1.75065628e+00  1.71266836e+01  2.85075991e+00  1.71266836e+01  1.48731071e+00  1.71266836e+01  6.44633691e-01 
 1.71385430e+01  2.20741889e+00  1.71385430e+01  6.48967506e-01  1.71385430e+01  1.67962862e+00  1.71385430e+01  1.18440009e+00  1.71385430e+01  1.75957411e+00  1.71385430e+01  1.51562194e+00  1.71385430e+01  1.16400010e+00  1.71385430e+01  1.81080005e+00  1.71385430e+01  1.13400010e+00  1.71385430e+01  1.70400007e+00  1.71385430e+01  1.18080009e+00  1.71385430e+01  1.21080011e+00  1.71385430e+01  5.43203128e-01  1.71385430e+01  2.40973891e+00  1.71385430e+01  1.52720626e+00  1.71385430e+01  1.24003924e+00  1.71385430e+01  1.21197397e+00  1.71385430e+01  2.00329885e+00  1.71385430e+01  2.83539084e+00  1.71385430e+01  2.34443248e+00  1.71385430e+01  2.84441387e+00  1.71385430e+01  1.75386013e+00  1.71385430e+01  2.85410025e+00  1.71385430e+01  1.49045517e+00  1.71385430e+01  6.52463808e-01 
 1.71622617e+01  2.20741889e+00  1.71622617e+01  6.48967507e-01  1.71622617e+01  1.67962862e+00  1.71622617e+01  1.18440009e+00  1.71622617e+01  1.75957411e+00  1.71622617e+01  1.51562194e+00  1.71622617e+01  1.16400010e+00  1.71622617e+01  1.81080005e+00  1.71622617e+01  1.13400010e+00  1.71622617e+01  1.70400007e+00  1.71622617e+01  1.18080009e+00  1.71622617e+01  1.21080011e+00  1.71622617e+01  5.43203129e-01  1.71622617e+01  2.42277791e+00  1.71622617e+01  1.54056666e+00  1.71622617e+01  1.24003924e+00  1.71622617e+01  1.20877740e+00  1.71622617e+01  2.00000883e+00  1.71622617e+01  2.84027482e+00  1.71622617e+01  2.35116596e+00  1.71622617e+01  2.84910708e+00  1.71622617e+01  1.76043002e+00  1.71622617e+01  2.86066654e+00  1.71622617e+01  1.49689075e+00  1.71622617e+01  6.68026051e-01 
 1.72096992e+01  2.20741889e+00  1.72096992e+01  6.48967507e-01  1.72096992e+01  1.67962862e+00  1.72096992e+01  1.18440009e+00  1.72096992e+01  1.75957411e+00  1.72096992e+01  1.51562194e+00  1.72096992e+01  1.16400010e+00  1.72096992e+01  1.81080005e+00  1.72096992e+01  1.13400010e+00  1.72096992e+01  1.70400007e+00  1.72096992e+01  1.18080009e+00  1.72096992e+01  1.21080011e+00  1.72096992e+01  5.43203130e-01  1.72096992e+01  2.44743578e+00  1.72096992e+01  1.56587823e+00  1.72096992e+01  1.24003924e+00  1.72096992e+01  1.20877740e+00  1.72096992e+01  2.00000883e+00  1.72096992e+01  2.85005088e+00  1.72096992e+01  2.36534738e+00  1.72096992e+01  2.85848231e+00  1.72096992e+01  1.77420504e+00  1.72096992e+01  2.87300147e+00  1.72096992e+01  1.51033454e+00  1.72096992e+01  6.98497519e-01 
 1.73045742e+01  2.20741889e+00  1.73045742e+01  6.48967508e-01  1.73045742e+01  1.67962862e+00  1.73045742e+01  1.18440009e+00  1.73045742e+01  1.75957411e+00  1.73045742e+01  1.51562194e+00  1.73045742e+01  1.16400010e+00  1.73045742e+01  1.81080006e+00  1.73045742e+01  1.13400010e+00  1.73045742e+01  1.70400007e+00  1.73045742e+01  1.18080009e+00  1.73045742e+01  1.21080011e+00  1.73045742e+01  5.43203131e-01  1.73045742e+01  2.49057963e+00  1.73045742e+01  1.61037380e+00  1.73045742e+01  1.24003924e+00  1.73045742e+01  1.20877740e+00  1.73045742e+01  2.00000883e+00  1.73045742e+01  2.86883345e+00  1.73045742e+01  2.39572222e+00  1.73045742e+01  2.87642161e+00  1.73045742e+01  1.80372501e+00  1.73045742e+01  2.89222711e+00  1.73045742e+01  1.53910738e+00  1.73045742e+01  7.54878720e-01 
 1.74000000e+01  2.20741889e+00  1.74000000e+01  6.48967509e-01  1.74000000e+01  1.67962862e+00  1.74000000e+01  1.18440009e+00  1.74000000e+01  1.75957412e+00  1.74000000e+01  1.51562194e+00  1.74000000e+01  1.16400010e+00  1.74000000e+01  1.81080006e+00  1.74000000e+01  1.13400010e+00  1.74000000e+01  1.70400007e+00  1.74000000e+01  1.18080009e+00  1.74000000e+01  1.21080011e+00  1.74000000e+01  5.43203132e-01  1.74000000e+01  2.52549776e+00  1.74000000e+01  1.64674065e+00  1.74000000e+01  1.24003924e+00  1.74000000e+01  1.20877740e+00  1.74000000e+01  2.00000883e+00  1.74000000e+01  2.88428218e+00  1.74000000e+01  2.42544990e+00  1.74000000e+01  2.89103285e+00  1.74000000e+01  1.83282593e+00  1.74000000e+01  2.90219958e+00  1.74000000e+01  1.56758350e+00  1.74000000e+01  8.02998016e-01 
 1.74102000e+01  2.20741889e+00  1.74102000e+01  6.48967510e-01  1.74102000e+01  1.67962862e+00  1.74102000e+01  1.18440009e+00  1.74102000e+01  1.75957412e+00  1.74102000e+01  1.51562194e+00  1.74102000e+01  1.16400010e+00  1.74102000e+01  1.81080006e+00  1.74102000e+01  1.13400010e+00  1.74102000e+01  1.70400007e+00  1.74102000e+01  1.18080009e+00  1.74102000e+01  1.21080011e+00  1.74102000e+01  5.43203133e-01  1.74102000e+01  2.52867925e+00  1.74102000e+01  1.65008567e+00  1.74102000e+01  1.24003924e+00  1.74102000e+01  1.20877740e+00  1.74102000e+01  2.00000883e+00  1.74102000e+01  2.88557423e+00  1.74102000e+01  2.42835768e+00  1.74102000e+01  2.89223944e+00  1.74102000e+01  1.83568845e+00  1.74102000e+01  2.90259881e+00  1.74102000e+01  1.57039511e+00  1.74102000e+01  8.07483617e-01 
 1.74306000e+01  2.21344101e+00  1.74306000e+01  6.48967510e-01  1.74306000e+01  1.68573145e+00  1.74306000e+01  1.18440009e+00  1.74306000e+01  1.75957412e+00  1.74306000e+01  1.51562194e+00  1.74306000e+01  1.16400010e+00  1.74306000e+01  1.81080006e+00  1.74306000e+01  1.13400010e+00  1.74306000e+01  1.70400007e+00  1.74306000e+01  1.18080009e+00  1.74306000e+01  1.21080011e+00  1.74306000e+01  5.43203133e-01  1.74306000e+01  2.53186074e+00  1.74306000e+01  1.65343070e+00  1.74306000e+01  1.23714005e+00  1.74306000e+01  1.20877740e+00  1.74306000e+01  1.99695286e+00  1.74306000e+01  2.88907203e+00  1.74306000e+01  2.43396762e+00  1.74306000e+01  2.89488994e+00  1.74306000e+01  1.84121259e+00  1.74306000e+01  2.90433430e+00  1.74306000e+01  1.57583471e+00  1.74306000e+01  8.18709197e-01 
 1.74357000e+01  2.21643421e+00  1.74357000e+01  6.48967510e-01  1.74357000e+01  1.68876511e+00  1.74357000e+01  1.18440009e+00  1.74357000e+01  1.75957412e+00  1.74357000e+01  1.51562194e+00  1.74357000e+01  1.16400010e+00  1.74357000e+01  1.81080006e+00  1.74357000e+01  1.13400010e+00  1.74357000e+01  1.70400007e+00  1.74357000e+01  1.18080009e+00  1.74357000e+01  1.21080011e+00  1.74357000e+01  5.43203133e-01  1.74357000e+01  2.53186074e+00  1.74357000e+01  1.65343070e+00  1.74357000e+01  1.23571088e+00  1.74357000e+01  1.20877740e+00  1.74357000e+01  1.99544537e+00  1.74357000e+01  2.89016992e+00  1.74357000e+01  2.43533017e+00  1.74357000e+01  2.89561162e+00  1.74357000e+01  1.84255376e+00  1.74357000e+01  2.90500196e+00  1.74357000e+01  1.57715791e+00  1.74357000e+01  8.22077946e-01 
 1.74459000e+01  2.22238378e+00  1.74459000e+01  6.48967510e-01  1.74459000e+01  1.69479575e+00  1.74459000e+01  1.18440009e+00  1.74459000e+01  1.75957412e+00  1.74459000e+01  1.51562194e+00  1.74459000e+01  1.16400010e+00  1.74459000e+01  1.81080006e+00  1.74459000e+01  1.13400010e+00  1.74459000e+01  1.70400007e+00  1.74459000e+01  1.18080009e+00  1.74459000e+01  1.21080011e+00  1.74459000e+01  5.43203133e-01  1.74459000e+01  2.53186074e+00  1.74459000e+01  1.65343070e+00  1.74459000e+01  1.23289339e+00  1.74459000e+01  1.20877740e+00  1.74459000e+01  1.99247132e+00  1.74459000e+01  2.89235529e+00  1.74459000e+01  2.43807836e+00  1.74459000e+01  2.89705420e+00  1.74459000e+01  1.84525690e+00  1.74459000e+01  2.90633616e+00  1.74459000e+01  1.57982301e+00  1.74459000e+01  8.28811119e-01 
 1.74663000e+01  2.23405374e+00  1.74663000e+01  6.48967510e-01  1.74663000e+01  1.70662898e+00  1.74663000e+01  1.18440009e+00  1.74663000e+01  1.75957412e+00  1.74663000e+01  1.51562194e+00  1.74663000e+01  1.16400010e+00  1.74663000e+01  1.81080006e+00  1.74663000e+01  1.13400010e+00  1.74663000e+01  1.70400007e+00  1.74663000e+01  1.18080009e+00  1.74663000e+01  1.21080011e+00  1.74663000e+01  5.43203133e-01  1.74663000e+01  2.53186074e+00  1.74663000e+01  1.65343070e+00  1.74663000e+01  1.22786428e+00  1.74663000e+01  1.20877740e+00  1.74663000e+01  1.98717304e+00  1.74663000e+01  2.89666041e+00  1.74663000e+01  2.44371330e+00  1.74663000e+01  2.89993299e+00  1.74663000e+01  1.85078793e+00  1.74663000e+01  2.90899625e+00  1.74663000e+01  1.58526666e+00  1.74663000e+01  8.42236319e-01 
 1.75071000e+01  2.25640266e+00  1.75071000e+01  6.48967511e-01  1.75071000e+01  1.72930914e+00  1.75071000e+01  1.18440009e+00  1.75071000e+01  1.75957412e+00  1.75071000e+01  1.51562194e+00  1.75071000e+01  1.16400010e+00  1.75071000e+01  1.81080006e+00  1.75071000e+01  1.13400010e+00  1.75071000e+01  1.70400007e+00  1.75071000e+01  1.18080009e+00  1.75071000e+01  1.21080011e+00  1.75071000e+01  5.43203134e-01  1.75071000e+01  2.53186074e+00  1.75071000e+01  1.65343070e+00  1.75071000e+01  1.22335939e+00  1.75071000e+01  1.20877740e+00  1.75071000e+01  1.98244269e+00  1.75071000e+01  2.90490070e+00  1.75071000e+01  2.45553394e+00  1.75071000e+01  2.90564624e+00  1.75071000e+01  1.86234394e+00  1.75071000e+01  2.91426638e+00  1.75071000e+01  1.59660650e+00  1.75071000e+01  8.68764737e-01 
 1.75887000e+01  2.29670374e+00  1.75887000e+01  6.48967512e-01  1.75887000e+01  1.77029240e+00  1.75887000e+01  1.18440009e+00  1.75887000e+01  1.75957412e+00  1.75887000e+01  1.51562195e+00  1.75887000e+01  1.16400010e+00  1.75887000e+01  1.81080006e+00  1.75887000e+01  1.13400010e+00  1.75887000e+01  1.70400007e+00  1.75887000e+01  1.18080009e+00  1.75887000e+01  1.21080011e+00  1.75887000e+01  5.43203135e-01  1.75887000e+01  2.53186074e+00  1.75887000e+01  1.65343070e+00  1.75887000e+01  1.22335939e+00  1.75887000e+01  1.20877740e+00  1.75887000e+01  1.98244269e+00  1.75887000e+01  2.91852108e+00  1.75887000e+01  2.48116056e+00  1.75887000e+01  2.91671745e+00  1.75887000e+01  1.88730059e+00  1.75887000e+01  2.92444781e+00  1.75887000e+01  1.62100241e+00  1.75887000e+01  9.19274070e-01 
 1.76443500e+01  2.32065288e+00  1.76443500e+01  6.48967513e-01  1.76443500e+01  1.79472177e+00  1.76443500e+01  1.18440009e+00  1.76443500e+01  1.75957412e+00  1.76443500e+01  1.51562195e+00  1.76443500e+01  1.16400010e+00  1.76443500e+01  1.81080006e+00  1.76443500e+01  1.13400011e+00  1.76443500e+01  1.70400007e+00  1.76443500e+01  1.18080009e+00  1.76443500e+01  1.21080011e+00  1.76443500e+01  5.43203136e-01  1.76443500e+01  2.53186074e+00  1.76443500e+01  1.65343070e+00  1.76443500e+01  1.22335939e+00  1.76443500e+01  1.20877740e+00  1.76443500e+01  1.98244269e+00  1.76443500e+01  2.92478821e+00  1.76443500e+01  2.49955678e+00  1.76443500e+01  2.92362080e+00  1.76443500e+01  1.90526502e+00  1.76443500e+01  2.93075787e+00  1.76443500e+01  1.63857672e+00  1.76443500e+01  9.50936066e-01 
 1.77000000e+01  2.34172622e+00  1.77000000e+01  6.48967514e-01  1.77000000e+01  1.81628660e+00  1.77000000e+01  1.18440009e+00  1.77000000e+01  1.75957412e+00  1.77000000e+01  1.51562195e+00  1.77000000e+01  1.16400010e+00  1.77000000e+01  1.81080006e+00  1.77000000e+01  1.13400011e+00  1.77000000e+01  1.70400007e+00  1.77000000e+01  1.18080009e+00  1.77000000e+01  1.21080011e+00  1.77000000e+01  5.43203136e-01  1.77000000e+01  2.53186074e+00  1.77000000e+01  1.65343070e+00  1.77000000e+01  1.22335939e+00  1.77000000e+01  1.20877740e+00  1.77000000e+01  1.98244269e+00  1.77000000e+01  2.92802462e+00  1.77000000e+01  2.51744163e+00  1.77000000e+01  2.92928729e+00  1.77000000e+01  1.92284209e+00  1.77000000e+01  2.93586136e+00  1.77000000e+01  1.65584545e+00  1.77000000e+01  9.79546806e-01 
 1.77102000e+01  2.34523780e+00  1.77102000e+01  6.48967514e-01  1.77102000e+01  1.81988958e+00  1.77102000e+01  1.18440009e+00  1.77102000e+01  1.75957412e+00  1.77102000e+01  1.51562195e+00  1.77102000e+01  1.16400010e+00  1.77102000e+01  1.81080006e+00  1.77102000e+01  1.13400011e+00  1.77102000e+01  1.70400007e+00  1.77102000e+01  1.18080009e+00  1.77102000e+01  1.21080011e+00  1.77102000e+01  5.43203136e-01  1.77102000e+01  2.53186074e+00  1.77102000e+01  1.65343070e+00  1.77102000e+01  1.22335939e+00  1.77102000e+01  1.20877740e+00  1.77102000e+01  1.98244269e+00  1.77102000e+01  2.92822254e+00  1.77102000e+01  2.52055563e+00  1.77102000e+01  2.93012081e+00  1.77102000e+01  1.92591260e+00  1.77102000e+01  2.93659664e+00  1.77102000e+01  1.65886860e+00  1.77102000e+01  9.84370571e-01 
 1.77306000e+01  2.34223378e+00  1.77306000e+01  6.44927187e-01  1.77306000e+01  1.81708563e+00  1.77306000e+01  1.18440009e+00  1.77306000e+01  1.75957412e+00  1.77306000e+01  1.51562195e+00  1.77306000e+01  1.16400010e+00  1.77306000e+01  1.81080006e+00  1.77306000e+01  1.13400011e+00  1.77306000e+01  1.70400007e+00  1.77306000e+01  1.18080009e+00  1.77306000e+01  1.21080011e+00  1.77306000e+01  5.40786999e-01  1.77306000e+01  2.52527040e+00  1.77306000e+01  1.64702206e+00  1.77306000e+01  1.22335939e+00  1.77306000e+01  1.20877740e+00  1.77306000e+01  1.98244269e+00  1.77306000e+01  2.92673931e+00  1.77306000e+01  2.52216979e+00  1.77306000e+01  2.92946717e+00  1.77306000e+01  1.92745564e+00  1.77306000e+01  2.93562971e+00  1.77306000e+01  1.66034579e+00  1.77306000e+01  9.80962635e-01 
 1.77714000e+01  2.31642138e+00  1.77714000e+01  6.29324881e-01  1.77714000e+01  1.79170801e+00  1.77714000e+01  1.18440010e+00  1.77714000e+01  1.75957412e+00  1.77714000e+01  1.51562195e+00  1.77714000e+01  1.16400010e+00  1.77714000e+01  1.81080006e+00  1.77714000e+01  1.13400011e+00  1.77714000e+01  1.70400007e+00  1.77714000e+01  1.18080009e+00  1.77714000e+01  1.21080011e+00  1.77714000e+01  5.31558514e-01  1.77714000e+01  2.49916047e+00  1.77714000e+01  1.62163902e+00  1.77714000e+01  1.22335939e+00  1.77714000e+01  1.20877740e+00  1.77714000e+01  1.98244269e+00  1.77714000e+01  2.92035077e+00  1.77714000e+01  2.51634435e+00  1.77714000e+01  2.92369661e+00  1.77714000e+01  1.92151052e+00  1.77714000e+01  2.92916765e+00  1.77714000e+01  1.65432059e+00  1.77714000e+01  9.48507851e-01 
 1.78530000e+01  2.26590144e+00  1.78530000e+01  6.01169617e-01  1.78530000e+01  1.74205743e+00  1.78530000e+01  1.18440010e+00  1.78530000e+01  1.75957412e+00  1.78530000e+01  1.51562195e+00  1.78530000e+01  1.16400010e+00  1.78530000e+01  1.81080006e+00  1.78530000e+01  1.13400011e+00  1.78530000e+01  1.70400007e+00  1.78530000e+01  1.18080009e+00  1.78530000e+01  1.21080011e+00  1.78530000e+01  5.15405622e-01  1.78530000e+01  2.44805067e+00  1.78530000e+01  1.57198280e+00  1.78530000e+01  1.22335939e+00  1.78530000e+01  1.20877740e+00  1.78530000e+01  1.98244269e+00  1.78530000e+01  2.90906762e+00  1.78530000e+01  2.50548313e+00  1.78530000e+01  2.91296341e+00  1.78530000e+01  1.91036980e+00  1.78530000e+01  2.91779487e+00  1.78530000e+01  1.64299257e+00  1.78530000e+01  8.86341954e-01 
 1.78621875e+01  2.26029165e+00  1.78621875e+01  5.98261348e-01  1.78621875e+01  1.73654547e+00  1.78621875e+01  1.18440010e+00  1.78621875e+01  1.75957412e+00  1.78621875e+01  1.51562195e+00  1.78621875e+01  1.16400011e+00  1.78621875e+01  1.81080006e+00  1.78621875e+01  1.13400011e+00  1.78621875e+01  1.70400007e+00  1.78621875e+01  1.18080009e+00  1.78621875e+01  1.21080011e+00  1.78621875e+01  5.13779582e-01  1.78621875e+01  2.44237472e+00  1.78621875e+01  1.56647045e+00  1.78621875e+01  1.22335939e+00  1.78621875e+01  1.20877740e+00  1.78621875e+01  1.98244269e+00  1.78621875e+01  2.90790178e+00  1.78621875e+01  2.50431669e+00  1.78621875e+01  2.91181265e+00  1.78621875e+01  1.90916909e+00  1.78621875e+01  2.91662382e+00  1.78621875e+01  1.64176886e+00  1.78621875e+01  8.79591491e-01 
 1.78805625e+01  2.24909035e+00  1.78805625e+01  5.92532061e-01  1.78805625e+01  1.72553980e+00  1.78805625e+01  1.18440010e+00  1.78805625e+01  1.75957412e+00  1.78805625e+01  1.51562195e+00  1.78805625e+01  1.16400011e+00  1.78805625e+01  1.81080006e+00  1.78805625e+01  1.13400011e+00  1.78805625e+01  1.70400007e+00  1.78805625e+01  1.18080009e+00  1.78805625e+01  1.21080011e+00  1.78805625e+01  5.10588688e-01  1.78805625e+01  2.43104101e+00  1.78805625e+01  1.55546386e+00  1.78805625e+01  1.22335939e+00  1.78805625e+01  1.20877740e+00  1.78805625e+01  1.98244269e+00  1.78805625e+01  2.90558906e+00  1.78805625e+01  2.50199451e+00  1.78805625e+01  2.90952209e+00  1.78805625e+01  1.90677781e+00  1.78805625e+01  2.91430233e+00  1.78805625e+01  1.63933122e+00  1.78805625e+01  8.66184523e-01 
 1.79173125e+01  2.22678595e+00  1.79173125e+01  5.81585561e-01  1.79173125e+01  1.70362614e+00  1.79173125e+01  1.18440010e+00  1.79173125e+01  1.75957412e+00  1.79173125e+01  1.51562195e+00  1.79173125e+01  1.16400011e+00  1.79173125e+01  1.81080006e+00  1.79173125e+01  1.13400011e+00  1.79173125e+01  1.70400007e+00  1.79173125e+01  1.18080009e+00  1.79173125e+01  1.21080011e+00  1.79173125e+01  5.04558940e-01  1.79173125e+01  2.40846757e+00  1.79173125e+01  1.53354408e+00  1.79173125e+01  1.22335939e+00  1.79173125e+01  1.20877740e+00  1.79173125e+01  1.98244269e+00  1.79173125e+01  2.90103667e+00  1.79173125e+01  2.49739230e+00  1.79173125e+01  2.90498414e+00  1.79173125e+01  1.90203504e+00  1.79173125e+01  2.90974215e+00  1.79173125e+01  1.63449404e+00  1.79173125e+01  8.39943752e-01 
 1.79586563e+01  2.21427439e+00  1.79586563e+01  5.76817954e-01  1.79586563e+01  1.69133413e+00  1.79586563e+01  1.18440010e+00  1.79586563e+01  1.75957412e+00  1.79586563e+01  1.51562195e+00  1.79586563e+01  1.16400011e+00  1.79586563e+01  1.81080006e+00  1.79586563e+01  1.13400011e+00  1.79586563e+01  1.70400007e+00  1.79586563e+01  1.18080009e+00  1.79586563e+01  1.21080011e+00  1.79586563e+01  5.04108413e-01  1.79586563e+01  2.39580239e+00  1.79586563e+01  1.52124633e+00  1.79586563e+01  1.22335939e+00  1.79586563e+01  1.20877740e+00  1.79586563e+01  1.98244269e+00  1.79586563e+01  2.89595581e+00  1.79586563e+01  2.49223899e+00  1.79586563e+01  2.89990396e+00  1.79586563e+01  1.89672164e+00  1.79586563e+01  2.90466123e+00  1.79586563e+01  1.62907299e+00  1.79586563e+01  8.11370079e-01 
 1.80000000e+01  2.21427439e+00  1.80000000e+01  5.79175416e-01  1.80000000e+01  1.69133413e+00  1.80000000e+01  1.18440010e+00  1.80000000e+01  1.75957412e+00  1.80000000e+01  1.51562195e+00  1.80000000e+01  1.16400011e+00  1.80000000e+01  1.81080006e+00  1.80000000e+01  1.13400011e+00  1.80000000e+01  1.70400007e+00  1.80000000e+01  1.18080009e+00  1.80000000e+01  1.21080011e+00  1.80000000e+01  5.09588889e-01  1.80000000e+01  2.39580239e+00  1.80000000e+01  1.52124633e+00  1.80000000e+01  1.22335939e+00  1.80000000e+01  1.20877740e+00  1.80000000e+01  1.98244269e+00  1.80000000e+01  2.89087609e+00  1.80000000e+01  2.48708636e+00  1.80000000e+01  2.89482485e+00  1.80000000e+01  1.89140790e+00  1.80000000e+01  2.89958286e+00  1.80000000e+01  1.62365076e+00  1.80000000e+01  7.83863782e-01 
 1.80082687e+01  2.21427439e+00  1.80082687e+01  5.79635161e-01  1.80082687e+01  1.69133413e+00  1.80082687e+01  1.18440010e+00  1.80082687e+01  1.75957412e+00  1.80082687e+01  1.51562195e+00  1.80082687e+01  1.16400011e+00  1.80082687e+01  1.81080006e+00  1.80082687e+01  1.13400011e+00  1.80082687e+01  1.70400007e+00  1.80082687e+01  1.18080009e+00  1.80082687e+01  1.21080011e+00  1.80082687e+01  5.10645359e-01  1.80082687e+01  2.39580239e+00  1.80082687e+01  1.52124633e+00  1.80082687e+01  1.22335939e+00  1.80082687e+01  1.20877740e+00  1.80082687e+01  1.98244269e+00  1.80082687e+01  2.88986017e+00  1.80082687e+01  2.48605580e+00  1.80082687e+01  2.89380905e+00  1.80082687e+01  1.89034498e+00  1.80082687e+01  2.89856721e+00  1.80082687e+01  1.62256602e+00  1.80082687e+01  7.78519005e-01 
 1.80248062e+01  2.21427439e+00  1.80248062e+01  5.80540535e-01  1.80248062e+01  1.68696611e+00  1.80248062e+01  1.18440010e+00  1.80248062e+01  1.75957412e+00  1.80248062e+01  1.51562195e+00  1.80248062e+01  1.16400011e+00  1.80248062e+01  1.81080006e+00  1.80248062e+01  1.13400011e+00  1.80248062e+01  1.70400007e+00  1.80248062e+01  1.18080009e+00  1.80248062e+01  1.21080011e+00  1.80248062e+01  5.12718745e-01  1.80248062e+01  2.39580239e+00  1.80248062e+01  1.52124633e+00  1.80248062e+01  1.22335939e+00  1.80248062e+01  1.20877740e+00  1.80248062e+01  1.98290759e+00  1.80248062e+01  2.88739955e+00  1.80248062e+01  2.48356909e+00  1.80248062e+01  2.89134867e+00  1.80248062e+01  1.88780026e+00  1.80248062e+01  2.89610709e+00  1.80248062e+01  1.61798128e+00  1.80248062e+01  7.68355355e-01 
 1.80578812e+01  2.21427439e+00  1.80578812e+01  5.82297892e-01  1.80578812e+01  1.67823006e+00  1.80578812e+01  1.18440010e+00  1.80578812e+01  1.75957412e+00  1.80578812e+01  1.51562195e+00  1.80578812e+01  1.16400011e+00  1.80578812e+01  1.81080006e+00  1.80578812e+01  1.13400011e+00  1.80578812e+01  1.70400007e+00  1.80578812e+01  1.18080009e+00  1.80578812e+01  1.21080011e+00  1.80578812e+01  5.16704980e-01  1.80578812e+01  2.39580239e+00  1.80578812e+01  1.52124633e+00  1.80578812e+01  1.22335939e+00  1.80578812e+01  1.20877740e+00  1.80578812e+01  1.98489569e+00  1.80578812e+01  2.88161660e+00  1.80578812e+01  2.47773974e+00  1.80578812e+01  2.88556614e+00  1.80578812e+01  1.88186724e+00  1.80578812e+01  2.89032503e+00  1.80578812e+01  1.60392862e+00  1.80578812e+01  7.49449178e-01 
 1.81240312e+01  2.21427439e+00  1.81240312e+01  5.85667262e-01  1.81240312e+01  1.67823006e+00  1.81240312e+01  1.18440010e+00  1.81240312e+01  1.75957412e+00  1.81240312e+01  1.51562195e+00  1.81240312e+01  1.16400011e+00  1.81240312e+01  1.81080006e+00  1.81240312e+01  1.13400011e+00  1.81240312e+01  1.70400007e+00  1.81240312e+01  1.18080009e+00  1.81240312e+01  1.21080011e+00  1.81240312e+01  5.24215110e-01  1.81240312e+01  2.39580239e+00  1.81240312e+01  1.52124633e+00  1.81240312e+01  1.22335940e+00  1.81240312e+01  1.20877740e+00  1.81240312e+01  1.98964047e+00  1.81240312e+01  2.87002025e+00  1.81240312e+01  2.46604750e+00  1.81240312e+01  2.87397059e+00  1.81240312e+01  1.86996042e+00  1.81240312e+01  2.87873046e+00  1.81240312e+01  1.57548368e+00  1.81240312e+01  7.13903178e-01 
 1.82120156e+01  2.21427439e+00  1.82120156e+01  5.89868038e-01  1.82120156e+01  1.67823006e+00  1.82120156e+01  1.18440010e+00  1.82120156e+01  1.75957412e+00  1.82120156e+01  1.51562195e+00  1.82120156e+01  1.16400011e+00  1.82120156e+01  1.81080006e+00  1.82120156e+01  1.13400011e+00  1.82120156e+01  1.70400007e+00  1.82120156e+01  1.18080009e+00  1.82120156e+01  1.21080011e+00  1.82120156e+01  5.33338584e-01  1.82120156e+01  2.39580239e+00  1.82120156e+01  1.52124633e+00  1.82120156e+01  1.22335940e+00  1.82120156e+01  1.20877740e+00  1.82120156e+01  1.99752264e+00  1.82120156e+01  2.85451545e+00  1.82120156e+01  2.45040823e+00  1.82120156e+01  2.85846693e+00  1.82120156e+01  1.85401920e+00  1.82120156e+01  2.86322815e+00  1.82120156e+01  1.53687256e+00  1.82120156e+01  6.71424651e-01 
 1.83000000e+01  2.21427439e+00  1.83000000e+01  5.93773828e-01  1.83000000e+01  1.67823006e+00  1.83000000e+01  1.18440010e+00  1.83000000e+01  1.75957412e+00  1.83000000e+01  1.51562195e+00  1.83000000e+01  1.16400011e+00  1.83000000e+01  1.81080006e+00  1.83000000e+01  1.13400011e+00  1.83000000e+01  1.70400007e+00  1.83000000e+01  1.18080009e+00  1.83000000e+01  1.21080011e+00  1.83000000e+01  5.41587374e-01  1.83000000e+01  2.39580239e+00  1.83000000e+01  1.52124633e+00  1.83000000e+01  1.22335940e+00  1.83000000e+01  1.20877740e+00  1.83000000e+01  2.00715490e+00  1.83000000e+01  2.83889608e+00  1.83000000e+01  2.43464510e+00  1.83000000e+01  2.84284877e+00  1.83000000e+01  1.83793196e+00  1.83000000e+01  2.84761144e+00  1.83000000e+01  1.49730251e+00  1.83000000e+01  6.34465935e-01 
 1.83102000e+01  2.21427439e+00  1.83102000e+01  5.94206735e-01  1.83102000e+01  1.67823006e+00  1.83102000e+01  1.18440010e+00  1.83102000e+01  1.75957412e+00  1.83102000e+01  1.51562195e+00  1.83102000e+01  1.16400011e+00  1.83102000e+01  1.81080006e+00  1.83102000e+01  1.13400011e+00  1.83102000e+01  1.70400007e+00  1.83102000e+01  1.18080009e+00  1.83102000e+01  1.21080011e+00  1.83102000e+01  5.42486300e-01  1.83102000e+01  2.39580239e+00  1.83102000e+01  1.52124633e+00  1.83102000e+01  1.22335940e+00  1.83102000e+01  1.20877740e+00  1.83102000e+01  2.00839355e+00  1.83102000e+01  2.83707616e+00  1.83102000e+01  2.43280777e+00  1.83102000e+01  2.84102900e+00  1.83102000e+01  1.83605527e+00  1.83102000e+01  2.84579185e+00  1.83102000e+01  1.49264464e+00  1.83102000e+01  6.30572684e-01 
 1.83306000e+01  2.21427439e+00  1.83306000e+01  5.94639641e-01  1.83306000e+01  1.67823006e+00  1.83306000e+01  1.18440010e+00  1.83306000e+01  1.75957412e+00  1.83306000e+01  1.51562195e+00  1.83306000e+01  1.16400011e+00  1.83306000e+01  1.81080006e+00  1.83306000e+01  1.13400011e+00  1.83306000e+01  1.70400007e+00  1.83306000e+01  1.18080009e+00  1.83306000e+01  1.21080011e+00  1.83306000e+01  5.43385226e-01  1.83306000e+01  2.40153651e+00  1.83306000e+01  1.52711639e+00  1.83306000e+01  1.22335940e+00  1.83306000e+01  1.20498877e+00  1.83306000e+01  2.00567711e+00  1.83306000e+01  2.83731767e+00  1.83306000e+01  2.43378354e+00  1.83306000e+01  2.84123626e+00  1.83306000e+01  1.83693948e+00  1.83306000e+01  2.84692982e+00  1.83306000e+01  1.49068630e+00  1.83306000e+01  6.33424197e-01 
 1.83714000e+01  2.21427439e+00  1.83714000e+01  5.94639642e-01  1.83714000e+01  1.67823006e+00  1.83714000e+01  1.18440010e+00  1.83714000e+01  1.75957412e+00  1.83714000e+01  1.51562195e+00  1.83714000e+01  1.16400011e+00  1.83714000e+01  1.81080006e+00  1.83714000e+01  1.13400011e+00  1.83714000e+01  1.70400007e+00  1.83714000e+01  1.18080009e+00  1.83714000e+01  1.21080012e+00  1.83714000e+01  5.43385227e-01  1.83714000e+01  2.42383066e+00  1.83714000e+01  1.54995931e+00  1.83714000e+01  1.22335940e+00  1.83714000e+01  1.19741150e+00  1.83714000e+01  1.99776691e+00  1.83714000e+01  2.84558563e+00  1.83714000e+01  2.44539891e+00  1.83714000e+01  2.84936202e+00  1.83714000e+01  1.84830767e+00  1.83714000e+01  2.85851016e+00  1.83714000e+01  1.50177115e+00  1.83714000e+01  6.60198452e-01 
 1.84530000e+01  2.21427439e+00  1.84530000e+01  5.94639643e-01  1.84530000e+01  1.67823006e+00  1.84530000e+01  1.18440010e+00  1.84530000e+01  1.75957412e+00  1.84530000e+01  1.51562195e+00  1.84530000e+01  1.16400011e+00  1.84530000e+01  1.81080006e+00  1.84530000e+01  1.13400011e+00  1.84530000e+01  1.70400007e+00  1.84530000e+01  1.18080009e+00  1.84530000e+01  1.21080012e+00  1.84530000e+01  5.43385228e-01  1.84530000e+01  2.46421316e+00  1.84530000e+01  1.59147060e+00  1.84530000e+01  1.22335940e+00  1.84530000e+01  1.19741150e+00  1.84530000e+01  1.99776691e+00  1.84530000e+01  2.86200723e+00  1.84530000e+01  2.47064433e+00  1.84530000e+01  2.86547811e+00  1.84530000e+01  1.87289925e+00  1.84530000e+01  2.87883707e+00  1.84530000e+01  1.52559495e+00  1.84530000e+01  7.11497579e-01 
 1.85265000e+01  2.21427439e+00  1.85265000e+01  5.94639644e-01  1.85265000e+01  1.67823006e+00  1.85265000e+01  1.18440010e+00  1.85265000e+01  1.75957412e+00  1.85265000e+01  1.51562195e+00  1.85265000e+01  1.16400011e+00  1.85265000e+01  1.81080006e+00  1.85265000e+01  1.13400011e+00  1.85265000e+01  1.70400007e+00  1.85265000e+01  1.18080009e+00  1.85265000e+01  1.21080012e+00  1.85265000e+01  5.43385229e-01  1.85265000e+01  2.49545233e+00  1.85265000e+01  1.62376235e+00  1.85265000e+01  1.22335940e+00  1.85265000e+01  1.19741150e+00  1.85265000e+01  1.99776691e+00  1.85265000e+01  2.87586921e+00  1.85265000e+01  2.49472224e+00  1.85265000e+01  2.87905379e+00  1.85265000e+01  1.89640819e+00  1.85265000e+01  2.89226073e+00  1.85265000e+01  1.54837714e+00  1.85265000e+01  7.53637928e-01 
 1.86000000e+01  2.21427439e+00  1.86000000e+01  5.94639645e-01  1.86000000e+01  1.67823006e+00  1.86000000e+01  1.18440010e+00  1.86000000e+01  1.75957412e+00  1.86000000e+01  1.51562195e+00  1.86000000e+01  1.16400011e+00  1.86000000e+01  1.81080006e+00  1.86000000e+01  1.13400011e+00  1.86000000e+01  1.70400007e+00  1.86000000e+01  1.18080009e+00  1.86000000e+01  1.21080012e+00  1.86000000e+01  5.43385230e-01  1.86000000e+01  2.52175313e+00  1.86000000e+01  1.65116356e+00  1.86000000e+01  1.22335940e+00  1.86000000e+01  1.19741150e+00  1.86000000e+01  1.99776691e+00  1.86000000e+01  2.88730490e+00  1.86000000e+01  2.51774866e+00  1.86000000e+01  2.89021085e+00  1.86000000e+01  1.91905093e+00  1.86000000e+01  2.89982095e+00  1.86000000e+01  1.57045957e+00  1.86000000e+01  7.90389023e-01 
 1.86102000e+01  2.21427439e+00  1.86102000e+01  5.94639645e-01  1.86102000e+01  1.67823006e+00  1.86102000e+01  1.18440010e+00  1.86102000e+01  1.75957412e+00  1.86102000e+01  1.51562195e+00  1.86102000e+01  1.16400011e+00  1.86102000e+01  1.81080006e+00  1.86102000e+01  1.13400011e+00  1.86102000e+01  1.70400007e+00  1.86102000e+01  1.18080009e+00  1.86102000e+01  1.21080012e+00  1.86102000e+01  5.43385231e-01  1.86102000e+01  2.52496900e+00  1.86102000e+01  1.65453850e+00  1.86102000e+01  1.22335940e+00  1.86102000e+01  1.19741150e+00  1.86102000e+01  1.99776691e+00  1.86102000e+01  2.88859419e+00  1.86102000e+01  2.52070901e+00  1.86102000e+01  2.89146303e+00  1.86102000e+01  1.92197358e+00  1.86102000e+01  2.90032708e+00  1.86102000e+01  1.57331961e+00  1.86102000e+01  7.94955806e-01 
 1.86306000e+01  2.22025102e+00  1.86306000e+01  5.94639645e-01  1.86306000e+01  1.68428890e+00  1.86306000e+01  1.18440010e+00  1.86306000e+01  1.75957412e+00  1.86306000e+01  1.51562195e+00  1.86306000e+01  1.16400011e+00  1.86306000e+01  1.81080006e+00  1.86306000e+01  1.13400011e+00  1.86306000e+01  1.70400007e+00  1.86306000e+01  1.18080009e+00  1.86306000e+01  1.21080012e+00  1.86306000e+01  5.43385231e-01  1.86306000e+01  2.52818488e+00  1.86306000e+01  1.65791344e+00  1.86306000e+01  1.22053110e+00  1.86306000e+01  1.19741150e+00  1.86306000e+01  1.99477902e+00  1.86306000e+01  2.89204517e+00  1.86306000e+01  2.52639360e+00  1.86306000e+01  2.89417328e+00  1.86306000e+01  1.92758407e+00  1.86306000e+01  2.90219989e+00  1.86306000e+01  1.57882291e+00  1.86306000e+01  8.06263321e-01 
 1.86357000e+01  2.22322148e+00  1.86357000e+01  5.94639645e-01  1.86357000e+01  1.68730057e+00  1.86357000e+01  1.18440010e+00  1.86357000e+01  1.75957412e+00  1.86357000e+01  1.51562195e+00  1.86357000e+01  1.16400011e+00  1.86357000e+01  1.81080006e+00  1.86357000e+01  1.13400011e+00  1.86357000e+01  1.70400007e+00  1.86357000e+01  1.18080009e+00  1.86357000e+01  1.21080012e+00  1.86357000e+01  5.43385231e-01  1.86357000e+01  2.52818488e+00  1.86357000e+01  1.65791344e+00  1.86357000e+01  1.21913696e+00  1.86357000e+01  1.19741150e+00  1.86357000e+01  1.99330515e+00  1.86357000e+01  2.89312093e+00  1.86357000e+01  2.52776731e+00  1.86357000e+01  2.89490198e+00  1.86357000e+01  1.92893855e+00  1.86357000e+01  2.90288273e+00  1.86357000e+01  1.58015392e+00  1.86357000e+01  8.09632172e-01 
 1.86459000e+01  2.22912562e+00  1.86459000e+01  5.94639645e-01  1.86459000e+01  1.69328728e+00  1.86459000e+01  1.18440010e+00  1.86459000e+01  1.75957412e+00  1.86459000e+01  1.51562195e+00  1.86459000e+01  1.16400011e+00  1.86459000e+01  1.81080006e+00  1.86459000e+01  1.13400011e+00  1.86459000e+01  1.70400007e+00  1.86459000e+01  1.18080009e+00  1.86459000e+01  1.21080012e+00  1.86459000e+01  5.43385231e-01  1.86459000e+01  2.52818488e+00  1.86459000e+01  1.65791344e+00  1.86459000e+01  1.21639969e+00  1.86459000e+01  1.19741150e+00  1.86459000e+01  1.99040990e+00  1.86459000e+01  2.89526182e+00  1.86459000e+01  2.53053801e+00  1.86459000e+01  2.89635854e+00  1.86459000e+01  1.93166870e+00  1.86459000e+01  2.90424727e+00  1.86459000e+01  1.58283495e+00  1.86459000e+01  8.16365030e-01 
 1.86663000e+01  2.24070532e+00  1.86663000e+01  5.94639646e-01  1.86663000e+01  1.70503326e+00  1.86663000e+01  1.18440010e+00  1.86663000e+01  1.75957412e+00  1.86663000e+01  1.51562195e+00  1.86663000e+01  1.16400011e+00  1.86663000e+01  1.81080006e+00  1.86663000e+01  1.13400011e+00  1.86663000e+01  1.70400007e+00  1.86663000e+01  1.18080009e+00  1.86663000e+01  1.21080012e+00  1.86663000e+01  5.43385231e-01  1.86663000e+01  2.52818488e+00  1.86663000e+01  1.65791344e+00  1.86663000e+01  1.21369114e+00  1.86663000e+01  1.19741150e+00  1.86663000e+01  1.98754487e+00  1.86663000e+01  2.89947698e+00  1.86663000e+01  2.53621902e+00  1.86663000e+01  2.89926470e+00  1.86663000e+01  1.93725594e+00  1.86663000e+01  2.90696774e+00  1.86663000e+01  1.58831131e+00  1.86663000e+01  8.29786756e-01 
 1.87071000e+01  2.26287917e+00  1.87071000e+01  5.94639646e-01  1.87071000e+01  1.72754437e+00  1.87071000e+01  1.18440010e+00  1.87071000e+01  1.75957412e+00  1.87071000e+01  1.51562195e+00  1.87071000e+01  1.16400011e+00  1.87071000e+01  1.81080006e+00  1.87071000e+01  1.13400011e+00  1.87071000e+01  1.70400007e+00  1.87071000e+01  1.18080009e+00  1.87071000e+01  1.21080012e+00  1.87071000e+01  5.43385232e-01  1.87071000e+01  2.52818488e+00  1.87071000e+01  1.65791344e+00  1.87071000e+01  1.21364661e+00  1.87071000e+01  1.19741150e+00  1.87071000e+01  1.98750034e+00  1.87071000e+01  2.90752547e+00  1.87071000e+01  2.54813437e+00  1.87071000e+01  2.90502971e+00  1.87071000e+01  1.94893248e+00  1.87071000e+01  2.91235650e+00  1.87071000e+01  1.59971558e+00  1.87071000e+01  8.56300041e-01 
 1.87887000e+01  2.30287221e+00  1.87887000e+01  5.94639647e-01  1.87887000e+01  1.76823166e+00  1.87887000e+01  1.18440010e+00  1.87887000e+01  1.75957412e+00  1.87887000e+01  1.51562195e+00  1.87887000e+01  1.16400011e+00  1.87887000e+01  1.81080006e+00  1.87887000e+01  1.13400011e+00  1.87887000e+01  1.70400007e+00  1.87887000e+01  1.18080009e+00  1.87887000e+01  1.21080012e+00  1.87887000e+01  5.43385233e-01  1.87887000e+01  2.52818488e+00  1.87887000e+01  1.65791344e+00  1.87887000e+01  1.21364661e+00  1.87887000e+01  1.19741150e+00  1.87887000e+01  1.98750034e+00  1.87887000e+01  2.92074030e+00  1.87887000e+01  2.57393746e+00  1.87887000e+01  2.91619026e+00  1.87887000e+01  1.97414095e+00  1.87887000e+01  2.92276170e+00  1.87887000e+01  1.62422858e+00  1.87887000e+01  9.06774523e-01 
 1.87956562e+01  2.30598057e+00  1.87956562e+01  5.94639648e-01  1.87956562e+01  1.77140052e+00  1.87956562e+01  1.18440010e+00  1.87956562e+01  1.75957412e+00  1.87956562e+01  1.51562195e+00  1.87956562e+01  1.16400011e+00  1.87956562e+01  1.81080006e+00  1.87956562e+01  1.13400011e+00  1.87956562e+01  1.70400007e+00  1.87956562e+01  1.18080009e+00  1.87956562e+01  1.21080012e+00  1.87956562e+01  5.43385233e-01  1.87956562e+01  2.52818488e+00  1.87956562e+01  1.65791344e+00  1.87956562e+01  1.21364661e+00  1.87956562e+01  1.19741150e+00  1.87956562e+01  1.98750034e+00  1.87956562e+01  2.92162910e+00  1.87956562e+01  2.57625562e+00  1.87956562e+01  2.91710879e+00  1.87956562e+01  1.97640596e+00  1.87956562e+01  2.92361624e+00  1.87956562e+01  1.62642673e+00  1.87956562e+01  9.10865721e-01 
 1.88095687e+01  2.31210667e+00  1.88095687e+01  5.94639648e-01  1.88095687e+01  1.77764801e+00  1.88095687e+01  1.18440010e+00  1.88095687e+01  1.75957412e+00  1.88095687e+01  1.51562195e+00  1.88095687e+01  1.16400011e+00  1.88095687e+01  1.81080006e+00  1.88095687e+01  1.13400011e+00  1.88095687e+01  1.70400007e+00  1.88095687e+01  1.18080009e+00  1.88095687e+01  1.21080012e+00  1.88095687e+01  5.43385233e-01  1.88095687e+01  2.52818488e+00  1.88095687e+01  1.65791344e+00  1.88095687e+01  1.21364661e+00  1.88095687e+01  1.19741150e+00  1.88095687e+01  1.98750034e+00  1.88095687e+01  2.92331962e+00  1.88095687e+01  2.58090689e+00  1.88095687e+01  2.91892388e+00  1.88095687e+01  1.98095579e+00  1.88095687e+01  2.92530384e+00  1.88095687e+01  1.63084712e+00  1.88095687e+01  9.18966238e-01 
 1.88130469e+01  2.31360426e+00  1.88130469e+01  5.94639648e-01  1.88130469e+01  1.77917608e+00  1.88130469e+01  1.18440010e+00  1.88130469e+01  1.75957412e+00  1.88130469e+01  1.51562195e+00  1.88130469e+01  1.16400011e+00  1.88130469e+01  1.81080006e+00  1.88130469e+01  1.13400011e+00  1.88130469e+01  1.70400007e+00  1.88130469e+01  1.18080009e+00  1.88130469e+01  1.21080012e+00  1.88130469e+01  5.43385233e-01  1.88130469e+01  2.52818488e+00  1.88130469e+01  1.65791344e+00  1.88130469e+01  1.21364661e+00  1.88130469e+01  1.19741150e+00  1.88130469e+01  1.98750034e+00  1.88130469e+01  2.92370941e+00  1.88130469e+01  2.58207424e+00  1.88130469e+01  2.91936881e+00  1.88130469e+01  1.98209955e+00  1.88130469e+01  2.92571709e+00  1.88130469e+01  1.63196016e+00  1.88130469e+01  9.20960315e-01 
 1.88139164e+01  2.31397795e+00  1.88139164e+01  5.94639648e-01  1.88139164e+01  1.77955740e+00  1.88139164e+01  1.18440010e+00  1.88139164e+01  1.75957412e+00  1.88139164e+01  1.51562195e+00  1.88139164e+01  1.16400011e+00  1.88139164e+01  1.81080006e+00  1.88139164e+01  1.13400011e+00  1.88139164e+01  1.70400007e+00  1.88139164e+01  1.18080009e+00  1.88139164e+01  1.21080012e+00  1.88139164e+01  5.43385233e-01  1.88139164e+01  2.52818488e+00  1.88139164e+01  1.65791344e+00  1.88139164e+01  1.21364661e+00  1.88139164e+01  1.19741150e+00  1.88139164e+01  1.98750034e+00  1.88139164e+01  2.92380615e+00  1.88139164e+01  2.58236612e+00  1.88139164e+01  2.91947982e+00  1.88139164e+01  1.98238556e+00  1.88139164e+01  2.92582018e+00  1.88139164e+01  1.63223852e+00  1.88139164e+01  9.21458165e-01 
 1.88156555e+01  2.31472392e+00  1.88156555e+01  5.94639648e-01  1.88156555e+01  1.78031862e+00  1.88156555e+01  1.18440010e+00  1.88156555e+01  1.75957412e+00  1.88156555e+01  1.51562195e+00  1.88156555e+01  1.16400011e+00  1.88156555e+01  1.81080006e+00  1.88156555e+01  1.13400011e+00  1.88156555e+01  1.70400007e+00  1.88156555e+01  1.18080009e+00  1.88156555e+01  1.21080012e+00  1.88156555e+01  5.43385233e-01  1.88156555e+01  2.52818488e+00  1.88156555e+01  1.65791344e+00  1.88156555e+01  1.21364661e+00  1.88156555e+01  1.19741150e+00  1.88156555e+01  1.98750034e+00  1.88156555e+01  2.92399824e+00  1.88156555e+01  2.58294991e+00  1.88156555e+01  2.91970139e+00  1.88156555e+01  1.98295769e+00  1.88156555e+01  2.92602593e+00  1.88156555e+01  1.63279543e+00  1.88156555e+01  9.22452518e-01 
 1.88191336e+01  2.31620737e+00  1.88191336e+01  5.94639648e-01  1.88191336e+01  1.78183262e+00  1.88191336e+01  1.18440010e+00  1.88191336e+01  1.75957412e+00  1.88191336e+01  1.51562195e+00  1.88191336e+01  1.16400011e+00  1.88191336e+01  1.81080006e+00  1.88191336e+01  1.13400011e+00  1.88191336e+01  1.70400007e+00  1.88191336e+01  1.18080009e+00  1.88191336e+01  1.21080012e+00  1.88191336e+01  5.43385233e-01  1.88191336e+01  2.52818488e+00  1.88191336e+01  1.65791344e+00  1.88191336e+01  1.21364661e+00  1.88191336e+01  1.19741150e+00  1.88191336e+01  1.98750034e+00  1.88191336e+01  2.92437394e+00  1.88191336e+01  2.58411765e+00  1.88191336e+01  2.92014176e+00  1.88191336e+01  1.98410252e+00  1.88191336e+01  2.92643472e+00  1.88191336e+01  1.63391022e+00  1.88191336e+01  9.24433087e-01 
 1.88200031e+01  2.31657611e+00  1.88200031e+01  5.94639648e-01  1.88200031e+01  1.78220901e+00  1.88200031e+01  1.18440010e+00  1.88200031e+01  1.75957412e+00  1.88200031e+01  1.51562195e+00  1.88200031e+01  1.16400011e+00  1.88200031e+01  1.81080006e+00  1.88200031e+01  1.13400011e+00  1.88200031e+01  1.70400007e+00  1.88200031e+01  1.18080009e+00  1.88200031e+01  1.21080012e+00  1.88200031e+01  5.43385233e-01  1.88200031e+01  2.52818488e+00  1.88200031e+01  1.65791344e+00  1.88200031e+01  1.21364661e+00  1.88200031e+01  1.19741150e+00  1.88200031e+01  1.98750034e+00  1.88200031e+01  2.92446575e+00  1.88200031e+01  2.58440959e+00  1.88200031e+01  2.92025114e+00  1.88200031e+01  1.98438883e+00  1.88200031e+01  2.92653621e+00  1.88200031e+01  1.63418912e+00  1.88200031e+01  9.24926183e-01 
 1.88217422e+01  2.31731218e+00  1.88217422e+01  5.94639648e-01  1.88217422e+01  1.78296038e+00  1.88217422e+01  1.18440010e+00  1.88217422e+01  1.75957412e+00  1.88217422e+01  1.51562195e+00  1.88217422e+01  1.16400011e+00  1.88217422e+01  1.81080006e+00  1.88217422e+01  1.13400011e+00  1.88217422e+01  1.70400007e+00  1.88217422e+01  1.18080009e+00  1.88217422e+01  1.21080012e+00  1.88217422e+01  5.43385233e-01  1.88217422e+01  2.52818488e+00  1.88217422e+01  1.65791344e+00  1.88217422e+01  1.21364661e+00  1.88217422e+01  1.19741150e+00  1.88217422e+01  1.98750034e+00  1.88217422e+01  2.92464793e+00  1.88217422e+01  2.58499343e+00  1.88217422e+01  2.92046940e+00  1.88217422e+01  1.98496148e+00  1.88217422e+01  2.92673872e+00  1.88217422e+01  1.63474702e+00  1.88217422e+01  9.25910997e-01 
 1.88252203e+01  2.31877586e+00  1.88252203e+01  5.94639648e-01  1.88252203e+01  1.78445468e+00  1.88252203e+01  1.18440010e+00  1.88252203e+01  1.75957412e+00  1.88252203e+01  1.51562195e+00  1.88252203e+01  1.16400011e+00  1.88252203e+01  1.81080006e+00  1.88252203e+01  1.13400011e+00  1.88252203e+01  1.70400007e+00  1.88252203e+01  1.18080009e+00  1.88252203e+01  1.21080012e+00  1.88252203e+01  5.43385233e-01  1.88252203e+01  2.52818488e+00  1.88252203e+01  1.65791344e+00  1.88252203e+01  1.21364661e+00  1.88252203e+01  1.19741150e+00  1.88252203e+01  1.98750034e+00  1.88252203e+01  2.92500371e+00  1.88252203e+01  2.58616078e+00  1.88252203e+01  2.92090286e+00  1.88252203e+01  1.98610682e+00  1.88252203e+01  2.92714075e+00  1.88252203e+01  1.63586324e+00  1.88252203e+01  9.27872297e-01 
 1.88321766e+01  2.32166939e+00  1.88321766e+01  5.94639648e-01  1.88321766e+01  1.78740959e+00  1.88321766e+01  1.18440010e+00  1.88321766e+01  1.75957412e+00  1.88321766e+01  1.51562195e+00  1.88321766e+01  1.16400011e+00  1.88321766e+01  1.81080006e+00  1.88321766e+01  1.13400011e+00  1.88321766e+01  1.70400007e+00  1.88321766e+01  1.18080009e+00  1.88321766e+01  1.21080012e+00  1.88321766e+01  5.43385233e-01  1.88321766e+01  2.52818488e+00  1.88321766e+01  1.65791344e+00  1.88321766e+01  1.21364661e+00  1.88321766e+01  1.19741150e+00  1.88321766e+01  1.98750034e+00  1.88321766e+01  2.92568066e+00  1.88321766e+01  2.58849276e+00  1.88321766e+01  2.92175682e+00  1.88321766e+01  1.98839627e+00  1.88321766e+01  2.92793210e+00  1.88321766e+01  1.63809593e+00  1.88321766e+01  9.31761067e-01 
 1.88339156e+01  2.32238433e+00  1.88339156e+01  5.94639648e-01  1.88339156e+01  1.78813992e+00  1.88339156e+01  1.18440010e+00  1.88339156e+01  1.75957412e+00  1.88339156e+01  1.51562195e+00  1.88339156e+01  1.16400011e+00  1.88339156e+01  1.81080006e+00  1.88339156e+01  1.13400011e+00  1.88339156e+01  1.70400007e+00  1.88339156e+01  1.18080009e+00  1.88339156e+01  1.21080012e+00  1.88339156e+01  5.43385233e-01  1.88339156e+01  2.52818488e+00  1.88339156e+01  1.65791344e+00  1.88339156e+01  1.21364661e+00  1.88339156e+01  1.19741150e+00  1.88339156e+01  1.98750034e+00  1.88339156e+01  2.92584120e+00  1.88339156e+01  2.58907483e+00  1.88339156e+01  2.92196694e+00  1.88339156e+01  1.98896809e+00  1.88339156e+01  2.92812664e+00  1.88339156e+01  1.63865392e+00  1.88339156e+01  9.32724714e-01 
 1.88373938e+01  2.32380860e+00  1.88373938e+01  5.94639648e-01  1.88373938e+01  1.78959497e+00  1.88373938e+01  1.18440010e+00  1.88373938e+01  1.75957412e+00  1.88373938e+01  1.51562195e+00  1.88373938e+01  1.16400011e+00  1.88373938e+01  1.81080006e+00  1.88373938e+01  1.13400011e+00  1.88373938e+01  1.70400007e+00  1.88373938e+01  1.18080009e+00  1.88373938e+01  1.21080012e+00  1.88373938e+01  5.43385233e-01  1.88373938e+01  2.52818488e+00  1.88373938e+01  1.65791344e+00  1.88373938e+01  1.21364661e+00  1.88373938e+01  1.19741150e+00  1.88373938e+01  1.98750034e+00  1.88373938e+01  2.92615643e+00  1.88373938e+01  2.59023812e+00  1.88373938e+01  2.92238480e+00  1.88373938e+01  1.99011107e+00  1.88373938e+01  2.92851338e+00  1.88373938e+01  1.63976947e+00  1.88373938e+01  9.34646200e-01 
 1.88443500e+01  2.32662351e+00  1.88443500e+01  5.94639648e-01  1.88443500e+01  1.79247159e+00  1.88443500e+01  1.18440010e+00  1.88443500e+01  1.75957412e+00  1.88443500e+01  1.51562195e+00  1.88443500e+01  1.16400011e+00  1.88443500e+01  1.81080006e+00  1.88443500e+01  1.13400011e+00  1.88443500e+01  1.70400007e+00  1.88443500e+01  1.18080009e+00  1.88443500e+01  1.21080012e+00  1.88443500e+01  5.43385234e-01  1.88443500e+01  2.52818488e+00  1.88443500e+01  1.65791344e+00  1.88443500e+01  1.21364661e+00  1.88443500e+01  1.19741150e+00  1.88443500e+01  1.98750034e+00  1.88443500e+01  2.92675152e+00  1.88443500e+01  2.59255847e+00  1.88443500e+01  2.92320567e+00  1.88443500e+01  1.99239219e+00  1.88443500e+01  2.92927232e+00  1.88443500e+01  1.64199708e+00  1.88443500e+01  9.38453945e-01 
 1.88582625e+01  2.33211965e+00  1.88582625e+01  5.94639649e-01  1.88582625e+01  1.79809165e+00  1.88582625e+01  1.18440010e+00  1.88582625e+01  1.75957412e+00  1.88582625e+01  1.51562195e+00  1.88582625e+01  1.16400011e+00  1.88582625e+01  1.81080006e+00  1.88582625e+01  1.13400011e+00  1.88582625e+01  1.70400007e+00  1.88582625e+01  1.18080009e+00  1.88582625e+01  1.21080012e+00  1.88582625e+01  5.43385234e-01  1.88582625e+01  2.52818488e+00  1.88582625e+01  1.65791344e+00  1.88582625e+01  1.21364661e+00  1.88582625e+01  1.19741150e+00  1.88582625e+01  1.98750034e+00  1.88582625e+01  2.92779862e+00  1.88582625e+01  2.59716539e+00  1.88582625e+01  2.92478348e+00  1.88582625e+01  1.99692588e+00  1.88582625e+01  2.93072759e+00  1.88582625e+01  1.64642882e+00  1.88582625e+01  9.45924851e-01 
 1.88608711e+01  2.33312732e+00  1.88608711e+01  5.94639649e-01  1.88608711e+01  1.79912264e+00  1.88608711e+01  1.18440010e+00  1.88608711e+01  1.75957412e+00  1.88608711e+01  1.51562195e+00  1.88608711e+01  1.16400011e+00  1.88608711e+01  1.81080006e+00  1.88608711e+01  1.13400011e+00  1.88608711e+01  1.70400007e+00  1.88608711e+01  1.18080009e+00  1.88608711e+01  1.21080012e+00  1.88608711e+01  5.43385234e-01  1.88608711e+01  2.52818488e+00  1.88608711e+01  1.65791344e+00  1.88608711e+01  1.21364661e+00  1.88608711e+01  1.19741150e+00  1.88608711e+01  1.98750034e+00  1.88608711e+01  2.92797022e+00  1.88608711e+01  2.59802241e+00  1.88608711e+01  2.92506785e+00  1.88608711e+01  1.99777004e+00  1.88608711e+01  2.93098922e+00  1.88608711e+01  1.64725471e+00  1.88608711e+01  9.47300416e-01 
 1.88660883e+01  2.33513027e+00  1.88660883e+01  5.94639649e-01  1.88660883e+01  1.80117230e+00  1.88660883e+01  1.18440010e+00  1.88660883e+01  1.75957412e+00  1.88660883e+01  1.51562195e+00  1.88660883e+01  1.16400011e+00  1.88660883e+01  1.81080006e+00  1.88660883e+01  1.13400011e+00  1.88660883e+01  1.70400008e+00  1.88660883e+01  1.18080009e+00  1.88660883e+01  1.21080012e+00  1.88660883e+01  5.43385234e-01  1.88660883e+01  2.52818488e+00  1.88660883e+01  1.65791344e+00  1.88660883e+01  1.21364661e+00  1.88660883e+01  1.19741150e+00  1.88660883e+01  1.98750034e+00  1.88660883e+01  2.92829978e+00  1.88660883e+01  2.59973190e+00  1.88660883e+01  2.92562991e+00  1.88660883e+01  1.99945426e+00  1.88660883e+01  2.93150593e+00  1.88660883e+01  1.64890281e+00  1.88660883e+01  9.50037417e-01 
 1.88765227e+01  2.33906235e+00  1.88765227e+01  5.94639649e-01  1.88765227e+01  1.80519806e+00  1.88765227e+01  1.18440010e+00  1.88765227e+01  1.75957412e+00  1.88765227e+01  1.51562195e+00  1.88765227e+01  1.16400011e+00  1.88765227e+01  1.81080006e+00  1.88765227e+01  1.13400011e+00  1.88765227e+01  1.70400008e+00  1.88765227e+01  1.18080009e+00  1.88765227e+01  1.21080012e+00  1.88765227e+01  5.43385234e-01  1.88765227e+01  2.52818488e+00  1.88765227e+01  1.65791344e+00  1.88765227e+01  1.21364661e+00  1.88765227e+01  1.19741150e+00  1.88765227e+01  1.98750034e+00  1.88765227e+01  2.92887671e+00  1.88765227e+01  2.60312109e+00  1.88765227e+01  2.92671284e+00  1.88765227e+01  2.00279555e+00  1.88765227e+01  2.93249900e+00  1.88765227e+01  1.65217438e+00  1.88765227e+01  9.55425599e-01 
 1.88882613e+01  2.34336934e+00  1.88882613e+01  5.94639649e-01  1.88882613e+01  1.80961089e+00  1.88882613e+01  1.18440010e+00  1.88882613e+01  1.75957412e+00  1.88882613e+01  1.51562195e+00  1.88882613e+01  1.16400011e+00  1.88882613e+01  1.81080006e+00  1.88882613e+01  1.13400011e+00  1.88882613e+01  1.70400008e+00  1.88882613e+01  1.18080010e+00  1.88882613e+01  1.21080012e+00  1.88882613e+01  5.43385234e-01  1.88882613e+01  2.52818488e+00  1.88882613e+01  1.65791344e+00  1.88882613e+01  1.21364661e+00  1.88882613e+01  1.19741150e+00  1.88882613e+01  1.98750034e+00  1.88882613e+01  2.92939410e+00  1.88882613e+01  2.60688045e+00  1.88882613e+01  2.92786277e+00  1.88882613e+01  2.00650509e+00  1.88882613e+01  2.93354922e+00  1.88882613e+01  1.65580935e+00  1.88882613e+01  9.61348001e-01 
 1.89000000e+01  2.34755454e+00  1.89000000e+01  5.94639649e-01  1.89000000e+01  1.81390238e+00  1.89000000e+01  1.18440010e+00  1.89000000e+01  1.75957412e+00  1.89000000e+01  1.51562195e+00  1.89000000e+01  1.16400011e+00  1.89000000e+01  1.81080006e+00  1.89000000e+01  1.13400011e+00  1.89000000e+01  1.70400008e+00  1.89000000e+01  1.18080010e+00  1.89000000e+01  1.21080012e+00  1.89000000e+01  5.43385234e-01  1.89000000e+01  2.52818488e+00  1.89000000e+01  1.65791344e+00  1.89000000e+01  1.21364661e+00  1.89000000e+01  1.19741150e+00  1.89000000e+01  1.98750034e+00  1.89000000e+01  2.92977147e+00  1.89000000e+01  2.61057552e+00  1.89000000e+01  2.92893707e+00  1.89000000e+01  2.01015446e+00  1.89000000e+01  2.93452534e+00  1.89000000e+01  1.65938803e+00  1.89000000e+01  9.67119686e-01 
 1.89023477e+01  2.34837471e+00  1.89023477e+01  5.94639649e-01  1.89023477e+01  1.81474388e+00  1.89023477e+01  1.18440010e+00  1.89023477e+01  1.75957412e+00  1.89023477e+01  1.51562195e+00  1.89023477e+01  1.16400011e+00  1.89023477e+01  1.81080006e+00  1.89023477e+01  1.13400011e+00  1.89023477e+01  1.70400008e+00  1.89023477e+01  1.18080010e+00  1.89023477e+01  1.21080012e+00  1.89023477e+01  5.43385234e-01  1.89023477e+01  2.52818488e+00  1.89023477e+01  1.65791344e+00  1.89023477e+01  1.21364661e+00  1.89023477e+01  1.19741150e+00  1.89023477e+01  1.98750034e+00  1.89023477e+01  2.92982733e+00  1.89023477e+01  2.61130484e+00  1.89023477e+01  2.92914107e+00  1.89023477e+01  2.01087519e+00  1.89023477e+01  2.93470992e+00  1.89023477e+01  1.66009515e+00  1.89023477e+01  9.68252644e-01 
 1.89070432e+01  2.34769764e+00  1.89070432e+01  5.93882519e-01  1.89070432e+01  1.81411354e+00  1.89070432e+01  1.18440010e+00  1.89070432e+01  1.75957412e+00  1.89070432e+01  1.51562195e+00  1.89070432e+01  1.16400011e+00  1.89070432e+01  1.81080006e+00  1.89070432e+01  1.13400011e+00  1.89070432e+01  1.70400008e+00  1.89070432e+01  1.18080010e+00  1.89070432e+01  1.21080012e+00  1.89070432e+01  5.42823365e-01  1.89070432e+01  2.52667433e+00  1.89070432e+01  1.65644434e+00  1.89070432e+01  1.21364661e+00  1.89070432e+01  1.19741150e+00  1.89070432e+01  1.98750034e+00  1.89070432e+01  2.92949230e+00  1.89070432e+01  2.61168687e+00  1.89070432e+01  2.92899993e+00  1.89070432e+01  2.01124284e+00  1.89070432e+01  2.93449519e+00  1.89070432e+01  1.66044396e+00  1.89070432e+01  9.67496760e-01 
 1.89164341e+01  2.34172348e+00  1.89164341e+01  5.90882631e-01  1.89164341e+01  1.80824107e+00  1.89164341e+01  1.18440010e+00  1.89164341e+01  1.75957412e+00  1.89164341e+01  1.51562195e+00  1.89164341e+01  1.16400011e+00  1.89164341e+01  1.81080006e+00  1.89164341e+01  1.13400011e+00  1.89164341e+01  1.70400008e+00  1.89164341e+01  1.18080010e+00  1.89164341e+01  1.21080012e+00  1.89164341e+01  5.40600337e-01  1.89164341e+01  2.52064706e+00  1.89164341e+01  1.65058285e+00  1.89164341e+01  1.21364661e+00  1.89164341e+01  1.19741150e+00  1.89164341e+01  1.98750034e+00  1.89164341e+01  2.92794877e+00  1.89164341e+01  2.61030805e+00  1.89164341e+01  2.92762985e+00  1.89164341e+01  2.00984027e+00  1.89164341e+01  2.93291887e+00  1.89164341e+01  1.65902004e+00  1.89164341e+01  9.59968454e-01 
 1.89352160e+01  2.32985779e+00  1.89352160e+01  5.85049711e-01  1.89352160e+01  1.79657875e+00  1.89352160e+01  1.18440010e+00  1.89352160e+01  1.75957412e+00  1.89352160e+01  1.51562195e+00  1.89352160e+01  1.16400011e+00  1.89352160e+01  1.81080006e+00  1.89352160e+01  1.13400011e+00  1.89352160e+01  1.70400008e+00  1.89352160e+01  1.18080010e+00  1.89352160e+01  1.21080012e+00  1.89352160e+01  5.36296150e-01  1.89352160e+01  2.50867559e+00  1.89352160e+01  1.63894299e+00  1.89352160e+01  1.21364661e+00  1.89352160e+01  1.19741150e+00  1.89352160e+01  1.98750034e+00  1.89352160e+01  2.92497464e+00  1.89352160e+01  2.60760884e+00  1.89352160e+01  2.92494920e+00  1.89352160e+01  2.00709073e+00  1.89352160e+01  2.92988479e+00  1.89352160e+01  1.65622520e+00  1.89352160e+01  9.45071461e-01 
 1.89727798e+01  2.30640046e+00  1.89727798e+01  5.74006763e-01  1.89727798e+01  1.77352820e+00  1.89727798e+01  1.18440010e+00  1.89727798e+01  1.75957412e+00  1.89727798e+01  1.51562195e+00  1.89727798e+01  1.16400011e+00  1.89727798e+01  1.81080006e+00  1.89727798e+01  1.13400011e+00  1.89727798e+01  1.70400008e+00  1.89727798e+01  1.18080010e+00  1.89727798e+01  1.21080012e+00  1.89727798e+01  5.28211735e-01  1.89727798e+01  2.48500819e+00  1.89727798e+01  1.61593887e+00  1.89727798e+01  1.21364661e+00  1.89727798e+01  1.19741150e+00  1.89727798e+01  1.98750034e+00  1.89727798e+01  2.91941035e+00  1.89727798e+01  2.60241259e+00  1.89727798e+01  2.91979357e+00  1.89727798e+01  2.00178419e+00  1.89727798e+01  2.92422159e+00  1.89727798e+01  1.65081934e+00  1.89727798e+01  9.15896303e-01 
 1.90479073e+01  2.26025888e+00  1.90479073e+01  5.54136518e-01  1.90479073e+01  1.72819976e+00  1.90479073e+01  1.18440010e+00  1.90479073e+01  1.75957412e+00  1.90479073e+01  1.51562195e+00  1.90479073e+01  1.16400011e+00  1.90479073e+01  1.81080006e+00  1.90479073e+01  1.13400011e+00  1.90479073e+01  1.70400008e+00  1.90479073e+01  1.18080010e+00  1.90479073e+01  1.21080012e+00  1.90479073e+01  5.13866962e-01  1.90479073e+01  2.43844883e+00  1.90479073e+01  1.57070555e+00  1.90479073e+01  1.21364661e+00  1.90479073e+01  1.19741150e+00  1.90479073e+01  1.98750034e+00  1.90479073e+01  2.90933527e+00  1.90479073e+01  2.59259310e+00  1.90479073e+01  2.91006502e+00  1.90479073e+01  1.99171764e+00  1.90479073e+01  2.91402495e+00  1.90479073e+01  1.64052998e+00  1.90479073e+01  8.59995022e-01 
 1.90574131e+01  2.25448564e+00  1.90574131e+01  5.51841169e-01  1.90574131e+01  1.72252933e+00  1.90574131e+01  1.18440010e+00  1.90574131e+01  1.75957412e+00  1.90574131e+01  1.51562195e+00  1.90574131e+01  1.16400011e+00  1.90574131e+01  1.81080006e+00  1.90574131e+01  1.13400011e+00  1.90574131e+01  1.70400008e+00  1.90574131e+01  1.18080010e+00  1.90574131e+01  1.21080012e+00  1.90574131e+01  5.12229544e-01  1.90574131e+01  2.43262271e+00  1.90574131e+01  1.56504711e+00  1.90574131e+01  1.21364661e+00  1.90574131e+01  1.19741150e+00  1.90574131e+01  1.98750034e+00  1.90574131e+01  2.90814351e+00  1.90574131e+01  2.59139700e+00  1.90574131e+01  2.90888120e+00  1.90574131e+01  1.99048816e+00  1.90574131e+01  2.91282549e+00  1.90574131e+01  1.63927035e+00  1.90574131e+01  8.53181917e-01 
 1.90764247e+01  2.24295661e+00  1.90764247e+01  5.47330241e-01  1.90764247e+01  1.71120586e+00  1.90764247e+01  1.18440010e+00  1.90764247e+01  1.75957412e+00  1.90764247e+01  1.51562195e+00  1.90764247e+01  1.16400011e+00  1.90764247e+01  1.81080006e+00  1.90764247e+01  1.13400011e+00  1.90764247e+01  1.70400008e+00  1.90764247e+01  1.18080010e+00  1.90764247e+01  1.21080012e+00  1.90764247e+01  5.09017747e-01  1.90764247e+01  2.42098748e+00  1.90764247e+01  1.55374718e+00  1.90764247e+01  1.21364661e+00  1.90764247e+01  1.19741150e+00  1.90764247e+01  1.98750034e+00  1.90764247e+01  2.90577442e+00  1.90764247e+01  2.58901347e+00  1.90764247e+01  2.90652238e+00  1.90764247e+01  1.98803742e+00  1.90764247e+01  2.91044401e+00  1.90764247e+01  1.63675891e+00  1.90764247e+01  8.39663964e-01 
 1.90811776e+01  2.24008073e+00  1.90811776e+01  5.46232192e-01  1.90811776e+01  1.70838134e+00  1.90811776e+01  1.18440010e+00  1.90811776e+01  1.75957412e+00  1.90811776e+01  1.51562195e+00  1.90811776e+01  1.16400011e+00  1.90811776e+01  1.81080006e+00  1.90811776e+01  1.13400011e+00  1.90811776e+01  1.70400008e+00  1.90811776e+01  1.18080010e+00  1.90811776e+01  1.21080012e+00  1.90811776e+01  5.08238184e-01  1.90811776e+01  2.41808484e+00  1.90811776e+01  1.55092832e+00  1.90811776e+01  1.21364661e+00  1.90811776e+01  1.19741150e+00  1.90811776e+01  1.98750034e+00  1.90811776e+01  2.90518698e+00  1.90811776e+01  2.58842052e+00  1.90811776e+01  2.90593566e+00  1.90811776e+01  1.98742752e+00  1.90811776e+01  2.90985458e+00  1.90811776e+01  1.63613369e+00  1.90811776e+01  8.36325167e-01 
 1.90906833e+01  2.23433294e+00  1.90906833e+01  5.44055548e-01  1.90906833e+01  1.70273624e+00  1.90906833e+01  1.18440010e+00  1.90906833e+01  1.75957412e+00  1.90906833e+01  1.51562195e+00  1.90906833e+01  1.16400011e+00  1.90906833e+01  1.81080006e+00  1.90906833e+01  1.13400011e+00  1.90906833e+01  1.70400008e+00  1.90906833e+01  1.18080010e+00  1.90906833e+01  1.21080012e+00  1.90906833e+01  5.06694143e-01  1.90906833e+01  2.41228314e+00  1.90906833e+01  1.54529418e+00  1.90906833e+01  1.21364661e+00  1.90906833e+01  1.19741150e+00  1.90906833e+01  1.98750034e+00  1.90906833e+01  2.90401383e+00  1.90906833e+01  2.58723578e+00  1.90906833e+01  2.90476340e+00  1.90906833e+01  1.98620880e+00  1.90906833e+01  2.90867823e+00  1.90906833e+01  1.63488427e+00  1.90906833e+01  8.29675031e-01 
 1.90930598e+01  2.23289751e+00  1.90930598e+01  5.43518690e-01  1.90930598e+01  1.70132647e+00  1.90930598e+01  1.18440010e+00  1.90930598e+01  1.75957412e+00  1.90930598e+01  1.51562195e+00  1.90930598e+01  1.16400011e+00  1.90930598e+01  1.81080006e+00  1.90930598e+01  1.13400011e+00  1.90930598e+01  1.70400008e+00  1.90930598e+01  1.18080010e+00  1.90930598e+01  1.21080012e+00  1.90930598e+01  5.06313764e-01  1.90930598e+01  2.41083404e+00  1.90930598e+01  1.54388696e+00  1.90930598e+01  1.21364661e+00  1.90930598e+01  1.19741150e+00  1.90930598e+01  1.98750034e+00  1.90930598e+01  2.90372112e+00  1.90930598e+01  2.58693998e+00  1.90930598e+01  2.90447073e+00  1.90930598e+01  1.98590449e+00  1.90930598e+01  2.90838500e+00  1.90930598e+01  1.63457226e+00  1.90930598e+01  8.28022804e-01 
 1.90978127e+01  2.23003170e+00  1.90978127e+01  5.42452962e-01  1.90978127e+01  1.69851182e+00  1.90978127e+01  1.18440010e+00  1.90978127e+01  1.75957412e+00  1.90978127e+01  1.51562195e+00  1.90978127e+01  1.16400011e+00  1.90978127e+01  1.81080006e+00  1.90978127e+01  1.13400011e+00  1.90978127e+01  1.70400008e+00  1.90978127e+01  1.18080010e+00  1.90978127e+01  1.21080012e+00  1.90978127e+01  5.05556709e-01  1.90978127e+01  2.40793668e+00  1.90978127e+01  1.54107334e+00  1.90978127e+01  1.21364661e+00  1.90978127e+01  1.19741150e+00  1.90978127e+01  1.98750034e+00  1.90978127e+01  2.90313590e+00  1.90978127e+01  2.58634855e+00  1.90978127e+01  2.90388557e+00  1.90978127e+01  1.98529601e+00  1.90978127e+01  2.90779893e+00  1.90978127e+01  1.63394837e+00  1.90978127e+01  8.24725263e-01 
 1.91073185e+01  2.22714775e+00  1.91073185e+01  5.41821121e-01  1.91073185e+01  1.69567888e+00  1.91073185e+01  1.18440010e+00  1.91073185e+01  1.75957412e+00  1.91073185e+01  1.51562195e+00  1.91073185e+01  1.16400011e+00  1.91073185e+01  1.81080006e+00  1.91073185e+01  1.13400011e+00  1.91073185e+01  1.70400008e+00  1.91073185e+01  1.18080010e+00  1.91073185e+01  1.21080012e+00  1.91073185e+01  5.04064757e-01  1.91073185e+01  2.40214701e+00  1.91073185e+01  1.53545109e+00  1.91073185e+01  1.21364661e+00  1.91073185e+01  1.19741150e+00  1.91073185e+01  1.98750034e+00  1.91073185e+01  2.90196623e+00  1.91073185e+01  2.58516636e+00  1.91073185e+01  2.90271592e+00  1.91073185e+01  1.98407967e+00  1.91073185e+01  2.90662851e+00  1.91073185e+01  1.63270114e+00  1.91073185e+01  8.18171865e-01 
 1.91096949e+01  2.22714021e+00  1.91096949e+01  5.42035371e-01  1.91096949e+01  1.69567133e+00  1.91096949e+01  1.18440010e+00  1.91096949e+01  1.75957412e+00  1.91096949e+01  1.51562195e+00  1.91096949e+01  1.16400011e+00  1.91096949e+01  1.81080006e+00  1.91096949e+01  1.13400011e+00  1.91096949e+01  1.70400008e+00  1.91096949e+01  1.18080010e+00  1.91096949e+01  1.21080012e+00  1.91096949e+01  5.03697311e-01  1.91096949e+01  2.40070089e+00  1.91096949e+01  1.53404680e+00  1.91096949e+01  1.21364661e+00  1.91096949e+01  1.19741150e+00  1.91096949e+01  1.98750034e+00  1.91096949e+01  2.90167393e+00  1.91096949e+01  2.58487093e+00  1.91096949e+01  2.90242363e+00  1.91096949e+01  1.98377568e+00  1.91096949e+01  2.90633621e+00  1.91096949e+01  1.63238942e+00  1.91096949e+01  8.16543985e-01 
 1.91144478e+01  2.22712945e+00  1.91144478e+01  5.42464754e-01  1.91144478e+01  1.69566057e+00  1.91144478e+01  1.18440010e+00  1.91144478e+01  1.75957412e+00  1.91144478e+01  1.51562195e+00  1.91144478e+01  1.16400011e+00  1.91144478e+01  1.81080006e+00  1.91144478e+01  1.13400011e+00  1.91144478e+01  1.70400008e+00  1.91144478e+01  1.18080010e+00  1.91144478e+01  1.21080012e+00  1.91144478e+01  5.02966351e-01  1.91144478e+01  2.39780989e+00  1.91144478e+01  1.53123943e+00  1.91144478e+01  1.21364661e+00  1.91144478e+01  1.19741150e+00  1.91144478e+01  1.98750034e+00  1.91144478e+01  2.90108936e+00  1.91144478e+01  2.58428008e+00  1.91144478e+01  2.90183907e+00  1.91144478e+01  1.98316773e+00  1.91144478e+01  2.90575168e+00  1.91144478e+01  1.63176599e+00  1.91144478e+01  8.13295277e-01 
 1.91239536e+01  2.22712090e+00  1.91239536e+01  5.43322918e-01  1.91239536e+01  1.69565203e+00  1.91239536e+01  1.18440010e+00  1.91239536e+01  1.75957412e+00  1.91239536e+01  1.51562195e+00  1.91239536e+01  1.16400011e+00  1.91239536e+01  1.81080006e+00  1.91239536e+01  1.13400011e+00  1.91239536e+01  1.70400008e+00  1.91239536e+01  1.18080010e+00  1.91239536e+01  1.21080012e+00  1.91239536e+01  5.02818462e-01  1.91239536e+01  2.39473286e+00  1.91239536e+01  1.52824599e+00  1.91239536e+01  1.21364661e+00  1.91239536e+01  1.19741150e+00  1.91239536e+01  1.98750034e+00  1.91239536e+01  2.89992027e+00  1.91239536e+01  2.58309844e+00  1.91239536e+01  2.90067001e+00  1.91239536e+01  1.98195183e+00  1.91239536e+01  2.90458275e+00  1.91239536e+01  1.63051910e+00  1.91239536e+01  8.06840471e-01 
 1.91429652e+01  2.22711552e+00  1.91429652e+01  5.45018801e-01  1.91429652e+01  1.69564665e+00  1.91429652e+01  1.18440010e+00  1.91429652e+01  1.75957412e+00  1.91429652e+01  1.51562195e+00  1.91429652e+01  1.16400011e+00  1.91429652e+01  1.81080006e+00  1.91429652e+01  1.13400011e+00  1.91429652e+01  1.70400007e+00  1.91429652e+01  1.18080010e+00  1.91429652e+01  1.21080012e+00  1.91429652e+01  5.05254770e-01  1.91429652e+01  2.39435836e+00  1.91429652e+01  1.52787150e+00  1.91429652e+01  1.21364661e+00  1.91429652e+01  1.19741150e+00  1.91429652e+01  1.98750034e+00  1.91429652e+01  2.89758211e+00  1.91429652e+01  2.58073512e+00  1.91429652e+01  2.89833190e+00  1.91429652e+01  1.97951986e+00  1.91429652e+01  2.90224491e+00  1.91429652e+01  1.62802499e+00  1.91429652e+01  7.94104738e-01 
 1.91714826e+01  2.22711316e+00  1.91714826e+01  5.47502426e-01  1.91714826e+01  1.69564429e+00  1.91714826e+01  1.18440010e+00  1.91714826e+01  1.75957412e+00  1.91714826e+01  1.51562195e+00  1.91714826e+01  1.16400011e+00  1.91714826e+01  1.81080006e+00  1.91714826e+01  1.13400011e+00  1.91714826e+01  1.70400007e+00  1.91714826e+01  1.18080010e+00  1.91714826e+01  1.21080012e+00  1.91714826e+01  5.09020957e-01  1.91714826e+01  2.39435836e+00  1.91714826e+01  1.52787150e+00  1.91714826e+01  1.21364661e+00  1.91714826e+01  1.19741150e+00  1.91714826e+01  1.98750034e+00  1.91714826e+01  2.89407490e+00  1.91714826e+01  2.57719007e+00  1.91714826e+01  2.89482477e+00  1.91714826e+01  1.97587148e+00  1.91714826e+01  2.89873820e+00  1.91714826e+01  1.62428300e+00  1.91714826e+01  7.75448904e-01 
 1.92000000e+01  2.22711220e+00  1.92000000e+01  5.49913940e-01  1.92000000e+01  1.69564333e+00  1.92000000e+01  1.18440010e+00  1.92000000e+01  1.75957412e+00  1.92000000e+01  1.51562195e+00  1.92000000e+01  1.16400011e+00  1.92000000e+01  1.81080006e+00  1.92000000e+01  1.13400011e+00  1.92000000e+01  1.70400007e+00  1.92000000e+01  1.18080010e+00  1.92000000e+01  1.21080012e+00  1.92000000e+01  5.12654770e-01  1.92000000e+01  2.39435836e+00  1.92000000e+01  1.52787150e+00  1.92000000e+01  1.21364661e+00  1.92000000e+01  1.19741150e+00  1.92000000e+01  1.98750034e+00  1.92000000e+01  2.89056773e+00  1.92000000e+01  2.57364493e+00  1.92000000e+01  2.89131768e+00  1.92000000e+01  1.97222258e+00  1.92000000e+01  2.89523153e+00  1.92000000e+01  1.62054002e+00  1.92000000e+01  7.57347909e-01 
 1.92057035e+01  2.22711208e+00  1.92057035e+01  5.50386387e-01  1.92057035e+01  1.69564321e+00  1.92057035e+01  1.18440010e+00  1.92057035e+01  1.75957412e+00  1.92057035e+01  1.51562195e+00  1.92057035e+01  1.16400011e+00  1.92057035e+01  1.81080006e+00  1.92057035e+01  1.13400011e+00  1.92057035e+01  1.70400007e+00  1.92057035e+01  1.18080010e+00  1.92057035e+01  1.21080012e+00  1.92057035e+01  5.13363658e-01  1.92057035e+01  2.39435836e+00  1.92057035e+01  1.52787150e+00  1.92057035e+01  1.21364661e+00  1.92057035e+01  1.19741150e+00  1.92057035e+01  1.98750034e+00  1.92057035e+01  2.88986630e+00  1.92057035e+01  2.57293589e+00  1.92057035e+01  2.89061627e+00  1.92057035e+01  1.97149273e+00  1.92057035e+01  2.89453020e+00  1.92057035e+01  1.61979128e+00  1.92057035e+01  7.53807106e-01 
 1.92171104e+01  2.22711196e+00  1.92171104e+01  5.51317156e-01  1.92171104e+01  1.69266339e+00  1.92171104e+01  1.18440010e+00  1.92171104e+01  1.75957412e+00  1.92171104e+01  1.51562195e+00  1.92171104e+01  1.16400011e+00  1.92171104e+01  1.81080006e+00  1.92171104e+01  1.13400011e+00  1.92171104e+01  1.70400007e+00  1.92171104e+01  1.18080010e+00  1.92171104e+01  1.21080012e+00  1.92171104e+01  5.14758463e-01  1.92171104e+01  2.39435836e+00  1.92171104e+01  1.52787150e+00  1.92171104e+01  1.21364661e+00  1.92171104e+01  1.19741150e+00  1.92171104e+01  1.98781927e+00  1.92171104e+01  2.88815192e+00  1.92171104e+01  2.57120814e+00  1.92171104e+01  2.88890203e+00  1.92171104e+01  1.96972797e+00  1.92171104e+01  2.89281611e+00  1.92171104e+01  1.61654025e+00  1.92171104e+01  7.47079036e-01 
 1.92399243e+01  2.22711196e+00  1.92399243e+01  5.53129119e-01  1.92399243e+01  1.68307128e+00  1.92399243e+01  1.18440010e+00  1.92399243e+01  1.75957412e+00  1.92399243e+01  1.51562195e+00  1.92399243e+01  1.16400011e+00  1.92399243e+01  1.81080006e+00  1.92399243e+01  1.13400011e+00  1.92399243e+01  1.70400007e+00  1.92399243e+01  1.18080010e+00  1.92399243e+01  1.21080012e+00  1.92399243e+01  5.17464223e-01  1.92399243e+01  2.39435836e+00  1.92399243e+01  1.52787150e+00  1.92399243e+01  1.21364661e+00  1.92399243e+01  1.19741150e+00  1.92399243e+01  1.98915736e+00  1.92399243e+01  2.88409864e+00  1.92399243e+01  2.56713138e+00  1.92399243e+01  2.88484901e+00  1.92399243e+01  1.96558590e+00  1.92399243e+01  2.88876335e+00  1.92399243e+01  1.60650705e+00  1.92399243e+01  7.34510963e-01 
 1.92855522e+01  2.22711196e+00  1.92855522e+01  5.56629113e-01  1.92855522e+01  1.67580582e+00  1.92855522e+01  1.18440010e+00  1.92855522e+01  1.75957412e+00  1.92855522e+01  1.51562195e+00  1.92855522e+01  1.16400011e+00  1.92855522e+01  1.81080006e+00  1.92855522e+01  1.13400011e+00  1.92855522e+01  1.70400007e+00  1.92855522e+01  1.18080010e+00  1.92855522e+01  1.21080012e+00  1.92855522e+01  5.22656814e-01  1.92855522e+01  2.39435836e+00  1.92855522e+01  1.52787150e+00  1.92855522e+01  1.21364662e+00  1.92855522e+01  1.19741150e+00  1.92855522e+01  1.99220674e+00  1.92855522e+01  2.87598000e+00  1.92855522e+01  2.55896422e+00  1.92855522e+01  2.87673048e+00  1.92855522e+01  1.95728471e+00  1.92855522e+01  2.88064536e+00  1.92855522e+01  1.58628803e+00  1.92855522e+01  7.10473281e-01 
 1.93768078e+01  2.22711196e+00  1.93768078e+01  5.63169973e-01  1.93768078e+01  1.67580582e+00  1.93768078e+01  1.18440010e+00  1.93768078e+01  1.75957412e+00  1.93768078e+01  1.51562195e+00  1.93768078e+01  1.16400011e+00  1.93768078e+01  1.81080006e+00  1.93768078e+01  1.13400011e+00  1.93768078e+01  1.70400007e+00  1.93768078e+01  1.18080010e+00  1.93768078e+01  1.21080012e+00  1.93768078e+01  5.32243487e-01  1.93768078e+01  2.39435836e+00  1.93768078e+01  1.52787150e+00  1.93768078e+01  1.21364662e+00  1.93768078e+01  1.19741151e+00  1.93768078e+01  1.99978046e+00  1.93768078e+01  2.85967611e+00  1.93768078e+01  2.54255814e+00  1.93768078e+01  2.86042680e+00  1.93768078e+01  1.94059572e+00  1.93768078e+01  2.86434280e+00  1.93768078e+01  1.54517312e+00  1.93768078e+01  6.66861794e-01 
 1.94384039e+01  2.22711196e+00  1.94384039e+01  5.67262578e-01  1.94384039e+01  1.67580582e+00  1.94384039e+01  1.18440010e+00  1.94384039e+01  1.75957412e+00  1.94384039e+01  1.51562195e+00  1.94384039e+01  1.16400011e+00  1.94384039e+01  1.81080006e+00  1.94384039e+01  1.13400011e+00  1.94384039e+01  1.70400007e+00  1.94384039e+01  1.18080010e+00  1.94384039e+01  1.21080012e+00  1.94384039e+01  5.38161804e-01  1.94384039e+01  2.39435836e+00  1.94384039e+01  1.52787150e+00  1.94384039e+01  1.21364662e+00  1.94384039e+01  1.19741151e+00  1.94384039e+01  2.00598493e+00  1.94384039e+01  2.84861103e+00  1.94384039e+01  2.53141981e+00  1.94384039e+01  2.84936188e+00  1.94384039e+01  1.92925395e+00  1.94384039e+01  2.85327868e+00  1.94384039e+01  1.51687811e+00  1.94384039e+01  6.40797875e-01 
 1.95000000e+01  2.22711196e+00  1.95000000e+01  5.71119710e-01  1.95000000e+01  1.67580582e+00  1.95000000e+01  1.18440010e+00  1.95000000e+01  1.75957412e+00  1.95000000e+01  1.51562195e+00  1.95000000e+01  1.16400011e+00  1.95000000e+01  1.81080006e+00  1.95000000e+01  1.13400011e+00  1.95000000e+01  1.70400007e+00  1.95000000e+01  1.18080010e+00  1.95000000e+01  1.21080012e+00  1.95000000e+01  5.43684761e-01  1.95000000e+01  2.39435836e+00  1.95000000e+01  1.52787150e+00  1.95000000e+01  1.21364662e+00  1.95000000e+01  1.19741151e+00  1.95000000e+01  2.01303633e+00  1.95000000e+01  2.83748798e+00  1.95000000e+01  2.52021940e+00  1.95000000e+01  2.83823899e+00  1.95000000e+01  1.91783815e+00  1.95000000e+01  2.84215664e+00  1.95000000e+01  1.48813016e+00  1.95000000e+01  6.17413731e-01 
 1.95102000e+01  2.22711196e+00  1.95102000e+01  5.71733745e-01  1.95102000e+01  1.67580582e+00  1.95102000e+01  1.18440010e+00  1.95102000e+01  1.75957412e+00  1.95102000e+01  1.51562195e+00  1.95102000e+01  1.16400011e+00  1.95102000e+01  1.81080006e+00  1.95102000e+01  1.13400011e+00  1.95102000e+01  1.70400007e+00  1.95102000e+01  1.18080010e+00  1.95102000e+01  1.21080012e+00  1.95102000e+01  5.44558326e-01  1.95102000e+01  2.39435836e+00  1.95102000e+01  1.52787150e+00  1.95102000e+01  1.21364662e+00  1.95102000e+01  1.19741151e+00  1.95102000e+01  2.01429459e+00  1.95102000e+01  2.83563924e+00  1.95102000e+01  2.51835735e+00  1.95102000e+01  2.83639028e+00  1.95102000e+01  1.91593898e+00  1.95102000e+01  2.84030808e+00  1.95102000e+01  1.48332165e+00  1.95102000e+01  6.13832251e-01 
 1.95306000e+01  2.22711196e+00  1.95306000e+01  5.72347781e-01  1.95306000e+01  1.67580582e+00  1.95306000e+01  1.18440010e+00  1.95306000e+01  1.75957412e+00  1.95306000e+01  1.51562195e+00  1.95306000e+01  1.16400011e+00  1.95306000e+01  1.81080006e+00  1.95306000e+01  1.13400011e+00  1.95306000e+01  1.70400007e+00  1.95306000e+01  1.18080010e+00  1.95306000e+01  1.21080012e+00  1.95306000e+01  5.45431892e-01  1.95306000e+01  2.40003366e+00  1.95306000e+01  1.53368198e+00  1.95306000e+01  1.21364662e+00  1.95306000e+01  1.19354637e+00  1.95306000e+01  2.01151744e+00  1.95306000e+01  2.83587322e+00  1.95306000e+01  2.51933039e+00  1.95306000e+01  2.83661782e+00  1.95306000e+01  1.91682750e+00  1.95306000e+01  2.84151245e+00  1.95306000e+01  1.48122666e+00  1.95306000e+01  6.16995346e-01 
 1.95714000e+01  2.22711196e+00  1.95714000e+01  5.72347781e-01  1.95714000e+01  1.67580582e+00  1.95714000e+01  1.18440010e+00  1.95714000e+01  1.75957412e+00  1.95714000e+01  1.51562195e+00  1.95714000e+01  1.16400011e+00  1.95714000e+01  1.81080006e+00  1.95714000e+01  1.13400012e+00  1.95714000e+01  1.70400007e+00  1.95714000e+01  1.18080010e+00  1.95714000e+01  1.21080012e+00  1.95714000e+01  5.45431892e-01  1.95714000e+01  2.42210120e+00  1.95714000e+01  1.55629505e+00  1.95714000e+01  1.21364662e+00  1.95714000e+01  1.18499196e+00  1.95714000e+01  2.00262246e+00  1.95714000e+01  2.84422449e+00  1.95714000e+01  2.53103413e+00  1.95714000e+01  2.84494234e+00  1.95714000e+01  1.92830645e+00  1.95714000e+01  2.85346209e+00  1.95714000e+01  1.49236134e+00  1.95714000e+01  6.43765519e-01 
 1.96530000e+01  2.22711196e+00  1.96530000e+01  5.72347782e-01  1.96530000e+01  1.67580582e+00  1.96530000e+01  1.18440010e+00  1.96530000e+01  1.75957412e+00  1.96530000e+01  1.51562195e+00  1.96530000e+01  1.16400011e+00  1.96530000e+01  1.81080006e+00  1.96530000e+01  1.13400012e+00  1.96530000e+01  1.70400008e+00  1.96530000e+01  1.18080010e+00  1.96530000e+01  1.21080012e+00  1.96530000e+01  5.45431894e-01  1.96530000e+01  2.46209738e+00  1.96530000e+01  1.59741254e+00  1.96530000e+01  1.21364662e+00  1.96530000e+01  1.18334366e+00  1.96530000e+01  2.00097414e+00  1.96530000e+01  2.86079861e+00  1.96530000e+01  2.55644205e+00  1.96530000e+01  2.86145890e+00  1.96530000e+01  1.95312865e+00  1.96530000e+01  2.87446123e+00  1.96530000e+01  1.51625825e+00  1.96530000e+01  6.95058640e-01 
 1.97265000e+01  2.22711196e+00  1.97265000e+01  5.72347783e-01  1.97265000e+01  1.67580582e+00  1.97265000e+01  1.18440011e+00  1.97265000e+01  1.75957412e+00  1.97265000e+01  1.51562195e+00  1.97265000e+01  1.16400011e+00  1.97265000e+01  1.81080006e+00  1.97265000e+01  1.13400012e+00  1.97265000e+01  1.70400008e+00  1.97265000e+01  1.18080010e+00  1.97265000e+01  1.21080012e+00  1.97265000e+01  5.45431895e-01  1.97265000e+01  2.49307806e+00  1.97265000e+01  1.62943790e+00  1.97265000e+01  1.21364662e+00  1.97265000e+01  1.18334366e+00  1.97265000e+01  2.00097414e+00  1.97265000e+01  2.87478259e+00  1.97265000e+01  2.58063119e+00  1.97265000e+01  2.87538884e+00  1.97265000e+01  1.97682121e+00  1.97265000e+01  2.88843532e+00  1.97265000e+01  1.53908535e+00  1.97265000e+01  7.37226236e-01 
 1.98000000e+01  2.22711196e+00  1.98000000e+01  5.72347784e-01  1.98000000e+01  1.67580582e+00  1.98000000e+01  1.18440011e+00  1.98000000e+01  1.75957412e+00  1.98000000e+01  1.51562195e+00  1.98000000e+01  1.16400012e+00  1.98000000e+01  1.81080006e+00  1.98000000e+01  1.13400012e+00  1.98000000e+01  1.70400008e+00  1.98000000e+01  1.18080010e+00  1.98000000e+01  1.21080012e+00  1.98000000e+01  5.45431896e-01  1.98000000e+01  2.51921360e+00  1.98000000e+01  1.65665896e+00  1.98000000e+01  1.21364662e+00  1.98000000e+01  1.18334367e+00  1.98000000e+01  2.00097414e+00  1.98000000e+01  2.88634074e+00  1.98000000e+01  2.60375070e+00  1.98000000e+01  2.88689431e+00  1.98000000e+01  1.99961843e+00  1.98000000e+01  2.89651477e+00  1.98000000e+01  1.56121887e+00  1.98000000e+01  7.74059373e-01 
 1.98102000e+01  2.22711196e+00  1.98102000e+01  5.72347784e-01  1.98102000e+01  1.67580582e+00  1.98102000e+01  1.18440011e+00  1.98102000e+01  1.75957412e+00  1.98102000e+01  1.51562195e+00  1.98102000e+01  1.16400012e+00  1.98102000e+01  1.81080006e+00  1.98102000e+01  1.13400012e+00  1.98102000e+01  1.70400008e+00  1.98102000e+01  1.18080010e+00  1.98102000e+01  1.21080012e+00  1.98102000e+01  5.45431896e-01  1.98102000e+01  2.52241526e+00  1.98102000e+01  1.66001643e+00  1.98102000e+01  1.21364662e+00  1.98102000e+01  1.18334367e+00  1.98102000e+01  2.00097414e+00  1.98102000e+01  2.88764818e+00  1.98102000e+01  2.60672472e+00  1.98102000e+01  2.88819472e+00  1.98102000e+01  2.00256215e+00  1.98102000e+01  2.89709036e+00  1.98102000e+01  1.56408865e+00  1.98102000e+01  7.78642747e-01 
 1.98306000e+01  2.23300736e+00  1.98306000e+01  5.72347784e-01  1.98306000e+01  1.68178620e+00  1.98306000e+01  1.18440011e+00  1.98306000e+01  1.75957412e+00  1.98306000e+01  1.51562195e+00  1.98306000e+01  1.16400012e+00  1.98306000e+01  1.81080006e+00  1.98306000e+01  1.13400012e+00  1.98306000e+01  1.70400008e+00  1.98306000e+01  1.18080010e+00  1.98306000e+01  1.21080012e+00  1.98306000e+01  5.45431896e-01  1.98306000e+01  2.52561692e+00  1.98306000e+01  1.66337391e+00  1.98306000e+01  1.21076359e+00  1.98306000e+01  1.18334367e+00  1.98306000e+01  1.99792869e+00  1.98306000e+01  2.89114808e+00  1.98306000e+01  2.61246441e+00  1.98306000e+01  2.89100135e+00  1.98306000e+01  2.00823693e+00  1.98306000e+01  2.89908046e+00  1.98306000e+01  1.56963349e+00  1.98306000e+01  7.89965248e-01 
 1.98714000e+01  2.25597353e+00  1.98714000e+01  5.72347785e-01  1.98714000e+01  1.70509538e+00  1.98714000e+01  1.18440011e+00  1.98714000e+01  1.75957412e+00  1.98714000e+01  1.51562195e+00  1.98714000e+01  1.16400012e+00  1.98714000e+01  1.81080006e+00  1.98714000e+01  1.13400012e+00  1.98714000e+01  1.70400008e+00  1.98714000e+01  1.18080010e+00  1.98714000e+01  1.21080012e+00  1.98714000e+01  5.45431897e-01  1.98714000e+01  2.52561692e+00  1.98714000e+01  1.66337391e+00  1.98714000e+01  1.20127074e+00  1.98714000e+01  1.18334367e+00  1.98714000e+01  1.98795314e+00  1.98714000e+01  2.89972749e+00  1.98714000e+01  2.62389942e+00  1.98714000e+01  2.89700537e+00  1.98714000e+01  2.01950216e+00  1.98714000e+01  2.90471318e+00  1.98714000e+01  1.58063102e+00  1.98714000e+01  8.16779721e-01 
 1.99530000e+01  2.29783395e+00  1.99530000e+01  5.72347786e-01  1.99530000e+01  1.74766126e+00  1.99530000e+01  1.18440011e+00  1.99530000e+01  1.75957412e+00  1.99530000e+01  1.51562196e+00  1.99530000e+01  1.16400012e+00  1.99530000e+01  1.81080006e+00  1.99530000e+01  1.13400012e+00  1.99530000e+01  1.70400008e+00  1.99530000e+01  1.18080010e+00  1.99530000e+01  1.21080013e+00  1.99530000e+01  5.45431898e-01  1.99530000e+01  2.52561692e+00  1.99530000e+01  1.66337391e+00  1.99530000e+01  1.19381717e+00  1.99530000e+01  1.18334367e+00  1.99530000e+01  1.98018386e+00  1.99530000e+01  2.91469814e+00  1.99530000e+01  2.64884762e+00  1.99530000e+01  2.90874312e+00  1.99530000e+01  2.04399724e+00  1.99530000e+01  2.91569421e+00  1.99530000e+01  1.60436909e+00  1.99530000e+01  8.68580474e-01 
 2.00265000e+01  2.33049550e+00  2.00265000e+01  5.72347787e-01  2.00265000e+01  1.78098091e+00  2.00265000e+01  1.18440011e+00  2.00265000e+01  1.75957412e+00  2.00265000e+01  1.51562196e+00  2.00265000e+01  1.16400012e+00  2.00265000e+01  1.81080006e+00  2.00265000e+01  1.13400012e+00  2.00265000e+01  1.70400008e+00  2.00265000e+01  1.18080010e+00  2.00265000e+01  1.21080013e+00  2.00265000e+01  5.45431899e-01  2.00265000e+01  2.52561692e+00  2.00265000e+01  1.66337391e+00  2.00265000e+01  1.19381717e+00  2.00265000e+01  1.18334367e+00  2.00265000e+01  1.98018386e+00  2.00265000e+01  2.92419890e+00  2.00265000e+01  2.67282175e+00  2.00265000e+01  2.91856586e+00  2.00265000e+01  2.06776493e+00  2.00265000e+01  2.92484179e+00  2.00265000e+01  1.62738414e+00  2.00265000e+01  9.11670888e-01 
 2.01000000e+01  2.35826277e+00  2.01000000e+01  5.72347788e-01  2.01000000e+01  1.80942644e+00  2.01000000e+01  1.18440011e+00  2.01000000e+01  1.75957412e+00  2.01000000e+01  1.51562196e+00  2.01000000e+01  1.16400012e+00  2.01000000e+01  1.81080007e+00  2.01000000e+01  1.13400012e+00  2.01000000e+01  1.70400008e+00  2.01000000e+01  1.18080010e+00  2.01000000e+01  1.21080013e+00  2.01000000e+01  5.45431900e-01  2.01000000e+01  2.52561692e+00  2.01000000e+01  1.66337391e+00  2.01000000e+01  1.19381717e+00  2.01000000e+01  1.18334367e+00  2.01000000e+01  1.98018386e+00  2.01000000e+01  2.92863756e+00  2.01000000e+01  2.69590646e+00  2.01000000e+01  2.92650098e+00  2.01000000e+01  2.09120849e+00  2.01000000e+01  2.93213955e+00  2.01000000e+01  1.65022730e+00  2.01000000e+01  9.49778898e-01 
 2.01102000e+01  2.36169186e+00  2.01102000e+01  5.72347789e-01  2.01102000e+01  1.81295131e+00  2.01102000e+01  1.18440011e+00  2.01102000e+01  1.75957412e+00  2.01102000e+01  1.51562196e+00  2.01102000e+01  1.16400012e+00  2.01102000e+01  1.81080007e+00  2.01102000e+01  1.13400012e+00  2.01102000e+01  1.70400008e+00  2.01102000e+01  1.18080010e+00  2.01102000e+01  1.21080013e+00  2.01102000e+01  5.45431900e-01  2.01102000e+01  2.52561692e+00  2.01102000e+01  1.66337391e+00  2.01102000e+01  1.19381717e+00  2.01102000e+01  1.18334367e+00  2.01102000e+01  1.98018386e+00  2.01102000e+01  2.92877459e+00  2.01102000e+01  2.69887937e+00  2.01102000e+01  2.92735569e+00  2.01102000e+01  2.09428594e+00  2.01102000e+01  2.93291073e+00  2.01102000e+01  1.65323882e+00  2.01102000e+01  9.54562807e-01 
 2.01306000e+01  2.35865586e+00  2.01306000e+01  5.69473184e-01  2.01306000e+01  1.81012464e+00  2.01306000e+01  1.18440011e+00  2.01306000e+01  1.75957412e+00  2.01306000e+01  1.51562196e+00  2.01306000e+01  1.16400012e+00  2.01306000e+01  1.81080007e+00  2.01306000e+01  1.13400012e+00  2.01306000e+01  1.70400008e+00  2.01306000e+01  1.18080010e+00  2.01306000e+01  1.21080013e+00  2.01306000e+01  5.43005918e-01  2.01306000e+01  2.51909915e+00  2.01306000e+01  1.65703457e+00  2.01306000e+01  1.19381717e+00  2.01306000e+01  1.18334367e+00  2.01306000e+01  1.98018386e+00  2.01306000e+01  2.92720196e+00  2.01306000e+01  2.70034691e+00  2.01306000e+01  2.92671143e+00  2.01306000e+01  2.09583443e+00  2.01306000e+01  2.93195991e+00  2.01306000e+01  1.65469392e+00  2.01306000e+01  9.51202782e-01 
 2.01714000e+01  2.33303178e+00  2.01714000e+01  5.58448709e-01  2.01714000e+01  1.78495483e+00  2.01714000e+01  1.18440011e+00  2.01714000e+01  1.75957412e+00  2.01714000e+01  1.51562196e+00  2.01714000e+01  1.16400012e+00  2.01714000e+01  1.81080007e+00  2.01714000e+01  1.13400012e+00  2.01714000e+01  1.70400008e+00  2.01714000e+01  1.18080010e+00  2.01714000e+01  1.21080013e+00  2.01714000e+01  5.33731378e-01  2.01714000e+01  2.49326511e+00  2.01714000e+01  1.63191433e+00  2.01714000e+01  1.19381717e+00  2.01714000e+01  1.18334367e+00  2.01714000e+01  1.98018386e+00  2.01714000e+01  2.92070565e+00  2.01714000e+01  2.69450055e+00  2.01714000e+01  2.92089284e+00  2.01714000e+01  2.08988588e+00  2.01714000e+01  2.92542027e+00  2.01714000e+01  1.64862637e+00  2.01714000e+01  9.19144460e-01 
 2.02530000e+01  2.28285724e+00  2.02530000e+01  5.38949644e-01  2.02530000e+01  1.73568859e+00  2.02530000e+01  1.18440011e+00  2.02530000e+01  1.75957412e+00  2.02530000e+01  1.51562196e+00  2.02530000e+01  1.16400012e+00  2.02530000e+01  1.81080007e+00  2.02530000e+01  1.13400012e+00  2.02530000e+01  1.70400008e+00  2.02530000e+01  1.18080010e+00  2.02530000e+01  1.21080013e+00  2.02530000e+01  5.17470157e-01  2.02530000e+01  2.44267353e+00  2.02530000e+01  1.58275007e+00  2.02530000e+01  1.19381717e+00  2.02530000e+01  1.18334367e+00  2.02530000e+01  1.98018386e+00  2.02530000e+01  2.90926307e+00  2.02530000e+01  2.68362013e+00  2.02530000e+01  2.91007752e+00  2.02530000e+01  2.07876575e+00  2.02530000e+01  2.91392357e+00  2.02530000e+01  1.63722664e+00  2.02530000e+01  8.58088438e-01 
 2.03265000e+01  2.23847359e+00  2.03265000e+01  5.23913761e-01  2.03265000e+01  1.69212160e+00  2.03265000e+01  1.18440011e+00  2.03265000e+01  1.75957412e+00  2.03265000e+01  1.51562196e+00  2.03265000e+01  1.16400012e+00  2.03265000e+01  1.81080007e+00  2.03265000e+01  1.13400012e+00  2.03265000e+01  1.70400008e+00  2.03265000e+01  1.18080010e+00  2.03265000e+01  1.21080013e+00  2.03265000e+01  5.05055388e-01  2.03265000e+01  2.39790963e+00  2.03265000e+01  1.53926991e+00  2.03265000e+01  1.19381717e+00  2.03265000e+01  1.18334367e+00  2.03265000e+01  1.98018386e+00  2.03265000e+01  2.89997441e+00  2.03265000e+01  2.67436995e+00  2.03265000e+01  2.90089238e+00  2.03265000e+01  2.06927580e+00  2.03265000e+01  2.90461934e+00  2.03265000e+01  1.62745640e+00  2.03265000e+01  8.06617140e-01 
 2.04000000e+01  2.21641623e+00  2.04000000e+01  5.21157798e-01  2.04000000e+01  1.67047198e+00  2.04000000e+01  1.18440011e+00  2.04000000e+01  1.75957412e+00  2.04000000e+01  1.51562196e+00  2.04000000e+01  1.16400012e+00  2.04000000e+01  1.81080007e+00  2.04000000e+01  1.13400012e+00  2.04000000e+01  1.70400008e+00  2.04000000e+01  1.18080010e+00  2.04000000e+01  1.21080013e+00  2.04000000e+01  5.04299653e-01  2.04000000e+01  2.37565922e+00  2.04000000e+01  1.51766062e+00  2.04000000e+01  1.19381717e+00  2.04000000e+01  1.18334367e+00  2.04000000e+01  1.98018386e+00  2.04000000e+01  2.89092542e+00  2.04000000e+01  2.66525435e+00  2.04000000e+01  2.89184376e+00  2.04000000e+01  2.05991299e+00  2.04000000e+01  2.89557056e+00  2.04000000e+01  1.61780389e+00  2.04000000e+01  7.58668702e-01 
 2.04102000e+01  2.21641623e+00  2.04102000e+01  5.22315000e-01  2.04102000e+01  1.67047198e+00  2.04102000e+01  1.18440011e+00  2.04102000e+01  1.75957412e+00  2.04102000e+01  1.51562196e+00  2.04102000e+01  1.16400012e+00  2.04102000e+01  1.81080007e+00  2.04102000e+01  1.13400012e+00  2.04102000e+01  1.70400008e+00  2.04102000e+01  1.18080010e+00  2.04102000e+01  1.21080013e+00  2.04102000e+01  5.05663873e-01  2.04102000e+01  2.37565922e+00  2.04102000e+01  1.51766062e+00  2.04102000e+01  1.19381717e+00  2.04102000e+01  1.18334367e+00  2.04102000e+01  1.98018386e+00  2.04102000e+01  2.88966978e+00  2.04102000e+01  2.66398941e+00  2.04102000e+01  2.89058816e+00  2.04102000e+01  2.05861350e+00  2.04102000e+01  2.89431510e+00  2.04102000e+01  1.61646387e+00  2.04102000e+01  7.52341116e-01 
 2.04306000e+01  2.21641623e+00  2.04306000e+01  5.24580099e-01  2.04306000e+01  1.67047198e+00  2.04306000e+01  1.18440011e+00  2.04306000e+01  1.75957412e+00  2.04306000e+01  1.51562196e+00  2.04306000e+01  1.16400012e+00  2.04306000e+01  1.81080007e+00  2.04306000e+01  1.13400012e+00  2.04306000e+01  1.70400008e+00  2.04306000e+01  1.18080010e+00  2.04306000e+01  1.21080013e+00  2.04306000e+01  5.08331824e-01  2.04306000e+01  2.37565922e+00  2.04306000e+01  1.51766062e+00  2.04306000e+01  1.19381717e+00  2.04306000e+01  1.18334367e+00  2.04306000e+01  1.98078207e+00  2.04306000e+01  2.88659585e+00  2.04306000e+01  2.66089895e+00  2.04306000e+01  2.88751430e+00  2.04306000e+01  2.05546155e+00  2.04306000e+01  2.89124149e+00  2.04306000e+01  1.61060151e+00  2.04306000e+01  7.40395933e-01 
 2.04714000e+01  2.21641623e+00  2.04714000e+01  5.28908317e-01  2.04714000e+01  1.67047198e+00  2.04714000e+01  1.18440011e+00  2.04714000e+01  1.75957412e+00  2.04714000e+01  1.51562196e+00  2.04714000e+01  1.16400012e+00  2.04714000e+01  1.81080007e+00  2.04714000e+01  1.13400012e+00  2.04714000e+01  1.70400008e+00  2.04714000e+01  1.18080010e+00  2.04714000e+01  1.21080013e+00  2.04714000e+01  5.13416446e-01  2.04714000e+01  2.37565922e+00  2.04714000e+01  1.51766062e+00  2.04714000e+01  1.19381717e+00  2.04714000e+01  1.18334367e+00  2.04714000e+01  1.98337404e+00  2.04714000e+01  2.87931587e+00  2.04714000e+01  2.65358968e+00  2.04714000e+01  2.88023442e+00  2.04714000e+01  2.04804273e+00  2.04714000e+01  2.88396206e+00  2.04714000e+01  1.59242953e+00  2.04714000e+01  7.18512546e-01 
 2.05530000e+01  2.21641623e+00  2.05530000e+01  5.36982516e-01  2.05530000e+01  1.67047198e+00  2.05530000e+01  1.18440011e+00  2.05530000e+01  1.75957412e+00  2.05530000e+01  1.51562196e+00  2.05530000e+01  1.16400012e+00  2.05530000e+01  1.81080007e+00  2.05530000e+01  1.13400012e+00  2.05530000e+01  1.70400008e+00  2.05530000e+01  1.18080010e+00  2.05530000e+01  1.21080013e+00  2.05530000e+01  5.22855322e-01  2.05530000e+01  2.37565922e+00  2.05530000e+01  1.51766062e+00  2.05530000e+01  1.19381717e+00  2.05530000e+01  1.18334367e+00  2.05530000e+01  1.98974273e+00  2.05530000e+01  2.86470574e+00  2.05530000e+01  2.63891822e+00  2.05530000e+01  2.86562452e+00  2.05530000e+01  2.03314147e+00  2.05530000e+01  2.86935309e+00  2.05530000e+01  1.55555100e+00  2.05530000e+01  6.78313018e-01 
 2.06265000e+01  2.21641623e+00  2.06265000e+01  5.43646474e-01  2.06265000e+01  1.67047198e+00  2.06265000e+01  1.18440011e+00  2.06265000e+01  1.75957412e+00  2.06265000e+01  1.51562196e+00  2.06265000e+01  1.16400012e+00  2.06265000e+01  1.81080007e+00  2.06265000e+01  1.13400012e+00  2.06265000e+01  1.70400008e+00  2.06265000e+01  1.18080010e+00  2.06265000e+01  1.21080013e+00  2.06265000e+01  5.30598818e-01  2.06265000e+01  2.37565922e+00  2.06265000e+01  1.51766062e+00  2.06265000e+01  1.19381717e+00  2.06265000e+01  1.18334367e+00  2.06265000e+01  1.99680797e+00  2.06265000e+01  2.85147517e+00  2.06265000e+01  2.62562891e+00  2.06265000e+01  2.85239417e+00  2.06265000e+01  2.01963150e+00  2.06265000e+01  2.85612364e+00  2.06265000e+01  1.52167544e+00  2.06265000e+01  6.46201052e-01 
 2.07000000e+01  2.21641623e+00  2.07000000e+01  5.49796571e-01  2.07000000e+01  1.67047198e+00  2.07000000e+01  1.18440011e+00  2.07000000e+01  1.75957412e+00  2.07000000e+01  1.51562196e+00  2.07000000e+01  1.16400012e+00  2.07000000e+01  1.81080007e+00  2.07000000e+01  1.13400012e+00  2.07000000e+01  1.70400008e+00  2.07000000e+01  1.18080010e+00  2.07000000e+01  1.21080013e+00  2.07000000e+01  5.37707931e-01  2.07000000e+01  2.37565922e+00  2.07000000e+01  1.51766062e+00  2.07000000e+01  1.19381717e+00  2.07000000e+01  1.18334367e+00  2.07000000e+01  2.00508532e+00  2.07000000e+01  2.83816343e+00  2.07000000e+01  2.61225449e+00  2.07000000e+01  2.83908266e+00  2.07000000e+01  2.00602096e+00  2.07000000e+01  2.84281308e+00  2.07000000e+01  1.48715469e+00  2.07000000e+01  6.17931054e-01 
 2.07102000e+01  2.21641623e+00  2.07102000e+01  5.50607488e-01  2.07102000e+01  1.67047198e+00  2.07102000e+01  1.18440011e+00  2.07102000e+01  1.75957412e+00  2.07102000e+01  1.51562196e+00  2.07102000e+01  1.16400012e+00  2.07102000e+01  1.81080007e+00  2.07102000e+01  1.13400012e+00  2.07102000e+01  1.70400008e+00  2.07102000e+01  1.18080010e+00  2.07102000e+01  1.21080013e+00  2.07102000e+01  5.38642238e-01  2.07102000e+01  2.37565922e+00  2.07102000e+01  1.51766062e+00  2.07102000e+01  1.19381717e+00  2.07102000e+01  1.18334367e+00  2.07102000e+01  2.00633800e+00  2.07102000e+01  2.83630829e+00  2.07102000e+01  2.61039026e+00  2.07102000e+01  2.83722756e+00  2.07102000e+01  2.00412243e+00  2.07102000e+01  2.84095812e+00  2.07102000e+01  1.48230935e+00  2.07102000e+01  6.14342967e-01 
 2.07306000e+01  2.21641623e+00  2.07306000e+01  5.51418405e-01  2.07306000e+01  1.67047198e+00  2.07306000e+01  1.18440011e+00  2.07306000e+01  1.75957412e+00  2.07306000e+01  1.51562196e+00  2.07306000e+01  1.16400012e+00  2.07306000e+01  1.81080007e+00  2.07306000e+01  1.13400012e+00  2.07306000e+01  1.70400008e+00  2.07306000e+01  1.18080010e+00  2.07306000e+01  1.21080013e+00  2.07306000e+01  5.39576544e-01  2.07306000e+01  2.38150704e+00  2.07306000e+01  1.52364091e+00  2.07306000e+01  1.19381717e+00  2.07306000e+01  1.17931739e+00  2.07306000e+01  2.00339276e+00  2.07306000e+01  2.83647384e+00  2.07306000e+01  2.61125047e+00  2.07306000e+01  2.83738551e+00  2.07306000e+01  2.00491739e+00  2.07306000e+01  2.84208603e+00  2.07306000e+01  1.48008869e+00  2.07306000e+01  6.17521232e-01 
 2.07714000e+01  2.21641623e+00  2.07714000e+01  5.51418406e-01  2.07714000e+01  1.67047198e+00  2.07714000e+01  1.18440011e+00  2.07714000e+01  1.76913516e+00  2.07714000e+01  1.52526312e+00  2.07714000e+01  1.16400012e+00  2.07714000e+01  1.81080007e+00  2.07714000e+01  1.13400012e+00  2.07714000e+01  1.70400008e+00  2.07714000e+01  1.18080010e+00  2.07714000e+01  1.21080013e+00  2.07714000e+01  5.39576545e-01  2.07714000e+01  2.40431918e+00  2.07714000e+01  1.54698738e+00  2.07714000e+01  1.19381717e+00  2.07714000e+01  1.17126484e+00  2.07714000e+01  1.99499693e+00  2.07714000e+01  2.84459033e+00  2.07714000e+01  2.62251746e+00  2.07714000e+01  2.84547034e+00  2.07714000e+01  2.01602955e+00  2.07714000e+01  2.85383119e+00  2.07714000e+01  1.49087547e+00  2.07714000e+01  6.44486652e-01 
 2.08530000e+01  2.21641623e+00  2.08530000e+01  5.51418407e-01  2.08530000e+01  1.67047198e+00  2.08530000e+01  1.18440011e+00  2.08530000e+01  1.80490807e+00  2.08530000e+01  1.56136165e+00  2.08530000e+01  1.16400012e+00  2.08530000e+01  1.81080007e+00  2.08530000e+01  1.13400012e+00  2.08530000e+01  1.70400008e+00  2.08530000e+01  1.18080011e+00  2.08530000e+01  1.21080013e+00  2.08530000e+01  5.39576546e-01  2.08530000e+01  2.44593375e+00  2.08530000e+01  1.58970031e+00  2.08530000e+01  1.19381717e+00  2.08530000e+01  1.17126484e+00  2.08530000e+01  1.99499693e+00  2.08530000e+01  2.86083181e+00  2.08530000e+01  2.64741776e+00  2.08530000e+01  2.86164289e+00  2.08530000e+01  2.04029190e+00  2.08530000e+01  2.87510574e+00  2.08530000e+01  1.51419081e+00  2.08530000e+01  6.96755012e-01 
 2.09265000e+01  2.21641623e+00  2.09265000e+01  5.51418407e-01  2.09265000e+01  1.67047198e+00  2.09265000e+01  1.18440011e+00  2.09265000e+01  1.83267783e+00  2.09265000e+01  1.58943334e+00  2.09265000e+01  1.16400012e+00  2.09265000e+01  1.81080007e+00  2.09265000e+01  1.13400013e+00  2.09265000e+01  1.70400008e+00  2.09265000e+01  1.18080011e+00  2.09265000e+01  1.21080013e+00  2.09265000e+01  5.39576547e-01  2.09265000e+01  2.47815779e+00  2.09265000e+01  1.62295033e+00  2.09265000e+01  1.19381717e+00  2.09265000e+01  1.17126484e+00  2.09265000e+01  1.99499693e+00  2.09265000e+01  2.87487654e+00  2.09265000e+01  2.67184986e+00  2.09265000e+01  2.87562169e+00  2.09265000e+01  2.06401689e+00  2.09265000e+01  2.88986313e+00  2.09265000e+01  1.53694073e+00  2.09265000e+01  7.40139800e-01 
 2.10000000e+01  2.21641624e+00  2.10000000e+01  5.51418408e-01  2.10000000e+01  1.67047199e+00  2.10000000e+01  1.18440011e+00  2.10000000e+01  1.85603098e+00  2.10000000e+01  1.61309603e+00  2.10000000e+01  1.16400012e+00  2.10000000e+01  1.81080007e+00  2.10000000e+01  1.13400013e+00  2.10000000e+01  1.70400008e+00  2.10000000e+01  1.18080011e+00  2.10000000e+01  1.21080013e+00  2.10000000e+01  5.39576548e-01  2.10000000e+01  2.50497936e+00  2.10000000e+01  1.65083235e+00  2.10000000e+01  1.19381717e+00  2.10000000e+01  1.17126484e+00  2.10000000e+01  1.99499693e+00  2.10000000e+01  2.88670103e+00  2.10000000e+01  2.69537570e+00  2.10000000e+01  2.88738107e+00  2.10000000e+01  2.08727242e+00  2.10000000e+01  2.89851866e+00  2.10000000e+01  1.55942108e+00  2.10000000e+01  7.77867443e-01 
 2.10102000e+01  2.21641624e+00  2.10102000e+01  5.51418408e-01  2.10102000e+01  1.67047199e+00  2.10102000e+01  1.18440011e+00  2.10102000e+01  1.85888208e+00  2.10102000e+01  1.61599072e+00  2.10102000e+01  1.16400012e+00  2.10102000e+01  1.81080007e+00  2.10102000e+01  1.13400013e+00  2.10102000e+01  1.70400008e+00  2.10102000e+01  1.18080011e+00  2.10102000e+01  1.21080013e+00  2.10102000e+01  5.39576548e-01  2.10102000e+01  2.50821944e+00  2.10102000e+01  1.65422249e+00  2.10102000e+01  1.19381717e+00  2.10102000e+01  1.17126484e+00  2.10102000e+01  1.99499693e+00  2.10102000e+01  2.88802956e+00  2.10102000e+01  2.69835821e+00  2.10102000e+01  2.88870089e+00  2.10102000e+01  2.09027536e+00  2.10102000e+01  2.89912337e+00  2.10102000e+01  1.56234117e+00  2.10102000e+01  7.82511090e-01 
 2.10306000e+01  2.22239315e+00  2.10306000e+01  5.51418409e-01  2.10306000e+01  1.67653263e+00  2.10306000e+01  1.18440011e+00  2.10306000e+01  1.86173317e+00  2.10306000e+01  1.61888541e+00  2.10306000e+01  1.16400012e+00  2.10306000e+01  1.81080007e+00  2.10306000e+01  1.13400013e+00  2.10306000e+01  1.70400008e+00  2.10306000e+01  1.18080011e+00  2.10306000e+01  1.21080013e+00  2.10306000e+01  5.39576548e-01  2.10306000e+01  2.51145951e+00  2.10306000e+01  1.65761263e+00  2.10306000e+01  1.19086616e+00  2.10306000e+01  1.17126484e+00  2.10306000e+01  1.99188064e+00  2.10306000e+01  2.89152019e+00  2.10306000e+01  2.70401388e+00  2.10306000e+01  2.89150015e+00  2.10306000e+01  2.09595781e+00  2.10306000e+01  2.90109984e+00  2.10306000e+01  1.56788341e+00  2.10306000e+01  7.93898801e-01 
 2.10714000e+01  2.24572102e+00  2.10714000e+01  5.51418409e-01  2.10714000e+01  1.70019832e+00  2.10714000e+01  1.18440012e+00  2.10714000e+01  1.86173317e+00  2.10714000e+01  1.61888541e+00  2.10714000e+01  1.16400012e+00  2.10714000e+01  1.81080007e+00  2.10714000e+01  1.13400013e+00  2.10714000e+01  1.70400008e+00  2.10714000e+01  1.18080011e+00  2.10714000e+01  1.21080013e+00  2.10714000e+01  5.39576549e-01  2.10714000e+01  2.51145951e+00  2.10714000e+01  1.65761263e+00  2.10714000e+01  1.18496414e+00  2.10714000e+01  1.17126484e+00  2.10714000e+01  1.98564806e+00  2.10714000e+01  2.89999474e+00  2.10714000e+01  2.71497998e+00  2.10714000e+01  2.89740234e+00  2.10714000e+01  2.10702368e+00  2.10714000e+01  2.90656569e+00  2.10714000e+01  1.57867510e+00  2.10714000e+01  8.20792889e-01 
 2.11530000e+01  2.28849002e+00  2.11530000e+01  5.51418411e-01  2.11530000e+01  1.74366158e+00  2.11530000e+01  1.18440012e+00  2.11530000e+01  1.86173317e+00  2.11530000e+01  1.61888541e+00  2.11530000e+01  1.16400013e+00  2.11530000e+01  1.81080007e+00  2.11530000e+01  1.13400013e+00  2.11530000e+01  1.70400008e+00  2.11530000e+01  1.18080011e+00  2.11530000e+01  1.21080013e+00  2.11530000e+01  5.39576550e-01  2.11530000e+01  2.51145951e+00  2.11530000e+01  1.65761264e+00  2.11530000e+01  1.18496414e+00  2.11530000e+01  1.17126484e+00  2.11530000e+01  1.98564806e+00  2.11530000e+01  2.91511180e+00  2.11530000e+01  2.73818325e+00  2.11530000e+01  2.90897797e+00  2.11530000e+01  2.13118162e+00  2.11530000e+01  2.91724946e+00  2.11530000e+01  1.60202796e+00  2.11530000e+01  8.73142658e-01 
 2.12265000e+01  2.32211471e+00  2.12265000e+01  5.51418412e-01  2.12265000e+01  1.77793371e+00  2.12265000e+01  1.18440012e+00  2.12265000e+01  1.86173317e+00  2.12265000e+01  1.61888541e+00  2.12265000e+01  1.16400013e+00  2.12265000e+01  1.81080007e+00  2.12265000e+01  1.13400013e+00  2.12265000e+01  1.70400008e+00  2.12265000e+01  1.18080011e+00  2.12265000e+01  1.21080013e+00  2.12265000e+01  5.39576551e-01  2.12265000e+01  2.51145951e+00  2.12265000e+01  1.65761264e+00  2.12265000e+01  1.18496414e+00  2.12265000e+01  1.17126484e+00  2.12265000e+01  1.98564806e+00  2.12265000e+01  2.92520620e+00  2.12265000e+01  2.75975578e+00  2.12265000e+01  2.91883269e+00  2.12265000e+01  2.15490171e+00  2.12265000e+01  2.92630368e+00  2.12265000e+01  1.62488333e+00  2.12265000e+01  9.17171331e-01 
 2.13000000e+01  2.35087936e+00  2.13000000e+01  5.51418413e-01  2.13000000e+01  1.80736595e+00  2.13000000e+01  1.18440012e+00  2.13000000e+01  1.86173317e+00  2.13000000e+01  1.61888541e+00  2.13000000e+01  1.16400013e+00  2.13000000e+01  1.81080007e+00  2.13000000e+01  1.13400013e+00  2.13000000e+01  1.70400008e+00  2.13000000e+01  1.18080011e+00  2.13000000e+01  1.21080013e+00  2.13000000e+01  5.39576552e-01  2.13000000e+01  2.51145951e+00  2.13000000e+01  1.65761264e+00  2.13000000e+01  1.18496414e+00  2.13000000e+01  1.17126484e+00  2.13000000e+01  1.98564806e+00  2.13000000e+01  2.93049547e+00  2.13000000e+01  2.78011539e+00  2.13000000e+01  2.92710540e+00  2.13000000e+01  2.17879156e+00  2.13000000e+01  2.93381500e+00  2.13000000e+01  1.64804750e+00  2.13000000e+01  9.56562205e-01 
 2.13102000e+01  2.35444739e+00  2.13102000e+01  5.51418413e-01  2.13102000e+01  1.81102828e+00  2.13102000e+01  1.18440012e+00  2.13102000e+01  1.86173317e+00  2.13102000e+01  1.61888541e+00  2.13102000e+01  1.16400013e+00  2.13102000e+01  1.81080007e+00  2.13102000e+01  1.13400013e+00  2.13102000e+01  1.70400008e+00  2.13102000e+01  1.18080011e+00  2.13102000e+01  1.21080013e+00  2.13102000e+01  5.39576552e-01  2.13102000e+01  2.51145951e+00  2.13102000e+01  1.65761264e+00  2.13102000e+01  1.18496414e+00  2.13102000e+01  1.17126484e+00  2.13102000e+01  1.98564806e+00  2.13102000e+01  2.93076399e+00  2.13102000e+01  2.78270349e+00  2.13102000e+01  2.92803195e+00  2.13102000e+01  2.18197729e+00  2.13102000e+01  2.93464131e+00  2.13102000e+01  1.65115420e+00  2.13102000e+01  9.61548027e-01 
 2.13306000e+01  2.35159894e+00  2.13306000e+01  5.48916489e-01  2.13306000e+01  1.80838664e+00  2.13306000e+01  1.18440012e+00  2.13306000e+01  1.86173317e+00  2.13306000e+01  1.61888541e+00  2.13306000e+01  1.16400013e+00  2.13306000e+01  1.81080007e+00  2.13306000e+01  1.13400013e+00  2.13306000e+01  1.70400008e+00  2.13306000e+01  1.18080011e+00  2.13306000e+01  1.21080013e+00  2.13306000e+01  5.37274167e-01  2.13306000e+01  2.50499345e+00  2.13306000e+01  1.65132335e+00  2.13306000e+01  1.18496414e+00  2.13306000e+01  1.17126484e+00  2.13306000e+01  1.98564806e+00  2.13306000e+01  2.92936532e+00  2.13306000e+01  2.78381407e+00  2.13306000e+01  2.92748509e+00  2.13306000e+01  2.18366274e+00  2.13306000e+01  2.93380681e+00  2.13306000e+01  1.65272751e+00  2.13306000e+01  9.58375505e-01 
 2.13714000e+01  2.32614984e+00  2.13714000e+01  5.39336197e-01  2.13714000e+01  1.78338754e+00  2.13714000e+01  1.18440012e+00  2.13714000e+01  1.86173317e+00  2.13714000e+01  1.61888541e+00  2.13714000e+01  1.16400013e+00  2.13714000e+01  1.81080007e+00  2.13714000e+01  1.13400013e+00  2.13714000e+01  1.70400008e+00  2.13714000e+01  1.18080011e+00  2.13714000e+01  1.21080013e+00  2.13714000e+01  5.28470886e-01  2.13714000e+01  2.47934623e+00  2.13714000e+01  1.62638326e+00  2.13714000e+01  1.18496414e+00  2.13714000e+01  1.17126484e+00  2.13714000e+01  1.98564806e+00  2.13714000e+01  2.92301805e+00  2.13714000e+01  2.77806897e+00  2.13714000e+01  2.92175765e+00  2.13714000e+01  2.17781990e+00  2.13714000e+01  2.92748240e+00  2.13714000e+01  1.64674246e+00  2.13714000e+01  9.26226452e-01 
 2.14530000e+01  2.27622837e+00  2.14530000e+01  5.22464823e-01  2.14530000e+01  1.73436572e+00  2.14530000e+01  1.18440012e+00  2.14530000e+01  1.86173317e+00  2.14530000e+01  1.61888541e+00  2.14530000e+01  1.16400013e+00  2.14530000e+01  1.81080007e+00  2.14530000e+01  1.13400013e+00  2.14530000e+01  1.70400008e+00  2.14530000e+01  1.18080011e+00  2.14530000e+01  1.21080013e+00  2.14530000e+01  5.13030577e-01  2.14530000e+01  2.42902969e+00  2.14530000e+01  1.57748042e+00  2.14530000e+01  1.18496414e+00  2.14530000e+01  1.17126484e+00  2.14530000e+01  1.98564806e+00  2.14530000e+01  2.91175863e+00  2.14530000e+01  2.76732852e+00  2.14530000e+01  2.91105785e+00  2.14530000e+01  2.16685428e+00  2.14530000e+01  2.91625293e+00  2.14530000e+01  1.63544867e+00  2.14530000e+01  8.64819528e-01 
 2.14621875e+01  2.27067816e+00  2.14621875e+01  5.20758631e-01  2.14621875e+01  1.72891675e+00  2.14621875e+01  1.18440012e+00  2.14621875e+01  1.86173317e+00  2.14621875e+01  1.61888541e+00  2.14621875e+01  1.16400013e+00  2.14621875e+01  1.81080007e+00  2.14621875e+01  1.13400013e+00  2.14621875e+01  1.70400008e+00  2.14621875e+01  1.18080011e+00  2.14621875e+01  1.21080013e+00  2.14621875e+01  5.11474465e-01  2.14621875e+01  2.42343511e+00  2.14621875e+01  1.57204492e+00  2.14621875e+01  1.18496414e+00  2.14621875e+01  1.17126484e+00  2.14621875e+01  1.98564806e+00  2.14621875e+01  2.91059168e+00  2.14621875e+01  2.76617274e+00  2.14621875e+01  2.90990703e+00  2.14621875e+01  2.16567107e+00  2.14621875e+01  2.91508793e+00  2.14621875e+01  1.63422543e+00  2.14621875e+01  8.58171973e-01 
 2.14805625e+01  2.25959457e+00  2.14805625e+01  5.17408516e-01  2.14805625e+01  1.71803558e+00  2.14805625e+01  1.18440012e+00  2.14805625e+01  1.86173317e+00  2.14805625e+01  1.61888541e+00  2.14805625e+01  1.16400013e+00  2.14805625e+01  1.81080007e+00  2.14805625e+01  1.13400013e+00  2.14805625e+01  1.70400008e+00  2.14805625e+01  1.18080011e+00  2.14805625e+01  1.21080013e+00  2.14805625e+01  5.08420619e-01  2.14805625e+01  2.41226285e+00  2.14805625e+01  1.56119074e+00  2.14805625e+01  1.18496414e+00  2.14805625e+01  1.17126484e+00  2.14805625e+01  1.98564806e+00  2.14805625e+01  2.90827601e+00  2.14805625e+01  2.76387103e+00  2.14805625e+01  2.90761529e+00  2.14805625e+01  2.16331410e+00  2.14805625e+01  2.91277560e+00  2.14805625e+01  1.63178779e+00  2.14805625e+01  8.44978164e-01 
 2.15173125e+01  2.23751676e+00  2.15173125e+01  5.11068969e-01  2.15173125e+01  1.69636216e+00  2.15173125e+01  1.18440012e+00  2.15173125e+01  1.86173317e+00  2.15173125e+01  1.61888541e+00  2.15173125e+01  1.16400013e+00  2.15173125e+01  1.81080007e+00  2.15173125e+01  1.13400013e+00  2.15173125e+01  1.70400008e+00  2.15173125e+01  1.18080011e+00  2.15173125e+01  1.21080013e+00  2.15173125e+01  5.02652539e-01  2.15173125e+01  2.39001094e+00  2.15173125e+01  1.53957409e+00  2.15173125e+01  1.18496414e+00  2.15173125e+01  1.17126484e+00  2.15173125e+01  1.98564806e+00  2.15173125e+01  2.90371427e+00  2.15173125e+01  2.75930488e+00  2.15173125e+01  2.90306937e+00  2.15173125e+01  2.15863577e+00  2.15173125e+01  2.90821719e+00  2.15173125e+01  1.62694554e+00  2.15173125e+01  8.19207712e-01 
 2.15586563e+01  2.22512935e+00  2.15586563e+01  5.10280575e-01  2.15586563e+01  1.68420201e+00  2.15586563e+01  1.18440012e+00  2.15586563e+01  1.86173317e+00  2.15586563e+01  1.61888541e+00  2.15586563e+01  1.16400013e+00  2.15586563e+01  1.81080007e+00  2.15586563e+01  1.13400013e+00  2.15586563e+01  1.70400009e+00  2.15586563e+01  1.18080011e+00  2.15586563e+01  1.21080013e+00  2.15586563e+01  5.02384601e-01  2.15586563e+01  2.37752733e+00  2.15586563e+01  1.52744739e+00  2.15586563e+01  1.18496414e+00  2.15586563e+01  1.17126484e+00  2.15586563e+01  1.98564806e+00  2.15586563e+01  2.89862009e+00  2.15586563e+01  2.75418791e+00  2.15586563e+01  2.89797538e+00  2.15586563e+01  2.15339127e+00  2.15586563e+01  2.90312396e+00  2.15586563e+01  1.62151443e+00  2.15586563e+01  7.91232659e-01 
 2.16000000e+01  2.22512935e+00  2.16000000e+01  5.15438800e-01  2.16000000e+01  1.68420202e+00  2.16000000e+01  1.18440012e+00  2.16000000e+01  1.86173317e+00  2.16000000e+01  1.61888541e+00  2.16000000e+01  1.16400013e+00  2.16000000e+01  1.81080007e+00  2.16000000e+01  1.13400013e+00  2.16000000e+01  1.70400008e+00  2.16000000e+01  1.18080011e+00  2.16000000e+01  1.21080013e+00  2.16000000e+01  5.07940808e-01  2.16000000e+01  2.37752733e+00  2.16000000e+01  1.52744740e+00  2.16000000e+01  1.18496414e+00  2.16000000e+01  1.17126484e+00  2.16000000e+01  1.98564806e+00  2.16000000e+01  2.89352643e+00  2.16000000e+01  2.74907105e+00  2.16000000e+01  2.89288162e+00  2.16000000e+01  2.14814617e+00  2.16000000e+01  2.89803098e+00  2.16000000e+01  1.61608141e+00  2.16000000e+01  7.64393041e-01 
 2.16082688e+01  2.22512935e+00  2.16082688e+01  5.16434185e-01  2.16082688e+01  1.68420202e+00  2.16082688e+01  1.18440012e+00  2.16082688e+01  1.86173317e+00  2.16082688e+01  1.61888541e+00  2.16082688e+01  1.16400013e+00  2.16082688e+01  1.81080007e+00  2.16082688e+01  1.13400013e+00  2.16082688e+01  1.70400008e+00  2.16082688e+01  1.18080011e+00  2.16082688e+01  1.21080013e+00  2.16082688e+01  5.09011673e-01  2.16082688e+01  2.37752733e+00  2.16082688e+01  1.52744740e+00  2.16082688e+01  1.18496414e+00  2.16082688e+01  1.17126484e+00  2.16082688e+01  1.98564806e+00  2.16082688e+01  2.89250770e+00  2.16082688e+01  2.74804766e+00  2.16082688e+01  2.89186287e+00  2.16082688e+01  2.14709704e+00  2.16082688e+01  2.89701239e+00  2.16082688e+01  1.61499452e+00  2.16082688e+01  7.59190126e-01 
 2.16248062e+01  2.22512935e+00  2.16248062e+01  5.18384995e-01  2.16248062e+01  1.68252362e+00  2.16248062e+01  1.18440012e+00  2.16248062e+01  1.86173317e+00  2.16248062e+01  1.61888541e+00  2.16248062e+01  1.16400013e+00  2.16248062e+01  1.81080007e+00  2.16248062e+01  1.13400013e+00  2.16248062e+01  1.70400008e+00  2.16248062e+01  1.18080011e+00  2.16248062e+01  1.21080013e+00  2.16248062e+01  5.11109741e-01  2.16248062e+01  2.37752733e+00  2.16248062e+01  1.52744740e+00  2.16248062e+01  1.18496414e+00  2.16248062e+01  1.17126484e+00  2.16248062e+01  1.98612521e+00  2.16248062e+01  2.88998918e+00  2.16248062e+01  2.74552095e+00  2.16248062e+01  2.88934431e+00  2.16248062e+01  2.14452487e+00  2.16248062e+01  2.89449411e+00  2.16248062e+01  1.61010461e+00  2.16248062e+01  7.49378574e-01 
 2.16578812e+01  2.22512935e+00  2.16578812e+01  5.22131890e-01  2.16578812e+01  1.67916683e+00  2.16578812e+01  1.18440012e+00  2.16578812e+01  1.86173317e+00  2.16578812e+01  1.61888541e+00  2.16578812e+01  1.16400013e+00  2.16578812e+01  1.81080007e+00  2.16578812e+01  1.13400013e+00  2.16578812e+01  1.70400008e+00  2.16578812e+01  1.18080011e+00  2.16578812e+01  1.21080013e+00  2.16578812e+01  5.15135603e-01  2.16578812e+01  2.37752733e+00  2.16578812e+01  1.52744740e+00  2.16578812e+01  1.18496414e+00  2.16578812e+01  1.17126484e+00  2.16578812e+01  1.98816729e+00  2.16578812e+01  2.88398606e+00  2.16578812e+01  2.73950348e+00  2.16578812e+01  2.88334113e+00  2.16578812e+01  2.13842746e+00  2.16578812e+01  2.88849141e+00  2.16578812e+01  1.59484115e+00  2.16578812e+01  7.31327600e-01 
 2.17240312e+01  2.22512935e+00  2.17240312e+01  5.29200095e-01  2.17240312e+01  1.67916683e+00  2.17240312e+01  1.18440012e+00  2.17240312e+01  1.86173317e+00  2.17240312e+01  1.61888541e+00  2.17240312e+01  1.16400013e+00  2.17240312e+01  1.81080007e+00  2.17240312e+01  1.13400013e+00  2.17240312e+01  1.70400008e+00  2.17240312e+01  1.18080011e+00  2.17240312e+01  1.21080013e+00  2.17240312e+01  5.22716298e-01  2.17240312e+01  2.37752733e+00  2.17240312e+01  1.52744739e+00  2.17240312e+01  1.18496414e+00  2.17240312e+01  1.17126484e+00  2.17240312e+01  1.99304540e+00  2.17240312e+01  2.87195117e+00  2.17240312e+01  2.72743869e+00  2.17240312e+01  2.87130611e+00  2.17240312e+01  2.12619585e+00  2.17240312e+01  2.87645741e+00  2.17240312e+01  1.56398547e+00  2.17240312e+01  6.97562118e-01 
 2.18120156e+01  2.22512935e+00  2.18120156e+01  5.37801660e-01  2.18120156e+01  1.67916683e+00  2.18120156e+01  1.18440012e+00  2.18120156e+01  1.86173317e+00  2.18120156e+01  1.61888541e+00  2.18120156e+01  1.16400013e+00  2.18120156e+01  1.81080007e+00  2.18120156e+01  1.13400013e+00  2.18120156e+01  1.70400008e+00  2.18120156e+01  1.18080011e+00  2.18120156e+01  1.21080013e+00  2.18120156e+01  5.31916988e-01  2.18120156e+01  2.37752733e+00  2.18120156e+01  1.52744739e+00  2.18120156e+01  1.18496414e+00  2.18120156e+01  1.17126484e+00  2.18120156e+01  2.00113680e+00  2.18120156e+01  2.85586792e+00  2.18120156e+01  2.71131288e+00  2.18120156e+01  2.85522269e+00  2.18120156e+01  2.10983199e+00  2.18120156e+01  2.86037542e+00  2.18120156e+01  1.52221381e+00  2.18120156e+01  6.57545546e-01 
 2.19000000e+01  2.22512935e+00  2.19000000e+01  5.45590917e-01  2.19000000e+01  1.67916683e+00  2.19000000e+01  1.18440012e+00  2.19000000e+01  1.86173317e+00  2.19000000e+01  1.61888541e+00  2.19000000e+01  1.16400013e+00  2.19000000e+01  1.81080007e+00  2.19000000e+01  1.13400013e+00  2.19000000e+01  1.70400008e+00  2.19000000e+01  1.18080011e+00  2.19000000e+01  1.21080013e+00  2.19000000e+01  5.40225152e-01  2.19000000e+01  2.37752733e+00  2.19000000e+01  1.52744739e+00  2.19000000e+01  1.18496414e+00  2.19000000e+01  1.17126484e+00  2.19000000e+01  2.01096941e+00  2.19000000e+01  2.83967944e+00  2.19000000e+01  2.69507801e+00  2.19000000e+01  2.83903401e+00  2.19000000e+01  2.09333695e+00  2.19000000e+01  2.84418832e+00  2.19000000e+01  1.47970868e+00  2.19000000e+01  6.23098810e-01 
 2.19102000e+01  2.22512935e+00  2.19102000e+01  5.46440426e-01  2.19102000e+01  1.67916683e+00  2.19102000e+01  1.18440012e+00  2.19102000e+01  1.86173317e+00  2.19102000e+01  1.61888541e+00  2.19102000e+01  1.16400013e+00  2.19102000e+01  1.81080007e+00  2.19102000e+01  1.13400013e+00  2.19102000e+01  1.70400008e+00  2.19102000e+01  1.18080011e+00  2.19102000e+01  1.21080013e+00  2.19102000e+01  5.41129705e-01  2.19102000e+01  2.37752733e+00  2.19102000e+01  1.52744739e+00  2.19102000e+01  1.18496414e+00  2.19102000e+01  1.17126484e+00  2.19102000e+01  2.01222750e+00  2.19102000e+01  2.83779451e+00  2.19102000e+01  2.69318738e+00  2.19102000e+01  2.83714905e+00  2.19102000e+01  2.09141436e+00  2.19102000e+01  2.84230355e+00  2.19102000e+01  1.47474238e+00  2.19102000e+01  6.19498188e-01 
 2.19306000e+01  2.22512935e+00  2.19306000e+01  5.47289935e-01  2.19306000e+01  1.67916683e+00  2.19306000e+01  1.18440012e+00  2.19306000e+01  1.86683991e+00  2.19306000e+01  1.62403147e+00  2.19306000e+01  1.16400013e+00  2.19306000e+01  1.81080007e+00  2.19306000e+01  1.13400013e+00  2.19306000e+01  1.70400008e+00  2.19306000e+01  1.18080011e+00  2.19306000e+01  1.21080013e+00  2.19306000e+01  5.42034258e-01  2.19306000e+01  2.38309316e+00  2.19306000e+01  1.53314674e+00  2.19306000e+01  1.18496414e+00  2.19306000e+01  1.16740371e+00  2.19306000e+01  2.00944912e+00  2.19306000e+01  2.83801054e+00  2.19306000e+01  2.69449134e+00  2.19306000e+01  2.83737080e+00  2.19306000e+01  2.09237131e+00  2.19306000e+01  2.84342878e+00  2.19306000e+01  1.47255179e+00  2.19306000e+01  6.22629690e-01 
 2.19357000e+01  2.22512935e+00  2.19357000e+01  5.47289935e-01  2.19357000e+01  1.67916683e+00  2.19357000e+01  1.18440012e+00  2.19357000e+01  1.86937112e+00  2.19357000e+01  1.62658238e+00  2.19357000e+01  1.16400013e+00  2.19357000e+01  1.81080007e+00  2.19357000e+01  1.13400013e+00  2.19357000e+01  1.70400008e+00  2.19357000e+01  1.18080011e+00  2.19357000e+01  1.21080013e+00  2.19357000e+01  5.42034259e-01  2.19357000e+01  2.38585270e+00  2.19357000e+01  1.53597321e+00  2.19357000e+01  1.18496414e+00  2.19357000e+01  1.16550363e+00  2.19357000e+01  2.00746142e+00  2.19357000e+01  2.83906330e+00  2.19357000e+01  2.69610430e+00  2.19357000e+01  2.83842646e+00  2.19357000e+01  2.09382487e+00  2.19357000e+01  2.84492823e+00  2.19357000e+01  1.47395077e+00  2.19357000e+01  6.25989542e-01 
 2.19459000e+01  2.22512935e+00  2.19459000e+01  5.47289935e-01  2.19459000e+01  1.67916683e+00  2.19459000e+01  1.18440012e+00  2.19459000e+01  1.87438797e+00  2.19459000e+01  1.63163874e+00  2.19459000e+01  1.16400013e+00  2.19459000e+01  1.81080007e+00  2.19459000e+01  1.13400013e+00  2.19459000e+01  1.70400008e+00  2.19459000e+01  1.18080011e+00  2.19459000e+01  1.21080013e+00  2.19459000e+01  5.42034259e-01  2.19459000e+01  2.39132345e+00  2.19459000e+01  1.54157820e+00  2.19459000e+01  1.18496414e+00  2.19459000e+01  1.16176907e+00  2.19459000e+01  2.00355221e+00  2.19459000e+01  2.84117301e+00  2.19459000e+01  2.69935972e+00  2.19459000e+01  2.84054204e+00  2.19459000e+01  2.09675975e+00  2.19459000e+01  2.84791454e+00  2.19459000e+01  1.47677149e+00  2.19459000e+01  6.32693887e-01 
 2.19663000e+01  2.22512935e+00  2.19663000e+01  5.47289935e-01  2.19663000e+01  1.67916683e+00  2.19663000e+01  1.18440012e+00  2.19663000e+01  1.88414089e+00  2.19663000e+01  1.64147124e+00  2.19663000e+01  1.16400013e+00  2.19663000e+01  1.81080007e+00  2.19663000e+01  1.13400013e+00  2.19663000e+01  1.70400008e+00  2.19663000e+01  1.18080011e+00  2.19663000e+01  1.21080013e+00  2.19663000e+01  5.42034259e-01  2.19663000e+01  2.40196476e+00  2.19663000e+01  1.55249019e+00  2.19663000e+01  1.18496414e+00  2.19663000e+01  1.15810009e+00  2.19663000e+01  1.99970919e+00  2.19663000e+01  2.84541208e+00  2.19663000e+01  2.70603228e+00  2.19663000e+01  2.84479318e+00  2.19663000e+01  2.10279644e+00  2.19663000e+01  2.85377689e+00  2.19663000e+01  1.48255041e+00  2.19663000e+01  6.45986540e-01 
 2.20071000e+01  2.22512935e+00  2.20071000e+01  5.47289936e-01  2.20071000e+01  1.67916683e+00  2.20071000e+01  1.18440012e+00  2.20071000e+01  1.90246359e+00  2.20071000e+01  1.65995542e+00  2.20071000e+01  1.16400013e+00  2.20071000e+01  1.81080007e+00  2.20071000e+01  1.13400013e+00  2.20071000e+01  1.70400009e+00  2.20071000e+01  1.18080011e+00  2.20071000e+01  1.21080013e+00  2.20071000e+01  5.42034260e-01  2.20071000e+01  2.42195845e+00  2.20071000e+01  1.57303451e+00  2.20071000e+01  1.18496414e+00  2.20071000e+01  1.15810009e+00  2.20071000e+01  1.99970919e+00  2.20071000e+01  2.85390937e+00  2.20071000e+01  2.71987992e+00  2.20071000e+01  2.85331576e+00  2.20071000e+01  2.11550196e+00  2.20071000e+01  2.86473612e+00  2.20071000e+01  1.49465217e+00  2.20071000e+01  6.71864502e-01 
 2.20887000e+01  2.22512935e+00  2.20887000e+01  5.47289937e-01  2.20887000e+01  1.67916683e+00  2.20887000e+01  1.18440012e+00  2.20887000e+01  1.93416457e+00  2.20887000e+01  1.69198846e+00  2.20887000e+01  1.16400013e+00  2.20887000e+01  1.81080007e+00  2.20887000e+01  1.13400013e+00  2.20887000e+01  1.70400009e+00  2.20887000e+01  1.18080011e+00  2.20887000e+01  1.21080014e+00  2.20887000e+01  5.42034261e-01  2.20887000e+01  2.45642091e+00  2.20887000e+01  1.60863528e+00  2.20887000e+01  1.18496414e+00  2.20887000e+01  1.15810009e+00  2.20887000e+01  1.99970919e+00  2.20887000e+01  2.86991088e+00  2.20887000e+01  2.74708102e+00  2.20887000e+01  2.86936991e+00  2.20887000e+01  2.14215662e+00  2.20887000e+01  2.88165357e+00  2.20887000e+01  1.52014505e+00  2.20887000e+01  7.18972763e-01 
 2.21443500e+01  2.22512936e+00  2.21443500e+01  5.47289938e-01  2.21443500e+01  1.67916683e+00  2.21443500e+01  1.18440012e+00  2.21443500e+01  1.95201091e+00  2.21443500e+01  1.71006780e+00  2.21443500e+01  1.16400013e+00  2.21443500e+01  1.81080007e+00  2.21443500e+01  1.13400013e+00  2.21443500e+01  1.70400009e+00  2.21443500e+01  1.18080011e+00  2.21443500e+01  1.21080014e+00  2.21443500e+01  5.42034262e-01  2.21443500e+01  2.47564996e+00  2.21443500e+01  1.62866751e+00  2.21443500e+01  1.18496414e+00  2.21443500e+01  1.15810009e+00  2.21443500e+01  1.99970919e+00  2.21443500e+01  2.87895151e+00  2.21443500e+01  2.76336561e+00  2.21443500e+01  2.87844614e+00  2.21443500e+01  2.15967360e+00  2.21443500e+01  2.88844131e+00  2.21443500e+01  1.53706416e+00  2.21443500e+01  7.46470827e-01 
 2.22000000e+01  2.22512936e+00  2.22000000e+01  5.47399664e-01  2.22000000e+01  1.67916683e+00  2.22000000e+01  1.18440012e+00  2.22000000e+01  1.96676272e+00  2.22000000e+01  1.72505753e+00  2.22000000e+01  1.16400013e+00  2.22000000e+01  1.81080007e+00  2.22000000e+01  1.13400013e+00  2.22000000e+01  1.70400009e+00  2.22000000e+01  1.18080011e+00  2.22000000e+01  1.21080014e+00  2.22000000e+01  5.42182958e-01  2.22000000e+01  2.49136879e+00  2.22000000e+01  1.64520954e+00  2.22000000e+01  1.18496414e+00  2.22000000e+01  1.15810009e+00  2.22000000e+01  1.99970919e+00  2.22000000e+01  2.88540613e+00  2.22000000e+01  2.77631529e+00  2.22000000e+01  2.88493434e+00  2.22000000e+01  2.17484287e+00  2.22000000e+01  2.89094050e+00  2.22000000e+01  1.55180978e+00  2.22000000e+01  7.69441673e-01 
 2.22102000e+01  2.22512936e+00  2.22102000e+01  5.47457778e-01  2.22102000e+01  1.67916683e+00  2.22102000e+01  1.18440012e+00  2.22102000e+01  1.96907044e+00  2.22102000e+01  1.72740946e+00  2.22102000e+01  1.16400013e+00  2.22102000e+01  1.81080007e+00  2.22102000e+01  1.13400013e+00  2.22102000e+01  1.70400009e+00  2.22102000e+01  1.18080011e+00  2.22102000e+01  1.21080014e+00  2.22102000e+01  5.42258390e-01  2.22102000e+01  2.49380357e+00  2.22102000e+01  1.64779762e+00  2.22102000e+01  1.18496414e+00  2.22102000e+01  1.15810009e+00  2.22102000e+01  1.99970919e+00  2.22102000e+01  2.88624543e+00  2.22102000e+01  2.77823745e+00  2.22102000e+01  2.88577948e+00  2.22102000e+01  2.17726952e+00  2.22102000e+01  2.89087613e+00  2.22102000e+01  1.55417788e+00  2.22102000e+01  7.73073507e-01 
 2.22306000e+01  2.23098472e+00  2.22306000e+01  5.47515891e-01  2.22306000e+01  1.68510657e+00  2.22306000e+01  1.18440012e+00  2.22306000e+01  1.97137816e+00  2.22306000e+01  1.72976139e+00  2.22306000e+01  1.16400013e+00  2.22306000e+01  1.81080007e+00  2.22306000e+01  1.13400013e+00  2.22306000e+01  1.70400009e+00  2.22306000e+01  1.18080011e+00  2.22306000e+01  1.21080014e+00  2.22306000e+01  5.42333823e-01  2.22306000e+01  2.49623834e+00  2.22306000e+01  1.65038569e+00  2.22306000e+01  1.18199012e+00  2.22306000e+01  1.15810009e+00  2.22306000e+01  1.99656688e+00  2.22306000e+01  2.88931111e+00  2.22306000e+01  2.78258703e+00  2.22306000e+01  2.88816288e+00  2.22306000e+01  2.18244338e+00  2.22306000e+01  2.89230396e+00  2.22306000e+01  1.55922149e+00  2.22306000e+01  7.83446971e-01 
 2.22714000e+01  2.25380926e+00  2.22714000e+01  5.47515892e-01  2.22714000e+01  1.70827153e+00  2.22714000e+01  1.18440012e+00  2.22714000e+01  1.97137816e+00  2.22714000e+01  1.72976139e+00  2.22714000e+01  1.16400013e+00  2.22714000e+01  1.81080007e+00  2.22714000e+01  1.13400013e+00  2.22714000e+01  1.70400009e+00  2.22714000e+01  1.18080012e+00  2.22714000e+01  1.21080014e+00  2.22714000e+01  5.42333823e-01  2.22714000e+01  2.49623835e+00  2.22714000e+01  1.65038570e+00  2.22714000e+01  1.17345684e+00  2.22714000e+01  1.15810009e+00  2.22714000e+01  1.98762997e+00  2.22714000e+01  2.89802582e+00  2.22714000e+01  2.79240557e+00  2.22714000e+01  2.89429579e+00  2.22714000e+01  2.19378175e+00  2.22714000e+01  2.89825015e+00  2.22714000e+01  1.57021923e+00  2.22714000e+01  8.10285454e-01 
 2.23530000e+01  2.29550808e+00  2.23530000e+01  5.47515893e-01  2.23530000e+01  1.75066979e+00  2.23530000e+01  1.18440012e+00  2.23530000e+01  1.97137816e+00  2.23530000e+01  1.72976139e+00  2.23530000e+01  1.16400013e+00  2.23530000e+01  1.81080007e+00  2.23530000e+01  1.13400013e+00  2.23530000e+01  1.70400009e+00  2.23530000e+01  1.18080012e+00  2.23530000e+01  1.21080014e+00  2.23530000e+01  5.42333824e-01  2.23530000e+01  2.49623835e+00  2.23530000e+01  1.65038570e+00  2.23530000e+01  1.16828641e+00  2.23530000e+01  1.15810009e+00  2.23530000e+01  1.98232539e+00  2.23530000e+01  2.91332302e+00  2.23530000e+01  2.81238411e+00  2.23530000e+01  2.90629315e+00  2.23530000e+01  2.21846095e+00  2.23530000e+01  2.90986547e+00  2.23530000e+01  1.59394446e+00  2.23530000e+01  8.62252509e-01 
 2.24265000e+01  2.32816200e+00  2.24265000e+01  5.47515894e-01  2.24265000e+01  1.78397548e+00  2.24265000e+01  1.18440012e+00  2.24265000e+01  1.97137816e+00  2.24265000e+01  1.72976139e+00  2.24265000e+01  1.16400013e+00  2.24265000e+01  1.81080007e+00  2.24265000e+01  1.13400013e+00  2.24265000e+01  1.70400009e+00  2.24265000e+01  1.18080012e+00  2.24265000e+01  1.21080014e+00  2.24265000e+01  5.42333825e-01  2.24265000e+01  2.49623835e+00  2.24265000e+01  1.65038570e+00  2.24265000e+01  1.16828641e+00  2.24265000e+01  1.15810009e+00  2.24265000e+01  1.98232539e+00  2.24265000e+01  2.92321697e+00  2.24265000e+01  2.83006810e+00  2.24265000e+01  2.91639229e+00  2.24265000e+01  2.24245997e+00  2.24265000e+01  2.91962200e+00  2.24265000e+01  1.61698912e+00  2.24265000e+01  9.05662525e-01 
 2.25000000e+01  2.35602543e+00  2.25000000e+01  5.47515895e-01  2.25000000e+01  1.81251021e+00  2.25000000e+01  1.18440012e+00  2.25000000e+01  1.97137816e+00  2.25000000e+01  1.72976139e+00  2.25000000e+01  1.16400013e+00  2.25000000e+01  1.81080007e+00  2.25000000e+01  1.13400014e+00  2.25000000e+01  1.70400009e+00  2.25000000e+01  1.18080012e+00  2.25000000e+01  1.21080014e+00  2.25000000e+01  5.42333826e-01  2.25000000e+01  2.49623835e+00  2.25000000e+01  1.65038570e+00  2.25000000e+01  1.16828641e+00  2.25000000e+01  1.15810009e+00  2.25000000e+01  1.98232539e+00  2.25000000e+01  2.92812923e+00  2.25000000e+01  2.84586815e+00  2.25000000e+01  2.92469221e+00  2.25000000e+01  2.26625270e+00  2.25000000e+01  2.92759678e+00  2.25000000e+01  1.64001642e+00  2.25000000e+01  9.44257757e-01 
 2.25102000e+01  2.35947706e+00  2.25102000e+01  5.47515895e-01  2.25102000e+01  1.81605661e+00  2.25102000e+01  1.18440012e+00  2.25102000e+01  1.97137816e+00  2.25102000e+01  1.72976139e+00  2.25102000e+01  1.16400013e+00  2.25102000e+01  1.81080007e+00  2.25102000e+01  1.13400014e+00  2.25102000e+01  1.70400009e+00  2.25102000e+01  1.18080012e+00  2.25102000e+01  1.21080014e+00  2.25102000e+01  5.42333826e-01  2.25102000e+01  2.49623835e+00  2.25102000e+01  1.65038570e+00  2.25102000e+01  1.16828641e+00  2.25102000e+01  1.15810009e+00  2.25102000e+01  1.98232539e+00  2.25102000e+01  2.92833712e+00  2.25102000e+01  2.84778920e+00  2.25102000e+01  2.92560500e+00  2.25102000e+01  2.26939064e+00  2.25102000e+01  2.92846683e+00  2.25102000e+01  1.64307117e+00  2.25102000e+01  9.49122704e-01 
 2.25306000e+01  2.35655495e+00  2.25306000e+01  5.45099834e-01  2.25306000e+01  1.81334178e+00  2.25306000e+01  1.18440012e+00  2.25306000e+01  1.97137816e+00  2.25306000e+01  1.72976139e+00  2.25306000e+01  1.16400013e+00  2.25306000e+01  1.81080007e+00  2.25306000e+01  1.13400014e+00  2.25306000e+01  1.70400009e+00  2.25306000e+01  1.18080012e+00  2.25306000e+01  1.21080014e+00  2.25306000e+01  5.40007204e-01  2.25306000e+01  2.48983436e+00  2.25306000e+01  1.64415691e+00  2.25306000e+01  1.16828641e+00  2.25306000e+01  1.15810009e+00  2.25306000e+01  1.98232539e+00  2.25306000e+01  2.92687183e+00  2.25306000e+01  2.84824466e+00  2.25306000e+01  2.92505438e+00  2.25306000e+01  2.27104205e+00  2.25306000e+01  2.92772055e+00  2.25306000e+01  1.64460106e+00  2.25306000e+01  9.45890300e-01 
 2.25714000e+01  2.33126278e+00  2.25714000e+01  5.35846820e-01  2.25714000e+01  1.78849969e+00  2.25714000e+01  1.18440012e+00  2.25714000e+01  1.97137816e+00  2.25714000e+01  1.72976139e+00  2.25714000e+01  1.16400013e+00  2.25714000e+01  1.81080007e+00  2.25714000e+01  1.13400014e+00  2.25714000e+01  1.70400009e+00  2.25714000e+01  1.18080012e+00  2.25714000e+01  1.21080014e+00  2.25714000e+01  5.31101960e-01  2.25714000e+01  2.46441997e+00  2.25714000e+01  1.61944334e+00  2.25714000e+01  1.16828641e+00  2.25714000e+01  1.15810009e+00  2.25714000e+01  1.98232539e+00  2.25714000e+01  2.92049959e+00  2.25714000e+01  2.84254080e+00  2.25714000e+01  2.91935985e+00  2.25714000e+01  2.26524875e+00  2.25714000e+01  2.92154840e+00  2.25714000e+01  1.63864382e+00  2.25714000e+01  9.13994170e-01 
 2.26530000e+01  2.28160012e+00  2.26530000e+01  5.19549645e-01  2.26530000e+01  1.73973683e+00  2.26530000e+01  1.18440012e+00  2.26530000e+01  1.97137816e+00  2.26530000e+01  1.72976139e+00  2.26530000e+01  1.16400013e+00  2.26530000e+01  1.81080007e+00  2.26530000e+01  1.13400014e+00  2.26530000e+01  1.70400009e+00  2.26530000e+01  1.18080012e+00  2.26530000e+01  1.21080014e+00  2.26530000e+01  5.15444796e-01  2.26530000e+01  2.41451023e+00  2.26530000e+01  1.57093441e+00  2.26530000e+01  1.16828641e+00  2.26530000e+01  1.15810010e+00  2.26530000e+01  1.98232539e+00  2.26530000e+01  2.90919347e+00  2.26530000e+01  2.83185070e+00  2.26530000e+01  2.90869106e+00  2.26530000e+01  2.25435435e+00  2.26530000e+01  2.91048961e+00  2.26530000e+01  1.62737428e+00  2.26530000e+01  8.53173642e-01 
 2.26621875e+01  2.27607552e+00  2.26621875e+01  5.17901630e-01  2.26621875e+01  1.73431349e+00  2.26621875e+01  1.18440012e+00  2.26621875e+01  1.97137816e+00  2.26621875e+01  1.72976139e+00  2.26621875e+01  1.16400013e+00  2.26621875e+01  1.81080007e+00  2.26621875e+01  1.13400014e+00  2.26621875e+01  1.70400009e+00  2.26621875e+01  1.18080012e+00  2.26621875e+01  1.21080014e+00  2.26621875e+01  5.13864079e-01  2.26621875e+01  2.40895795e+00  2.26621875e+01  1.56553972e+00  2.26621875e+01  1.16828641e+00  2.26621875e+01  1.15810010e+00  2.26621875e+01  1.98232539e+00  2.26621875e+01  2.90802208e+00  2.26621875e+01  2.83069799e+00  2.26621875e+01  2.90754093e+00  2.26621875e+01  2.25317685e+00  2.26621875e+01  2.90933263e+00  2.26621875e+01  1.62615123e+00  2.26621875e+01  8.46600809e-01 
 2.26805625e+01  2.26504221e+00  2.26805625e+01  5.14665757e-01  2.26805625e+01  1.72348264e+00  2.26805625e+01  1.18440012e+00  2.26805625e+01  1.97137816e+00  2.26805625e+01  1.72976139e+00  2.26805625e+01  1.16400013e+00  2.26805625e+01  1.81080007e+00  2.26805625e+01  1.13400014e+00  2.26805625e+01  1.70400009e+00  2.26805625e+01  1.18080012e+00  2.26805625e+01  1.21080014e+00  2.26805625e+01  5.10761510e-01  2.26805625e+01  2.39786991e+00  2.26805625e+01  1.55476677e+00  2.26805625e+01  1.16828641e+00  2.26805625e+01  1.15810010e+00  2.26805625e+01  1.98232539e+00  2.26805625e+01  2.90569799e+00  2.26805625e+01  2.82840152e+00  2.26805625e+01  2.90524967e+00  2.26805625e+01  2.25083050e+00  2.26805625e+01  2.90703258e+00  2.26805625e+01  1.62371311e+00  2.26805625e+01  8.33559732e-01 
 2.26851563e+01  2.26228964e+00  2.26851563e+01  5.13879116e-01  2.26851563e+01  1.72078067e+00  2.26851563e+01  1.18440012e+00  2.26851563e+01  1.97137816e+00  2.26851563e+01  1.72976139e+00  2.26851563e+01  1.16400013e+00  2.26851563e+01  1.81080007e+00  2.26851563e+01  1.13400014e+00  2.26851563e+01  1.70400009e+00  2.26851563e+01  1.18080012e+00  2.26851563e+01  1.21080014e+00  2.26851563e+01  5.10007756e-01  2.26851563e+01  2.39510397e+00  2.26851563e+01  1.55207955e+00  2.26851563e+01  1.16828641e+00  2.26851563e+01  1.15810010e+00  2.26851563e+01  1.98232539e+00  2.26851563e+01  2.90512347e+00  2.26851563e+01  2.82783049e+00  2.26851563e+01  2.90467994e+00  2.26851563e+01  2.25024687e+00  2.26851563e+01  2.90646228e+00  2.26851563e+01  1.62310632e+00  2.26851563e+01  8.30338776e-01 
 2.26943438e+01  2.25678789e+00  2.26943438e+01  5.12320247e-01  2.26943438e+01  1.71538011e+00  2.26943438e+01  1.18440012e+00  2.26943438e+01  1.97137816e+00  2.26943438e+01  1.72976139e+00  2.26943438e+01  1.16400013e+00  2.26943438e+01  1.81080007e+00  2.26943438e+01  1.13400014e+00  2.26943438e+01  1.70400009e+00  2.26943438e+01  1.18080012e+00  2.26943438e+01  1.21080014e+00  2.26943438e+01  5.08514592e-01  2.26943438e+01  2.38957596e+00  2.26943438e+01  1.54670895e+00  2.26943438e+01  1.16828641e+00  2.26943438e+01  1.15810010e+00  2.26943438e+01  1.98232539e+00  2.26943438e+01  2.90397747e+00  2.26943438e+01  2.82668976e+00  2.26943438e+01  2.90354184e+00  2.26943438e+01  2.24908091e+00  2.26943438e+01  2.90532351e+00  2.26943438e+01  1.62189392e+00  2.26943438e+01  8.23923385e-01 
 2.27127188e+01  2.24580345e+00  2.27127188e+01  5.09287480e-01  2.27127188e+01  1.70459794e+00  2.27127188e+01  1.18440012e+00  2.27127188e+01  1.97137816e+00  2.27127188e+01  1.72976139e+00  2.27127188e+01  1.16400013e+00  2.27127188e+01  1.81080007e+00  2.27127188e+01  1.13400014e+00  2.27127188e+01  1.70400009e+00  2.27127188e+01  1.18080012e+00  2.27127188e+01  1.21080014e+00  2.27127188e+01  5.07814097e-01  2.27127188e+01  2.38294242e+00  2.27127188e+01  1.54023279e+00  2.27127188e+01  1.16828641e+00  2.27127188e+01  1.15810010e+00  2.27127188e+01  1.98232539e+00  2.27127188e+01  2.90169912e+00  2.27127188e+01  2.82441396e+00  2.27127188e+01  2.90127132e+00  2.27127188e+01  2.24675439e+00  2.27127188e+01  2.90305287e+00  2.27127188e+01  1.61947401e+00  2.27127188e+01  8.11253021e-01 
 2.27132930e+01  2.24546059e+00  2.27132930e+01  5.09194569e-01  2.27132930e+01  1.70426140e+00  2.27132930e+01  1.18440012e+00  2.27132930e+01  1.97137816e+00  2.27132930e+01  1.72976139e+00  2.27132930e+01  1.16400013e+00  2.27132930e+01  1.81080007e+00  2.27132930e+01  1.13400014e+00  2.27132930e+01  1.70400009e+00  2.27132930e+01  1.18080012e+00  2.27132930e+01  1.21080014e+00  2.27132930e+01  5.07871497e-01  2.27132930e+01  2.38289713e+00  2.27132930e+01  1.54018750e+00  2.27132930e+01  1.16828641e+00  2.27132930e+01  1.15810010e+00  2.27132930e+01  1.98232539e+00  2.27132930e+01  2.90162816e+00  2.27132930e+01  2.82434293e+00  2.27132930e+01  2.90120047e+00  2.27132930e+01  2.24668178e+00  2.27132930e+01  2.90298202e+00  2.27132930e+01  1.61939846e+00  2.27132930e+01  8.10860640e-01 
 2.27144414e+01  2.24477493e+00  2.27144414e+01  5.09008962e-01  2.27144414e+01  1.70358837e+00  2.27144414e+01  1.18440012e+00  2.27144414e+01  1.97137816e+00  2.27144414e+01  1.72976139e+00  2.27144414e+01  1.16400013e+00  2.27144414e+01  1.81080007e+00  2.27144414e+01  1.13400014e+00  2.27144414e+01  1.70400009e+00  2.27144414e+01  1.18080012e+00  2.27144414e+01  1.21080014e+00  2.27144414e+01  5.07996429e-01  2.27144414e+01  2.38283313e+00  2.27144414e+01  1.54012350e+00  2.27144414e+01  1.16828641e+00  2.27144414e+01  1.15810010e+00  2.27144414e+01  1.98232539e+00  2.27144414e+01  2.90148628e+00  2.27144414e+01  2.82420090e+00  2.27144414e+01  2.90105876e+00  2.27144414e+01  2.24653656e+00  2.27144414e+01  2.90284032e+00  2.27144414e+01  1.61924739e+00  2.27144414e+01  8.10076301e-01 
 2.27167383e+01  2.24340388e+00  2.27167383e+01  5.08639047e-01  2.27167383e+01  1.70224260e+00  2.27167383e+01  1.18440012e+00  2.27167383e+01  1.97137816e+00  2.27167383e+01  1.72976139e+00  2.27167383e+01  1.16400013e+00  2.27167383e+01  1.81080007e+00  2.27167383e+01  1.13400014e+00  2.27167383e+01  1.70400009e+00  2.27167383e+01  1.18080012e+00  2.27167383e+01  1.21080014e+00  2.27167383e+01  5.08276674e-01  2.27167383e+01  2.38278453e+00  2.27167383e+01  1.54007490e+00  2.27167383e+01  1.16828641e+00  2.27167383e+01  1.15810010e+00  2.27167383e+01  1.98232539e+00  2.27167383e+01  2.90120261e+00  2.27167383e+01  2.82391686e+00  2.27167383e+01  2.90077539e+00  2.27167383e+01  2.24624616e+00  2.27167383e+01  2.90255696e+00  2.27167383e+01  1.61894527e+00  2.27167383e+01  8.08510176e-01 
 2.27213320e+01  2.24066294e+00  2.27213320e+01  5.07904401e-01  2.27213320e+01  1.69955219e+00  2.27213320e+01  1.18440012e+00  2.27213320e+01  1.97137816e+00  2.27213320e+01  1.72976139e+00  2.27213320e+01  1.16400013e+00  2.27213320e+01  1.81080007e+00  2.27213320e+01  1.13400014e+00  2.27213320e+01  1.70400009e+00  2.27213320e+01  1.18080012e+00  2.27213320e+01  1.21080014e+00  2.27213320e+01  5.08862579e-01  2.27213320e+01  2.38275661e+00  2.27213320e+01  1.54004698e+00  2.27213320e+01  1.16828641e+00  2.27213320e+01  1.15810010e+00  2.27213320e+01  1.98232539e+00  2.27213320e+01  2.90063562e+00  2.27213320e+01  2.82334893e+00  2.27213320e+01  2.90020878e+00  2.27213320e+01  2.24566549e+00  2.27213320e+01  2.90199038e+00  2.27213320e+01  1.61834113e+00  2.27213320e+01  8.05388162e-01 
 2.27305195e+01  2.23518643e+00  2.27305195e+01  5.06456279e-01  2.27305195e+01  1.69417666e+00  2.27305195e+01  1.18440012e+00  2.27305195e+01  1.97137816e+00  2.27305195e+01  1.72976139e+00  2.27305195e+01  1.16400013e+00  2.27305195e+01  1.81080007e+00  2.27305195e+01  1.13400014e+00  2.27305195e+01  1.70400009e+00  2.27305195e+01  1.18080012e+00  2.27305195e+01  1.21080014e+00  2.27305195e+01  5.10041467e-01  2.27305195e+01  2.38274286e+00  2.27305195e+01  1.54003324e+00  2.27305195e+01  1.16828641e+00  2.27305195e+01  1.15810010e+00  2.27305195e+01  1.98232539e+00  2.27305195e+01  2.89950248e+00  2.27305195e+01  2.82221337e+00  2.27305195e+01  2.89907588e+00  2.27305195e+01  2.24450443e+00  2.27305195e+01  2.90085754e+00  2.27305195e+01  1.61713307e+00  2.27305195e+01  7.99185359e-01 
 2.27488945e+01  2.22971373e+00  2.27488945e+01  5.06243270e-01  2.27488945e+01  1.68880489e+00  2.27488945e+01  1.18440012e+00  2.27488945e+01  1.97137816e+00  2.27488945e+01  1.72976139e+00  2.27488945e+01  1.16400013e+00  2.27488945e+01  1.81080007e+00  2.27488945e+01  1.13400014e+00  2.27488945e+01  1.70400009e+00  2.27488945e+01  1.18080012e+00  2.27488945e+01  1.21080014e+00  2.27488945e+01  5.12367803e-01  2.27488945e+01  2.38273629e+00  2.27488945e+01  1.54002667e+00  2.27488945e+01  1.16828641e+00  2.27488945e+01  1.15810010e+00  2.27488945e+01  1.98232539e+00  2.27488945e+01  2.89723701e+00  2.27488945e+01  2.81994256e+00  2.27488945e+01  2.89681039e+00  2.27488945e+01  2.24218251e+00  2.27488945e+01  2.89859217e+00  2.27488945e+01  1.61471692e+00  2.27488945e+01  7.86947135e-01 
 2.27744473e+01  2.22971373e+00  2.27744473e+01  5.09585077e-01  2.27744473e+01  1.68880489e+00  2.27744473e+01  1.18440012e+00  2.27744473e+01  1.97137816e+00  2.27744473e+01  1.72976139e+00  2.27744473e+01  1.16400013e+00  2.27744473e+01  1.81080007e+00  2.27744473e+01  1.13400014e+00  2.27744473e+01  1.70400009e+00  2.27744473e+01  1.18080012e+00  2.27744473e+01  1.21080014e+00  2.27744473e+01  5.15519433e-01  2.27744473e+01  2.38273385e+00  2.27744473e+01  1.54002423e+00  2.27744473e+01  1.16828641e+00  2.27744473e+01  1.15810010e+00  2.27744473e+01  1.98232539e+00  2.27744473e+01  2.89408662e+00  2.27744473e+01  2.81678471e+00  2.27744473e+01  2.89365996e+00  2.27744473e+01  2.23895339e+00  2.27744473e+01  2.89544191e+00  2.27744473e+01  1.61135627e+00  2.27744473e+01  7.70308327e-01 
 2.28000000e+01  2.22971373e+00  2.28000000e+01  5.12821927e-01  2.28000000e+01  1.68880489e+00  2.28000000e+01  1.18440012e+00  2.28000000e+01  1.97137816e+00  2.28000000e+01  1.72976139e+00  2.28000000e+01  1.16400013e+00  2.28000000e+01  1.81080007e+00  2.28000000e+01  1.13400014e+00  2.28000000e+01  1.70400009e+00  2.28000000e+01  1.18080012e+00  2.28000000e+01  1.21080014e+00  2.28000000e+01  5.18575158e-01  2.28000000e+01  2.38273283e+00  2.28000000e+01  1.54002321e+00  2.28000000e+01  1.16828641e+00  2.28000000e+01  1.15810010e+00  2.28000000e+01  1.98232539e+00  2.28000000e+01  2.89093623e+00  2.28000000e+01  2.81362684e+00  2.28000000e+01  2.89050953e+00  2.28000000e+01  2.23572402e+00  2.28000000e+01  2.89229165e+00  2.28000000e+01  1.60799481e+00  2.28000000e+01  7.54123968e-01 
 2.28051105e+01  2.22971373e+00  2.28051105e+01  5.13455069e-01  2.28051105e+01  1.68880489e+00  2.28051105e+01  1.18440012e+00  2.28051105e+01  1.97137816e+00  2.28051105e+01  1.72976139e+00  2.28051105e+01  1.16400013e+00  2.28051105e+01  1.81080007e+00  2.28051105e+01  1.13400014e+00  2.28051105e+01  1.70400009e+00  2.28051105e+01  1.18080012e+00  2.28051105e+01  1.21080014e+00  2.28051105e+01  5.19173240e-01  2.28051105e+01  2.38273270e+00  2.28051105e+01  1.54002308e+00  2.28051105e+01  1.16828641e+00  2.28051105e+01  1.15810010e+00  2.28051105e+01  1.98232539e+00  2.28051105e+01  2.89030615e+00  2.28051105e+01  2.81299526e+00  2.28051105e+01  2.88987945e+00  2.28051105e+01  2.23507811e+00  2.28051105e+01  2.89166160e+00  2.28051105e+01  1.60732240e+00  2.28051105e+01  7.50951894e-01 
 2.28153316e+01  2.22971373e+00  2.28153316e+01  5.14699846e-01  2.28153316e+01  1.68626936e+00  2.28153316e+01  1.18440012e+00  2.28153316e+01  1.97137816e+00  2.28153316e+01  1.72730429e+00  2.28153316e+01  1.16400013e+00  2.28153316e+01  1.81080007e+00  2.28153316e+01  1.13400014e+00  2.28153316e+01  1.70400009e+00  2.28153316e+01  1.18080012e+00  2.28153316e+01  1.21080014e+00  2.28153316e+01  5.20349317e-01  2.28153316e+01  2.38273257e+00  2.28153316e+01  1.54002295e+00  2.28153316e+01  1.16828641e+00  2.28153316e+01  1.15810010e+00  2.28153316e+01  1.98263320e+00  2.28153316e+01  2.88873960e+00  2.28153316e+01  2.81142142e+00  2.28153316e+01  2.88831288e+00  2.28153316e+01  2.23348374e+00  2.28153316e+01  2.89009509e+00  2.28153316e+01  1.60425382e+00  2.28153316e+01  7.44964931e-01 
 2.28357738e+01  2.22971373e+00  2.28357738e+01  5.17115918e-01  2.28357738e+01  1.68119829e+00  2.28357738e+01  1.18440012e+00  2.28357738e+01  1.97137816e+00  2.28357738e+01  1.71751578e+00  2.28357738e+01  1.16400013e+00  2.28357738e+01  1.81080007e+00  2.28357738e+01  1.13400014e+00  2.28357738e+01  1.70400009e+00  2.28357738e+01  1.18080012e+00  2.28357738e+01  1.21080014e+00  2.28357738e+01  5.22633187e-01  2.28357738e+01  2.38273257e+00  2.28357738e+01  1.54002295e+00  2.28357738e+01  1.16828641e+00  2.28357738e+01  1.15810010e+00  2.28357738e+01  1.98391549e+00  2.28357738e+01  2.88499418e+00  2.28357738e+01  2.80765671e+00  2.28357738e+01  2.88456744e+00  2.28357738e+01  2.22968986e+00  2.28357738e+01  2.88634975e+00  2.28357738e+01  1.59465260e+00  2.28357738e+01  7.33854228e-01 
 2.28766582e+01  2.22971373e+00  2.28766582e+01  5.21771479e-01  2.28766582e+01  1.68119829e+00  2.28766582e+01  1.18440012e+00  2.28766582e+01  1.97137816e+00  2.28766582e+01  1.69818293e+00  2.28766582e+01  1.16400013e+00  2.28766582e+01  1.81080007e+00  2.28766582e+01  1.13400014e+00  2.28766582e+01  1.70400009e+00  2.28766582e+01  1.18080012e+00  2.28766582e+01  1.21080014e+00  2.28766582e+01  5.27037877e-01  2.28766582e+01  2.38273257e+00  2.28766582e+01  1.54002295e+00  2.28766582e+01  1.16828641e+00  2.28766582e+01  1.15810010e+00  2.28766582e+01  1.98678479e+00  2.28766582e+01  2.87750179e+00  2.28766582e+01  2.80014252e+00  2.28766582e+01  2.87707500e+00  2.28766582e+01  2.22209750e+00  2.28766582e+01  2.87885752e+00  2.28766582e+01  1.57534092e+00  2.28766582e+01  7.12532147e-01 
 2.29584270e+01  2.22971373e+00  2.29584270e+01  5.30432828e-01  2.29584270e+01  1.68119829e+00  2.29584270e+01  1.18440012e+00  2.29584270e+01  1.97137816e+00  2.29584270e+01  1.67901454e+00  2.29584270e+01  1.16400013e+00  2.29584270e+01  1.81080007e+00  2.29584270e+01  1.13400014e+00  2.29584270e+01  1.70400009e+00  2.29584270e+01  1.18080012e+00  2.29584270e+01  1.21080014e+00  2.29584270e+01  5.35246018e-01  2.29584270e+01  2.38273257e+00  2.29584270e+01  1.54002294e+00  2.29584270e+01  1.16828641e+00  2.29584270e+01  1.15810010e+00  2.29584270e+01  1.99372097e+00  2.29584270e+01  2.86247593e+00  2.29584270e+01  2.78509357e+00  2.29584270e+01  2.86204903e+00  2.29584270e+01  2.20685943e+00  2.29584270e+01  2.86383200e+00  2.29584270e+01  1.53620716e+00  2.29584270e+01  6.73521746e-01 
 2.30292135e+01  2.22971373e+00  2.30292135e+01  5.37290314e-01  2.30292135e+01  1.68119829e+00  2.30292135e+01  1.18440012e+00  2.30292135e+01  1.97137816e+00  2.30292135e+01  1.67901454e+00  2.30292135e+01  1.16400013e+00  2.30292135e+01  1.81080007e+00  2.30292135e+01  1.13400014e+00  2.30292135e+01  1.70400009e+00  2.30292135e+01  1.18080012e+00  2.30292135e+01  1.21080014e+00  2.30292135e+01  5.41757659e-01  2.30292135e+01  2.38273257e+00  2.30292135e+01  1.54002294e+00  2.30292135e+01  1.16828641e+00  2.30292135e+01  1.15810010e+00  2.30292135e+01  2.00097628e+00  2.30292135e+01  2.84940288e+00  2.30292135e+01  2.77200193e+00  2.30292135e+01  2.84897588e+00  2.30292135e+01  2.19358823e+00  2.30292135e+01  2.85075927e+00  2.30292135e+01  1.50179430e+00  2.30292135e+01  6.43671877e-01 
 2.31000000e+01  2.22971373e+00  2.31000000e+01  5.43618289e-01  2.31000000e+01  1.68119829e+00  2.31000000e+01  1.18440012e+00  2.31000000e+01  1.97137816e+00  2.31000000e+01  1.67901454e+00  2.31000000e+01  1.16400013e+00  2.31000000e+01  1.81080007e+00  2.31000000e+01  1.13400014e+00  2.31000000e+01  1.70400009e+00  2.31000000e+01  1.18080012e+00  2.31000000e+01  1.21080014e+00  2.31000000e+01  5.47776688e-01  2.31000000e+01  2.38273257e+00  2.31000000e+01  1.54002294e+00  2.31000000e+01  1.16828641e+00  2.31000000e+01  1.15810010e+00  2.31000000e+01  2.00930932e+00  2.31000000e+01  2.83625905e+00  2.31000000e+01  2.75883801e+00  2.31000000e+01  2.83583194e+00  2.31000000e+01  2.18023005e+00  2.31000000e+01  2.83761578e+00  2.31000000e+01  1.46708075e+00  2.31000000e+01  6.17420491e-01 
 2.31102000e+01  2.22971373e+00  2.31102000e+01  5.44484101e-01  2.31102000e+01  1.68119829e+00  2.31102000e+01  1.18440012e+00  2.31102000e+01  1.97137816e+00  2.31102000e+01  1.67901454e+00  2.31102000e+01  1.16400013e+00  2.31102000e+01  1.81080007e+00  2.31102000e+01  1.13400014e+00  2.31102000e+01  1.70400009e+00  2.31102000e+01  1.18080012e+00  2.31102000e+01  1.21080014e+00  2.31102000e+01  5.48601111e-01  2.31102000e+01  2.38273257e+00  2.31102000e+01  1.54002294e+00  2.31102000e+01  1.16828641e+00  2.31102000e+01  1.15810010e+00  2.31102000e+01  2.01060345e+00  2.31102000e+01  2.83435825e+00  2.31102000e+01  2.75693417e+00  2.31102000e+01  2.83393113e+00  2.31102000e+01  2.17829668e+00  2.31102000e+01  2.83571503e+00  2.31102000e+01  1.46206904e+00  2.31102000e+01  6.13966769e-01 
 2.31306000e+01  2.22971373e+00  2.31306000e+01  5.45349914e-01  2.31306000e+01  1.68119829e+00  2.31306000e+01  1.18440012e+00  2.31306000e+01  1.97606842e+00  2.31306000e+01  1.68375317e+00  2.31306000e+01  1.16400013e+00  2.31306000e+01  1.81080007e+00  2.31306000e+01  1.13400014e+00  2.31306000e+01  1.70400009e+00  2.31306000e+01  1.18080012e+00  2.31306000e+01  1.21080014e+00  2.31306000e+01  5.49425533e-01  2.31306000e+01  2.38762098e+00  2.31306000e+01  1.54504880e+00  2.31306000e+01  1.16828641e+00  2.31306000e+01  1.15465090e+00  2.31306000e+01  2.00827117e+00  2.31306000e+01  2.83476278e+00  2.31306000e+01  2.75849447e+00  2.31306000e+01  2.83433982e+00  2.31306000e+01  2.17961299e+00  2.31306000e+01  2.83690115e+00  2.31306000e+01  1.46013088e+00  2.31306000e+01  6.16977825e-01 
 2.31714000e+01  2.22971373e+00  2.31714000e+01  5.45349914e-01  2.31714000e+01  1.68119829e+00  2.31714000e+01  1.18440012e+00  2.31714000e+01  1.99392484e+00  2.31714000e+01  1.70180510e+00  2.31714000e+01  1.16400013e+00  2.31714000e+01  1.81080007e+00  2.31714000e+01  1.13400014e+00  2.31714000e+01  1.70400009e+00  2.31714000e+01  1.18080012e+00  2.31714000e+01  1.21080014e+00  2.31714000e+01  5.49425534e-01  2.31714000e+01  2.40621798e+00  2.31714000e+01  1.56420204e+00  2.31714000e+01  1.16828641e+00  2.31714000e+01  1.14479731e+00  2.31714000e+01  1.99798848e+00  2.31714000e+01  2.84396120e+00  2.31714000e+01  2.77220987e+00  2.31714000e+01  2.84355542e+00  2.31714000e+01  2.19300190e+00  2.31714000e+01  2.84847890e+00  2.31714000e+01  1.47277719e+00  2.31714000e+01  6.42101898e-01 
 2.32530000e+01  2.22971373e+00  2.32530000e+01  5.45349915e-01  2.32530000e+01  1.68119829e+00  2.32530000e+01  1.18440013e+00  2.32530000e+01  2.02423697e+00  2.32530000e+01  1.73252000e+00  2.32530000e+01  1.16400013e+00  2.32530000e+01  1.81080007e+00  2.32530000e+01  1.13400014e+00  2.32530000e+01  1.70400009e+00  2.32530000e+01  1.18080012e+00  2.32530000e+01  1.21080014e+00  2.32530000e+01  5.49425535e-01  2.32530000e+01  2.43765438e+00  2.32530000e+01  1.59678769e+00  2.32530000e+01  1.16828641e+00  2.32530000e+01  1.13888693e+00  2.32530000e+01  1.99192880e+00  2.32530000e+01  2.86046358e+00  2.32530000e+01  2.79637748e+00  2.32530000e+01  2.86009310e+00  2.32530000e+01  2.21978199e+00  2.32530000e+01  2.86569534e+00  2.32530000e+01  1.49829714e+00  2.32530000e+01  6.86563971e-01 
 2.33265000e+01  2.22971373e+00  2.33265000e+01  5.45501354e-01  2.33265000e+01  1.68119829e+00  2.33265000e+01  1.18440013e+00  2.33265000e+01  2.04536050e+00  2.33265000e+01  1.75401876e+00  2.33265000e+01  1.16400013e+00  2.33265000e+01  1.81080007e+00  2.33265000e+01  1.13400014e+00  2.33265000e+01  1.70400009e+00  2.33265000e+01  1.18080012e+00  2.33265000e+01  1.21080014e+00  2.33265000e+01  5.49535765e-01  2.33265000e+01  2.45935749e+00  2.33265000e+01  1.61956488e+00  2.33265000e+01  1.16828641e+00  2.33265000e+01  1.13888693e+00  2.33265000e+01  1.99192880e+00  2.33265000e+01  2.87114552e+00  2.33265000e+01  2.81203122e+00  2.33265000e+01  2.87080561e+00  2.33265000e+01  2.24080241e+00  2.33265000e+01  2.87327352e+00  2.33265000e+01  1.51862297e+00  2.33265000e+01  7.18532887e-01 
 2.34000000e+01  2.22971373e+00  2.34000000e+01  5.46493155e-01  2.34000000e+01  1.68119829e+00  2.34000000e+01  1.18440013e+00  2.34000000e+01  2.06075342e+00  2.34000000e+01  1.76979728e+00  2.34000000e+01  1.16400014e+00  2.34000000e+01  1.81080007e+00  2.34000000e+01  1.13400014e+00  2.34000000e+01  1.70400009e+00  2.34000000e+01  1.18080012e+00  2.34000000e+01  1.21080014e+00  2.34000000e+01  5.50398933e-01  2.34000000e+01  2.47495237e+00  2.34000000e+01  1.63626601e+00  2.34000000e+01  1.16828641e+00  2.34000000e+01  1.13888693e+00  2.34000000e+01  1.99192880e+00  2.34000000e+01  2.87690162e+00  2.34000000e+01  2.82101517e+00  2.34000000e+01  2.87658946e+00  2.34000000e+01  2.25675088e+00  2.34000000e+01  2.87345531e+00  2.34000000e+01  1.53418465e+00  2.34000000e+01  7.42386071e-01 
 2.34102000e+01  2.22971373e+00  2.34102000e+01  5.46756890e-01  2.34102000e+01  1.68119829e+00  2.34102000e+01  1.18440013e+00  2.34102000e+01  2.06241179e+00  2.34102000e+01  1.77150997e+00  2.34102000e+01  1.16400014e+00  2.34102000e+01  1.81080007e+00  2.34102000e+01  1.13400014e+00  2.34102000e+01  1.70400009e+00  2.34102000e+01  1.18080012e+00  2.34102000e+01  1.21080014e+00  2.34102000e+01  5.50637375e-01  2.34102000e+01  2.47660949e+00  2.34102000e+01  1.63807913e+00  2.34102000e+01  1.16828641e+00  2.34102000e+01  1.13888693e+00  2.34102000e+01  1.99192880e+00  2.34102000e+01  2.87728844e+00  2.34102000e+01  2.82170726e+00  2.34102000e+01  2.87697985e+00  2.34102000e+01  2.25850182e+00  2.34102000e+01  2.87289901e+00  2.34102000e+01  1.53590571e+00  2.34102000e+01  7.45022564e-01 
 2.34306000e+01  2.23550241e+00  2.34306000e+01  5.47020624e-01  2.34306000e+01  1.68707209e+00  2.34306000e+01  1.18440013e+00  2.34306000e+01  2.06407016e+00  2.34306000e+01  1.77322266e+00  2.34306000e+01  1.16400014e+00  2.34306000e+01  1.81080007e+00  2.34306000e+01  1.13400014e+00  2.34306000e+01  1.70400009e+00  2.34306000e+01  1.18080012e+00  2.34306000e+01  1.21080014e+00  2.34306000e+01  5.50875816e-01  2.34306000e+01  2.47826660e+00  2.34306000e+01  1.63989225e+00  2.34306000e+01  1.16512967e+00  2.34306000e+01  1.13888693e+00  2.34306000e+01  1.98860170e+00  2.34306000e+01  2.88007242e+00  2.34306000e+01  2.82455159e+00  2.34306000e+01  2.87901587e+00  2.34306000e+01  2.26302785e+00  2.34306000e+01  2.87404068e+00  2.34306000e+01  1.54031706e+00  2.34306000e+01  7.54401990e-01 
 2.34714000e+01  2.25806181e+00  2.34714000e+01  5.47020625e-01  2.34714000e+01  1.70997486e+00  2.34714000e+01  1.18440013e+00  2.34714000e+01  2.06407016e+00  2.34714000e+01  1.77322266e+00  2.34714000e+01  1.16400014e+00  2.34714000e+01  1.81080007e+00  2.34714000e+01  1.13400014e+00  2.34714000e+01  1.70400009e+00  2.34714000e+01  1.18080012e+00  2.34714000e+01  1.21080014e+00  2.34714000e+01  5.50875817e-01  2.34714000e+01  2.47826660e+00  2.34714000e+01  1.63989225e+00  2.34714000e+01  1.15881618e+00  2.34714000e+01  1.13888693e+00  2.34714000e+01  1.98194752e+00  2.34714000e+01  2.88945547e+00  2.34714000e+01  2.83320102e+00  2.34714000e+01  2.88558179e+00  2.34714000e+01  2.27448012e+00  2.34714000e+01  2.88081973e+00  2.34714000e+01  1.55137202e+00  2.34714000e+01  7.81232966e-01 
 2.35530000e+01  2.29925509e+00  2.35530000e+01  5.47020626e-01  2.35530000e+01  1.75187327e+00  2.35530000e+01  1.18440013e+00  2.35530000e+01  2.06407016e+00  2.35530000e+01  1.77322266e+00  2.35530000e+01  1.16400014e+00  2.35530000e+01  1.81080008e+00  2.35530000e+01  1.13400014e+00  2.35530000e+01  1.70400009e+00  2.35530000e+01  1.18080012e+00  2.35530000e+01  1.21080015e+00  2.35530000e+01  5.50875818e-01  2.35530000e+01  2.47826660e+00  2.35530000e+01  1.63989225e+00  2.35530000e+01  1.15881618e+00  2.35530000e+01  1.13888693e+00  2.35530000e+01  1.98194752e+00  2.35530000e+01  2.90593717e+00  2.35530000e+01  2.85048809e+00  2.35530000e+01  2.89844850e+00  2.35530000e+01  2.29938077e+00  2.35530000e+01  2.89412733e+00  2.35530000e+01  1.57518731e+00  2.35530000e+01  8.33117028e-01 
 2.36265000e+01  2.33150239e+00  2.36265000e+01  5.47020627e-01  2.36265000e+01  1.78477718e+00  2.36265000e+01  1.18440013e+00  2.36265000e+01  2.06407016e+00  2.36265000e+01  1.77322266e+00  2.36265000e+01  1.16400014e+00  2.36265000e+01  1.81080008e+00  2.36265000e+01  1.13400014e+00  2.36265000e+01  1.70400009e+00  2.36265000e+01  1.18080012e+00  2.36265000e+01  1.21080015e+00  2.36265000e+01  5.50875819e-01  2.36265000e+01  2.47826660e+00  2.36265000e+01  1.63989225e+00  2.36265000e+01  1.15881618e+00  2.36265000e+01  1.13888693e+00  2.36265000e+01  1.98194752e+00  2.36265000e+01  2.91670780e+00  2.36265000e+01  2.86543874e+00  2.36265000e+01  2.90928635e+00  2.36265000e+01  2.32350986e+00  2.36265000e+01  2.90536493e+00  2.36265000e+01  1.59825352e+00  2.36265000e+01  8.76393600e-01 
 2.37000000e+01  2.35902167e+00  2.37000000e+01  5.47020628e-01  2.37000000e+01  1.81297230e+00  2.37000000e+01  1.18440013e+00  2.37000000e+01  2.06407016e+00  2.37000000e+01  1.77322266e+00  2.37000000e+01  1.16400014e+00  2.37000000e+01  1.81080008e+00  2.37000000e+01  1.13400014e+00  2.37000000e+01  1.70400009e+00  2.37000000e+01  1.18080013e+00  2.37000000e+01  1.21080015e+00  2.37000000e+01  5.50875820e-01  2.37000000e+01  2.47826661e+00  2.37000000e+01  1.63989225e+00  2.37000000e+01  1.15881618e+00  2.37000000e+01  1.13888693e+00  2.37000000e+01  1.98194752e+00  2.37000000e+01  2.92235187e+00  2.37000000e+01  2.87839418e+00  2.37000000e+01  2.91823607e+00  2.37000000e+01  2.34731745e+00  2.37000000e+01  2.91469694e+00  2.37000000e+01  1.62122037e+00  2.37000000e+01  9.14827984e-01 
 2.37102000e+01  2.36243083e+00  2.37102000e+01  5.47020629e-01  2.37102000e+01  1.81647683e+00  2.37102000e+01  1.18440013e+00  2.37102000e+01  2.06407016e+00  2.37102000e+01  1.77322266e+00  2.37102000e+01  1.16400014e+00  2.37102000e+01  1.81080008e+00  2.37102000e+01  1.13400014e+00  2.37102000e+01  1.70400009e+00  2.37102000e+01  1.18080013e+00  2.37102000e+01  1.21080015e+00  2.37102000e+01  5.50875820e-01  2.37102000e+01  2.47826661e+00  2.37102000e+01  1.63989225e+00  2.37102000e+01  1.15881618e+00  2.37102000e+01  1.13888693e+00  2.37102000e+01  1.98194752e+00  2.37102000e+01  2.92265009e+00  2.37102000e+01  2.87992312e+00  2.37102000e+01  2.91923081e+00  2.37102000e+01  2.35044835e+00  2.37102000e+01  2.91574216e+00  2.37102000e+01  1.62426019e+00  2.37102000e+01  9.19669614e-01 
 2.37306000e+01  2.35951826e+00  2.37306000e+01  5.44635266e-01  2.37306000e+01  1.81377271e+00  2.37306000e+01  1.18440013e+00  2.37306000e+01  2.06407016e+00  2.37306000e+01  1.77322266e+00  2.37306000e+01  1.16400014e+00  2.37306000e+01  1.81080008e+00  2.37306000e+01  1.13400014e+00  2.37306000e+01  1.70400009e+00  2.37306000e+01  1.18080013e+00  2.37306000e+01  1.21080015e+00  2.37306000e+01  5.48435488e-01  2.37306000e+01  2.47194758e+00  2.37306000e+01  1.63374699e+00  2.37306000e+01  1.15881618e+00  2.37306000e+01  1.13888693e+00  2.37306000e+01  1.98194752e+00  2.37306000e+01  2.92128890e+00  2.37306000e+01  2.88000597e+00  2.37306000e+01  2.91878059e+00  2.37306000e+01  2.35211430e+00  2.37306000e+01  2.91522815e+00  2.37306000e+01  1.62579031e+00  2.37306000e+01  9.16583688e-01 
 2.37714000e+01  2.33441696e+00  2.37714000e+01  5.35493165e-01  2.37714000e+01  1.78912371e+00  2.37714000e+01  1.18440013e+00  2.37714000e+01  2.06407016e+00  2.37714000e+01  1.77322266e+00  2.37714000e+01  1.16400014e+00  2.37714000e+01  1.81080008e+00  2.37714000e+01  1.13400014e+00  2.37714000e+01  1.70400009e+00  2.37714000e+01  1.18080013e+00  2.37714000e+01  1.21080015e+00  2.37714000e+01  5.39077622e-01  2.37714000e+01  2.44685449e+00  2.37714000e+01  1.60934889e+00  2.37714000e+01  1.15881618e+00  2.37714000e+01  1.13888693e+00  2.37714000e+01  1.98194752e+00  2.37714000e+01  2.91496063e+00  2.37714000e+01  2.87436913e+00  2.37714000e+01  2.91314853e+00  2.37714000e+01  2.34639740e+00  2.37714000e+01  2.90925020e+00  2.37714000e+01  1.61988336e+00  2.37714000e+01  8.85401062e-01 
 2.38530000e+01  2.28505956e+00  2.38530000e+01  5.19362568e-01  2.38530000e+01  1.74067048e+00  2.38530000e+01  1.18440013e+00  2.38530000e+01  2.06407016e+00  2.38530000e+01  1.77322266e+00  2.38530000e+01  1.16400014e+00  2.38530000e+01  1.81080008e+00  2.38530000e+01  1.13400014e+00  2.38530000e+01  1.70400009e+00  2.38530000e+01  1.18080013e+00  2.38530000e+01  1.21080015e+00  2.38530000e+01  5.22546532e-01  2.38530000e+01  2.39750957e+00  2.38530000e+01  1.56139267e+00  2.38530000e+01  1.15881618e+00  2.38530000e+01  1.13888693e+00  2.38530000e+01  1.98194752e+00  2.38530000e+01  2.90368710e+00  2.38530000e+01  2.86375183e+00  2.38530000e+01  2.90254198e+00  2.38530000e+01  2.33559982e+00  2.38530000e+01  2.89839449e+00  2.38530000e+01  1.60865703e+00  2.38530000e+01  8.26223366e-01 
 2.39265000e+01  2.24124412e+00  2.39265000e+01  5.06969865e-01  2.39265000e+01  1.69766813e+00  2.39265000e+01  1.18440013e+00  2.39265000e+01  2.06407016e+00  2.39265000e+01  1.77322266e+00  2.39265000e+01  1.16400014e+00  2.39265000e+01  1.81080008e+00  2.39265000e+01  1.13400014e+00  2.39265000e+01  1.70400009e+00  2.39265000e+01  1.18080013e+00  2.39265000e+01  1.21080015e+00  2.39265000e+01  5.19984776e-01  2.39265000e+01  2.37550023e+00  2.39265000e+01  1.54000825e+00  2.39265000e+01  1.15881618e+00  2.39265000e+01  1.13888693e+00  2.39265000e+01  1.98194752e+00  2.39265000e+01  2.89441849e+00  2.39265000e+01  2.85459351e+00  2.39265000e+01  2.89339411e+00  2.39265000e+01  2.32626634e+00  2.39265000e+01  2.88923304e+00  2.39265000e+01  1.59890589e+00  2.39265000e+01  7.76653293e-01 
 2.40000000e+01  2.21944413e+00  2.40000000e+01  5.06114153e-01  2.40000000e+01  1.67627421e+00  2.40000000e+01  1.18440013e+00  2.40000000e+01  2.06407016e+00  2.40000000e+01  1.77322266e+00  2.40000000e+01  1.16400014e+00  2.40000000e+01  1.81080008e+00  2.40000000e+01  1.13400014e+00  2.40000000e+01  1.70400009e+00  2.40000000e+01  1.18080013e+00  2.40000000e+01  1.21080015e+00  2.40000000e+01  5.28159437e-01  2.40000000e+01  2.37550023e+00  2.40000000e+01  1.54000825e+00  2.40000000e+01  1.15881619e+00  2.40000000e+01  1.13888693e+00  2.40000000e+01  1.98194752e+00  2.40000000e+01  2.88535005e+00  2.40000000e+01  2.84551577e+00  2.40000000e+01  2.88432703e+00  2.40000000e+01  2.31700966e+00  2.40000000e+01  2.88016482e+00  2.40000000e+01  1.58922140e+00  2.40000000e+01  7.30830601e-01 
 2.40102000e+01  2.21944413e+00  2.40102000e+01  5.07452069e-01  2.40102000e+01  1.67627421e+00  2.40102000e+01  1.18440013e+00  2.40102000e+01  2.06407016e+00  2.40102000e+01  1.77322266e+00  2.40102000e+01  1.16400014e+00  2.40102000e+01  1.81080008e+00  2.40102000e+01  1.13400014e+00  2.40102000e+01  1.70400009e+00  2.40102000e+01  1.18080013e+00  2.40102000e+01  1.21080015e+00  2.40102000e+01  5.29232660e-01  2.40102000e+01  2.37550023e+00  2.40102000e+01  1.54000825e+00  2.40102000e+01  1.15881619e+00  2.40102000e+01  1.13888693e+00  2.40102000e+01  1.98194752e+00  2.40102000e+01  2.88409194e+00  2.40102000e+01  2.84425613e+00  2.40102000e+01  2.88306888e+00  2.40102000e+01  2.31572505e+00  2.40102000e+01  2.87890652e+00  2.40102000e+01  1.58787694e+00  2.40102000e+01  7.24816577e-01 
 2.40306000e+01  2.21944413e+00  2.40306000e+01  5.10062642e-01  2.40306000e+01  1.67627421e+00  2.40306000e+01  1.18440013e+00  2.40306000e+01  2.06407016e+00  2.40306000e+01  1.76828893e+00  2.40306000e+01  1.16400014e+00  2.40306000e+01  1.81080008e+00  2.40306000e+01  1.13400014e+00  2.40306000e+01  1.70400009e+00  2.40306000e+01  1.18080013e+00  2.40306000e+01  1.21080015e+00  2.40306000e+01  5.31329163e-01  2.40306000e+01  2.37550023e+00  2.40306000e+01  1.54000825e+00  2.40306000e+01  1.15881619e+00  2.40306000e+01  1.13888693e+00  2.40306000e+01  1.98267572e+00  2.40306000e+01  2.88093622e+00  2.40306000e+01  2.84107127e+00  2.40306000e+01  2.87991310e+00  2.40306000e+01  2.31252258e+00  2.40306000e+01  2.87575046e+00  2.40306000e+01  1.58160478e+00  2.40306000e+01  7.13608036e-01 
 2.40714000e+01  2.21944413e+00  2.40714000e+01  5.15025955e-01  2.40714000e+01  1.67627421e+00  2.40714000e+01  1.18440013e+00  2.40714000e+01  2.06407016e+00  2.40714000e+01  1.74873736e+00  2.40714000e+01  1.16400014e+00  2.40714000e+01  1.81080008e+00  2.40714000e+01  1.13400014e+00  2.40714000e+01  1.70400009e+00  2.40714000e+01  1.18080013e+00  2.40714000e+01  1.21080015e+00  2.40714000e+01  5.35328776e-01  2.40714000e+01  2.37550023e+00  2.40714000e+01  1.54000825e+00  2.40714000e+01  1.15881619e+00  2.40714000e+01  1.13888693e+00  2.40714000e+01  1.98578910e+00  2.40714000e+01  2.87335071e+00  2.40714000e+01  2.83340007e+00  2.40714000e+01  2.87232746e+00  2.40714000e+01  2.30485391e+00  2.40714000e+01  2.86816433e+00  2.40714000e+01  1.56183014e+00  2.40714000e+01  6.93445588e-01 
 2.41530000e+01  2.21944413e+00  2.41530000e+01  5.24238730e-01  2.41530000e+01  1.67627421e+00  2.41530000e+01  1.18440013e+00  2.41530000e+01  2.06407016e+00  2.41530000e+01  1.71078544e+00  2.41530000e+01  1.16400014e+00  2.41530000e+01  1.81080007e+00  2.41530000e+01  1.13400014e+00  2.41530000e+01  1.70400009e+00  2.41530000e+01  1.18080013e+00  2.41530000e+01  1.21080015e+00  2.41530000e+01  5.42800356e-01  2.41530000e+01  2.37550023e+00  2.41530000e+01  1.54000825e+00  2.41530000e+01  1.15881619e+00  2.41530000e+01  1.13888693e+00  2.41530000e+01  1.99319297e+00  2.41530000e+01  2.85817685e+00  2.41530000e+01  2.81815588e+00  2.41530000e+01  2.85715334e+00  2.41530000e+01  2.28950095e+00  2.41530000e+01  2.85298916e+00  2.41530000e+01  1.52187961e+00  2.41530000e+01  6.56801635e-01 
 2.41621875e+01  2.21944413e+00  2.41621875e+01  5.25213580e-01  2.41621875e+01  1.67627421e+00  2.41621875e+01  1.18440013e+00  2.41621875e+01  2.06407016e+00  2.41621875e+01  1.70662200e+00  2.41621875e+01  1.16400014e+00  2.41621875e+01  1.81080007e+00  2.41621875e+01  1.13400014e+00  2.41621875e+01  1.70400009e+00  2.41621875e+01  1.18080013e+00  2.41621875e+01  1.21080015e+00  2.41621875e+01  5.43595219e-01  2.41621875e+01  2.37550023e+00  2.41621875e+01  1.54000825e+00  2.41621875e+01  1.15881619e+00  2.41621875e+01  1.13888693e+00  2.41621875e+01  1.99413298e+00  2.41621875e+01  2.85646609e+00  2.41621875e+01  2.81644345e+00  2.41621875e+01  2.85544255e+00  2.41621875e+01  2.28776883e+00  2.41621875e+01  2.85127824e+00  2.41621875e+01  1.51734507e+00  2.41621875e+01  6.53012783e-01 
 2.41805625e+01  2.21944413e+00  2.41805625e+01  5.27142179e-01  2.41805625e+01  1.67627421e+00  2.41805625e+01  1.18440013e+00  2.41805625e+01  2.06407016e+00  2.41805625e+01  1.69833971e+00  2.41805625e+01  1.16400014e+00  2.41805625e+01  1.81080007e+00  2.41805625e+01  1.13400014e+00  2.41805625e+01  1.70400009e+00  2.41805625e+01  1.18080013e+00  2.41805625e+01  1.21080015e+00  2.41805625e+01  5.45169139e-01  2.41805625e+01  2.37550023e+00  2.41805625e+01  1.54000825e+00  2.41805625e+01  1.15881619e+00  2.41805625e+01  1.13888694e+00  2.41805625e+01  1.99605058e+00  2.41805625e+01  2.85304252e+00  2.41805625e+01  2.81301695e+00  2.41805625e+01  2.85201892e+00  2.41805625e+01  2.28430212e+00  2.41805625e+01  2.84785435e+00  2.41805625e+01  1.50826631e+00  2.41805625e+01  6.45557509e-01 
 2.42173125e+01  2.21944413e+00  2.42173125e+01  5.30876251e-01  2.42173125e+01  1.67627421e+00  2.42173125e+01  1.18440013e+00  2.42173125e+01  2.06407016e+00  2.42173125e+01  1.69010202e+00  2.42173125e+01  1.16400014e+00  2.42173125e+01  1.81080007e+00  2.42173125e+01  1.13400014e+00  2.42173125e+01  1.70400009e+00  2.42173125e+01  1.18080013e+00  2.42173125e+01  1.21080015e+00  2.42173125e+01  5.48224484e-01  2.42173125e+01  2.37550023e+00  2.42173125e+01  1.54000825e+00  2.42173125e+01  1.15881619e+00  2.42173125e+01  1.13888694e+00  2.42173125e+01  2.00010564e+00  2.42173125e+01  2.84618201e+00  2.42173125e+01  2.80615130e+00  2.42173125e+01  2.84515828e+00  2.42173125e+01  2.27735249e+00  2.42173125e+01  2.84099318e+00  2.42173125e+01  1.49006479e+00  2.42173125e+01  6.31377106e-01 
 2.42586563e+01  2.21944413e+00  2.42586563e+01  5.34889280e-01  2.42586563e+01  1.67627421e+00  2.42586563e+01  1.18440013e+00  2.42586563e+01  2.06407015e+00  2.42586563e+01  1.69010202e+00  2.42586563e+01  1.16400014e+00  2.42586563e+01  1.81080007e+00  2.42586563e+01  1.13400014e+00  2.42586563e+01  1.70400009e+00  2.42586563e+01  1.18080013e+00  2.42586563e+01  1.21080015e+00  2.42586563e+01  5.51520009e-01  2.42586563e+01  2.37550023e+00  2.42586563e+01  1.54000825e+00  2.42586563e+01  1.15881619e+00  2.42586563e+01  1.13888694e+00  2.42586563e+01  2.00500008e+00  2.42586563e+01  2.83844150e+00  2.42586563e+01  2.79840478e+00  2.42586563e+01  2.83741762e+00  2.42586563e+01  2.26950691e+00  2.42586563e+01  2.83325191e+00  2.42586563e+01  1.46956201e+00  2.42586563e+01  6.16575486e-01 
 2.43000000e+01  2.21944413e+00  2.43000000e+01  5.38714227e-01  2.43000000e+01  1.67627421e+00  2.43000000e+01  1.18440013e+00  2.43000000e+01  2.06407015e+00  2.43000000e+01  1.69010202e+00  2.43000000e+01  1.16400014e+00  2.43000000e+01  1.81080007e+00  2.43000000e+01  1.13400014e+00  2.43000000e+01  1.70400009e+00  2.43000000e+01  1.18080013e+00  2.43000000e+01  1.21080015e+00  2.43000000e+01  5.54672710e-01  2.43000000e+01  2.37550023e+00  2.43000000e+01  1.54000825e+00  2.43000000e+01  1.15881619e+00  2.43000000e+01  1.13888694e+00  2.43000000e+01  2.01021583e+00  2.43000000e+01  2.83067893e+00  2.43000000e+01  2.79063604e+00  2.43000000e+01  2.82965490e+00  2.43000000e+01  2.26163745e+00  2.43000000e+01  2.82548855e+00  2.43000000e+01  1.44910348e+00  2.43000000e+01  6.02973505e-01 
 2.43082687e+01  2.21944413e+00  2.43082687e+01  5.39453915e-01  2.43082687e+01  1.67627421e+00  2.43082687e+01  1.18440013e+00  2.43082687e+01  2.06407015e+00  2.43082687e+01  1.69010202e+00  2.43082687e+01  1.16400014e+00  2.43082687e+01  1.81080007e+00  2.43082687e+01  1.13400014e+00  2.43082687e+01  1.70400009e+00  2.43082687e+01  1.18080013e+00  2.43082687e+01  1.21080015e+00  2.43082687e+01  5.55283951e-01  2.43082687e+01  2.37550023e+00  2.43082687e+01  1.54000825e+00  2.43082687e+01  1.15881619e+00  2.43082687e+01  1.13888694e+00  2.43082687e+01  2.01130039e+00  2.43082687e+01  2.82912415e+00  2.43082687e+01  2.78908004e+00  2.43082687e+01  2.82810008e+00  2.43082687e+01  2.26006169e+00  2.43082687e+01  2.82393361e+00  2.43082687e+01  1.44502594e+00  2.43082687e+01  6.00418658e-01 
 2.43248063e+01  2.21944413e+00  2.43248063e+01  5.40193603e-01  2.43248063e+01  1.67627421e+00  2.43248063e+01  1.18440013e+00  2.43248063e+01  2.06761931e+00  2.43248063e+01  1.69370206e+00  2.43248063e+01  1.16400014e+00  2.43248063e+01  1.81080007e+00  2.43248063e+01  1.13400014e+00  2.43248063e+01  1.70400009e+00  2.43248063e+01  1.18080013e+00  2.43248063e+01  1.21080015e+00  2.43248063e+01  5.55895192e-01  2.43248063e+01  2.37909743e+00  2.43248063e+01  1.54371849e+00  2.43248063e+01  1.15881619e+00  2.43248063e+01  1.13623292e+00  2.43248063e+01  2.00958415e+00  2.43248063e+01  2.82954939e+00  2.43248063e+01  2.79021583e+00  2.43248063e+01  2.82853362e+00  2.43248063e+01  2.26127779e+00  2.43248063e+01  2.82489549e+00  2.43248063e+01  1.44356853e+00  2.43248063e+01  6.02873554e-01 
 2.43289406e+01  2.21944413e+00  2.43289406e+01  5.40193603e-01  2.43289406e+01  1.67627421e+00  2.43289406e+01  1.18440013e+00  2.43289406e+01  2.06937448e+00  2.43289406e+01  1.69548273e+00  2.43289406e+01  1.16400014e+00  2.43289406e+01  1.81080007e+00  2.43289406e+01  1.13400014e+00  2.43289406e+01  1.70400009e+00  2.43289406e+01  1.18080013e+00  2.43289406e+01  1.21080015e+00  2.43289406e+01  5.55895192e-01  2.43289406e+01  2.38087611e+00  2.43289406e+01  1.54555381e+00  2.43289406e+01  1.15881619e+00  2.43289406e+01  1.13492791e+00  2.43289406e+01  2.00820579e+00  2.43289406e+01  2.83053854e+00  2.43289406e+01  2.79155161e+00  2.43289406e+01  2.82952696e+00  2.43289406e+01  2.26268133e+00  2.43289406e+01  2.82613627e+00  2.43289406e+01  1.44488517e+00  2.43289406e+01  6.05361026e-01 
 2.43372094e+01  2.21944413e+00  2.43372094e+01  5.40193603e-01  2.43372094e+01  1.67627421e+00  2.43372094e+01  1.18440013e+00  2.43372094e+01  2.07284576e+00  2.43372094e+01  1.69900511e+00  2.43372094e+01  1.16400014e+00  2.43372094e+01  1.81080007e+00  2.43372094e+01  1.13400014e+00  2.43372094e+01  1.70400009e+00  2.43372094e+01  1.18080013e+00  2.43372094e+01  1.21080015e+00  2.43372094e+01  5.55895192e-01  2.43372094e+01  2.38439330e+00  2.43372094e+01  1.54918455e+00  2.43372094e+01  1.15881619e+00  2.43372094e+01  1.13236139e+00  2.43372094e+01  2.00549271e+00  2.43372094e+01  2.83251182e+00  2.43372094e+01  2.79420022e+00  2.43372094e+01  2.83150866e+00  2.43372094e+01  2.26550064e+00  2.43372094e+01  2.82858053e+00  2.43372094e+01  1.44753150e+00  2.43372094e+01  6.10299356e-01 
 2.43537469e+01  2.21944413e+00  2.43537469e+01  5.40193604e-01  2.43537469e+01  1.67627421e+00  2.43537469e+01  1.18440013e+00  2.43537469e+01  2.07955404e+00  2.43537469e+01  1.70581628e+00  2.43537469e+01  1.16400014e+00  2.43537469e+01  1.81080007e+00  2.43537469e+01  1.13400014e+00  2.43537469e+01  1.70400009e+00  2.43537469e+01  1.18080013e+00  2.43537469e+01  1.21080015e+00  2.43537469e+01  5.55895192e-01  2.43537469e+01  2.39118661e+00  2.43537469e+01  1.55620650e+00  2.43537469e+01  1.15881619e+00  2.43537469e+01  1.12754163e+00  2.43537469e+01  2.00038803e+00  2.43537469e+01  2.83640465e+00  2.43537469e+01  2.79934082e+00  2.43537469e+01  2.83541852e+00  2.43537469e+01  2.27118004e+00  2.43537469e+01  2.83323215e+00  2.43537469e+01  1.45288445e+00  2.43537469e+01  6.19944076e-01 
 2.43868219e+01  2.21944413e+00  2.43868219e+01  5.40193604e-01  2.43868219e+01  1.67627421e+00  2.43868219e+01  1.18440013e+00  2.43868219e+01  2.09204290e+00  2.43868219e+01  1.71851346e+00  2.43868219e+01  1.16400014e+00  2.43868219e+01  1.81080008e+00  2.43868219e+01  1.13400014e+00  2.43868219e+01  1.70400009e+00  2.43868219e+01  1.18080013e+00  2.43868219e+01  1.21080015e+00  2.43868219e+01  5.55895193e-01  2.43868219e+01  2.40381653e+00  2.43868219e+01  1.56929963e+00  2.43868219e+01  1.15881619e+00  2.43868219e+01  1.12294812e+00  2.43868219e+01  1.99551758e+00  2.43868219e+01  2.84378312e+00  2.43868219e+01  2.80883746e+00  2.43868219e+01  2.84283136e+00  2.43868219e+01  2.28242778e+00  2.43868219e+01  2.84147908e+00  2.43868219e+01  1.46357312e+00  2.43868219e+01  6.38195233e-01 
 2.44529719e+01  2.21944413e+00  2.44529719e+01  5.40232048e-01  2.44529719e+01  1.67627421e+00  2.44529719e+01  1.18440013e+00  2.44529719e+01  2.11338480e+00  2.44529719e+01  1.74028147e+00  2.44529719e+01  1.16400014e+00  2.44529719e+01  1.81080008e+00  2.44529719e+01  1.13400014e+00  2.44529719e+01  1.70400009e+00  2.44529719e+01  1.18080013e+00  2.44529719e+01  1.21080015e+00  2.44529719e+01  5.55895194e-01  2.44529719e+01  2.42531993e+00  2.44529719e+01  1.59175142e+00  2.44529719e+01  1.15881619e+00  2.44529719e+01  1.12294812e+00  2.44529719e+01  1.99551758e+00  2.44529719e+01  2.85596313e+00  2.44529719e+01  2.82389904e+00  2.44529719e+01  2.85507885e+00  2.44529719e+01  2.30299242e+00  2.44529719e+01  2.85324295e+00  2.44529719e+01  1.48330815e+00  2.44529719e+01  6.69916987e-01 
 2.45264859e+01  2.21944413e+00  2.45264859e+01  5.40896661e-01  2.45264859e+01  1.67627421e+00  2.45264859e+01  1.18440013e+00  2.45264859e+01  2.13139318e+00  2.45264859e+01  1.75877720e+00  2.45264859e+01  1.16400014e+00  2.45264859e+01  1.81080008e+00  2.45264859e+01  1.13400014e+00  2.45264859e+01  1.70400010e+00  2.45264859e+01  1.18080013e+00  2.45264859e+01  1.21080015e+00  2.45264859e+01  5.56242674e-01  2.45264859e+01  2.44332420e+00  2.45264859e+01  1.61084158e+00  2.45264859e+01  1.15881619e+00  2.45264859e+01  1.12294812e+00  2.45264859e+01  1.99551758e+00  2.45264859e+01  2.86471314e+00  2.45264859e+01  2.83396732e+00  2.45264859e+01  2.86389881e+00  2.45264859e+01  2.32127907e+00  2.45264859e+01  2.85881877e+00  2.45264859e+01  1.50103547e+00  2.45264859e+01  6.97261715e-01 
 2.46000000e+01  2.21944413e+00  2.46000000e+01  5.42932148e-01  2.46000000e+01  1.67627421e+00  2.46000000e+01  1.18440013e+00  2.46000000e+01  2.14385295e+00  2.46000000e+01  1.77173648e+00  2.46000000e+01  1.16400014e+00  2.46000000e+01  1.81080008e+00  2.46000000e+01  1.13400014e+00  2.46000000e+01  1.70400010e+00  2.46000000e+01  1.18080013e+00  2.46000000e+01  1.21080015e+00  2.46000000e+01  5.57642006e-01  2.46000000e+01  2.45561673e+00  2.46000000e+01  1.62424802e+00  2.46000000e+01  1.15881619e+00  2.46000000e+01  1.12294812e+00  2.46000000e+01  1.99551758e+00  2.46000000e+01  2.86865477e+00  2.46000000e+01  2.83760378e+00  2.46000000e+01  2.86790325e+00  2.46000000e+01  2.33432677e+00  2.46000000e+01  2.85752803e+00  2.46000000e+01  1.51383339e+00  2.46000000e+01  7.16900160e-01 
 2.46102000e+01  2.21944413e+00  2.46102000e+01  5.43341937e-01  2.46102000e+01  1.67627421e+00  2.46102000e+01  1.18440013e+00  2.46102000e+01  2.14515567e+00  2.46102000e+01  1.77310936e+00  2.46102000e+01  1.16400014e+00  2.46102000e+01  1.81080008e+00  2.46102000e+01  1.13400014e+00  2.46102000e+01  1.70400010e+00  2.46102000e+01  1.18080013e+00  2.46102000e+01  1.21080015e+00  2.46102000e+01  5.57953207e-01  2.46102000e+01  2.45688452e+00  2.46102000e+01  1.62567235e+00  2.46102000e+01  1.15881619e+00  2.46102000e+01  1.12294812e+00  2.46102000e+01  1.99551758e+00  2.46102000e+01  2.86883417e+00  2.46102000e+01  2.83762265e+00  2.46102000e+01  2.86809072e+00  2.46102000e+01  2.33571118e+00  2.46102000e+01  2.85684622e+00  2.46102000e+01  1.51520681e+00  2.46102000e+01  7.19029125e-01 
 2.46306000e+01  2.22530369e+00  2.46306000e+01  5.43751725e-01  2.46306000e+01  1.68221769e+00  2.46306000e+01  1.18440013e+00  2.46306000e+01  2.14645838e+00  2.46306000e+01  1.77448224e+00  2.46306000e+01  1.16400014e+00  2.46306000e+01  1.81080008e+00  2.46306000e+01  1.13400014e+00  2.46306000e+01  1.70400010e+00  2.46306000e+01  1.18080013e+00  2.46306000e+01  1.21080015e+00  2.46306000e+01  5.58264409e-01  2.46306000e+01  2.45815232e+00  2.46306000e+01  1.62709669e+00  2.46306000e+01  1.15534607e+00  2.46306000e+01  1.12294812e+00  2.46306000e+01  1.99187375e+00  2.46306000e+01  2.87153026e+00  2.46306000e+01  2.83963891e+00  2.46306000e+01  2.86999416e+00  2.46306000e+01  2.33981745e+00  2.46306000e+01  2.85799702e+00  2.46306000e+01  1.51922091e+00  2.46306000e+01  7.27910482e-01 
 2.46357000e+01  2.22821687e+00  2.46357000e+01  5.43751725e-01  2.46357000e+01  1.68517292e+00  2.46357000e+01  1.18440013e+00  2.46357000e+01  2.14645838e+00  2.46357000e+01  1.77448224e+00  2.46357000e+01  1.16400014e+00  2.46357000e+01  1.81080008e+00  2.46357000e+01  1.13400014e+00  2.46357000e+01  1.70400010e+00  2.46357000e+01  1.18080013e+00  2.46357000e+01  1.21080015e+00  2.46357000e+01  5.58264409e-01  2.46357000e+01  2.45815232e+00  2.46357000e+01  1.62709669e+00  2.46357000e+01  1.15363339e+00  2.46357000e+01  1.12294812e+00  2.46357000e+01  1.99007427e+00  2.46357000e+01  2.87278322e+00  2.46357000e+01  2.84063886e+00  2.46357000e+01  2.87085232e+00  2.46357000e+01  2.34118942e+00  2.46357000e+01  2.85891390e+00  2.46357000e+01  1.52055006e+00  2.46357000e+01  7.31285866e-01 
 2.46459000e+01  2.23400905e+00  2.46459000e+01  5.43751725e-01  2.46459000e+01  1.69104935e+00  2.46459000e+01  1.18440013e+00  2.46459000e+01  2.14645838e+00  2.46459000e+01  1.77448224e+00  2.46459000e+01  1.16400014e+00  2.46459000e+01  1.81080008e+00  2.46459000e+01  1.13400014e+00  2.46459000e+01  1.70400010e+00  2.46459000e+01  1.18080013e+00  2.46459000e+01  1.21080015e+00  2.46459000e+01  5.58264409e-01  2.46459000e+01  2.45815232e+00  2.46459000e+01  1.62709669e+00  2.46459000e+01  1.15025296e+00  2.46459000e+01  1.12294812e+00  2.46459000e+01  1.98652038e+00  2.46459000e+01  2.87527787e+00  2.46459000e+01  2.84264098e+00  2.46459000e+01  2.87256879e+00  2.46459000e+01  2.34395560e+00  2.46459000e+01  2.86074852e+00  2.46459000e+01  1.52322635e+00  2.46459000e+01  7.38033381e-01 
 2.46484500e+01  2.23544419e+00  2.46484500e+01  5.43751725e-01  2.46484500e+01  1.69250562e+00  2.46484500e+01  1.18440013e+00  2.46484500e+01  2.14645838e+00  2.46484500e+01  1.77448224e+00  2.46484500e+01  1.16400014e+00  2.46484500e+01  1.81080008e+00  2.46484500e+01  1.13400014e+00  2.46484500e+01  1.70400010e+00  2.46484500e+01  1.18080013e+00  2.46484500e+01  1.21080015e+00  2.46484500e+01  5.58264409e-01  2.46484500e+01  2.45815232e+00  2.46484500e+01  1.62709669e+00  2.46484500e+01  1.14942564e+00  2.46484500e+01  1.12294812e+00  2.46484500e+01  1.98564985e+00  2.46484500e+01  2.87589725e+00  2.46484500e+01  2.84314230e+00  2.46484500e+01  2.87299792e+00  2.46484500e+01  2.34465547e+00  2.46484500e+01  2.86120747e+00  2.46484500e+01  1.52390219e+00  2.46484500e+01  7.39718867e-01 
 2.46535500e+01  2.23830563e+00  2.46535500e+01  5.43751725e-01  2.46535500e+01  1.69540937e+00  2.46535500e+01  1.18440013e+00  2.46535500e+01  2.14645838e+00  2.46535500e+01  1.77448224e+00  2.46535500e+01  1.16400014e+00  2.46535500e+01  1.81080008e+00  2.46535500e+01  1.13400014e+00  2.46535500e+01  1.70400010e+00  2.46535500e+01  1.18080013e+00  2.46535500e+01  1.21080015e+00  2.46535500e+01  5.58264409e-01  2.46535500e+01  2.45815232e+00  2.46535500e+01  1.62709669e+00  2.46535500e+01  1.14781272e+00  2.46535500e+01  1.12294812e+00  2.46535500e+01  1.98395393e+00  2.46535500e+01  2.87713306e+00  2.46535500e+01  2.84414539e+00  2.46535500e+01  2.87385613e+00  2.46535500e+01  2.34606078e+00  2.46535500e+01  2.86212549e+00  2.46535500e+01  1.52525845e+00  2.46535500e+01  7.43088468e-01 
 2.46637500e+01  2.24397463e+00  2.46637500e+01  5.43751726e-01  2.46637500e+01  1.70116322e+00  2.46637500e+01  1.18440013e+00  2.46637500e+01  2.14645838e+00  2.46637500e+01  1.77448224e+00  2.46637500e+01  1.16400014e+00  2.46637500e+01  1.81080008e+00  2.46637500e+01  1.13400014e+00  2.46637500e+01  1.70400010e+00  2.46637500e+01  1.18080013e+00  2.46637500e+01  1.21080015e+00  2.46637500e+01  5.58264409e-01  2.46637500e+01  2.45815232e+00  2.46637500e+01  1.62709669e+00  2.46637500e+01  1.14609260e+00  2.46637500e+01  1.12294812e+00  2.46637500e+01  1.98215422e+00  2.46637500e+01  2.87958640e+00  2.46637500e+01  2.84615382e+00  2.46637500e+01  2.87557191e+00  2.46637500e+01  2.34890476e+00  2.46637500e+01  2.86396193e+00  2.46637500e+01  1.52799838e+00  2.46637500e+01  7.49817721e-01 
 2.46841500e+01  2.25508874e+00  2.46841500e+01  5.43751726e-01  2.46841500e+01  1.71244812e+00  2.46841500e+01  1.18440013e+00  2.46841500e+01  2.14645838e+00  2.46841500e+01  1.77448224e+00  2.46841500e+01  1.16400014e+00  2.46841500e+01  1.81080008e+00  2.46841500e+01  1.13400014e+00  2.46841500e+01  1.70400010e+00  2.46841500e+01  1.18080013e+00  2.46841500e+01  1.21080015e+00  2.46841500e+01  5.58264409e-01  2.46841500e+01  2.45815232e+00  2.46841500e+01  1.62709669e+00  2.46841500e+01  1.14579480e+00  2.46841500e+01  1.12294812e+00  2.46841500e+01  1.98185641e+00  2.46841500e+01  2.88441331e+00  2.46841500e+01  2.85017607e+00  2.46841500e+01  2.87899803e+00  2.46841500e+01  2.35472573e+00  2.46841500e+01  2.86763318e+00  2.46841500e+01  1.53358717e+00  2.46841500e+01  7.63218838e-01 
 2.47249500e+01  2.27636147e+00  2.47249500e+01  5.43751726e-01  2.47249500e+01  1.73406692e+00  2.47249500e+01  1.18440013e+00  2.47249500e+01  2.14645838e+00  2.47249500e+01  1.77448224e+00  2.47249500e+01  1.16400014e+00  2.47249500e+01  1.81080008e+00  2.47249500e+01  1.13400015e+00  2.47249500e+01  1.70400010e+00  2.47249500e+01  1.18080013e+00  2.47249500e+01  1.21080015e+00  2.47249500e+01  5.58264410e-01  2.47249500e+01  2.45815232e+00  2.47249500e+01  1.62709669e+00  2.47249500e+01  1.14579480e+00  2.47249500e+01  1.12294812e+00  2.47249500e+01  1.98185641e+00  2.47249500e+01  2.89357956e+00  2.47249500e+01  2.85820813e+00  2.47249500e+01  2.88580174e+00  2.47249500e+01  2.36688951e+00  2.47249500e+01  2.87493954e+00  2.47249500e+01  1.54519250e+00  2.47249500e+01  7.89646446e-01 
 2.48065500e+01  2.31474504e+00  2.48065500e+01  5.43751728e-01  2.48065500e+01  1.77316116e+00  2.48065500e+01  1.18440014e+00  2.48065500e+01  2.14645838e+00  2.48065500e+01  1.77448225e+00  2.48065500e+01  1.16400014e+00  2.48065500e+01  1.81080008e+00  2.48065500e+01  1.13400015e+00  2.48065500e+01  1.70400010e+00  2.48065500e+01  1.18080013e+00  2.48065500e+01  1.21080015e+00  2.48065500e+01  5.58264411e-01  2.48065500e+01  2.45815232e+00  2.48065500e+01  1.62709669e+00  2.48065500e+01  1.14579480e+00  2.48065500e+01  1.12294812e+00  2.48065500e+01  1.98185641e+00  2.48065500e+01  2.90863402e+00  2.48065500e+01  2.87392487e+00  2.48065500e+01  2.89898267e+00  2.48065500e+01  2.39303988e+00  2.48065500e+01  2.88914972e+00  2.48065500e+01  1.57000306e+00  2.48065500e+01  8.39856983e-01 
 2.49000000e+01  2.35162513e+00  2.49000000e+01  5.43751729e-01  2.49000000e+01  1.81088445e+00  2.49000000e+01  1.18440014e+00  2.49000000e+01  2.14645838e+00  2.49000000e+01  1.77448225e+00  2.49000000e+01  1.16400014e+00  2.49000000e+01  1.81080008e+00  2.49000000e+01  1.13400015e+00  2.49000000e+01  1.70400010e+00  2.49000000e+01  1.18080013e+00  2.49000000e+01  1.21080016e+00  2.49000000e+01  5.58264412e-01  2.49000000e+01  2.45815232e+00  2.49000000e+01  1.62709669e+00  2.49000000e+01  1.14579480e+00  2.49000000e+01  1.12294812e+00  2.49000000e+01  1.98185641e+00  2.49000000e+01  2.91865372e+00  2.49000000e+01  2.88968854e+00  2.49000000e+01  2.91187945e+00  2.49000000e+01  2.42361309e+00  2.49000000e+01  2.90319976e+00  2.49000000e+01  1.59923800e+00  2.49000000e+01  8.90888100e-01 
 2.49102000e+01  2.35514928e+00  2.49102000e+01  5.43751729e-01  2.49102000e+01  1.81450261e+00  2.49102000e+01  1.18440014e+00  2.49102000e+01  2.14645838e+00  2.49102000e+01  1.77448225e+00  2.49102000e+01  1.16400014e+00  2.49102000e+01  1.81080008e+00  2.49102000e+01  1.13400015e+00  2.49102000e+01  1.70400010e+00  2.49102000e+01  1.18080013e+00  2.49102000e+01  1.21080016e+00  2.49102000e+01  5.58264412e-01  2.49102000e+01  2.45815232e+00  2.49102000e+01  1.62709669e+00  2.49102000e+01  1.14579480e+00  2.49102000e+01  1.12294812e+00  2.49102000e+01  1.98185641e+00  2.49102000e+01  2.91916862e+00  2.49102000e+01  2.89114200e+00  2.49102000e+01  2.91303165e+00  2.49102000e+01  2.42682879e+00  2.49102000e+01  2.90447256e+00  2.49102000e+01  1.60234697e+00  2.49102000e+01  8.95900305e-01 
 2.49306000e+01  2.35240040e+00  2.49306000e+01  5.41442890e-01  2.49306000e+01  1.81195974e+00  2.49306000e+01  1.18391432e+00  2.49306000e+01  2.14597255e+00  2.49306000e+01  1.77399642e+00  2.49306000e+01  1.16400014e+00  2.49306000e+01  1.81080008e+00  2.49306000e+01  1.13400015e+00  2.49306000e+01  1.70400010e+00  2.49306000e+01  1.18080013e+00  2.49306000e+01  1.21080016e+00  2.49306000e+01  5.55733563e-01  2.49306000e+01  2.45191657e+00  2.49306000e+01  1.62103328e+00  2.49306000e+01  1.14579480e+00  2.49306000e+01  1.12294812e+00  2.49306000e+01  1.98185641e+00  2.49306000e+01  2.91807105e+00  2.49306000e+01  2.89117950e+00  2.49306000e+01  2.91276855e+00  2.49306000e+01  2.42861180e+00  2.49306000e+01  2.90425382e+00  2.49306000e+01  1.60397101e+00  2.49306000e+01  8.93155558e-01 
 2.49714000e+01  2.32747151e+00  2.49714000e+01  5.32588321e-01  2.49714000e+01  1.78747888e+00  2.49714000e+01  1.18294268e+00  2.49714000e+01  2.14500089e+00  2.49714000e+01  1.77302477e+00  2.49714000e+01  1.16400014e+00  2.49714000e+01  1.81080008e+00  2.49714000e+01  1.13400015e+00  2.49714000e+01  1.70400010e+00  2.49714000e+01  1.18080013e+00  2.49714000e+01  1.21080016e+00  2.49714000e+01  5.46010670e-01  2.49714000e+01  2.42713391e+00  2.49714000e+01  1.59693984e+00  2.49714000e+01  1.14579480e+00  2.49714000e+01  1.12294812e+00  2.49714000e+01  1.98185641e+00  2.49714000e+01  2.91190374e+00  2.49714000e+01  2.88564642e+00  2.49714000e+01  2.90723822e+00  2.49714000e+01  2.42300843e+00  2.49714000e+01  2.89850430e+00  2.49714000e+01  1.59814794e+00  2.49714000e+01  8.62671733e-01 
 2.50530000e+01  2.27835430e+00  2.50530000e+01  5.16940385e-01  2.50530000e+01  1.73925719e+00  2.50530000e+01  1.18294268e+00  2.50530000e+01  2.14500089e+00  2.50530000e+01  1.77302477e+00  2.50530000e+01  1.16400014e+00  2.50530000e+01  1.81080008e+00  2.50530000e+01  1.13400015e+00  2.50530000e+01  1.70400010e+00  2.50530000e+01  1.18080013e+00  2.50530000e+01  1.21080016e+00  2.50530000e+01  5.28867930e-01  2.50530000e+01  2.37847014e+00  2.50530000e+01  1.54964367e+00  2.50530000e+01  1.14579480e+00  2.50530000e+01  1.12294812e+00  2.50530000e+01  1.98185641e+00  2.50530000e+01  2.90080535e+00  2.50530000e+01  2.87513831e+00  2.50530000e+01  2.89673619e+00  2.50530000e+01  2.41234532e+00  2.50530000e+01  2.88786749e+00  2.50530000e+01  1.58699934e+00  2.50530000e+01  8.05002693e-01 
 2.51265000e+01  2.23469427e+00  2.51265000e+01  5.04910776e-01  2.51265000e+01  1.69640216e+00  2.51265000e+01  1.18294268e+00  2.51265000e+01  2.14500089e+00  2.51265000e+01  1.77302477e+00  2.51265000e+01  1.16400014e+00  2.51265000e+01  1.81080008e+00  2.51265000e+01  1.13400015e+00  2.51265000e+01  1.70400010e+00  2.51265000e+01  1.18080013e+00  2.51265000e+01  1.21080016e+00  2.51265000e+01  5.25831276e-01  2.51265000e+01  2.35681518e+00  2.51265000e+01  1.52859986e+00  2.51265000e+01  1.14579480e+00  2.51265000e+01  1.12294812e+00  2.51265000e+01  1.98185641e+00  2.51265000e+01  2.89157508e+00  2.51265000e+01  2.86600189e+00  2.51265000e+01  2.88760558e+00  2.51265000e+01  2.40306035e+00  2.51265000e+01  2.87873450e+00  2.51265000e+01  1.57724782e+00  2.51265000e+01  7.56932640e-01 
 2.52000000e+01  2.21296857e+00  2.52000000e+01  5.04307043e-01  2.52000000e+01  1.67507836e+00  2.52000000e+01  1.18294268e+00  2.52000000e+01  2.14500089e+00  2.52000000e+01  1.77302477e+00  2.52000000e+01  1.16400014e+00  2.52000000e+01  1.81080008e+00  2.52000000e+01  1.13400015e+00  2.52000000e+01  1.70400010e+00  2.52000000e+01  1.18080013e+00  2.52000000e+01  1.21080016e+00  2.52000000e+01  5.33524819e-01  2.52000000e+01  2.35681518e+00  2.52000000e+01  1.52859986e+00  2.52000000e+01  1.14579480e+00  2.52000000e+01  1.12294812e+00  2.52000000e+01  1.98185641e+00  2.52000000e+01  2.88250705e+00  2.52000000e+01  2.85692702e+00  2.52000000e+01  2.87853663e+00  2.52000000e+01  2.39383420e+00  2.52000000e+01  2.86966313e+00  2.52000000e+01  1.56754516e+00  2.52000000e+01  7.12730293e-01 
 2.52102000e+01  2.21296857e+00  2.52102000e+01  5.05667128e-01  2.52102000e+01  1.67507836e+00  2.52102000e+01  1.18294268e+00  2.52102000e+01  2.14500089e+00  2.52102000e+01  1.77302477e+00  2.52102000e+01  1.16400014e+00  2.52102000e+01  1.81080008e+00  2.52102000e+01  1.13400015e+00  2.52102000e+01  1.70400010e+00  2.52102000e+01  1.18080013e+00  2.52102000e+01  1.21080016e+00  2.52102000e+01  5.34536433e-01  2.52102000e+01  2.35681518e+00  2.52102000e+01  1.52859986e+00  2.52102000e+01  1.14579480e+00  2.52102000e+01  1.12294812e+00  2.52102000e+01  1.98185641e+00  2.52102000e+01  2.88124866e+00  2.52102000e+01  2.85566765e+00  2.52102000e+01  2.87727809e+00  2.52102000e+01  2.39255372e+00  2.52102000e+01  2.86840426e+00  2.52102000e+01  1.56619804e+00  2.52102000e+01  7.06949204e-01 
 2.52306000e+01  2.21296857e+00  2.52306000e+01  5.08316625e-01  2.52306000e+01  1.67507836e+00  2.52306000e+01  1.18294268e+00  2.52306000e+01  2.14500089e+00  2.52306000e+01  1.76815563e+00  2.52306000e+01  1.16400014e+00  2.52306000e+01  1.81080008e+00  2.52306000e+01  1.13400015e+00  2.52306000e+01  1.70400010e+00  2.52306000e+01  1.18080013e+00  2.52306000e+01  1.21080016e+00  2.52306000e+01  5.36510100e-01  2.52306000e+01  2.35681518e+00  2.52306000e+01  1.52859986e+00  2.52306000e+01  1.14579480e+00  2.52306000e+01  1.12294812e+00  2.52306000e+01  1.98268745e+00  2.52306000e+01  2.87807660e+00  2.52306000e+01  2.85247474e+00  2.52306000e+01  2.87410576e+00  2.52306000e+01  2.38934209e+00  2.52306000e+01  2.86523133e+00  2.52306000e+01  1.55980232e+00  2.52306000e+01  6.96268162e-01 
 2.52714000e+01  2.21296857e+00  2.52714000e+01  5.13343994e-01  2.52714000e+01  1.67507836e+00  2.52714000e+01  1.18294268e+00  2.52714000e+01  2.14500089e+00  2.52714000e+01  1.74887961e+00  2.52714000e+01  1.16400014e+00  2.52714000e+01  1.81080008e+00  2.52714000e+01  1.13400015e+00  2.52714000e+01  1.70400010e+00  2.52714000e+01  1.18080013e+00  2.52714000e+01  1.21080016e+00  2.52714000e+01  5.40272182e-01  2.52714000e+01  2.35681518e+00  2.52714000e+01  1.52859986e+00  2.52714000e+01  1.14579480e+00  2.52714000e+01  1.12294813e+00  2.52714000e+01  1.98620814e+00  2.52714000e+01  2.87042318e+00  2.52714000e+01  2.84476165e+00  2.52714000e+01  2.86645186e+00  2.52714000e+01  2.38161687e+00  2.52714000e+01  2.85757633e+00  2.52714000e+01  1.53955358e+00  2.52714000e+01  6.77286940e-01 
 2.53530000e+01  2.21296857e+00  2.53530000e+01  5.22667981e-01  2.53530000e+01  1.67507836e+00  2.53530000e+01  1.18294268e+00  2.53530000e+01  2.14500089e+00  2.53530000e+01  1.71160280e+00  2.53530000e+01  1.16400014e+00  2.53530000e+01  1.81080008e+00  2.53530000e+01  1.13400015e+00  2.53530000e+01  1.70400010e+00  2.53530000e+01  1.18080013e+00  2.53530000e+01  1.21080016e+00  2.53530000e+01  5.47308990e-01  2.53530000e+01  2.35681518e+00  2.53530000e+01  1.52859986e+00  2.53530000e+01  1.14579480e+00  2.53530000e+01  1.12294813e+00  2.53530000e+01  1.99438718e+00  2.53530000e+01  2.85509591e+00  2.53530000e+01  2.82939032e+00  2.53530000e+01  2.85112353e+00  2.53530000e+01  2.36613433e+00  2.53530000e+01  2.84224564e+00  2.53530000e+01  1.49882222e+00  2.53530000e+01  6.43007343e-01 
 2.54265000e+01  2.21296857e+00  2.54265000e+01  5.30305248e-01  2.54265000e+01  1.67507836e+00  2.54265000e+01  1.18294268e+00  2.54265000e+01  2.14500089e+00  2.54265000e+01  1.69520823e+00  2.54265000e+01  1.16400014e+00  2.54265000e+01  1.81080008e+00  2.54265000e+01  1.13400015e+00  2.54265000e+01  1.70400010e+00  2.54265000e+01  1.18080013e+00  2.54265000e+01  1.21080016e+00  2.54265000e+01  5.53133255e-01  2.54265000e+01  2.35681518e+00  2.54265000e+01  1.52859986e+00  2.54265000e+01  1.14579481e+00  2.54265000e+01  1.12294813e+00  2.54265000e+01  2.00295244e+00  2.54265000e+01  2.84123479e+00  2.54265000e+01  2.81552191e+00  2.54265000e+01  2.83726138e+00  2.54265000e+01  2.35212210e+00  2.54265000e+01  2.82838118e+00  2.54265000e+01  1.46208823e+00  2.54265000e+01  6.16267833e-01 
 2.55000000e+01  2.21296857e+00  2.55000000e+01  5.37300696e-01  2.55000000e+01  1.67507836e+00  2.55000000e+01  1.18294268e+00  2.55000000e+01  2.14500089e+00  2.55000000e+01  1.69520823e+00  2.55000000e+01  1.16400014e+00  2.55000000e+01  1.81080008e+00  2.55000000e+01  1.13400015e+00  2.55000000e+01  1.70400010e+00  2.55000000e+01  1.18080013e+00  2.55000000e+01  1.21080016e+00  2.55000000e+01  5.58516544e-01  2.55000000e+01  2.35681517e+00  2.55000000e+01  1.52859986e+00  2.55000000e+01  1.14579481e+00  2.55000000e+01  1.12294813e+00  2.55000000e+01  2.01245388e+00  2.55000000e+01  2.82736139e+00  2.55000000e+01  2.80164195e+00  2.55000000e+01  2.82338698e+00  2.55000000e+01  2.33810100e+00  2.55000000e+01  2.81450452e+00  2.55000000e+01  1.42574301e+00  2.55000000e+01  5.93338457e-01 
 2.55102000e+01  2.21296857e+00  2.55102000e+01  5.38218261e-01  2.55102000e+01  1.67507836e+00  2.55102000e+01  1.18294268e+00  2.55102000e+01  2.14500089e+00  2.55102000e+01  1.69520823e+00  2.55102000e+01  1.16400014e+00  2.55102000e+01  1.81080008e+00  2.55102000e+01  1.13400015e+00  2.55102000e+01  1.70400010e+00  2.55102000e+01  1.18080013e+00  2.55102000e+01  1.21080016e+00  2.55102000e+01  5.59226653e-01  2.55102000e+01  2.35681517e+00  2.55102000e+01  1.52859986e+00  2.55102000e+01  1.14579481e+00  2.55102000e+01  1.12294813e+00  2.55102000e+01  2.01384146e+00  2.55102000e+01  2.82544250e+00  2.55102000e+01  2.79972223e+00  2.55102000e+01  2.82146796e+00  2.55102000e+01  2.33616298e+00  2.55102000e+01  2.81258522e+00  2.55102000e+01  1.42076303e+00  2.55102000e+01  5.90487058e-01 
